지리정보(WKT),지형지물부호,관리번호,행정읍면동,도엽번호,도로구간번호,공사번호,교량형태,교량종류,교량명,구조물등급,종별,총연장,횡단시설명,왕복차로수,일반제원_설계하중,일반제원_허용통행하중,일반제원_통행제한 높이,교량연장,일반제원_경간수,일반제원_총폭원,일반제원_유효폭원,일반제원_최대경간장,상부구조형식,하부구조형식,상부공_상판보도두께,상부공_차도폭,상부공_보도폭,난간_재질,난간_높이,상부공_난간폭,난간_연장,상부공_이음장치형식,하부공_교각형식,하부공_교각수,하부공_교각기초형식,하부공_교대형식,하부공_교대기초형식,하부공_교대총높이,조명시설_수량,라벨,대장초기화여부
"MULTIPOLYGON (((237827.3901 424148.6501,237823.2301 424147.880100001,237822.6001 424151.0101,237826.8401 424151.960100001,237827.3901 424148.6501)))",교량,1,대전광역시 대덕구 ,36710037,109583,BRG0001000,미분류,철근콘크리트교,,미분류,미분류,4.3,미분류,1,미분류,0,0,4.03,0,3.4,0,0,미분류,미분류,0,0,0,미분류,0,0,0,미분류,미분류,0,미분류,미분류,미분류,0,0,,1
"MULTIPOLYGON (((236677.2601 425209.540100001,236676.3701 425206.300100001,236672.9001 425209.450099999,236673.8301 425212.6501,236677.2601 425209.540100001)))",교량,3,대전광역시 유성구 ,36710037,39467,BRG0003000,미분류,철근콘크리트교,,미분류,미분류,4.7,미분류,1,미분류,0,0,3.45,0,3,0,0,미분류,미분류,0,0,4.68,미분류,0,0,0,미분류,미분류,0,미분류,미분류,미분류,0,0,,1
"MULTIPOLYGON (((237277.0901 424174.5001,237263.2901 424174.440099999,237281.3801 424568.9301,237288.7501 424729.3901,237294.2701 424849.6701,237302.4201 425028.1701,237302.7001 425042.1401,237316.9501 425041.7501,237316.1901 425027.540100001,237308.0301 424849.040100001,237302.5401 424729.450099999,237295.1501 424568.300100001,237277.0901 424174.5001)))",교량,4,대전광역시 유성구 ,36710037,38831,BRG0004000,미분류,강교,,미분류,미분류,313,철도,0,미분류,0,0,868.06,0,13.7,0,0,미분류,미분류,0,0,0,미분류,0,0,0,미분류,미분류,0,미분류,미분류,미분류,0,0,,1
"MULTIPOLYGON (((237364.7301 424433.110099999,237361.4301 424431.280099999,237354.5001 424444.870100001,237357.8199 424446.7501,237364.7301 424433.110099999)))",교량,5,대전광역시 대덕구 ,36710037,116129,BRG0005000,미분류,철근콘크리트교,무명교,미분류,미분류,15.2,하천,1,미분류,0,0,15.59,0,3.7,0,0,미분류,미분류,0,0,4.09,미분류,0,0,0,미분류,미분류,0,미분류,미분류,미분류,0,0,무명교,1
"MULTIPOLYGON (((239527.886 424102.852,239531.9147 424110.4769,239553.3084 424111.3561,239551.2801 424105.5118,239527.886 424102.852)))",교량,6,대전광역시 대덕구 ,36710038,109134,BRG0006000,미분류,철근콘크리트교,장동교,미분류,미분류,19.2,하천,1,미분류,0,0,19.99,0,5,0,0,미분류,미분류,0,0,0,미분류,0,0,0,미분류,미분류,0,미분류,미분류,미분류,0,0,장동교,1
"MULTIPOLYGON (((238123.0101 424031.0601,238122.1301 424027.0801,238120.2201 424027.5601,238121.0801 424031.4001,238123.0101 424031.0601)))",교량,7,대전광역시 대덕구 ,36710038,6113,BRG0007000,미분류,철근콘크리트교,,미분류,미분류,4.1,미분류,1,미분류,0,0,4.08,0,2,0,0,미분류,미분류,0,0,0,미분류,0,0,0,미분류,미분류,0,미분류,미분류,미분류,0,0,,1
"MULTIPOLYGON (((239456.238 424037.066,239451.607 424025.944,239431.018 424029.169,239435.634 424040.060000001,239456.238 424037.066)))",교량,8,대전광역시 대덕구 ,36710038,36391,BRG0008000,미분류,철근콘크리트교,장승교,미분류,미분류,20,하천,2,미분류,0,0,24.84,0,12,0,0,미분류,미분류,0,0,0,미분류,0,0,0,미분류,미분류,0,미분류,미분류,미분류,0,0,장승교,1
"MULTIPOLYGON (((240132.931 424064.773,240132.179 424060.095000001,240131.729 424060.189999999,240131.71 424060.021,240130.261 424060.312999999,240131.088 424065.092,240132.931 424064.773)))",교량,9,대전광역시 대덕구 ,36710038,114786,BRG0009000,미분류,철근콘크리트교,,미분류,미분류,4.8,미분류,1,미분류,0,0,5.14,0,1.9,0,0,미분류,미분류,0,0,1.92,미분류,0,0,0,미분류,미분류,0,미분류,미분류,미분류,0,0,,1
"MULTIPOLYGON (((240157.976 424051.739,240152.968 424052.333000001,240152.875 424060.271,240157.889 424059.185000001,240157.976 424051.739)))",교량,10,대전광역시 대덕구 ,36710038,106389,BRG0010000,미분류,철근콘크리트교,,미분류,미분류,8,미분류,1,미분류,0,0,7.94,0,5,0,0,미분류,미분류,0,0,0,미분류,0,0,0,미분류,미분류,0,미분류,미분류,미분류,0,0,,1
"MULTIPOLYGON (((240018.945 424332.579,240021.892 424330.842,240020.949 424329.101,240017.865 424330.749,240018.945 424332.579)))",교량,11,대전광역시 대덕구 ,36710038,122916,BRG0011000,미분류,철근콘크리트교,,미분류,미분류,2,미분류,1,미분류,0,0,2.11,0,3.5,0,0,미분류,미분류,0,0,3.5,미분류,0,0,0,미분류,미분류,0,미분류,미분류,미분류,0,0,,1
"MULTIPOLYGON (((239648.78 424405.257999999,239638.7008 424399.571699999,239625.141 424415.403000001,239635.997 424420.533,239648.78 424405.257999999)))",교량,12,대전광역시 대덕구 ,36710038,35647,BRG0012000,미분류,철근콘크리트교,정안교,미분류,미분류,20,하천,2,미분류,0,0,19.7,0,12,0,0,미분류,미분류,0,0,2,미분류,0,0,0,미분류,미분류,0,미분류,미분류,미분류,0,0,정안교,1
"MULTIPOLYGON (((239799.744 424282.369999999,239802.395 424280.652000001,239799.381 424275.648,239796.746 424277.245999999,239799.744 424282.369999999)))",교량,13,대전광역시 대덕구 ,36710038,109143,BRG0013000,미분류,철근콘크리트교,,미분류,미분류,6,미분류,1,미분류,0,0,5.79,0,3.1,0,0,미분류,미분류,0,0,0,미분류,0,0,0,미분류,미분류,0,미분류,미분류,미분류,0,0,,1
"MULTIPOLYGON (((239734.667 424341.852,239737.445 424339.743000001,239735.298 424335.276000001,239732.614 424337.390000001,239734.667 424341.852)))",교량,14,대전광역시 대덕구 ,36710038,109145,BRG0014000,미분류,철근콘크리트교,,미분류,미분류,5,미분류,1,미분류,0,0,4.9,0,4.3,0,0,미분류,미분류,0,0,0,미분류,0,0,0,미분류,미분류,0,미분류,미분류,미분류,0,0,,1
"MULTIPOLYGON (((239565.986 424308.601,239566.017 424309.107000001,239565.461 424309.25,239565.79 424313.534,239577.064 424311.755999999,239576.571 424306.887,239565.986 424308.601)))",교량,15,대전광역시 대덕구 ,36710038,114889,BRG0015000,미분류,철근콘크리트교,,미분류,미분류,11.5,하천,1,미분류,0,0,11.44,0,4.3,0,0,미분류,미분류,0,0,0,미분류,0,0,0,미분류,미분류,0,미분류,미분류,미분류,0,0,,1
"MULTIPOLYGON (((241444.1801 425102.043099999,241441.2051 425099.471100001,241436.3771 425104.574100001,241439.3081 425107.222100001,241444.1801 425102.043099999)))",교량,16,대전광역시 대덕구 ,36710039,109781,BRG0016000,미분류,철근콘크리트교,,미분류,미분류,7.1,하천,1,미분류,0,0,6.92,0,4,0,0,미분류,미분류,0,0,4.54,미분류,0,0,0,미분류,미분류,0,미분류,미분류,미분류,0,0,,1
"MULTIPOLYGON (((241842.9611 423958.4871,241835.7281 423953.926100001,241835.2331 423963.598099999,241842.4871 423968.0901,241842.9611 423958.4871)))",교량,17,대전광역시 대덕구 ,36710039,108632,BRG0017000,미분류,철근콘크리트교,,미분류,미분류,13,하천,1,미분류,0,0,9.67,0,6,0,0,미분류,미분류,0,0,0,미분류,0,0,0,미분류,미분류,0,미분류,미분류,미분류,0,0,,1
"MULTIPOLYGON (((241323.7101 424008.2401,241319.7201 424005.449999999,241317.5901 424007.630100001,241322.5101 424011.030099999,241323.7101 424008.2401)))",교량,19,대전광역시 대덕구 ,36710039,115028,BRG0019000,미분류,철근콘크리트교,,미분류,미분류,10.3,하천,1,미분류,0,0,5.51,0,3,0,0,미분류,미분류,0,0,0,미분류,0,0,0,미분류,미분류,0,미분류,미분류,미분류,0,0,,1
"MULTIPOLYGON (((242114.5361 424397.336100001,242112.1261 424396.109099999,242108.5991 424403.198100001,242111.0401 424404.452099999,242114.5361 424397.336100001)))",교량,20,대전광역시 대덕구 ,36710039,4857,BRG0020000,미분류,철근콘크리트교,,미분류,미분류,7.9,하천,1,미분류,0,0,7.96,0,2.7,0,0,미분류,미분류,0,0,2.87,미분류,0,0,0,미분류,미분류,0,미분류,미분류,미분류,0,0,,1
"MULTIPOLYGON (((242070.9701 424312.040100001,242064.4901 424311.449999999,242064.6841 424316.2961,242072.4971 424315.9081,242070.9701 424312.040100001)))",교량,21,대전광역시 대덕구 ,36710039,109771,BRG0021000,미분류,철근콘크리트교,,미분류,미분류,7,하천,1,미분류,0,0,7.21,0,5,0,0,미분류,미분류,0,0,0,미분류,0,0,0,미분류,미분류,0,미분류,미분류,미분류,0,0,,1
"MULTIPOLYGON (((241983.9601 424169.210100001,241982.4001 424166.4801,241978.5201 424167.380100001,241970.6901 424169.210100001,241971.4901 424172.110099999,241979.1801 424170.3101,241983.9601 424169.210100001)))",교량,22,대전광역시 대덕구 ,36710039,109772,BRG0022000,미분류,철근콘크리트교,,미분류,미분류,6,하천,1,미분류,0,0,12.44,0,5,0,0,미분류,미분류,0,0,0,미분류,0,0,0,미분류,미분류,0,미분류,미분류,미분류,0,0,,1
"MULTIPOLYGON (((242996.7971 424406.440099999,242993.2381 424403.6031,242991.2181 424409.239,242994.4761 424412.1941,242996.7971 424406.440099999)))",교량,23,대전광역시 동구 ,36710040,123301,BRG0023000,미분류,철근콘크리트교,,미분류,미분류,4.6,하천,1,미분류,0,0,4.39,0,6,0,0,미분류,미분류,0,0,0,미분류,0,0,0,미분류,미분류,0,미분류,미분류,미분류,0,0,,1
"MULTIPOLYGON (((238075.0801 426067.1701,238069.9201 426056.190099999,238059.0601 426061.2401,238062.0901 426072.9101,238075.0801 426067.1701)))",교량,24,대전광역시 대덕구 ,36710027,113506,BRG0024000,미분류,철근콘크리트교,,미분류,미분류,12,미분류,2,미분류,0,0,13.32,0,12.1,0,0,미분류,미분류,0,0,0,미분류,0,0,0,미분류,미분류,0,미분류,미분류,미분류,0,0,,1
"MULTIPOLYGON (((238092.6901 425972.2301,238087.2901 425967.1601,238079.3301 425978.300100001,238083.7401 425985.2501,238092.6901 425972.2301)))",교량,25,대전광역시 대덕구 ,36710027,38481,BRG0025000,미분류,철근콘크리트교,,미분류,미분류,7.4,미분류,2,미분류,0,0,769,0,13.7,0,0,미분류,미분류,0,0,3,미분류,0,0,0,미분류,미분류,0,미분류,미분류,미분류,0,0,,1
"MULTIPOLYGON (((237664.9508 426919.890000001,237662.3025 426874.700300001,237620.1994 426880.131899999,237621.8501 426902.2601,237623.3101 426924.8101,237664.9508 426919.890000001)))",교량,26,대전광역시 대덕구 ,36710027,13917,BRG0026000,미분류,철근콘크리트교,신탄진IC교,미분류,미분류,44.8,미분류,8,미분류,0,0,45.54,0,43,0,0,미분류,미분류,0,0,0,미분류,0,0,0,미분류,미분류,0,미분류,미분류,미분류,0,0,신탄진IC교,1
"MULTIPOLYGON (((235965.5001 425840.040100001,235963.1901 425838.040100001,235909.3901 425901.550100001,235911.5601 425903.4201,235965.5001 425840.040100001)))",교량,27,대전광역시 대덕구 ,36710027,105744,BRG0027000,미분류,철근콘크리트교,,미분류,미분류,83,하천,1,미분류,0,0,83,0,3,0,0,미분류,미분류,0,0,3.2,미분류,0,0,0,미분류,미분류,0,미분류,미분류,미분류,0,0,,1
"MULTIPOLYGON (((236317.1802 425819.710100001,236329.2701 425834.350099999,236329.6503 425838.990900001,236360.434 425815.650900001,236356.7401 425811.4201,236317.4101 425765.0101,236309.3001 425754.970100001,236259.1501 425695.040100001,236199.6501 425623.540100001,236147.5554 425559.023700001,236119.1068 425582.480699999,236163.4001 425634.8201,236201.3901 425680.5701,236255.9101 425746.0901,236303.9801 425803.790100001,236317.1802 425819.710100001)))",교량,28,대전광역시 유성구 ,36710027,36144,BRG0028000,미분류,철근콘크리트교,용신교,미분류,미분류,320.1,하천,8,DB24,43.2,6,321.81,6,35.4,0,55,강박스형교,미분류,0,28.5,4,미분류,0,0,0,미분류,구주식,0,미분류,역 T형,미분류,0,0,용신교,1
"MULTIPOLYGON (((238182.4301 425843.0001,238171.9458 425839.5361,238171.3532 425841.4892,238168.6601 425850.2519,238172.5401 425850.3101,238181.5801 425853.0901,238184.4801 425843.620100001,238182.4301 425843.0001)))",교량,29,대전광역시 대덕구 ,36710028,108527,BRG0029000,미분류,철근콘크리트교,동천교,미분류,미분류,9.5,미분류,2,미분류,0,0,9.47,0,9.9,0,0,미분류,미분류,0,0,0,미분류,0,0,0,미분류,미분류,0,미분류,미분류,미분류,0,0,동천교,1
"MULTIPOLYGON (((239044.9501 426345.8301,239040.5201 426344.790100001,239041.3301 426353.8201,239045.8401 426355.710100001,239044.9501 426345.8301)))",교량,30,대전광역시 대덕구 ,36710028,111475,BRG0030000,미분류,철근콘크리트교,,미분류,미분류,4.5,미분류,1,미분류,0,0,9.58,0,4.4,0,0,미분류,미분류,0,0,0,미분류,0,0,0,미분류,미분류,0,미분류,미분류,미분류,0,0,,1
"MULTIPOLYGON (((238202.9301 425960.9101,238202.8401 425951.210100001,238199.8401 425951.2401,238199.9301 425960.940099999,238202.9301 425960.9101)))",교량,31,대전광역시 대덕구 ,36710028,113813,BRG0031000,미분류,철근콘크리트교,,미분류,미분류,9.7,미분류,1,미분류,0,0,9.69,0,3,0,0,미분류,미분류,0,0,3.21,미분류,0,0,0,미분류,미분류,0,미분류,미분류,미분류,0,0,,1
"MULTIPOLYGON (((238455.0301 425959.350099999,238454.5601 425953.770099999,238438.6001 425954.870100001,238444.1301 425962.200099999,238455.8901 425961.4801,238456.7801 425960.7601,238455.0301 425959.350099999)))",교량,32,대전광역시 대덕구 ,36710028,111216,BRG0032000,미분류,철근콘크리트교,,미분류,미분류,7.7,미분류,2,미분류,0,0,7.29,0,11.8,0,0,미분류,미분류,0,0,0,미분류,0,0,0,미분류,미분류,0,미분류,미분류,미분류,0,0,,1
"MULTIPOLYGON (((239068.1801 426594.620100001,239067.2901 426585.210100001,239063.3401 426587.8201,239064.0001 426596.4901,239068.1801 426594.620100001)))",교량,33,대전광역시 대덕구 ,36710028,112053,BRG0033000,미분류,철근콘크리트교,,미분류,미분류,4.5,미분류,2,미분류,0,0,5.3,0,6,0,0,미분류,미분류,0,0,0,미분류,0,0,0,미분류,미분류,0,미분류,미분류,미분류,0,0,,1
"MULTIPOLYGON (((240298.2301 426559.26,240281.3601 426543.280099999,240277.7301 426547.190099999,240295.1301 426563.6501,240298.2301 426559.26)))",교량,34,대전광역시 대덕구 ,36710028,108223,BRG0034000,미분류,철근콘크리트교,용호교,미분류,미분류,24.5,하천,1,미분류,0,0,234.37,0,5,0,0,미분류,미분류,0,0,0,미분류,0,0,0,미분류,미분류,0,미분류,미분류,미분류,0,0,용호교,1
"MULTIPOLYGON (((240472.2301 427925.530099999,240472.1701 427925.520099999,240471.7401 427928.710100001,240471.4201 427931.130100001,240471.0001 427934.210100001,240470.6501 427936.8401,240491.3401 427939.190099999,240511.5501 427941.460100001,240511.8801 427938.200099999,240512.5001 427933.130100001,240512.8701 427930.120100001,240472.2301 427925.530099999)))",교량,35,대전광역시 대덕구 ,36710029,48364,BRG0035000,미분류,철근콘크리트교,용호교,미분류,미분류,40,하천,2,미분류,0,0,41.46,0,11.4,0,0,미분류,미분류,0,0,2,미분류,0,0,0,미분류,미분류,0,미분류,미분류,미분류,0,0,용호교,1
"MULTIPOLYGON (((240572.2901 427395.850099999,240561.8801 427373.2601,240557.6301 427375.540100001,240567.8101 427397.540100001,240572.2901 427395.850099999)))",교량,36,대전광역시 대덕구 ,36710029,112143,BRG0036000,미분류,철근콘크리트교,,미분류,미분류,24.6,미분류,1,미분류,0,0,24.5,0,4.5,0,0,미분류,미분류,0,0,0,미분류,0,0,0,미분류,미분류,0,미분류,미분류,미분류,0,0,,1
"MULTIPOLYGON (((240416.3501 427458.120100001,240411.8501 427455.600099999,240398.8601 427474.4101,240402.6601 427477.5001,240416.3501 427458.120100001)))",교량,37,대전광역시 대덕구 ,36710029,112234,BRG0037000,미분류,철근콘크리트교,,미분류,미분류,22.8,미분류,1,미분류,0,0,23.65,0,4.9,0,0,미분류,미분류,0,0,4,미분류,0,0,0,미분류,미분류,0,미분류,미분류,미분류,0,0,,1
"MULTIPOLYGON (((237431.62 428468.523,237402.0143 428461.5855,237386.9903 428456.527000001,237344.2901 428655.300100001,237336.4601 428694.470100001,237329.5501 428730.4201,237328.9101 428733.790100001,237321.1001 428772.9001,237366.4501 428781.9201,237374.2101 428742.600099999,237376.2701 428732.2401,237382.0301 428703.360099999,237389.7001 428664.030099999,237397.4301 428624.7501,237399.6001 428613.8301,237431.62 428468.523)))",교량,39,대전광역시 대덕구 ,36710017,13850,BRG0039000,미분류,철근콘크리트교,금강1교,미분류,미분류,162.4,미분류,8,미분류,0,0,166.38,0,46,0,0,미분류,미분류,0,0,0,미분류,0,0,0,미분류,미분류,0,미분류,미분류,미분류,0,0,금강1교,1
"MULTIPOLYGON (((238425.7201 428630.940099999,238405.9501 428627.5601,238358.3901 428923.9201,238377.0101 428927.270099999,238425.7201 428630.940099999)))",교량,45,대전광역시 대덕구 ,36710018,15738,BRG0045000,미분류,철근콘크리트교,현도교,미분류,미분류,300,하천,2,미분류,0,0,299.52,0,18.8,0,0,미분류,미분류,0,0,4,미분류,0,0,0,미분류,미분류,0,미분류,미분류,미분류,0,0,현도교,1
"MULTIPOLYGON (((242183.0281 428736.8531,242177.1991 428736.277100001,242184.7071 428757.781099999,242190.0221 428758.9791,242183.0281 428736.8531)))",교량,47,대전광역시 대덕구 ,36710019,114656,BRG0047000,미분류,철근콘크리트교,,미분류,미분류,23,하천,1,미분류,0,0,22.84,0,5,0,0,미분류,미분류,0,0,0,미분류,0,0,0,미분류,미분류,0,미분류,미분류,미분류,0,0,,1
"MULTIPOLYGON (((241768.5111 429708.2741,241760.2361 429692.0011,241758.4271 429692.7381,241766.9031 429709.312000001,241768.5111 429708.2741)))",교량,48,대전광역시 대덕구 ,36710019,114048,BRG0048000,미분류,철근콘크리트교,,미분류,미분류,18.5,하천,1,미분류,0,0,18.16,0,2,0,0,미분류,미분류,0,0,0,미분류,0,0,0,미분류,미분류,0,미분류,미분류,미분류,0,0,,1
"MULTIPOLYGON (((241711.5541 428966.8331,241690.892 428848.531199999,241677.3641 428849.3101,241698.0921 428967.0671,241711.5541 428966.8331)))",교량,49,대전광역시 대덕구 ,36710019,48409,BRG0049000,미분류,철근콘크리트교,미호교,미분류,미분류,119,하천,2,미분류,0,0,117.44,0,13.5,0,0,미분류,미분류,0,0,1.8,미분류,0,0,0,미분류,미분류,0,미분류,미분류,미분류,0,0,미호교,1
"MULTIPOLYGON (((241721.1511 429460.744100001,241715.8861 429447.666099999,241714.0451 429448.449999999,241719.2231 429461.3101,241721.1511 429460.744100001)))",교량,50,대전광역시 대덕구 ,36710019,122688,BRG0050000,미분류,철근콘크리트교,,미분류,미분류,14,미분류,0,미분류,0,0,13.93,0,2,0,0,미분류,미분류,0,0,2.1,미분류,0,0,0,미분류,미분류,0,미분류,미분류,미분류,0,0,,1
"MULTIPOLYGON (((241685.7671 429267.652100001,241682.8981 429254.960100001,241680.9501 429255.411,241683.8141 429268.0821,241685.7671 429267.652100001)))",교량,51,대전광역시 대덕구 ,36710019,122676,BRG0051000,미분류,철근콘크리트교,,미분류,미분류,13,미분류,0,미분류,0,0,12.69,0,2,0,0,미분류,미분류,0,0,1.97,미분류,0,0,0,미분류,미분류,0,미분류,미분류,미분류,0,0,,1
"MULTIPOLYGON (((242447.5391 430500.859099999,242446.1761 430499.1391,242438.0041 430504.661,242439.6201 430506.8171,242447.5391 430500.859099999)))",교량,54,대전광역시 대덕구 ,36710019,5177,BRG0054000,미분류,철근콘크리트교,,미분류,미분류,9.9,미분류,1,미분류,0,0,9.63,0,2.7,0,0,미분류,미분류,0,0,1.87,미분류,0,0,0,미분류,미분류,0,미분류,미분류,미분류,0,0,,1
"MULTIPOLYGON (((242635.1201 430867.100099999,242628.9701 430863.7401,242582.0801 430957.199999999,242568.9691 430983.3201,242537.9601 431042.699999999,242546.0401 431046.9201,242568.8911 430999.0791,242635.1201 430867.100099999)))",교량,58,대전광역시 대덕구 ,36710010,48440,BRG0058000,미분류,철근콘크리트교,대청교,미분류,미분류,198,하천,2,미분류,0,0,200.56,0,7,0,0,미분류,미분류,0,0,0,미분류,0,0,0,미분류,미분류,0,미분류,미분류,미분류,0,0,대청교,1
"MULTIPOLYGON (((238110.0901 425951.770099999,238109.3101 425951.6801,238099.1801 425964.4801,238106.4601 425964.950099999,238110.0501 425960.4101,238116.3101 425952.5001,238110.0901 425951.770099999)))",교량,59,대전광역시 대덕구 ,36710027,114023,BRG0059000,미분류,철근콘크리트교,,미분류,미분류,15.9,미분류,2,미분류,0,0,15.35,0,6,0,0,미분류,미분류,0,0,0,미분류,0,0,0,미분류,미분류,0,미분류,미분류,미분류,0,0,,1
"MULTIPOLYGON (((238118.6301 425939.5701,238113.0001 425935.2501,238110.1501 425938.5001,238109.4701 425939.270099999,238110.1401 425939.800100001,238115.2301 425943.850099999,238118.6301 425939.5701)))",교량,60,대전광역시 대덕구 ,36710028,114009,BRG0060000,미분류,철근콘크리트교,,미분류,미분류,7.1,미분류,2,미분류,0,0,17,0,5.5,0,0,미분류,미분류,0,0,0,미분류,0,0,0,미분류,미분류,0,미분류,미분류,미분류,0,0,,1
"MULTIPOLYGON (((235928.6746 425721.911800001,235902.171 425710.041099999,235869.1551 425737.515000001,235847.0891 425756.9892,235841.6776 425756.120999999,235849.835 425786.1788,235869.0197 425770.136499999,235928.6746 425721.911800001)))",교량,61,대전광역시 유성구 ,36710027,38824,BRG0061000,미분류,철근콘크리트교,관평교,미분류,미분류,83.13,일반도로,6,미분류,0,0,83.13,0,24.56,0,0,미분류,미분류,0,0,0,미분류,0,0,0,미분류,미분류,0,미분류,미분류,미분류,0,0,관평교,1
"MULTIPOLYGON (((236418.064 425814.194,236454.3555 425776.401799999,236479.7417 425749.022,236454.7612 425730.5217,236397.5731 425796.0341,236396.025 425797.775,236350.6383 425848.7806,236345.3579 425854.714600001,236214.5087 426001.628799999,236239.0758 426017.377599999,236337.5331 425904.724099999,236344.7371 425896.6251,236352.041 425888.415100001,236357.519 425882.255999999,236365.3317 425873.4739,236370.4463 425867.724300001,236374.785 425862.847100001,236416.2621 425816.220000001,236417.91 425814.3671,236418.064 425814.194)))",교량,62,대전광역시 대덕구 ,36710027,37205,BRG0062000,미분류,철근콘크리트교,신일고가교,미분류,미분류,126.01,일반도로,6,미분류,0,0,126.01,0,27.19,0,0,미분류,미분류,0,0,0,미분류,0,0,0,미분류,미분류,0,미분류,미분류,미분류,0,0,신일고가교,1
"MULTIPOLYGON (((236626.915 425611.1031,236614.665 425586.0221,236595.127 425601.938200001,236607.5219 425627.3421,236626.915 425611.1031)))",교량,63,대전광역시 대덕구 ,36710027,37205,BRG0063000,미분류,철근콘크리트교,신일교,미분류,미분류,26.04,일반도로,6,미분류,0,0,26.04,0,27.93,0,0,미분류,미분류,0,0,0,미분류,0,0,0,미분류,미분류,0,미분류,미분류,미분류,0,0,신일교,1
"MULTIPOLYGON (((237352.8201 425815.710000001,237347.9902 425717.7301,237334.17 425719.1601,237338.16 425815.4001,237352.8201 425815.710000001)))",교량,64,대전광역시 대덕구 ,36710027,38477,BRG0064000,미분류,강교,,미분류,미분류,97.39,철도,0,미분류,0,0,97.39,0,14.39,0,0,미분류,미분류,0,0,0,미분류,0,0,0,미분류,미분류,0,미분류,미분류,미분류,0,0,,1
"MULTIPOLYGON (((237433.11 425746.4101,237426.96 425702.4201,237389.95 425715.289999999,237390.9701 425723.59,237397.53 425770.130000001,237434.11 425753.020099999,237433.11 425746.4101)))",교량,65,대전광역시 대덕구 ,36710027,13909,BRG0065000,미분류,철근콘크리트교,상서1교,미분류,미분류,39.61,일반도로,8,미분류,0,0,39.61,0,52.8,0,0,미분류,미분류,0,0,0,미분류,0,0,0,미분류,미분류,0,미분류,미분류,미분류,0,0,상서1교,1
"MULTIPOLYGON (((237482.462292687 425730.868395617,237482.566415909 425688.015729936,237475.058700645 425689.931081949,237462.7601 425693.530100001,237462.880428124 425734.840599069,237482.462292687 425730.868395617)))",교량,66,대전광역시 대덕구 ,36710027,38685,BRG0066000,미분류,철근콘크리트교,상서2교,미분류,미분류,16.32,일반도로,1,미분류,0,0,16.32,0,38.5,0,0,미분류,미분류,0,0,0,미분류,0,0,0,미분류,미분류,0,미분류,미분류,미분류,0,0,상서2교,1
"MULTIPOLYGON (((237738.7661 425023.335000001,237595.6821 425018.4091,237584.4696 425017.6653,237583.5072 425043.6701,237595.579 425043.202,237738.4331 425047.871099999,237751.9014 425048.5264,237801.9048 425051.1764,237797.3332 425028.107899999,237759.5454 425024.559599999,237738.7661 425023.335000001)))",교량,67,대전광역시 대덕구 ,36710037,39384,BRG0067000,미분류,철근콘크리트교,상서교,미분류,미분류,141.93,일반도로,4,미분류,0,0,141.93,0,23.86,0,0,미분류,미분류,0,0,6,미분류,0,0,0,미분류,미분류,0,미분류,미분류,미분류,0,0,상서교,1
"MULTIPOLYGON (((237403.560100001 427917.520099998,237409.82 427824.8698,237394.880100001 427825.930000002,237394.280100001 427834.09,237394.84 427845.590000004,237380.889900001 428050.980000002,237380.110100001 428058.956000002,237368.300100001 428180.620100003,237357.89 428281.600000001,237339.46 428420.190099999,237320.7801 428546.4301,237282.969708453 428769.845150625,237285.076903324 428770.338894414,237295.368101012 428773.129667226,237327.848600002 428594.037400002,237329.9601 428581.960000005,237341.310200002 428503.780000003,237352.460100001 428428.039999999,237366.300100001 428319.330000002,237377.740100001 428223.450099999,237384.750100001 428145.550100002,237392.790000001 428059.010199999,237393.4881 428051.497,237395.370000001 428031.249999998,237399.820100002 427972.220100001,237403.560100001 427917.520099998)))",교량,68,대전광역시 대덕구 ,36710017,35555,BRG0068000,미분류,철근콘크리트교,금강제2교,미분류,미분류,772.05,철도,0,미분류,0,0,772.05,0,12.8,0,0,미분류,미분류,0,0,0,미분류,0,0,0,미분류,미분류,0,미분류,미분류,미분류,0,0,금강제2교,1
"MULTIPOLYGON (((237448.3101 428113.24,237453.46 428088.1401,237445.3001 428088.130000001,237440.46 428111.720100001,237440.2901 428112.65,237448.3101 428113.24)))",교량,69,대전광역시 대덕구 ,36710017,35789,BRG0069000,미분류,철근콘크리트교,,미분류,미분류,25.8,일반도로,2,미분류,0,0,25.8,0,8.5,0,0,미분류,미분류,0,0,0,미분류,0,0,0,미분류,미분류,0,미분류,미분류,미분류,0,0,,1
"MULTIPOLYGON (((237495.45 428109.520099999,237500.26 428083.649900001,237460.7501 428084.850099999,237455.68 428110.2401,237455.63 428110.460000001,237495.45 428109.520099999)))",교량,70,대전광역시 대덕구 ,36710017,13850,BRG0070000,미분류,철근콘크리트교,석봉교,미분류,미분류,26.67,일반도로,8,미분류,0,0,26.67,0,40.22,0,0,미분류,미분류,0,0,0,미분류,0,0,0,미분류,미분류,0,미분류,미분류,미분류,0,0,석봉교,1
"MULTIPOLYGON (((239327.9622 428590.780300001,239374.5303 428612.4322,239383.9126 428614.308599999,239391.4185 428613.3704,239444.1942 428637.529899999,239457.564 428618.9998,239402.2082 428594.136600001,239313.965 428549.232999999,239312.0321 428547.4352,239309.4491 428546.516000001,239307.504 428546.329,239305.058 428546.793099999,239267.082 428527.4542,239234.069 428510.589,239221.048 428536.234999999,239291.4441 428572.380000001,239293.5371 428575.7481,239295.862 428577.544199999,239298.2631 428578.077,239302.224 428577.847100001,239327.9622 428590.780300001)))",교량,71,대전광역시 대덕구 ,36710018,16767,BRG0071000,미분류,철근콘크리트교,대청대교,미분류,미분류,247.26,일반도로,5,미분류,0,0,247.26,0,32.9,0,0,미분류,미분류,0,0,4,미분류,0,0,0,미분류,미분류,0,미분류,미분류,미분류,0,0,대청대교,1
"MULTIPOLYGON (((238471.3511 427768.396600001,238403.01 427767.710100001,238399.8592 427779.493799999,238471.2421 427780.9738,238471.2012 427778.225500001,238471.3953 427770.404999999,238471.3511 427768.396600001)))",교량,72,대전광역시 대덕구 ,36710028,35464,BRG0072000,미분류,철근콘크리트교,석봉구름다리,미분류,미분류,67.73,일반도로,2,미분류,0,0,67.73,0,12.17,0,0,미분류,미분류,0,0,0,미분류,0,0,0,미분류,미분류,0,미분류,미분류,미분류,0,0,석봉구름다리,1
"MULTIPOLYGON (((238622.5831 427439.448000001,238617.7832 427435.768200001,238608.1902 427443.247199999,238611.4784 427447.202400001,238622.5831 427439.448000001)))",교량,73,대전광역시 대덕구 ,36710028,109048,BRG0073000,미분류,강교,,미분류,미분류,12.33,철도,0,미분류,0,0,12.33,0,6.2,0,0,미분류,미분류,0,0,0,미분류,0,0,0,미분류,미분류,0,미분류,미분류,미분류,0,0,,1
"MULTIPOLYGON (((238414.3801 427236.7499,238411.42 427226.130000001,238404.25 427231.060000001,238407.43 427244.030099999,238414.3801 427236.7499)))",교량,74,대전광역시 대덕구 ,36710028,37329,BRG0074000,미분류,강교,,미분류,미분류,9.16,철도,0,미분류,0,0,9.16,0,12.17,0,0,미분류,미분류,0,0,0,미분류,0,0,0,미분류,미분류,0,미분류,미분류,미분류,0,0,,1
"MULTIPOLYGON (((238998.561 427013.7511,238994.1249 427011.846100001,238989.9231 427019.023,238994.203 427021.841,238998.561 427013.7511)))",교량,75,대전광역시 대덕구 ,36710028,109069,BRG0075000,미분류,강교,,미분류,미분류,8.67,철도,0,미분류,0,0,8.67,0,5.07,0,0,미분류,미분류,0,0,0,미분류,0,0,0,미분류,미분류,0,미분류,미분류,미분류,0,0,,1
"MULTIPOLYGON (((238208.29 425723.4801,238203.3801 425722.370100001,238197.27 425724.190099999,238195.8301 425733.859999999,238199.4801 425739.9201,238204.6201 425740.800100001,238208.29 425723.4801)))",교량,76,대전광역시 대덕구 ,36710028,38788,BRG0076000,미분류,철근콘크리트교,,미분류,미분류,11.3,일반도로,2,미분류,0,0,11.3,0,16.76,0,0,미분류,미분류,0,0,0,미분류,0,0,0,미분류,미분류,0,미분류,미분류,미분류,0,0,,1
"MULTIPOLYGON (((238231.839 425620.610099999,238224.668 425617.280099999,238220.034 425631.2511,238227.2641 425634.702099999,238231.839 425620.610099999)))",교량,77,대전광역시 대덕구 ,36710028,38795,BRG0077000,미분류,철근콘크리트교,,미분류,미분류,8.87,일반도로,2,미분류,0,0,8.87,0,13.77,0,0,미분류,미분류,0,0,4,미분류,0,0,0,미분류,미분류,0,미분류,미분류,미분류,0,0,,1
"MULTIPOLYGON (((241706.685 423921.779999999,241704.0269 423919.9025,241697.8306 423922.333000001,241705.5984 423927.874600001,241712.4995 423925.560699999,241710.3783 423924.4608,241706.685 423921.779999999)))",교량,78,대전광역시 대덕구 ,36710039,109757,BRG0078000,미분류,철근콘크리트교,,미분류,미분류,10.16,일반도로,1,미분류,0,0,10.16,0,5.11,0,0,미분류,미분류,0,0,0,미분류,0,0,0,미분류,미분류,0,미분류,미분류,미분류,0,0,,1
"MULTIPOLYGON (((240560.31 427888.229900001,240532.1301 427852.690099999,240526.5801 427857.630100001,240554.4501 427892.5701,240560.31 427888.229900001)))",교량,79,대전광역시 대덕구 ,36710029,112093,BRG0079000,미분류,철근콘크리트교,수도교,미분류,미분류,44.46,일반도로,1,미분류,0,0,44.46,0,6.09,0,0,미분류,미분류,0,0,0,미분류,0,0,0,미분류,미분류,0,미분류,미분류,미분류,0,0,수도교,1
"MULTIPOLYGON (((235257.3301 424720.3301,235260.0701 424719.690099999,235262.1901 424718.960100001,235264.3401 424718.200099999,235266.3301 424717.4801,235268.5901 424716.5001,235271.0701 424715.190099999,235273.2101 424713.9301,235274.8401 424712.8101,235275.5701 424712.190099999,235290.4301 424706.4901,235295.0601 424704.720100001,235279.7471 424683.6677,235272.4101 424688.2301,235256.1901 424696.5101,235254.1901 424697.4001,235252.0901 424697.850099999,235249.4601 424698.7501,235247.3801 424699.5101,235245.3301 424700.2601,235244.3601 424700.610099999,235243.8801 424700.8901,235241.0901 424702.5101,235239.2801 424703.5801,235237.4201 424704.8301,235236.2901 424705.460100001,235225.7101 424709.4801,235219.2201 424711.940099999,235218.4001 424712.0901,235216.1301 424711.860099999,235228.4601 424720.770099999,235234.3801 424724.7401,235244.9601 424732.380100001,235245.1301 424730.770099999,235245.4501 424728.3101,235245.8801 424727.0101,235246.7401 424725.9201,235247.4401 424725.4101,235253.8001 424721.9001,235255.6701 424720.880100001,235257.3301 424720.3301)))",교량,80,대전광역시 유성구 ,36710036,36014,BRG0080000,미분류,철근콘크리트교,배을교,미분류,미분류,60,하천,4,미분류,0,0,58.57,0,23,0,0,미분류,미분류,0,0,6,미분류,0,0,0,미분류,미분류,0,미분류,미분류,미분류,0,0,배을교,1
"MULTIPOLYGON (((235503.8501 425261.5701,235495.1501 425245.700099999,235492.4801 425247.4201,235501.4001 425263.5601,235503.8501 425261.5701)))",교량,81,대전광역시 유성구 ,36710036,37910,BRG0081000,미분류,철근콘크리트교,,미분류,미분류,18.4,하천,0,미분류,0,0,18.72,0,3.2,0,0,미분류,미분류,0,0,3.41,미분류,0,0,0,미분류,미분류,0,미분류,미분류,미분류,0,0,,1
"MULTIPOLYGON (((235827.4401 424850.520099999,235822.2301 424844.460100001,235820.4501 424846.0701,235825.7301 424852.0101,235827.4401 424850.520099999)))",교량,82,대전광역시 유성구 ,36710036,36025,BRG0082000,미분류,철근콘크리트교,,미분류,미분류,8,미분류,0,미분류,0,0,8.06,0,2.4,0,0,미분류,미분류,0,0,2.34,미분류,0,0,0,미분류,미분류,0,미분류,미분류,미분류,0,0,,1
"MULTIPOLYGON (((235497.1001 425057.2401,235499.3601 425055.5901,235503.4502 425053.828199999,235495.6101 425027.9801,235493.6701 425028.770099999,235491.0001 425030.0001,235488.1701 425031.4801,235486.0501 425032.940099999,235484.4801 425033.460100001,235481.9501 425034.5001,235476.4901 425037.0601,235473.4301 425038.780099999,235471.3901 425039.9901,235466.6401 425043.3201,235465.8201 425043.710100001,235461.5601 425045.3901,235457.8801 425047.130100001,235454.7301 425048.860099999,235451.8701 425050.460100001,235446.8101 425053.690099999,235443.9501 425055.360099999,235442.5901 425055.700099999,235441.5001 425055.700099999,235440.5201 425055.380100001,235437.3901 425053.5601,235432.3269 425051.4882,235440.2468 425088.207800001,235443.7401 425085.440099999,235446.9001 425083.950099999,235450.3701 425081.6401,235455.9801 425079.450099999,235460.1101 425077.5101,235464.7601 425074.950099999,235470.3601 425071.120100001,235474.5701 425069.550100001,235481.0001 425066.5601,235485.7501 425063.6701,235489.6701 425060.8301,235490.2601 425060.6801,235493.8901 425059.210100001,235497.1001 425057.2401)))",교량,83,대전광역시 유성구 ,36710036,39287,BRG0083000,미분류,철근콘크리트교,미래남교,미분류,미분류,65,하천,5,미분류,0,0,64.25,0,27,0,0,미분류,미분류,0,0,6,미분류,0,0,0,미분류,미분류,0,미분류,미분류,미분류,0,0,미래남교,1
"MULTIPOLYGON (((235835.1101 424886.8101,235831.8001 424885.9801,235829.7701 424893.790100001,235833.0101 424894.6801,235835.1101 424886.8101)))",교량,84,대전광역시 유성구 ,36710036,40158,BRG0084000,미분류,철근콘크리트교,,미분류,미분류,8.1,미분류,0,미분류,0,0,8.25,0,3.4,0,0,미분류,미분류,0,0,3.19,미분류,0,0,0,미분류,미분류,0,미분류,미분류,미분류,0,0,,1
"MULTIPOLYGON (((235143.6601 426528.110099999,235141.8501 426526.5801,235140.4741 426522.2325,235117.4624 426541.6952,235124.6501 426545.6801,235129.0501 426549.6701,235138.8801 426558.5101,235151.8501 426569.800100001,235177.0401 426592.0001,235204.8001 426616.5601,235236.6001 426644.690099999,235253.9301 426660.1501,235275.9101 426679.4801,235297.1101 426698.280099999,235324.2701 426722.3201,235362.0001 426755.4201,235372.2201 426764.520099999,235374.4296 426766.5251,235393.5068 426748.632999999,235389.3801 426744.9901,235375.3701 426732.6701,235360.9801 426720.0001,235347.5501 426708.210100001,235335.3501 426697.470100001,235319.8601 426683.690099999,235302.0601 426667.8901,235284.3801 426652.380100001,235266.8501 426636.8201,235245.4101 426617.770099999,235229.3801 426603.620100001,235205.5101 426582.520099999,235174.6401 426555.2401,235155.9501 426538.790100001,235143.6601 426528.110099999)))",교량,85,대전광역시 유성구 ,36710026,16813,BRG0085000,미분류,철근콘크리트교,신구교,미분류,미분류,330,하천,6,DB24,43.2,9.5,331.93,6,26,0,55,PC박스형교,미분류,0,19.5,4,미분류,0,0,0,마게바(Mageba)죠인트,구주식,0,미분류,라멘식,미분류,0,0,신구교,1
"MULTIPOLYGON (((235478.804 426368.902000001,235477.419 426365.774,235472.098 426370.573999999,235473.588 426373.636,235478.804 426368.902000001)))",교량,86,대전광역시 대덕구 ,36710026,105744,BRG0086000,인도교(Foot bridge),철근콘크리트교,,미분류,미분류,7,하천,1,미분류,0,0,7.16,0,3.2,0,0,미분류,미분류,0,0,0,미분류,0,0,0,미분류,미분류,0,미분류,미분류,미분류,0,0,,1
"MULTIPOLYGON (((235836.2401 425648.0801,235826.2001 425633.7501,235823.7701 425635.5101,235833.7801 425649.800100001,235836.2401 425648.0801)))",교량,87,대전광역시 유성구 ,36710026,105745,BRG0087000,미분류,철근콘크리트교,,미분류,미분류,17.5,미분류,0,미분류,0,0,17.55,0,3,0,0,미분류,미분류,0,0,3.01,미분류,0,0,0,미분류,미분류,0,미분류,미분류,미분류,0,0,,1
"MULTIPOLYGON (((235647.0837 425334.009,235631.9431 425310.476,235630.6003 425314.2237,235607.8801 425325.300100001,235592.7201 425333.4101,235571.0201 425344.710100001,235558.8501 425351.1801,235554.6216 425353.428200001,235550.4318 425352.694499999,235572.0901 425377.880100001,235572.4301 425376.7301,235573.3401 425374.520099999,235573.9601 425373.630100001,235574.9501 425372.4101,235575.8601 425371.270099999,235576.8001 425370.4101,235577.5699 425370.100099999,235583.7001 425367.030099999,235586.0501 425366.2401,235587.9001 425365.4801,235590.9201 425363.9801,235592.6401 425363.1501,235595.3401 425361.790100001,235596.9601 425360.9901,235605.4401 425355.720100001,235606.7001 425354.9901,235607.6001 425354.550100001,235611.5001 425352.9301,235614.6601 425351.450099999,235618.0901 425349.7301,235622.0901 425347.620100001,235625.1301 425345.870100001,235627.9101 425344.190099999,235632.4301 425341.2601,235633.2401 425340.870100001,235636.5201 425339.5001,235638.5201 425338.540100001,235640.7801 425337.2401,235642.9501 425335.790100001,235647.0837 425334.009)))",교량,88,대전광역시 유성구 ,36710026,37650,BRG0088000,미분류,철근콘크리트교,미래북교,미분류,미분류,85.9,미분류,5,미분류,0,0,885.46,0,25.5,0,0,미분류,미분류,0,0,0,미분류,0,0,0,미분류,미분류,0,미분류,미분류,미분류,0,0,미래북교,1
"MULTIPOLYGON (((235752.3401 425627.3401,235782.9601 425601.6601,235810.0001 425579.020099999,235798.3101 425562.770099999,235771.9801 425584.550100001,235741.0401 425610.280099999,235738.0601 425609.870100001,235752.0601 425629.1601,235752.3401 425627.3401)))",교량,89,대전광역시 유성구 ,36710026,35508,BRG0089000,미분류,철근콘크리트교,한들교,미분류,미분류,75.2,미분류,4,미분류,0,0,76.32,0,20,0,0,미분류,미분류,0,0,0,미분류,0,0,0,미분류,미분류,0,미분류,미분류,미분류,0,0,한들교,1
"MULTIPOLYGON (((232178.5271 429727.156099999,232176.4091 429725.0261,232166.3651 429736.382099999,232168.7951 429738.1581,232178.5271 429727.156099999)))",교량,90,대전광역시 유성구 ,36710015,125945,BRG0090000,미분류,철근콘크리트교,,미분류,미분류,14,하천,1,미분류,0,0,15.01,0,4,0,0,미분류,미분류,0,0,0,미분류,0,0,0,미분류,미분류,0,미분류,미분류,미분류,0,0,,1
"MULTIPOLYGON (((234822.3701 430583.470100001,234812.1401 430580.960100001,234811.2501 430584.3201,234821.6101 430586.9201,234822.3701 430583.470100001)))",교량,92,대전광역시 유성구 ,36710016,122845,BRG0092000,미분류,철근콘크리트교,무명교,미분류,미분류,10.5,미분류,1,미분류,0,0,10.33,0,3.5,0,0,미분류,미분류,0,0,0,미분류,0,0,0,미분류,미분류,0,미분류,미분류,미분류,0,0,무명교,1
"MULTIPOLYGON (((234820.5303 430728.2322,234814.8344 430706.4965,234808.8838 430708.48,234814.4235 430729.475500001,234820.5303 430728.2322)))",교량,93,대전광역시 유성구 ,36710016,114616,BRG0093000,미분류,철근콘크리트교,대동교,미분류,미분류,18.4,미분류,1,미분류,0,0,18.29,0,5.9,0,0,미분류,미분류,0,0,0,미분류,0,0,0,미분류,미분류,0,미분류,미분류,미분류,0,0,대동교,1
"MULTIPOLYGON (((235272.2599 430628.360099999,235248.8001 430596.6401,235243.9401 430599.9201,235267.6001 430631.9901,235272.2599 430628.360099999)))",교량,94,대전광역시 유성구 ,36710016,114509,BRG0094000,미분류,철근콘크리트교,대동1교,미분류,미분류,39.5,미분류,1,미분류,0,0,39.16,0,5.9,0,0,미분류,미분류,0,0,0,미분류,0,0,0,미분류,미분류,0,미분류,미분류,미분류,0,0,대동1교,1
"MULTIPOLYGON (((234945.5401 430129.8101,234938.7801 430129.5001,234933.4201 430140.700099999,234940.6601 430139.970100001,234945.5401 430129.8101)))",교량,95,대전광역시 유성구 ,36710016,38858,BRG0095000,미분류,철근콘크리트교,,미분류,미분류,11.3,미분류,2,미분류,0,0,12.54,0,6.2,0,0,미분류,미분류,0,0,0,미분류,0,0,0,미분류,미분류,0,미분류,미분류,미분류,0,0,,1
"MULTIPOLYGON (((234510.6601 429087.130100001,234509.9101 429085.4801,234506.6001 429088.2601,234508.2501 429092.720100001,234510.6401 429090.940099999,234511.9401 429089.9801,234510.6601 429087.130100001)))",교량,96,대전광역시 유성구 ,36710016,114641,BRG0096000,미분류,철근콘크리트교,,미분류,미분류,4.3,미분류,1,미분류,0,0,5.44,0,4.8,0,0,미분류,미분류,0,0,0,미분류,0,0,0,미분류,미분류,0,미분류,미분류,미분류,0,0,,1
"MULTIPOLYGON (((234383.0601 430724.110099999,234377.1601 430717.440099999,234373.8199 430720.540100001,234379.7599 430727.110099999,234383.0601 430724.110099999)))",교량,97,대전광역시 유성구 ,36710016,114478,BRG0097000,미분류,철근콘크리트교,,미분류,미분류,8.9,미분류,1,미분류,0,0,8.42,0,4.5,0,0,미분류,미분류,0,0,0,미분류,0,0,0,미분류,미분류,0,미분류,미분류,미분류,0,0,,1
"MULTIPOLYGON (((234570.5501 429785.190099999,234562.1001 429781.520099999,234560.1701 429785.4901,234566.4701 429787.440099999,234570.5501 429785.190099999)))",교량,98,대전광역시 유성구 ,36710016,106369,BRG0098000,미분류,철근콘크리트교,,미분류,미분류,7.9,미분류,1,미분류,0,0,7.4,0,4.4,0,0,미분류,미분류,0,0,0,미분류,0,0,0,미분류,미분류,0,미분류,미분류,미분류,0,0,,1
"MULTIPOLYGON (((234448.8901 429168.940099999,234444.6601 429166.1701,234442.9801 429171.1401,234447.3901 429173.880100001,234448.8901 429168.940099999)))",교량,99,대전광역시 유성구 ,36710016,114628,BRG0099000,미분류,철근콘크리트교,,미분류,미분류,5.2,미분류,1,미분류,0,0,5.19,0,5,0,0,미분류,미분류,0,0,0,미분류,0,0,0,미분류,미분류,0,미분류,미분류,미분류,0,0,,1
"MULTIPOLYGON (((234492.1801 429564.0601,234492.2101 429558.850099999,234491.2701 429559.380100001,234486.6701 429559.120100001,234485.5099 429558.270099999,234485.2701 429562.7301,234491.2201 429563.0701,234492.1801 429564.0601)))",교량,100,대전광역시 유성구 ,36710016,114625,BRG0100000,미분류,철근콘크리트교,,미분류,미분류,6.9,미분류,1,미분류,0,0,6.78,0,3.7,0,0,미분류,미분류,0,0,0,미분류,0,0,0,미분류,미분류,0,미분류,미분류,미분류,0,0,,1
"MULTIPOLYGON (((234528.0099 429347.6401,234522.8501 429345.720100001,234522.6501 429348.7401,234527.5301 429350.6801,234528.0099 429347.6401)))",교량,101,대전광역시 유성구 ,36710016,106365,BRG0101000,미분류,철근콘크리트교,,미분류,미분류,5.3,미분류,1,미분류,0,0,5.46,0,2.9,0,0,미분류,미분류,0,0,0,미분류,0,0,0,미분류,미분류,0,미분류,미분류,미분류,0,0,,1
"MULTIPOLYGON (((234536.2101 429295.520099999,234533.2401 429290.6601,234529.9601 429293.3101,234532.9901 429297.600099999,234536.2101 429295.520099999)))",교량,102,대전광역시 유성구 ,36710016,105657,BRG0102000,미분류,철근콘크리트교,,미분류,미분류,5.3,미분류,1,미분류,0,0,4.42,0,4.2,0,0,미분류,미분류,0,0,0,미분류,0,0,0,미분류,미분류,0,미분류,미분류,미분류,0,0,,1
"MULTIPOLYGON (((233760.03 430715.518999999,233751.457 430714.867000001,233750.918 430714.877,233750.902 430715.662,233750.988 430715.718,233750.981 430738.682,233750.88 430738.718,233750.884 430739.5,233751.414 430739.538000001,233759.436 430740.025,233759.968 430740.051999999,233760.0 430739.27,233759.914 430739.237,233759.926 430716.311000001,233760.039 430716.322000001,233760.03 430715.518999999)))",교량,103,대전광역시 유성구 ,36710016,123960,BRG0103000,스라브(RC콘크리트),철근콘크리트교,신동천교,미분류,미분류,24.59,하천,2,미분류,0,0,24.59,0,8.94,0,0,미분류,미분류,0,8.94,0,기타,0.75,0.25,22.06,미분류,미분류,0,미분류,미분류,미분류,0,1,신동천교,1
"MULTIPOLYGON (((233578.5501 432488.440099999,233576.4611 432483.8891,233573.7601 432487.6401,233576.4601 432491.7621,233578.5501 432488.440099999)))",교량,104,대전광역시 유성구 ,36710005,124355,BRG0104000,미분류,철근콘크리트교,,미분류,미분류,6,하천,1,미분류,0,0,5.1,0,3,0,0,미분류,미분류,0,0,0,미분류,0,0,0,미분류,미분류,0,미분류,미분류,미분류,0,0,,1
"MULTIPOLYGON (((233029.32 430941.994999999,233056.724 430940.971999999,233056.676 430921.025,233029.295 430921.005000001,233029.32 430941.994999999)))",교량,105,대전광역시 유성구 ,36710005,124551,BRG0105000,스라브(RC콘크리트),철근콘크리트교,무명교,미분류,미분류,20.47,하천,6,미분류,0,0,20.47,0,27.39,0,0,미분류,미분류,0,27.39,4,기타,1.3,0,21.91,미분류,미분류,0,미분류,미분류,미분류,0,1,무명교,1
"MULTIPOLYGON (((235684.3501 431448.040100001,235684.1801 431445.050100001,235680.9801 431445.3901,235678.0101 431445.460100001,235678.2701 431448.449999999,235681.1801 431448.3901,235684.3501 431448.040100001)))",교량,107,대전광역시 유성구 ,36710006,114278,BRG0107000,미분류,철근콘크리트교,,미분류,미분류,6.1,하천,1,미분류,0,0,7,0,3,0,0,미분류,미분류,0,0,0,미분류,0,0,0,미분류,미분류,0,미분류,미분류,미분류,0,0,,1
"MULTIPOLYGON (((235705.0401 431657.5801,235704.6101 431654.600099999,235698.0601 431655.220100001,235698.3101 431658.210100001,235705.0401 431657.5801)))",교량,109,대전광역시 유성구 ,36710006,114649,BRG0109000,미분류,철근콘크리트교,,미분류,미분류,6.8,하천,1,미분류,0,0,6.89,0,3,0,0,미분류,미분류,0,0,0,미분류,0,0,0,미분류,미분류,0,미분류,미분류,미분류,0,0,,1
"MULTIPOLYGON (((235724.3001 431865.6501,235724.2801 431864.199999999,235718.4401 431864.600099999,235718.5001 431866.1401,235718.5401 431867.550100001,235724.3201 431866.970100001,235724.3001 431865.6501)))",교량,110,대전광역시 유성구 ,36710006,114650,BRG0110000,미분류,철근콘크리트교,,미분류,미분류,5.7,하천,1,미분류,0,0,6.9,0,3,0,0,미분류,미분류,0,0,0,미분류,0,0,0,미분류,미분류,0,미분류,미분류,미분류,0,0,,1
"MULTIPOLYGON (((235744.8201 432076.8401,235744.4501 432073.860099999,235741.7401 432074.1701,235737.3301 432074.2301,235737.4901 432077.2301,235741.9301 432077.1601,235744.8201 432076.8401)))",교량,111,대전광역시 유성구 ,36710006,114283,BRG0111000,미분류,철근콘크리트교,,미분류,미분류,7.3,하천,1,미분류,0,0,7.2,0,3,0,0,미분류,미분류,0,0,0,미분류,0,0,0,미분류,미분류,0,미분류,미분류,미분류,0,0,,1
"MULTIPOLYGON (((235260.8271 427825.7081,235286.0989 427797.641100001,235310.0501 427770.960100001,235316.6801 427763.450099999,235324.0201 427755.350099999,235305.7254 427738.567600001,235304.0901 427750.3401,235302.1701 427764.6501,235253.9441 427818.2959,235047.6061 428049.168099999,235047.2681 428049.562100001,235027.6281 428070.9101,235024.1163 428074.104900001,235030.879 428081.742000001,235034.8381 428077.860099999,235060.7891 428049.633099999,235061.1181 428049.225099999,235260.8271 427825.7081)))",교량,113,대전광역시 대덕구 ,36710026,38810,BRG0113000,미분류,철근콘크리트교,불무교,미분류,미분류,395,하천,2,DB24,43.2,13,429.86,11,10,0,50,강박스형교,미분류,0,10,0,미분류,0,0,0,강핑거죠인트,T형교각식,0,미분류,구주식,미분류,0,0,불무교,1
"MULTIPOLYGON (((235112.3201 427108.082,235122.736 427094.91,235129.161 427098.849099999,235140.7921 427080.4001,235150.137 427066.676100001,235162.562 427049.719000001,235182.5991 427023.453,235191.0081 427010.678099999,235213.801 426976.051000001,235216.42 426972.5211,235227.5571 426957.949100001,235235.4511 426947.709100001,235241.5511 426939.8861,235263.3661 426912.924000001,235279.367 426894.507099999,235288.3221 426884.767100001,235297.317 426875.368100001,235304.1446 426868.554500001,235309.4461 426863.263900001,235318.693 426854.517899999,235322.5431 426850.8761,235337.7561 426837.3071,235344.9061 426831.216,235352.7471 426824.734999999,235355.5339 426822.4801,235359.945 426818.961999999,235362.545 426816.916999999,235365.3251 426814.755100001,235371.834 426810.037,235380.5371 426803.868100001,235398.028 426791.932,235408.5911 426785.013,235425.8401 426774.166099999,235441.215 426764.952,235453.1451 426758.088099999,235428.7411 426736.816099999,235428.6851 426736.850099999,235399.386 426755.947000001,235371.1181 426775.940099999,235340.281 426799.08,235338.67 426800.353,235336.806 426801.819,235326.2921 426809.492000001,235288.2021 426840.0561,235271.8351 426856.349099999,235237.064 426892.3181,235216.8011 426914.368000001,235222.813 426919.392100001,235207.652 426938.881999999,235191.1771 426960.436100001,235165.5021 426994.0931,235155.3311 427007.427100001,235142.223 427024.609099999,235136.37 427032.283,235109.3191 427067.551999999,235096.9061 427083.343,235090.2861 427091.7641,235074.668 427110.9792,235058.7149 427129.828,235039.6821 427151.120999999,235026.167 427165.3761,235009.4751 427181.937100001,234982.9921 427205.8401,234958.7071 427225.460000001,234934.1321 427243.346100001,234912.0471 427257.8981,234887.3272 427272.631100001,234865.839 427284.202099999,234844.772 427294.502900001,234823.6221 427303.865,234804.5851 427311.4912,234783.554 427319.072000001,234765.7851 427324.811000001,234750.8351 427329.092,234744.3581 427330.947000001,234741.671 427331.635,234732.669 427333.941099999,234727.3542 427335.1351,234713.41 427338.265000001,234708.7502 427339.312100001,234701.3741 427340.692,234693.62 427342.143100001,234688.3621 427343.089,234683.2401 427343.903999999,234679.7411 427344.460899999,234674.3951 427345.262,234666.8131 427346.2491,234657.5491 427347.454,234652.0172 427348.132999999,234651.7151 427348.1701,234645.7217 427348.8071,234642.552 427349.143999999,234632.988 427349.973999999,234623.506 427350.769300001,234624.6699 427378.2556,234635.8612 427377.267200001,234640.1761 427376.895,234647.3409 427376.179199999,234652.326 427375.681,234653.1216 427375.588300001,234665.482 427374.1461,234685.695 427371.296,234714.1531 427366.1741,234735.6331 427361.416999999,234760.2501 427354.998,234785.5721 427347.2829,234815.543 427336.6361,234845.156 427324.417099999,234869.698 427312.890000001,234886.753 427304.188999999,234915.4511 427287.960000001,234945.909 427268.4901,234964.0421 427255.696,234996.2721 427230.482999999,235013.9491 427215.1591,235025.503 427204.505999999,235042.9471 427187.403100001,235047.9271 427182.2961,235057.73 427171.9551,235065.9761 427162.968,235075.4262 427152.356000001,235084.0501 427142.393999999,235094.4811 427130.0112,235104.733 427117.5141,235112.3201 427108.082)))",교량,114,대전광역시 유성구 ,36710026,37750,BRG0114000,미분류,철근콘크리트교,문평대교,미분류,미분류,1047.53,일반도로,0,미분류,0,0,1047.53,0,32.73,0,0,미분류,미분류,0,0,0,미분류,0,0,0,미분류,미분류,0,미분류,미분류,미분류,0,0,문평대교,1
"MULTIPOLYGON (((232598.7381 429983.7421,232576.3801 429959.223099999,232524.413 429978.9801,232544.66 430002.402000001,232598.7381 429983.7421)))",교량,115,대전광역시 유성구 ,36710015,35407,BRG0115000,미분류,철근콘크리트교,둔곡교,미분류,미분류,56.22,일반도로,6,미분류,0,0,56.22,0,30.29,0,0,미분류,미분류,0,0,0,미분류,0,0,0,미분류,미분류,0,미분류,미분류,미분류,0,0,둔곡교,1
"MULTIPOLYGON (((234612.732 427350.309,234606.7399 427346.698000001,234603.3147 427352.055,234602.883 427352.73,234598.6391 427358.5131,234593.7001 427364.426000001,234587.978 427370.338099999,234584.037 427374.075099999,234581.05 427376.645099999,234575.8331 427380.601299999,234574.2841 427381.776000001,234579.6761 427386.189999999,234579.9431 427386.4091,234580.9235 427387.0518,234583.9063 427384.474099999,234587.1028 427381.6009,234588.1419 427380.5273,234589.4744 427379.158600001,234592.2725 427376.2895,234595.9319 427372.323100001,234599.932 427367.941,234603.4 427363.778999999,234606.9451 427359.113,234610.2231 427354.358100001,234611.9872 427351.5111,234612.732 427350.309)))",교량,116,대전광역시 유성구 ,36710026,37747,BRG0116000,미분류,철근콘크리트교,봉산동교,미분류,미분류,48.64,일반도로,1,미분류,0,0,48.64,0,7.5,0,0,미분류,미분류,0,0,0,미분류,0,0,0,미분류,미분류,0,미분류,미분류,미분류,0,0,봉산동교,1
"MULTIPOLYGON (((234441.7451 427381.062100001,234447.79 427349.732100001,234402.507 427349.542099999,234396.464 427381.1271,234441.7451 427381.062100001)))",교량,117,대전광역시 유성구 ,36710026,35528,BRG0117000,미분류,철근콘크리트교,봉산교,미분류,미분류,45.64,일반도로,7,미분류,0,0,45.64,0,32.35,0,0,미분류,미분류,0,0,0,미분류,0,0,0,미분류,미분류,0,미분류,미분류,미분류,0,0,봉산교,1
"MULTIPOLYGON (((234439.17 427397.2631,234394.4791 427391.054,234393.0789 427399.277100001,234437.6943 427405.4266,234439.17 427397.2631)))",교량,118,대전광역시 유성구 ,36710026,37747,BRG0118000,미분류,철근콘크리트교,봉산북교,미분류,미분류,45.02,일반도로,1,미분류,0,0,45.02,0,8.39,0,0,미분류,미분류,0,0,0,미분류,0,0,0,미분류,미분류,0,미분류,미분류,미분류,0,0,봉산북교,1
"MULTIPOLYGON (((232183.0568 429587.4801,232163.4317 429583.210100001,232162.7985 429587.157099999,232182.9119 429591.986199999,232183.0568 429587.4801)))",교량,119,대전광역시 유성구 ,36710015,125960,BRG0119000,미분류,철근콘크리트교,,미분류,미분류,20.2,일반도로,0,미분류,0,0,20.2,0,4.33,0,0,미분류,미분류,0,0,4.33,미분류,0,0,0,미분류,미분류,0,미분류,미분류,미분류,0,0,,1
"MULTIPOLYGON (((239433.4156 423937.122300001,239413.8337 423936.558599999,239413.76 423939.378599999,239433.2383 423939.7675,239433.4156 423937.122300001)))",교량,120,대전광역시 대덕구 ,36710038,110079,BRG0120000,인도교(Foot bridge),목교,,미분류,미분류,15.8,하천,1,미분류,0,0,19.35,0,3,0,0,미분류,미분류,0,0,2.76,미분류,0,0,0,미분류,미분류,0,미분류,미분류,미분류,0,0,,1
"MULTIPOLYGON (((238373.85 426959.350199999,238312.9 426911.66,238298.44 426926.6701,238303.5 426930.99,238346.85 426964.4,238360.6 426974.6801,238373.3501 426985.3402,238378.5401 426990.32,238384.35 426996.350099999,238392.1801 427005.130100001,238397.9001 427012.710000001,238401.9 427018.109999999,238405.8942 427024.665100001,238407.6401 427027.529999999,238410.8501 427028.610099999,238420.18 427046.960000001,238425.7701 427060.690099999,238433.15 427087.439999999,238433.4889 427088.697699999,238449.6449 427084.3829,238449.4001 427083.68,238445.5 427068.939999999,238442.36 427058.610099999,238438.85 427049.560000001,238434.91 427039.970100001,238428.87 427027.460000001,238428.7901 427026.8901,238429.1 427023.880000001,238427.966 427022.0132,238426.7391 427019.994100001,238422.9701 427013.790100001,238410.52 426996.01,238398.4201 426982.449999999,238388.5601 426972.48,238381.44 426966.039999999,238373.85 426959.350199999)))",교량,121,대전광역시 대덕구 ,36710028,15816,BRG0121000,미분류,철근콘크리트교,신탄진과선교,미분류,미분류,220.55,일반도로,4,미분류,0,0,220.55,0,18.37,0,0,미분류,미분류,0,0,4,미분류,0,0,0,미분류,미분류,0,미분류,미분류,미분류,0,0,신탄진과선교,1
"MULTIPOLYGON (((240533.1963 428163.1271,240543.8453 428164.4629,240573.3638 427960.8344,240564.5069 427959.345899999,240533.1963 428163.1271)))",교량,122,대전광역시 대덕구 ,36710029,112225,BRG0122000,미분류,철근콘크리트교,용호교,미분류,미분류,89,미분류,2,미분류,0,0,197.86,0,6.6,0,0,미분류,미분류,0,0,0,미분류,0,0,0,미분류,미분류,0,미분류,미분류,미분류,0,0,용호교,1
"MULTIPOLYGON (((235040.7341 424493.4356,235012.9602 424468.789999999,234992.04 424477.67,234985.9801 424479.119999999,234982.1799 424480.350099999,234977.2301 424482.65,234986.8146 424512.8839,235006.64 424506.4101,235012.0301 424504.529999999,235015.07 424502.950099999,235018.55 424501.0601,235040.7341 424493.4356)))",교량,123,대전광역시 유성구 ,36710036,39230,BRG0123000,미분류,철근콘크리트교,동화울교,미분류,미분류,52.79,일반도로,6,미분류,0,0,52.79,0,28.6,0,0,미분류,미분류,0,0,6,미분류,0,0,0,미분류,미분류,0,미분류,미분류,미분류,0,0,동화울교,1
"MULTIPOLYGON (((235836.4201 406204.440099999,235835.8501 406201.5001,235829.3701 406202.4201,235830.4301 406205.300100001,235836.4201 406204.440099999)))",교량,124,대전광역시 중구 ,36710096,62040,BRG0124000,미분류,철근콘크리트교,,미분류,미분류,6,하천,1,미분류,0,0,6.4,0,3,0,0,미분류,미분류,0,0,0,미분류,0,0,0,미분류,미분류,0,미분류,미분류,미분류,0,0,,1
"MULTIPOLYGON (((235415.5801 408054.4101,235413.8601 408051.9201,235408.5201 408054.620100001,235410.4101 408057.120100001,235415.5801 408054.4101)))",교량,125,대전광역시 중구 ,36710096,62125,BRG0125000,미분류,철근콘크리트교,,미분류,미분류,6,하천,1,미분류,0,0,5.83,0,3,0,0,미분류,미분류,0,0,0,미분류,0,0,0,미분류,미분류,0,미분류,미분류,미분류,0,0,,1
"MULTIPOLYGON (((235189.3401 407975.1601,235160.111 407859.993799999,235150.5448 407862.283399999,235180.1701 407977.6401,235189.3401 407975.1601)))",교량,126,대전광역시 중구 ,36710096,18562,BRG0126000,미분류,철근콘크리트교,수련교,미분류,미분류,120,하천,1,미분류,0,0,114.95,0,10,0,0,미분류,미분류,0,0,3,미분류,0,0,0,미분류,미분류,0,미분류,미분류,미분류,0,0,수련교,1
"MULTIPOLYGON (((235845.8891 406123.336100001,235839.8391 406121.936100001,235840.0601 406126.892100001,235845.8351 406128.8651,235845.8891 406123.336100001)))",교량,127,대전광역시 중구 ,36710096,62146,BRG0127000,미분류,철근콘크리트교,,미분류,미분류,6.2,하천,1,미분류,0,0,6.11,0,5,0,0,미분류,미분류,0,0,0,미분류,0,0,0,미분류,미분류,0,미분류,미분류,미분류,0,0,,1
"MULTIPOLYGON (((235790.5351 406469.424000001,235790.1131 406468.132099999,235787.6451 406468.155099999,235785.6851 406467.755100001,235784.6951 406466.9121,235783.5791 406465.3961,235768.5361 406428.9121,235768.3401 406426.599099999,235768.3191 406424.6601,235768.9921 406422.7491,235769.7901 406421.085100001,235770.6871 406419.470100001,235770.0201 406418.2971,235752.2071 406431.8431,235752.9501 406433.0341,235755.4141 406432.939099999,235756.9031 406433.3881,235757.7711 406433.962099999,235759.0871 406435.3281,235775.6961 406476.4001,235776.0331 406478.563100001,235775.9311 406480.3281,235775.6581 406481.9341,235774.5621 406484.1961,235773.8681 406485.335100001,235774.6641 406486.9311,235790.5351 406469.424000001)))",교량,128,대전광역시 중구 ,36710096,61895,BRG0128000,미분류,철근콘크리트교,정생1교,미분류,미분류,55,하천,2,미분류,0,0,57.53,0,11,0,0,미분류,미분류,0,0,3.6,미분류,0,0,0,미분류,미분류,0,미분류,미분류,미분류,0,0,정생1교,1
"MULTIPOLYGON (((235881.9985 408777.204299999,235879.1001 408774.630100001,235875.3429 408779.751700001,235872.6301 408783.450099999,235865.5301 408794.7601,235859.0901 408806.2401,235854.6801 408815.210100001,235864.4548 408815.5966,235867.9401 408810.9001,235874.1301 408799.870100001,235880.9101 408789.0801,235886.6101 408781.300100001,235881.9985 408777.204299999)))",교량,129,대전광역시 중구 ,36710086,18271,BRG0129000,미분류,철근콘크리트교,침산2교,미분류,미분류,35,하천,2,미분류,0,0,47.3,0,10,0,0,미분류,미분류,0,0,0,미분류,0,0,0,미분류,미분류,0,미분류,미분류,미분류,0,0,침산2교,1
"MULTIPOLYGON (((235707.9101 408837.870100001,235707.8401 408837.800100001,235699.5401 408843.4801,235699.6201 408843.5801,235700.3901 408844.530099999,235716.8835 408859.984099999,235779.9332 408918.8039,235785.1784 408910.2476,235725.6039 408854.4461,235707.9101 408837.870100001)))",교량,130,대전광역시 중구 ,36710086,19832,BRG0130000,미분류,철근콘크리트교,침산교,미분류,미분류,100,하천,2,미분류,0,0,103.4,0,10,0,0,미분류,미분류,0,0,2.8,미분류,0,0,0,미분류,미분류,0,미분류,미분류,미분류,0,0,침산교,1
"MULTIPOLYGON (((236069.1401 408717.3401,236067.5401 408705.6501,236059.4801 408706.770099999,236036.9301 408710.3201,236012.3901 408715.1801,235991.2201 408719.630100001,235973.6101 408723.8901,235957.7801 408727.9801,235939.5201 408733.040100001,235937.4401 408733.610099999,235919.8501 408738.960100001,235902.0401 408744.9101,235882.3501 408752.050100001,235861.9701 408759.780099999,235840.5001 408768.5101,235824.4901 408775.3101,235801.0101 408786.370100001,235773.5701 408800.100099999,235740.2101 408818.210100001,235708.7801 408837.270099999,235707.9101 408837.870100001,235699.6201 408843.5801,235650.5201 408877.440099999,235657.2701 408886.8901,235649.4301 408892.870100001,235656.5001 408902.0801,235671.3501 408891.040100001,235695.2001 408874.220100001,235710.0401 408864.3301,235716.8835 408859.984099999,235725.6039 408854.4461,235730.1801 408851.540100001,235750.6601 408839.380100001,235765.9701 408830.7601,235783.4901 408821.3101,235802.2601 408811.6701,235824.7801 408801.0901,235841.1001 408793.770099999,235866.7001 408783.0601,235875.3429 408779.751700001,235881.9985 408777.204299999,235887.6001 408775.0601,235909.7001 408767.5601,235939.4101 408758.3101,235939.7001 408758.220100001,235960.8601 408752.120100001,235988.7201 408745.0901,235993.4801 408744.020099999,236023.1001 408737.360099999,236039.0601 408734.6701,236060.8701 408731.0001,236059.0601 408718.860099999,236069.1401 408717.3401)))",교량,131,대전광역시 중구 ,36710086,13456,BRG0131000,미분류,철근콘크리트교,무수1교,미분류,미분류,460,하천,3,미분류,0,0,466.11,0,24,0,0,미분류,미분류,0,0,0,미분류,0,0,0,미분류,미분류,0,미분류,미분류,미분류,0,0,무수1교,1
"MULTIPOLYGON (((235146.007 408117.028100001,235144.7112 408110.502,235140.913 408111.073100001,235142.339 408117.857100001,235146.007 408117.028100001)))",교량,132,대전광역시 중구 ,36710096,61963,BRG0132000,미분류,철근콘크리트교,,미분류,미분류,6.81,일반도로,1,미분류,0,0,6.81,0,3.78,0,0,미분류,미분류,0,0,0,미분류,0,0,0,미분류,미분류,0,미분류,미분류,미분류,0,0,,1
"MULTIPOLYGON (((235864.3371 406359.745100001,235861.9021 406355.8991,235848.2851 406365.505999999,235849.8901 406369.8291,235864.3371 406359.745100001)))",교량,133,대전광역시 중구 ,36710096,61914,BRG0133000,미분류,철근콘크리트교,,미분류,미분류,17.27,일반도로,1,미분류,0,0,17.27,0,4.59,0,0,미분류,미분류,0,0,0,미분류,0,0,0,미분류,미분류,0,미분류,미분류,미분류,0,0,,1
"MULTIPOLYGON (((235496.2851 406123.526000001,235493.5641 406121.4461,235489.1841 406124.7711,235492.2491 406126.804,235496.2851 406123.526000001)))",교량,134,대전광역시 중구 ,36710096,61965,BRG0134000,미분류,철근콘크리트교,,미분류,미분류,5.35,일반도로,1,미분류,0,0,5.35,0,3.58,0,0,미분류,미분류,0,0,0,미분류,0,0,0,미분류,미분류,0,미분류,미분류,미분류,0,0,,1
"MULTIPOLYGON (((241233.9381 403884.0208,241209.2631 403868.017100001,241200.1201 403871.6198,241225.6301 403888.1701,241233.9381 403884.0208)))",교량,135,대전광역시 동구 ,36714009,18240,BRG0135000,미분류,철근콘크리트교,제2상소교,미분류,미분류,28,하천,2,미분류,0,0,29.39,0,8.5,0,0,미분류,미분류,0,0,0,미분류,0,0,0,미분류,미분류,0,미분류,미분류,미분류,0,0,제2상소교,1
"MULTIPOLYGON (((241701.4499 404330.0053,241670.7636 404287.738399999,241657.4695 404257.891799999,241641.7864 404267.8675,241655.6823 404298.2952,241670.6409 404320.789799999,241687.6159 404342.1811,241701.4499 404330.0053)))",교량,136,대전광역시 동구 ,36714009,18156,BRG0136000,미분류,철근콘크리트교,제1상소교,미분류,미분류,33,하천,2,미분류,0,0,46.6,0,8.5,0,0,미분류,미분류,0,0,0,미분류,0,0,0,미분류,미분류,0,미분류,미분류,미분류,0,0,제1상소교,1
"MULTIPOLYGON (((240857.0271 403614.7687,240829.3781 403588.8792,240823.3456 403605.2173,240850.9946 403632.112199999,240857.0271 403614.7687)))",교량,137,대전광역시 동구 ,36714009,17770,BRG0137000,미분류,철근콘크리트교,곡남교,미분류,미분류,16,하천,2,미분류,0,0,37.84,0,8.5,0,0,미분류,미분류,0,0,0,미분류,0,0,0,미분류,미분류,0,미분류,미분류,미분류,0,0,곡남교,1
"MULTIPOLYGON (((240876.8621 403538.640900001,240870.3761 403529.2469,240866.9841 403531.3729,240873.3691 403540.6219,240876.8621 403538.640900001)))",교량,138,대전광역시 동구 ,36714009,51714,BRG0138000,미분류,철근콘크리트교,,미분류,미분류,11,하천,1,미분류,0,0,11.3,0,4.5,0,0,미분류,미분류,0,0,0,미분류,0,0,0,미분류,미분류,0,미분류,미분류,미분류,0,0,,1
"MULTIPOLYGON (((240830.9201 403462.0901,240827.0501 403457.4999,240806.1901 403475.309900001,240810.1701 403479.799900001,240830.9201 403462.0901)))",교량,139,대전광역시 동구 ,36714009,51726,BRG0139000,미분류,철근콘크리트교,고흥교,미분류,미분류,13,하천,1,미분류,0,0,27.31,0,4,0,0,미분류,미분류,0,0,0,미분류,0,0,0,미분류,미분류,0,미분류,미분류,미분류,0,0,고흥교,1
"MULTIPOLYGON (((242516.2851 405188.494100001,242516.0291 405179.517899999,242512.0791 405179.707900001,242512.0341 405188.665100001,242516.2851 405188.494100001)))",교량,140,대전광역시 동구 ,36714009,48753,BRG0140000,미분류,철근콘크리트교,,미분류,미분류,9,하천,1,미분류,0,0,9,0,4.1,0,0,미분류,미분류,0,0,0,미분류,0,0,0,미분류,미분류,0,미분류,미분류,미분류,0,0,,1
"MULTIPOLYGON (((242610.0531 405156.676899999,242600.8151 405145.4081,242597.3651 405146.6831,242606.6661 405157.918099999,242610.0531 405156.676899999)))",교량,141,대전광역시 동구 ,36714009,51533,BRG0141000,미분류,철근콘크리트교,,미분류,미분류,14.7,하천,1,미분류,0,0,14.56,0,3.6,0,0,미분류,미분류,0,0,0,미분류,0,0,0,미분류,미분류,0,미분류,미분류,미분류,0,0,,1
"MULTIPOLYGON (((242266.8601 404376.2399,242266.0801 404373.350099999,242225.3901 404384.3901,242225.7101 404387.4101,242266.8601 404376.2399)))",교량,142,대전광역시 동구 ,36714009,51540,BRG0142000,인도교(Foot bridge),목교,,미분류,미분류,43,하천,1,미분류,0,0,42.42,0,3.5,0,0,미분류,미분류,0,0,2.95,미분류,0,0,0,미분류,미분류,0,미분류,미분류,미분류,0,0,,1
"MULTIPOLYGON (((242052.8301 404353.210100001,242018.8101 404339.2599,242016.0801 404346.780099999,242049.4001 404360.449999999,242052.8301 404353.210100001)))",교량,143,대전광역시 동구 ,36714009,18130,BRG0143000,미분류,철근콘크리트교,마달교,미분류,미분류,27,하천,2,미분류,0,0,36.18,0,9,0,0,미분류,미분류,0,0,0,미분류,0,0,0,미분류,미분류,0,미분류,미분류,미분류,0,0,마달교,1
"MULTIPOLYGON (((242839.9685 405455.995999999,242821.3701 405453.879899999,242819.9268 405747.0022,242839.4801 405749.2399,242839.9685 405455.995999999)))",교량,144,대전광역시 동구 ,36714010,14063,BRG0144000,미분류,철근콘크리트교,삼괴3교,미분류,미분류,270,하천,4,미분류,0,0,283,0,19,0,0,미분류,미분류,0,0,0,미분류,0,0,0,미분류,미분류,0,미분류,미분류,미분류,0,0,삼괴3교,1
"MULTIPOLYGON (((242991.9913 404865.247500001,242975.5736 404854.814300001,242974.7001 404856.5901,242926.7801 404933.299900001,242942.8001 404943.520099999,242991.9913 404865.247500001)))",교량,145,대전광역시 동구 ,36714010,14063,BRG0145000,미분류,철근콘크리트교,마달교,미분류,미분류,90,하천,4,미분류,0,0,90.48,0,19,0,0,미분류,미분류,0,0,0,미분류,0,0,0,미분류,미분류,0,미분류,미분류,미분류,0,0,마달교,1
"MULTIPOLYGON (((242864.1901 404850.8401,242862.6801 404848.2399,242857.0201 404851.8199,242858.9701 404854.1501,242864.1901 404850.8401)))",교량,146,대전광역시 동구 ,36714010,51544,BRG0146000,미분류,철근콘크리트교,,미분류,미분류,6.5,하천,1,미분류,0,0,6.48,0,3,0,0,미분류,미분류,0,0,0,미분류,0,0,0,미분류,미분류,0,미분류,미분류,미분류,0,0,,1
"MULTIPOLYGON (((243190.0801 404002.460100001,243178.5001 403997.7599,243064.7301 404276.199999999,243076.2001 404281.1798,243190.0801 404002.460100001)))",교량,147,대전광역시 동구 ,36714010,13432,BRG0147000,미분류,철근콘크리트교,마달교,미분류,미분류,301,미분류,2,미분류,0,0,300.57,0,12.5,0,0,미분류,미분류,0,0,0,미분류,0,0,0,미분류,미분류,0,미분류,미분류,미분류,0,0,마달교,1
"MULTIPOLYGON (((243219.9301 404015.4201,243208.3501 404010.710100001,243169.5301 404108.1401,243139.0201 404177.780099999,243100.6801 404257.799900001,243056.7401 404338.2301,243067.6801 404344.280099999,243111.8001 404263.4999,243150.3801 404182.9899,243181.0701 404112.960100001,243219.9301 404015.4201)))",교량,148,대전광역시 동구 ,36714010,13433,BRG0148000,미분류,철근콘크리트교,마달교,미분류,미분류,362,미분류,2,미분류,0,0,360.51,0,12.5,0,0,미분류,미분류,0,0,0,미분류,0,0,0,미분류,미분류,0,미분류,미분류,미분류,0,0,마달교,1
"MULTIPOLYGON (((240514.8201 406992.8201,240513.7301 406982.360099999,240510.7301 406982.4801,240511.8001 406992.880100001,240514.8201 406992.8201)))",교량,149,대전광역시 동구 ,36710099,60769,BRG0149000,미분류,철근콘크리트교,,미분류,미분류,8,하천,1,미분류,0,0,10.49,0,3.5,0,0,미분류,미분류,0,0,0,미분류,0,0,0,미분류,미분류,0,미분류,미분류,미분류,0,0,,1
"MULTIPOLYGON (((240469.8801 407333.0901,240467.1601 407330.970100001,240464.4101 407336.3301,240468.0701 407336.940099999,240469.8801 407333.0901)))",교량,150,대전광역시 동구 ,36710099,60778,BRG0150000,미분류,철근콘크리트교,,미분류,미분류,3.7,하천,1,미분류,0,0,3.46,0,5.5,0,0,미분류,미분류,0,0,0,미분류,0,0,0,미분류,미분류,0,미분류,미분류,미분류,0,0,,1
"MULTIPOLYGON (((240474.5201 407301.350099999,240472.7901 407298.470100001,240469.5501 407302.770099999,240471.6501 407304.9901,240474.5201 407301.350099999)))",교량,151,대전광역시 동구 ,36710099,60802,BRG0151000,미분류,철근콘크리트교,,미분류,미분류,5.4,하천,1,미분류,0,0,4.91,0,3,0,0,미분류,미분류,0,0,0,미분류,0,0,0,미분류,미분류,0,미분류,미분류,미분류,0,0,,1
"MULTIPOLYGON (((241204.9701 406284.449999999,241201.7601 406282.3301,241199.6201 406283.6801,241197.6201 406284.2501,241182.3001 406286.690099999,241183.5201 406290.050100001,241198.3801 406287.6701,241201.0601 406286.9201,241204.9701 406284.449999999)))",교량,152,대전광역시 동구 ,36710099,57430,BRG0152000,미분류,철근콘크리트교,,미분류,미분류,22,하천,1,미분류,0,0,21.51,0,4,0,0,미분류,미분류,0,0,0,미분류,0,0,0,미분류,미분류,0,미분류,미분류,미분류,0,0,,1
"MULTIPOLYGON (((240990.3701 406400.0001,240987.9301 406396.720100001,240982.2601 406403.449999999,240966.0701 406415.5901,240968.7101 406418.610099999,240982.1701 406408.6501,240990.3701 406400.0001)))",교량,153,대전광역시 동구 ,36710099,57431,BRG0153000,미분류,철근콘크리트교,알미교,미분류,미분류,18,하천,1,미분류,0,0,28.69,0,5,0,0,미분류,미분류,0,0,0,미분류,0,0,0,미분류,미분류,0,미분류,미분류,미분류,0,0,알미교,1
"MULTIPOLYGON (((240740.6201 406662.76,240731.1301 406655.6401,240729.4901 406658.1601,240739.0601 406665.3401,240740.6201 406662.76)))",교량,154,대전광역시 동구 ,36710099,60787,BRG0154000,미분류,철근콘크리트교,,미분류,미분류,12,하천,1,미분류,0,0,11.86,0,3,0,0,미분류,미분류,0,0,2.95,미분류,0,0,0,미분류,미분류,0,미분류,미분류,미분류,0,0,,1
"MULTIPOLYGON (((242497.3127 408461.7728,242477.0601 408411.960100001,242471.7601 408414.2301,242491.3033 408464.0715,242497.3127 408461.7728)))",교량,155,대전광역시 동구 ,36710099,18585,BRG0155000,미분류,철근콘크리트교,구도교,미분류,미분류,51,하천,1,미분류,0,0,50.79,0,5.9,0,0,미분류,미분류,0,0,0,미분류,0,0,0,미분류,미분류,0,미분류,미분류,미분류,0,0,구도교,1
"MULTIPOLYGON (((242370.6301 407760.8901,242366.7501 407760.4901,242366.0001 407767.040100001,242369.7851 407767.747,242370.6301 407760.8901)))",교량,156,대전광역시 동구 ,36710099,57207,BRG0156000,미분류,철근콘크리트교,,미분류,미분류,6,하천,1,미분류,0,0,6.76,0,3.5,0,0,미분류,미분류,0,0,0,미분류,0,0,0,미분류,미분류,0,미분류,미분류,미분류,0,0,,1
"MULTIPOLYGON (((242599.4701 407570.0701,242587.2701 407538.1801,242583.7501 407543.3781,242573.0661 407559.155099999,242570.5101 407562.9301,242581.9301 407595.7401,242584.9651 407591.2981,242595.6841 407575.611099999,242599.4701 407570.0701)))",교량,157,대전광역시 동구 ,36710099,13493,BRG0157000,미분류,철근콘크리트교,남대전IC교,미분류,미분류,85,하천,4,미분류,0,0,29.28,0,28,0,0,미분류,미분류,0,0,0,미분류,0,0,0,미분류,미분류,0,미분류,미분류,미분류,0,0,남대전IC교,1
"MULTIPOLYGON (((242431.0201 407770.199999999,242412.1001 407749.550100001,242377.9001 407779.3621,242375.7421 407781.2421,242369.8601 407786.370100001,242331.8201 407817.370100001,242311.9401 407832.723099999,242309.5421 407834.574999999,242279.8201 407857.530099999,242266.4401 407868.5801,242284.6001 407887.0001,242321.3541 407859.869100001,242325.2291 407857.009099999,242349.2201 407839.300100001,242387.9101 407807.780099999,242392.0261 407804.1921,242394.3141 407802.1971,242431.0201 407770.199999999)))",교량,158,대전광역시 동구 ,36710099,13493,BRG0158000,미분류,철근콘크리트교,구도2교,미분류,미분류,210,하천,4,미분류,0,0,187.42,0,24.4,0,0,미분류,미분류,0,0,0,미분류,0,0,0,미분류,미분류,0,미분류,미분류,미분류,0,0,구도2교,1
"MULTIPOLYGON (((242440.6701 407784.0601,242435.6701 407777.800100001,242414.6101 407793.020099999,242397.0391 407805.952099999,242394.5321 407807.7951,242305.3101 407873.4101,242286.6201 407886.6601,242285.1101 407887.5901,242289.2901 407894.710100001,242299.4901 407887.3401,242310.0001 407879.8901,242389.7501 407821.239,242398.6341 407814.7051,242399.0991 407814.3631,242400.6801 407813.199999999,242401.7361 407812.424000001,242419.3201 407799.4901,242440.6701 407784.0601)))",교량,159,대전광역시 동구 ,36710099,13537,BRG0159000,미분류,철근콘크리트교,남대전IC2교,미분류,미분류,210,하천,2,미분류,0,0,187.41,0,8.5,0,0,미분류,미분류,0,0,0,미분류,0,0,0,미분류,미분류,0,미분류,미분류,미분류,0,0,남대전IC2교,1
"MULTIPOLYGON (((242918.298 406323.567,242890.5261 406129.1591,242887.4241 406107.864,242884.3641 406086.8621,242883.6591 406082.018100001,242869.9791 405991.262700001,242856.3952 405992.8665,242856.5401 405992.8301,242842.6601 405994.6701,242850.5201 406048.622,242851.7451 406057.029100001,242853.9721 406072.3191,242854.9301 406078.893100001,242865.2449 406149.697899999,242866.8191 406160.5001,242889.4201 406315.6401,242891.9686 406327.0821,242904.9419 406325.475400001,242918.298 406323.567)))",교량,161,대전광역시 동구 ,36710100,14119,BRG0161000,미분류,철근콘크리트교,삼괴2교,미분류,미분류,330,하천,6,미분류,0,0,334.53,0,26,0,0,미분류,미분류,0,0,0,미분류,0,0,0,미분류,미분류,0,미분류,미분류,미분류,0,0,삼괴2교,1
"MULTIPOLYGON (((242930.7201 406139.270099999,242922.7401 406128.949999999,242917.5701 406135.3401,242924.3601 406144.120100001,242948.4001 406176.0801,242954.1601 406170.4201,242930.7201 406139.270099999)))",교량,162,대전광역시 동구 ,36710100,19704,BRG0162000,미분류,철근콘크리트교,월계교,미분류,미분류,50,하천,2,미분류,0,0,51.54,0,8.2,0,0,미분류,미분류,0,0,0,미분류,0,0,0,미분류,미분류,0,미분류,미분류,미분류,0,0,월계교,1
"MULTIPOLYGON (((242880.5801 406141.7501,242875.6501 406134.5001,242865.2449 406149.697899999,242861.6901 406154.8901,242865.5201 406162.270099999,242866.8191 406160.5001,242880.5801 406141.7501)))",교량,163,대전광역시 동구 ,36710100,56901,BRG0163000,미분류,철근콘크리트교,공주말교,미분류,미분류,32,하천,1,미분류,0,0,25,0,7.5,0,0,미분류,미분류,0,0,0,미분류,0,0,0,미분류,미분류,0,미분류,미분류,미분류,0,0,공주말교,1
"MULTIPOLYGON (((242813.1201 408144.4901,242812.1401 408141.4801,242793.5101 408154.780099999,242815.0601 408210.9801,242833.7501 408198.290100001,242813.1201 408144.4901)))",교량,164,대전광역시 동구 ,36710100,13434,BRG0164000,미분류,철근콘크리트교,남대전IC교,미분류,미분류,45,미분류,4,미분류,0,0,60.5,0,22.8,0,0,미분류,미분류,0,0,0,미분류,0,0,0,미분류,미분류,0,미분류,미분류,미분류,0,0,남대전IC교,1
"MULTIPOLYGON (((243241.5981 407171.8291,243195.8811 407077.199100001,243193.5311 407072.335100001,243179.9101 407044.1401,243172.1671 407025.565199999,243158.9901 407030.470100001,243148.2201 407036.850099999,243154.0031 407049.043099999,243156.2971 407053.8781,243202.8271 407151.975099999,243205.2071 407156.9921,243215.1101 407177.870100001,243222.2852 407191.5381,243234.0501 407185.449999999,243245.2701 407179.4301,243243.4351 407175.631100001,243241.5981 407171.8291)))",교량,165,대전광역시 동구 ,36710100,14273,BRG0165000,미분류,철근콘크리트교,삼괴1교,미분류,미분류,150,하천,6,미분류,0,0,171.33,0,26.5,0,0,미분류,미분류,0,0,0,미분류,0,0,0,미분류,미분류,0,미분류,미분류,미분류,0,0,삼괴1교,1
"MULTIPOLYGON (((240891.0601 408974.0801,240885.9601 408966.8901,240880.2201 408970.780099999,240879.3401 408971.370100001,240866.6101 408980.020099999,240857.0801 408986.1701,240844.5201 408994.120100001,240835.2501 408999.860099999,240822.0001 409007.8101,240812.1401 409013.700099999,240803.0101 409018.870100001,240793.8501 409024.0101,240785.8301 409028.5901,240778.2101 409032.6401,240770.0401 409037.1801,240762.5801 409040.9101,240750.5301 409047.0801,240739.9401 409052.270099999,240730.9801 409056.5601,240720.8101 409061.4801,240709.2201 409066.8101,240695.4201 409072.780099999,240684.9201 409077.470100001,240688.2301 409085.4001,240696.2701 409081.9101,240705.8601 409077.7501,240715.8901 409073.1701,240725.7101 409068.6601,240735.6101 409064.0101,240745.3801 409059.200099999,240756.8401 409053.3101,240768.3801 409047.270099999,240785.0901 409038.690099999,240801.0301 409029.9201,240814.1401 409022.5001,240825.4801 409015.6601,240835.1601 409010.1401,240845.4901 409003.9001,240855.2901 408997.620100001,240867.4801 408989.8301,240880.1701 408981.5101,240881.1501 408980.870100001,240891.0601 408974.0801)))",교량,166,대전광역시 동구 ,36710089,13528,BRG0166000,미분류,철근콘크리트교,산내JCT2교,미분류,미분류,230,미분류,2,미분류,0,0,230.74,0,9,0,0,미분류,미분류,0,0,0,미분류,0,0,0,미분류,미분류,0,미분류,미분류,미분류,0,0,산내JCT2교,1
"MULTIPOLYGON (((241219.5601 409413.1601,241209.3801 409412.5101,241210.4401 409414.5701,241220.2301 409415.030099999,241219.5601 409413.1601)))",교량,167,대전광역시 동구 ,36710089,53736,BRG0167000,미분류,철근콘크리트교,,미분류,미분류,9.1,미분류,1,미분류,0,0,9.94,0,2.9,0,0,미분류,미분류,0,0,0,미분류,0,0,0,미분류,미분류,0,미분류,미분류,미분류,0,0,,1
"MULTIPOLYGON (((240998.1601 408978.6801,240995.6201 408978.1601,240994.9701 408981.190099999,240997.4301 408981.5901,240998.1601 408978.6801)))",교량,168,대전광역시 동구 ,36710089,60274,BRG0168000,미분류,철근콘크리트교,,미분류,미분류,3,미분류,1,미분류,0,0,2.51,0,3,0,0,미분류,미분류,0,0,0,미분류,0,0,0,미분류,미분류,0,미분류,미분류,미분류,0,0,,1
"MULTIPOLYGON (((241004.1201 408862.120100001,240989.3401 408833.7501,240975.0401 408844.6501,240968.1701 408849.8901,240947.5701 408865.5901,240917.7801 408888.3401,240933.1101 408916.3201,240945.8301 408906.700099999,240969.4601 408888.700099999,240982.1401 408878.970100001,240988.3401 408874.220100001,241004.1201 408862.120100001)))",교량,169,대전광역시 동구 ,36710089,13512,BRG0169000,미분류,철근콘크리트교,대별4교,미분류,미분류,90.3,미분류,4,미분류,0,0,89.21,0,32.5,0,0,미분류,미분류,0,0,0,미분류,0,0,0,미분류,미분류,0,미분류,미분류,미분류,0,0,대별4교,1
"MULTIPOLYGON (((241057.4601 408835.970100001,241051.4701 408829.1601,241026.7501 408853.4201,241008.0901 408871.0001,240993.6601 408883.5001,240987.4001 408888.9301,240962.2901 408910.0001,240939.0101 408928.5801,240944.5601 408935.200099999,240977.2601 408909.0901,240991.4401 408897.0901,240997.7101 408891.780099999,241000.8701 408889.110099999,241013.8501 408877.0801,241041.2201 408851.6701,241057.4601 408835.970100001)))",교량,170,대전광역시 동구 ,36710089,13528,BRG0170000,미분류,철근콘크리트교,산내JCT교,미분류,미분류,150,미분류,2,미분류,0,0,150.11,0,9,0,0,미분류,미분류,0,0,0,미분류,0,0,0,미분류,미분류,0,미분류,미분류,미분류,0,0,산내JCT교,1
"MULTIPOLYGON (((242847.7501 409337.449999999,242845.6401 409334.4001,242841.0401 409339.020099999,242842.9101 409342.040100001,242847.7501 409337.449999999)))",교량,171,대전광역시 동구 ,36710090,60512,BRG0171000,미분류,철근콘크리트교,,미분류,미분류,7.8,하천,1,미분류,0,0,6.55,0,3.6,0,0,미분류,미분류,0,0,0,미분류,0,0,0,미분류,미분류,0,미분류,미분류,미분류,0,0,,1
"MULTIPOLYGON (((242809.4001 409300.530099999,242797.5001 409294.1401,242804.0801 409304.0001,242815.5101 409309.860099999,242809.4001 409300.530099999)))",교량,172,대전광역시 동구 ,36710090,19624,BRG0172000,미분류,철근콘크리트교,,미분류,미분류,11.2,하천,2,미분류,0,0,12.51,0,8,0,0,미분류,미분류,0,0,0,미분류,0,0,0,미분류,미분류,0,미분류,미분류,미분류,0,0,,1
"MULTIPOLYGON (((241822.6801 408659.600099999,241823.4401 408658.8201,241829.4201 408652.600099999,241835.4501 408646.4001,241841.4301 408640.5601,241848.0601 408634.3201,241854.4501 408628.4201,241861.7301 408622.2501,241863.3401 408620.8901,241870.5301 408615.0001,241876.9501 408609.9201,241884.5401 408604.1601,241893.2301 408598.030099999,241901.2201 408592.4801,241903.6901 408590.8101,241910.0601 408586.7501,241916.9001 408582.450099999,241918.4001 408581.5701,241927.5101 408576.3401,241937.3601 408570.850099999,241941.2201 408568.720100001,241947.1501 408565.800100001,241948.0401 408565.4901,241921.9501 408548.540100001,241918.9501 408550.0901,241913.2101 408553.550100001,241907.8201 408556.6701,241901.6001 408560.4101,241896.4401 408563.6401,241889.1901 408568.2501,241884.4801 408571.350099999,241879.5201 408574.800100001,241873.3401 408579.1501,241869.4501 408582.020099999,241863.8601 408586.210100001,241861.6501 408587.9001,241859.1101 408589.850099999,241853.7501 408594.0901,241849.1401 408597.7501,241844.0201 408602.0901,241839.5701 408605.710100001,241835.0601 408609.8901,241830.4401 408614.0101,241826.1801 408617.850099999,241818.1401 408625.700099999,241813.8801 408629.9301,241813.0401 408630.790100001,241809.9301 408633.9901,241806.2501 408637.7301,241802.5301 408641.6501,241798.7701 408645.9301,241794.8201 408650.450099999,241791.8501 408653.8901,241788.0001 408658.530099999,241787.3501 408659.4201,241783.8901 408663.6601,241780.1701 408668.1801,241777.5701 408671.3301,241772.3401 408678.1899,241766.3401 408686.2401,241762.6001 408691.710100001,241758.5601 408697.530099999,241754.0301 408704.280099999,241752.6001 408706.1801,241779.6499 408713.8631,241779.7012 408713.7621,241788.5801 408701.1601,241792.2701 408696.129899999,241795.5601 408691.600099999,241799.6401 408686.4301,241804.2801 408680.800100001,241809.7601 408674.300100001,241815.5501 408667.4001,241822.6801 408659.600099999)))",교량,173,대전광역시 동구 ,36710099,14114,BRG0173000,미분류,철근콘크리트교,낭월다리,미분류,미분류,220,하천,6,미분류,0,0,229.52,0,27,0,0,미분류,미분류,0,0,4.6,미분류,0,0,0,미분류,미분류,0,미분류,미분류,미분류,0,0,낭월다리,1
"MULTIPOLYGON (((242910.3318 404615.510399999,242892.7928 404596.989399999,242884.1398 404612.6064,242869.5538 404639.784399999,242853.9698 404669.847200001,242838.0078 404702.155200001,242825.2138 404727.929400001,242810.3488 404759.7754,242795.1688 404793.6261,242782.7758 404821.881200001,242769.7088 404852.6731,242756.6278 404885.2172,242743.3238 404920.568299999,242727.5858 404963.796399999,242712.7158 405007.610200001,242700.8458 405043.8774,242692.5558 405070.566199999,242688.8158 405082.608200001,242680.0898 405113.4231,242672.1168 405142.2641,242663.5758 405174.9014,242655.5108 405208.027100001,242649.2988 405234.929400001,242641.1568 405272.1634,242632.7458 405313.3594,242626.3758 405347.3884,242621.1658 405378.635399999,242616.4588 405407.5494,242607.2418 405476.4224,242603.6848 405508.915100001,242600.0818 405540.7574,242597.0848 405575.4782,242594.3278 405615.2444,242592.7278 405644.294399999,242591.4088 405668.2511,242590.3588 405698.7412,242589.7548 405730.712099999,242589.3898 405759.1162,242589.6628 405794.349400001,242590.2718 405834.656400001,242591.5668 405873.0284,242615.4938 405871.873199999,242614.3098 405840.3891,242613.5718 405810.303200001,242613.3678 405776.7344,242613.3878 405743.4474,242614.0258 405706.4794,242615.6368 405665.599400001,242617.7918 405622.3862,242620.4458 405582.577400001,242623.9048 405543.964199999,242630.0198 405484.7323,242635.3028 405443.8094,242641.3428 405403.655200001,242646.8808 405368.576199999,242656.4228 405316.815400001,242663.7828 405279.046399999,242672.1298 405240.574100001,242683.5988 405191.5644,242692.1208 405159.3364,242695.6288 405146.0724,242706.0248 405109.452400001,242723.7128 405050.432399999,242734.7638 405016.9542,242747.3978 404979.358200001,242762.7588 404935.837099999,242776.0618 404901.158399999,242791.5228 404862.509199999,242804.8248 404831.499399999,242819.0508 404799.131200001,242833.4898 404766.658399999,242849.1318 404733.873199999,242864.3718 404702.6724,242879.5488 404672.199100001,242893.9448 404645.4572,242910.3318 404615.510399999)))",교량,174,대전광역시 동구 ,36714009,13428,BRG0174000,미분류,철근콘크리트교,적문교,미분류,미분류,1000,하천,4,미분류,0,0,1326.28,0,24,0,0,미분류,미분류,0,0,0,미분류,0,0,0,미분류,미분류,0,미분류,미분류,미분류,0,0,적문교,1
"MULTIPOLYGON (((241061.8001 409384.791099999,241059.2211 409382.528999999,241054.7801 409383.779999999,241056.9 409386.029999999,241061.8001 409384.791099999)))",교량,175,대전광역시 동구 ,36710089,60403,BRG0175000,미분류,철근콘크리트교,,미분류,미분류,4.97,일반도로,1,미분류,0,0,4.97,0,2.96,0,0,미분류,미분류,0,0,0,미분류,0,0,0,미분류,미분류,0,미분류,미분류,미분류,0,0,,1
"MULTIPOLYGON (((241076.477 409397.6,241075.7732 409396.227,241072.6711 409396.752,241073.803 409398.960000001,241074.949 409401.233100001,241078.1351 409400.887,241076.477 409397.6)))",교량,176,대전광역시 동구 ,36710089,60222,BRG0176000,미분류,철근콘크리트교,,미분류,미분류,5.08,일반도로,1,미분류,0,0,5.08,0,3.11,0,0,미분류,미분류,0,0,0,미분류,0,0,0,미분류,미분류,0,미분류,미분류,미분류,0,0,,1
"MULTIPOLYGON (((240971.7301 409320.779999999,240971.45 409317.790100001,240967.63 409318.120100001,240968.19 409321.0801,240971.7301 409320.779999999)))",교량,177,대전광역시 동구 ,36710089,60286,BRG0177000,미분류,철근콘크리트교,,미분류,미분류,3.71,일반도로,1,미분류,0,0,3.71,0,3.02,0,0,미분류,미분류,0,0,0,미분류,0,0,0,미분류,미분류,0,미분류,미분류,미분류,0,0,,1
"MULTIPOLYGON (((242593.85 405714.7642,242575.703 405714.329,242573.5091 405720.000299999,242593.7427 405720.4451,242596.9731 405720.516000001,242598.5611 405714.8771,242593.85 405714.7642)))",교량,178,대전광역시 동구 ,36714009,52859,BRG0178000,미분류,철근콘크리트교,삼괴2교,미분류,미분류,23.32,일반도로,1,미분류,0,0,23.32,0,5.76,0,0,미분류,미분류,0,0,0,미분류,0,0,0,미분류,미분류,0,미분류,미분류,미분류,0,0,삼괴2교,1
"MULTIPOLYGON (((242321.9541 405854.552200001,242296.4265 405843.6677,242288.569 405849.040200001,242313.9254 405860.013499999,242321.9541 405854.552200001)))",교량,179,대전광역시 동구 ,36714009,53224,BRG0179000,미분류,철근콘크리트교,삼괴4교,미분류,미분류,27.42,일반도로,1,미분류,0,0,27.42,0,8.45,0,0,미분류,미분류,0,0,0,미분류,0,0,0,미분류,미분류,0,미분류,미분류,미분류,0,0,삼괴4교,1
"MULTIPOLYGON (((242487.293 405807.051999999,242469.151 405805.0151,242473.1351 405811.5781,242491.0201 405813.429,242487.293 405807.051999999)))",교량,180,대전광역시 동구 ,36714009,52856,BRG0180000,미분류,철근콘크리트교,삼괴3교,미분류,미분류,18.13,일반도로,1,미분류,0,0,18.13,0,6,0,0,미분류,미분류,0,0,0,미분류,0,0,0,미분류,미분류,0,미분류,미분류,미분류,0,0,삼괴3교,1
"MULTIPOLYGON (((242175.4021 405887.153899999,242161.133 405872.2754,242157.2456 405879.8835,242164.2081 405887.100500001,242174.9324 405898.2171,242178.686 405890.578299999,242175.4021 405887.153899999)))",교량,181,대전광역시 동구 ,36714009,53346,BRG0181000,미분류,철근콘크리트교,삼괴5교,미분류,미분류,25.22,일반도로,1,미분류,0,0,25.22,0,8.08,0,0,미분류,미분류,0,0,0,미분류,0,0,0,미분류,미분류,0,미분류,미분류,미분류,0,0,삼괴5교,1
"MULTIPOLYGON (((242668.7371 405733.945,242641.0971 405721.290100001,242642.426 405728.5689,242670.545 405741.953,242668.7371 405733.945)))",교량,182,대전광역시 동구 ,36714009,51814,BRG0182000,미분류,철근콘크리트교,삼괴1교,미분류,미분류,30.44,일반도로,1,미분류,0,0,30.44,0,6.47,0,0,미분류,미분류,0,0,0,미분류,0,0,0,미분류,미분류,0,미분류,미분류,미분류,0,0,삼괴1교,1
"MULTIPOLYGON (((241909.7275 404500.8949,241838.7481 404446.172599999,241827.5956 404451.5847,241901.1526 404507.8704,241909.7275 404500.8949)))",교량,183,대전광역시 동구 ,36714009,18150,BRG0183000,미분류,철근콘크리트교,,미분류,미분류,90.7,일반도로,2,미분류,0,0,90.7,0,10.85,0,0,미분류,미분류,0,0,0,미분류,0,0,0,미분류,미분류,0,미분류,미분류,미분류,0,0,,1
"MULTIPOLYGON (((242359.6016 407672.5997,242359.0244 407669.982799999,242356.2036 407677.3739,242360.1465 407682.795700001,242360.4047 407684.663899999,242363.2632 407677.273399999,242359.6016 407672.5997)))",교량,184,대전광역시 동구 ,36710099,57209,BRG0184000,미분류,철근콘크리트교,,미분류,미분류,7.7,일반도로,1,미분류,0,0,7.7,0,6.47,0,0,미분류,미분류,0,0,0,미분류,0,0,0,미분류,미분류,0,미분류,미분류,미분류,0,0,,1
"MULTIPOLYGON (((243299.533 407173.543099999,243293.848 407169.607100001,243285.128 407181.586100001,243289.4761 407187.0449,243299.533 407173.543099999)))",교량,185,대전광역시 동구 ,36710100,62554,BRG0185000,미분류,철근콘크리트교,대전천,미분류,미분류,15.91,일반도로,1,미분류,0,0,15.91,0,6.71,0,0,미분류,미분류,0,0,0,미분류,0,0,0,미분류,미분류,0,미분류,미분류,미분류,0,0,대전천,1
"MULTIPOLYGON (((237543.7751 402324.699999999,237535.8761 402321.8389,237534.6201 402325.270099999,237542.2201 402328.049900001,237543.7751 402324.699999999)))",교량,186,대전광역시 중구 ,36714017,52169,BRG0186000,미분류,철근콘크리트교,,미분류,미분류,7,하천,1,미분류,0,0,8.21,0,3.6,0,0,미분류,미분류,0,0,0,미분류,0,0,0,미분류,미분류,0,미분류,미분류,미분류,0,0,,1
"MULTIPOLYGON (((235761.1581 404805.546800001,235758.7851 404803.712099999,235756.0061 404807.6471,235758.0321 404809.9789,235761.1581 404805.546800001)))",교량,187,대전광역시 중구 ,36714006,51867,BRG0187000,미분류,철근콘크리트교,,미분류,미분류,5,하천,1,미분류,0,0,5.16,0,3,0,0,미분류,미분류,0,0,0,미분류,0,0,0,미분류,미분류,0,미분류,미분류,미분류,0,0,,1
"MULTIPOLYGON (((235810.2441 404838.650900001,235805.6581 404835.6971,235805.3841 404838.088,235802.7291 404842.118100001,235801.4361 404843.1359,235804.8471 404845.304099999,235805.1561 404843.5309,235807.5591 404839.7071,235810.2441 404838.650900001)))",교량,188,대전광역시 중구 ,36714006,51864,BRG0188000,미분류,철근콘크리트교,,미분류,미분류,8.5,하천,1,미분류,0,0,8.56,0,3,0,0,미분류,미분류,0,0,0,미분류,0,0,0,미분류,미분류,0,미분류,미분류,미분류,0,0,,1
"MULTIPOLYGON (((235825.1201 404913.559900001,235818.0601 404911.4999,235817.5201 404914.460100001,235824.3101 404916.449999999,235825.1201 404913.559900001)))",교량,189,대전광역시 중구 ,36714006,51874,BRG0189000,미분류,철근콘크리트교,,미분류,미분류,7,하천,1,미분류,0,0,7.22,0,3,0,0,미분류,미분류,0,0,0,미분류,0,0,0,미분류,미분류,0,미분류,미분류,미분류,0,0,,1
"MULTIPOLYGON (((237940.3571 405296.754899999,237937.7291 405283.0791,237933.8171 405283.9189,237936.4041 405297.384099999,237940.3571 405296.754899999)))",교량,190,대전광역시 중구 ,36714007,52086,BRG0190000,미분류,철근콘크리트교,모룡교,미분류,미분류,12,하천,1,미분류,0,0,13.87,0,6.1,0,0,미분류,미분류,0,0,0,미분류,0,0,0,미분류,미분류,0,미분류,미분류,미분류,0,0,모룡교,1
"MULTIPOLYGON (((238159.0591 405313.9948,238152.5521 405312.4781,238145.9621 405320.515900001,238151.2311 405323.551899999,238159.0591 405313.9948)))",교량,191,대전광역시 중구 ,36714007,52092,BRG0191000,미분류,철근콘크리트교,,미분류,미분류,10.4,하천,1,미분류,0,0,11.49,0,6,0,0,미분류,미분류,0,0,0,미분류,0,0,0,미분류,미분류,0,미분류,미분류,미분류,0,0,,1
"MULTIPOLYGON (((236495.7524 405375.471999999,236487.83 405371.546800001,236474.432 405408.138699999,236481.6684 405413.4849,236495.7524 405375.471999999)))",교량,192,대전광역시 중구 ,36714007,17856,BRG0192000,미분류,철근콘크리트교,어남교,미분류,미분류,27,하천,2,미분류,0,0,34.33,0,10,0,0,미분류,미분류,0,0,0,미분류,0,0,0,미분류,미분류,0,미분류,미분류,미분류,0,0,어남교,1
"MULTIPOLYGON (((236838.4793 405659.9659,236833.4601 405634.8401,236830.4401 405635.0099,236835.6406 405660.8905,236838.4793 405659.9659)))",교량,193,대전광역시 중구 ,36714007,51891,BRG0193000,미분류,철근콘크리트교,정생3교,미분류,미분류,26,하천,1,미분류,0,0,25.26,0,5,0,0,미분류,미분류,0,0,0,미분류,0,0,0,미분류,미분류,0,미분류,미분류,미분류,0,0,정생3교,1
"MULTIPOLYGON (((237423.1181 405444.6198,237420.1021 405444.4001,237418.0371 405454.6941,237421.0631 405454.8661,237423.1181 405444.6198)))",교량,194,대전광역시 중구 ,36714007,52036,BRG0194000,미분류,철근콘크리트교,,미분류,미분류,10.4,하천,1,미분류,0,0,10.51,0,3,0,0,미분류,미분류,0,0,0,미분류,0,0,0,미분류,미분류,0,미분류,미분류,미분류,0,0,,1
"MULTIPOLYGON (((237925.2661 404888.5381,237921.5511 404884.881100001,237919.9791 404895.483899999,237924.0851 404899.7918,237925.2661 404888.5381)))",교량,195,대전광역시 중구 ,36714007,53266,BRG0195000,미분류,철근콘크리트교,,미분류,미분류,11,하천,1,미분류,0,0,10.82,0,4,0,0,미분류,미분류,0,0,0,미분류,0,0,0,미분류,미분류,0,미분류,미분류,미분류,0,0,,1
"MULTIPOLYGON (((237935.1191 405135.2751,237923.2591 405131.077099999,237922.8851 405135.187899999,237933.8071 405139.054099999,237935.1191 405135.2751)))",교량,196,대전광역시 중구 ,36714007,52094,BRG0196000,미분류,철근콘크리트교,,미분류,미분류,12.5,하천,1,미분류,0,0,12.09,0,4,0,0,미분류,미분류,0,0,0,미분류,0,0,0,미분류,미분류,0,미분류,미분류,미분류,0,0,,1
"MULTIPOLYGON (((237625.7801 404523.720100001,237620.4901 404518.449999999,237618.4501 404520.6601,237623.6501 404525.8301,237625.7801 404523.720100001)))",교량,197,대전광역시 중구 ,36714007,53153,BRG0197000,미분류,철근콘크리트교,,미분류,미분류,7.5,하천,1,미분류,0,0,7.39,0,3,0,0,미분류,미분류,0,0,0,미분류,0,0,0,미분류,미분류,0,미분류,미분류,미분류,0,0,,1
"MULTIPOLYGON (((236433.7161 405093.411900001,236420.4391 405092.053099999,236420.3721 405095.062000001,236433.8561 405096.4421,236433.7161 405093.411900001)))",교량,198,대전광역시 중구 ,36714007,52027,BRG0198000,미분류,철근콘크리트교,,미분류,미분류,13.5,하천,1,미분류,0,0,13.48,0,3,0,0,미분류,미분류,0,0,0,미분류,0,0,0,미분류,미분류,0,미분류,미분류,미분류,0,0,,1
"MULTIPOLYGON (((236424.5767 404790.7576,236415.7413 404787.657400001,236401.552 404818.407,236411.0039 404820.016100001,236424.5767 404790.7576)))",교량,199,대전광역시 중구 ,36714007,18221,BRG0199000,미분류,철근콘크리트교,어남2교,미분류,미분류,21.7,하천,2,미분류,0,0,21.43,0,10,0,0,미분류,미분류,0,0,0,미분류,0,0,0,미분류,미분류,0,미분류,미분류,미분류,0,0,어남2교,1
"MULTIPOLYGON (((236899.8801 403928.4001,236898.7601 403922.3698,236895.8201 403922.960100001,236896.9501 403929.049900001,236899.8801 403928.4001)))",교량,200,대전광역시 중구 ,36714007,18237,BRG0200000,미분류,철근콘크리트교,,미분류,미분류,6,하천,1,미분류,0,0,6.18,0,3,0,0,미분류,미분류,0,0,0,미분류,0,0,0,미분류,미분류,0,미분류,미분류,미분류,0,0,,1
"MULTIPOLYGON (((237328.3561 405175.142100001,237325.2551 405171.2181,237308.3321 405185.291099999,237303.0091 405186.702099999,237311.0961 405190.222100001,237311.9631 405188.7751,237328.3561 405175.142100001)))",교량,201,대전광역시 중구 ,36714007,51973,BRG0201000,미분류,철근콘크리트교,,미분류,미분류,24,하천,1,미분류,0,0,24.44,0,4,0,0,미분류,미분류,0,0,0,미분류,0,0,0,미분류,미분류,0,미분류,미분류,미분류,0,0,,1
"MULTIPOLYGON (((235949.3626 405235.033199999,235946.1755 405231.784399999,235933.3247 405244.568399999,235940.4657 405250.933599999,235939.7651 405249.8531,235939.293 405248.598999999,235939.1784 405247.5184,235939.2856 405246.364800001,235939.75 405245.1668,235940.5331 405243.979699999,235949.3626 405235.033199999)))",교량,202,대전광역시 중구 ,36714006,53204,BRG0202000,미분류,철근콘크리트교,,미분류,미분류,17.98,일반도로,1,미분류,0,0,17.98,0,4.67,0,0,미분류,미분류,0,0,0,미분류,0,0,0,미분류,미분류,0,미분류,미분류,미분류,0,0,,1
"MULTIPOLYGON (((236534.8651 404672.9035,236533.9973 404669.054,236526.0613 404671.305199999,236526.8328 404675.099199999,236534.8651 404672.9035)))",교량,203,대전광역시 중구 ,36714007,18218,BRG0203000,미분류,철근콘크리트교,,미분류,미분류,8.3,일반도로,1,미분류,0,0,8.3,0,3.94,0,0,미분류,미분류,0,0,0,미분류,0,0,0,미분류,미분류,0,미분류,미분류,미분류,0,0,,1
"MULTIPOLYGON (((236241.5501 408272.0701,236225.5401 408263.860099999,236224.1701 408266.520099999,236222.8001 408269.190099999,236238.8101 408277.4101,236240.1801 408274.7401,236241.5501 408272.0701)))",교량,204,대전광역시 중구 ,36710097,57488,BRG0204000,미분류,철근콘크리트교,,미분류,미분류,18,하천,2,미분류,0,0,17.96,0,6,0,0,미분류,미분류,0,0,0,미분류,0,0,0,미분류,미분류,0,미분류,미분류,미분류,0,0,,1
"MULTIPOLYGON (((236424.9701 408130.450099999,236417.6501 408130.270099999,236417.4001 408132.5001,236415.2801 408150.9001,236420.3001 408151.0901,236422.3601 408133.110099999,236424.9701 408130.450099999)))",교량,205,대전광역시 중구 ,36710097,57485,BRG0205000,미분류,철근콘크리트교,목달2교,미분류,미분류,21,하천,1,미분류,0,0,20.78,0,5,0,0,미분류,미분류,0,0,0,미분류,0,0,0,미분류,미분류,0,미분류,미분류,미분류,0,0,목달2교,1
"MULTIPOLYGON (((236931.2701 408582.4301,236923.2401 408582.0101,236925.3801 408590.630100001,236933.6701 408591.0701,236931.2701 408582.4301)))",교량,206,대전광역시 중구 ,36710097,62305,BRG0206000,미분류,철근콘크리트교,,미분류,미분류,8,하천,2,미분류,0,0,8.11,0,8.5,0,0,미분류,미분류,0,0,0,미분류,0,0,0,미분류,미분류,0,미분류,미분류,미분류,0,0,,1
"MULTIPOLYGON (((236958.9501 408539.7501,236958.6501 408533.7601,236955.6501 408533.9101,236955.9501 408539.9001,236958.9501 408539.7501)))",교량,207,대전광역시 중구 ,36710097,57747,BRG0207000,미분류,철근콘크리트교,,미분류,미분류,6,미분류,1,미분류,0,0,5.96,0,3,0,0,미분류,미분류,0,0,0,미분류,0,0,0,미분류,미분류,0,미분류,미분류,미분류,0,0,,1
"MULTIPOLYGON (((236090.6711 406025.644099999,236096.6921 406014.3431,236094.8091 406015.7421,236092.8451 406015.691099999,236079.4771 406008.4571,236078.9581 406007.114,236079.1111 406004.5001,236072.6031 406016.871099999,236073.8241 406016.002,236075.2911 406015.459100001,236076.4611 406015.5601,236089.5551 406022.5941,236090.4481 406023.9571,236090.6711 406025.644099999)))",교량,208,대전광역시 중구 ,36710097,62441,BRG0208000,미분류,철근콘크리트교,,미분류,미분류,20,하천,1,미분류,0,0,20.02,0,7.5,0,0,미분류,미분류,0,0,0,미분류,0,0,0,미분류,미분류,0,미분류,미분류,미분류,0,0,,1
"MULTIPOLYGON (((236543.5601 407826.1801,236540.0201 407821.3301,236535.0701 407824.9201,236532.7201 407826.5601,236530.5001 407828.030099999,236525.1401 407831.5801,236522.6301 407833.2401,236520.7971 407834.4681,236517.3901 407836.7501,236521.6101 407841.1401,236522.0571 407840.8421,236525.9601 407838.2401,236528.4501 407836.5801,236533.8201 407833.030099999,236536.0901 407831.520099999,236538.5501 407829.8101,236543.5601 407826.1801)))",교량,209,대전광역시 중구 ,36710097,62244,BRG0209000,미분류,철근콘크리트교,,미분류,미분류,27,하천,1,미분류,0,0,26.99,0,6,0,0,미분류,미분류,0,0,0,미분류,0,0,0,미분류,미분류,0,미분류,미분류,미분류,0,0,,1
"MULTIPOLYGON (((236726.9401 407554.4101,236727.8201 407549.7501,236721.2101 407551.5601,236721.5801 407554.403100001,236722.7001 407562.9101,236728.1501 407561.470100001,236726.9401 407554.4101)))",교량,210,대전광역시 중구 ,36710097,62202,BRG0210000,미분류,철근콘크리트교,,미분류,미분류,11,하천,1,미분류,0,0,11.45,0,6,0,0,미분류,미분류,0,0,0,미분류,0,0,0,미분류,미분류,0,미분류,미분류,미분류,0,0,,1
"MULTIPOLYGON (((236696.2401 407817.7501,236695.2601 407816.040100001,236693.1701 407818.4201,236693.7001 407819.350099999,236696.0201 407822.720100001,236697.5901 407819.690099999,236696.2401 407817.7501)))",교량,211,대전광역시 중구 ,36710097,62442,BRG0211000,미분류,철근콘크리트교,,미분류,미분류,4.5,하천,1,미분류,0,0,4.72,0,3,0,0,미분류,미분류,0,0,0,미분류,0,0,0,미분류,미분류,0,미분류,미분류,미분류,0,0,,1
"MULTIPOLYGON (((236563.4901 405937.600099999,236575.4701 405908.360099999,236571.0701 405909.630100001,236563.9201 405908.120100001,236546.5371 405877.905099999,236544.0201 405873.530099999,236537.7704 405882.5295,236557.9301 405920.4001,236561.6501 405928.3401,236563.4901 405937.600099999)))",교량,212,대전광역시 중구 ,36710097,18889,BRG0212000,미분류,철근콘크리트교,정생2교,미분류,미분류,54,하천,2,미분류,0,0,54.11,0,10.5,0,0,미분류,미분류,0,0,0,미분류,0,0,0,미분류,미분류,0,미분류,미분류,미분류,0,0,정생2교,1
"MULTIPOLYGON (((237128.0901 407247.0601,237124.9001 407246.8201,237124.6001 407252.280099999,237124.4201 407260.4301,237127.6201 407260.350099999,237127.8001 407252.4001,237128.0901 407247.0601)))",교량,213,대전광역시 중구 ,36710097,57476,BRG0213000,미분류,철근콘크리트교,,미분류,미분류,13.5,하천,1,미분류,0,0,13.49,0,3.2,0,0,미분류,미분류,0,0,0,미분류,0,0,0,미분류,미분류,0,미분류,미분류,미분류,0,0,,1
"MULTIPOLYGON (((237064.0301 407288.2711,237065.5581 407284.6251,237055.9731 407287.7151,237055.1771 407291.1231,237056.7881 407290.6041,237064.0301 407288.2711)))",교량,214,대전광역시 중구 ,36710097,57749,BRG0214000,미분류,철근콘크리트교,,미분류,미분류,9,하천,1,미분류,0,0,9.55,0,3,0,0,미분류,미분류,0,0,0,미분류,0,0,0,미분류,미분류,0,미분류,미분류,미분류,0,0,,1
"MULTIPOLYGON (((236860.4301 406981.8181,236860.2841 406981.165100001,236857.4101 406984.6801,236860.4141 406988.063100001,236862.5521 406985.8311,236861.4101 406984.0251,236860.7871 406982.7621,236860.4301 406981.8181)))",교량,215,대전광역시 중구 ,36710097,57740,BRG0215000,미분류,철근콘크리트교,,미분류,미분류,4.6,하천,1,미분류,0,0,4.72,0,3,0,0,미분류,미분류,0,0,0,미분류,0,0,0,미분류,미분류,0,미분류,미분류,미분류,0,0,,1
"MULTIPOLYGON (((237112.8861 407848.459100001,237109.0301 407843.940099999,237105.8901 407847.199999999,237109.1301 407849.8901,237112.8861 407848.459100001)))",교량,216,대전광역시 중구 ,36710097,62222,BRG0216000,미분류,철근콘크리트교,,미분류,미분류,3.9,하천,1,미분류,0,0,4.12,0,6,0,0,미분류,미분류,0,0,0,미분류,0,0,0,미분류,미분류,0,미분류,미분류,미분류,0,0,,1
"MULTIPOLYGON (((236524.2901 408056.440099999,236522.3601 408051.290100001,236505.0301 408057.380100001,236505.4101 408062.860099999,236524.2901 408056.440099999)))",교량,217,대전광역시 중구 ,36710097,57484,BRG0217000,미분류,철근콘크리트교,목달교,미분류,미분류,19,하천,1,미분류,0,0,19.35,0,5,0,0,미분류,미분류,0,0,0,미분류,0,0,0,미분류,미분류,0,미분류,미분류,미분류,0,0,목달교,1
"MULTIPOLYGON (((237190.5801 407270.440099999,237190.2901 407267.460100001,237186.5801 407267.699999999,237184.5001 407267.780099999,237183.5101 407267.8201,237171.7201 407268.280099999,237166.6101 407268.110099999,237166.4101 407271.110099999,237171.7201 407271.280099999,237183.7101 407270.8201,237185.1901 407270.76,237186.7401 407270.699999999,237190.5801 407270.440099999)))",교량,218,대전광역시 중구 ,36710097,57478,BRG0218000,미분류,철근콘크리트교,,미분류,미분류,24,하천,1,미분류,0,0,23.83,0,3,0,0,미분류,미분류,0,0,0,미분류,0,0,0,미분류,미분류,0,미분류,미분류,미분류,0,0,,1
"MULTIPOLYGON (((237243.0301 407257.9001,237242.7201 407254.9301,237239.5401 407255.270099999,237232.0401 407256.300100001,237232.5701 407259.26,237239.9101 407258.2401,237243.0301 407257.9001)))",교량,219,대전광역시 중구 ,36710097,57478,BRG0219000,미분류,철근콘크리트교,,미분류,미분류,10.6,하천,1,미분류,0,0,10.71,0,3,0,0,미분류,미분류,0,0,0,미분류,0,0,0,미분류,미분류,0,미분류,미분류,미분류,0,0,,1
"MULTIPOLYGON (((239505.5901 406268.3201,239504.5001 406260.7401,239501.1801 406264.270099999,239502.3661 406268.1811,239505.5901 406268.3201)))",교량,220,대전광역시 동구 ,36710098,60682,BRG0220000,미분류,철근콘크리트교,,미분류,미분류,3.5,하천,1,미분류,0,0,3.48,0,5.7,0,0,미분류,미분류,0,0,0,미분류,0,0,0,미분류,미분류,0,미분류,미분류,미분류,0,0,,1
"MULTIPOLYGON (((239310.9701 406369.870100001,239308.3701 406367.4001,239303.6001 406369.220100001,239302.4601 406369.690099999,239305.9501 406371.9101,239309.0001 406370.610099999,239310.9701 406369.870100001)))",교량,221,대전광역시 동구 ,36710098,60669,BRG0221000,미분류,철근콘크리트교,,미분류,미분류,5,하천,1,미분류,0,0,5.71,0,3.3,0,0,미분류,미분류,0,0,0,미분류,0,0,0,미분류,미분류,0,미분류,미분류,미분류,0,0,,1
"MULTIPOLYGON (((239524.8701 406288.4901,239520.2801 406283.030099999,239518.2101 406285.2301,239522.6801 406290.540100001,239524.8701 406288.4901)))",교량,222,대전광역시 동구 ,36710098,60691,BRG0222000,미분류,철근콘크리트교,,미분류,미분류,7,하천,1,미분류,0,0,6.97,0,3,0,0,미분류,미분류,0,0,0,미분류,0,0,0,미분류,미분류,0,미분류,미분류,미분류,0,0,,1
"MULTIPOLYGON (((238367.5901 408475.1501,238364.5901 408475.130100001,238364.5901 408476.630100001,238367.9001 408488.710100001,238368.2801 408490.800100001,238371.2501 408490.360099999,238370.8301 408488.040100001,238367.5901 408476.220100001,238367.5901 408475.1501)))",교량,223,대전광역시 중구 ,36710098,57247,BRG0223000,미분류,철근콘크리트교,,미분류,미분류,16,하천,1,미분류,0,0,15.9,0,3,0,0,미분류,미분류,0,0,0,미분류,0,0,0,미분류,미분류,0,미분류,미분류,미분류,0,0,,1
"MULTIPOLYGON (((239893.2301 407353.2501,239893.4701 407350.850099999,239887.6901 407353.300100001,239889.7801 407355.0701,239891.6501 407358.949999999,239891.5401 407361.710100001,239897.1701 407359.100099999,239894.9801 407357.5001,239893.2301 407353.2501)))",교량,224,대전광역시 동구 ,36710098,53786,BRG0224000,미분류,철근콘크리트교,,미분류,미분류,9.2,하천,1,미분류,0,0,9.15,0,3.7,0,0,미분류,미분류,0,0,0,미분류,0,0,0,미분류,미분류,0,미분류,미분류,미분류,0,0,,1
"MULTIPOLYGON (((239945.8601 407376.3201,239942.7201 407373.9201,239939.7301 407376.199999999,239933.9601 407376.1501,239940.2401 407380.360099999,239945.8601 407376.3201)))",교량,225,대전광역시 동구 ,36710098,53792,BRG0225000,미분류,철근콘크리트교,,미분류,미분류,6.7,하천,1,미분류,0,0,6.99,0,3.7,0,0,미분류,미분류,0,0,0,미분류,0,0,0,미분류,미분류,0,미분류,미분류,미분류,0,0,,1
"MULTIPOLYGON (((240097.9601 406449.770099999,240095.1701 406448.630100001,240093.0901 406455.780099999,240095.9601 406456.6601,240097.9601 406449.770099999)))",교량,226,대전광역시 동구 ,36710098,60548,BRG0226000,미분류,철근콘크리트교,,미분류,미분류,7.5,하천,1,미분류,0,0,7.3,0,3,0,0,미분류,미분류,0,0,0,미분류,0,0,0,미분류,미분류,0,미분류,미분류,미분류,0,0,,1
"MULTIPOLYGON (((240272.6401 406505.6401,240271.9201 406499.850099999,240268.9401 406500.220100001,240269.6601 406506.01,240272.6401 406505.6401)))",교량,227,대전광역시 동구 ,36710098,60554,BRG0227000,미분류,철근콘크리트교,,미분류,미분류,7,하천,1,미분류,0,0,5.81,0,3,0,0,미분류,미분류,0,0,0,미분류,0,0,0,미분류,미분류,0,미분류,미분류,미분류,0,0,,1
"MULTIPOLYGON (((238088.4801 409369.550100001,238087.9101 409367.950099999,238083.9501 409369.360099999,238084.5201 409370.960100001,238088.4801 409369.550100001)))",교량,228,대전광역시 중구 ,36710087,58434,BRG0228000,미분류,철근콘크리트교,,미분류,미분류,4.2,미분류,1,미분류,0,0,4.19,0,1.7,0,0,미분류,미분류,0,0,0,미분류,0,0,0,미분류,미분류,0,미분류,미분류,미분류,0,0,,1
"MULTIPOLYGON (((238083.1401 409287.4101,238080.1101 409283.100099999,238079.0201 409289.380100001,238081.9901 409293.610099999,238083.1401 409287.4101)))",교량,229,대전광역시 중구 ,36710087,59313,BRG0229000,미분류,철근콘크리트교,,미분류,미분류,4.5,미분류,1,미분류,0,0,5.99,0,6,0,0,미분류,미분류,0,0,0,미분류,0,0,0,미분류,미분류,0,미분류,미분류,미분류,0,0,,1
"MULTIPOLYGON (((238081.4801 409318.3201,238078.8301 409313.5701,238077.0201 409314.720100001,238080.0301 409319.8401,238081.4801 409318.3201)))",교량,230,대전광역시 중구 ,36710087,59292,BRG0230000,인도교(Foot bridge),철근콘크리트교,,미분류,미분류,5.7,미분류,1,미분류,0,0,5.66,0,2,0,0,미분류,미분류,0,0,0,미분류,0,0,0,미분류,미분류,0,미분류,미분류,미분류,0,0,,1
"MULTIPOLYGON (((237905.5301 408965.8366,237824.5001 408952.3301,237843.6101 408979.5901,237914.0607 408991.126700001,237905.5301 408965.8366)))",교량,231,대전광역시 중구 ,36710087,13456,BRG0231000,미분류,철근콘크리트교,구완2교,미분류,미분류,37.8,하천,3,미분류,0,0,38.25,0,23.8,0,0,미분류,미분류,0,0,0,미분류,0,0,0,미분류,미분류,0,미분류,미분류,미분류,0,0,구완2교,1
"MULTIPOLYGON (((237914.0501 409049.9801,237910.9901 409047.9001,237907.1201 409053.130100001,237910.1801 409055.220100001,237914.0501 409049.9801)))",교량,232,대전광역시 중구 ,36710087,54004,BRG0232000,미분류,철근콘크리트교,,미분류,미분류,6.5,하천,1,미분류,0,0,6.49,0,3.7,0,0,미분류,미분류,0,0,0,미분류,0,0,0,미분류,미분류,0,미분류,미분류,미분류,0,0,,1
"MULTIPOLYGON (((238166.7801 409131.2501,238141.9801 409127.850099999,238144.4701 409133.2401,238168.9201 409136.5901,238166.7801 409131.2501)))",교량,233,대전광역시 중구 ,36710087,59315,BRG0233000,미분류,철근콘크리트교,,미분류,미분류,5,미분류,4,미분류,0,0,24.71,0,25,0,0,미분류,미분류,0,0,0,미분류,0,0,0,미분류,미분류,0,미분류,미분류,미분류,0,0,,1
"MULTIPOLYGON (((237845.1501 408853.1401,237839.0501 408849.5801,237835.3901 408856.700099999,237841.8801 408860.5001,237845.1501 408853.1401)))",교량,234,대전광역시 중구 ,36710087,59311,BRG0234000,미분류,철근콘크리트교,,미분류,미분류,8,미분류,1,미분류,0,0,7.31,0,8,0,0,미분류,미분류,0,0,0,미분류,0,0,0,미분류,미분류,0,미분류,미분류,미분류,0,0,,1
"MULTIPOLYGON (((237119.5501 408835.520099999,237107.7001 408833.5801,236914.5133 408804.8947,236911.581 408825.125399999,237121.4801 408859.8101,237123.5201 408860.1401,237172.4201 408868.270099999,237217.1901 408875.6601,237263.6201 408883.4901,237269.4901 408884.470100001,237271.4001 408872.9201,237253.7501 408869.940099999,237255.6301 408858.1601,237221.0801 408852.3301,237176.2801 408844.940099999,237160.3101 408842.280099999,237127.3701 408836.800100001,237119.5501 408835.520099999)))",교량,235,대전광역시 중구 ,36710087,13456,BRG0235000,미분류,철근콘크리트교,무수4교,미분류,미분류,150,하천,3,미분류,0,0,167.31,0,24,0,0,미분류,미분류,0,0,0,미분류,0,0,0,미분류,미분류,0,미분류,미분류,미분류,0,0,무수4교,1
"MULTIPOLYGON (((236293.9001 408701.850099999,236233.7901 408697.6601,236239.3901 408709.610099999,236244.7301 408710.0901,236250.1101 408722.450099999,236310.6001 408727.860099999,236304.8201 408715.050100001,236299.7701 408714.5001,236293.9001 408701.850099999)))",교량,236,대전광역시 중구 ,36710087,13456,BRG0236000,미분류,철근콘크리트교,무수2교,미분류,미분류,66,하천,3,미분류,0,0,65.44,0,24,0,0,미분류,미분류,0,0,0,미분류,0,0,0,미분류,미분류,0,미분류,미분류,미분류,0,0,무수2교,1
"MULTIPOLYGON (((236081.6401 409178.520099999,236072.4601 409176.0701,236071.4301 409179.940099999,236080.6101 409182.380100001,236081.6401 409178.520099999)))",교량,237,대전광역시 중구 ,36710087,57056,BRG0237000,미분류,철근콘크리트교,,미분류,미분류,9.5,미분류,1,미분류,0,0,9.56,0,4,0,0,미분류,미분류,0,0,0,미분류,0,0,0,미분류,미분류,0,미분류,미분류,미분류,0,0,,1
"MULTIPOLYGON (((236107.2001 409044.4301,236098.3201 409043.880100001,236098.1001 409047.370100001,236106.9801 409047.9301,236107.2001 409044.4301)))",교량,238,대전광역시 중구 ,36710087,58510,BRG0238000,미분류,철근콘크리트교,,미분류,미분류,8.9,미분류,1,미분류,0,0,8.91,0,3.5,0,0,미분류,미분류,0,0,0,미분류,0,0,0,미분류,미분류,0,미분류,미분류,미분류,0,0,,1
"MULTIPOLYGON (((236057.2901 408770.380100001,236048.8401 408765.020099999,236045.6301 408770.0901,236054.0701 408775.440099999,236057.2901 408770.380100001)))",교량,239,대전광역시 중구 ,36710087,59328,BRG0239000,미분류,철근콘크리트교,,미분류,미분류,10,미분류,1,미분류,0,0,10.01,0,6,0,0,미분류,미분류,0,0,0,미분류,0,0,0,미분류,미분류,0,미분류,미분류,미분류,0,0,,1
"MULTIPOLYGON (((236218.6501 408655.8301,236214.7901 408652.6501,236198.2501 408672.710100001,236202.1001 408675.8901,236218.6501 408655.8301)))",교량,240,대전광역시 중구 ,36710087,59361,BRG0240000,미분류,철근콘크리트교,목달-무수경계교,미분류,미분류,26,하천,1,미분류,0,0,25.97,0,5,0,0,미분류,미분류,0,0,0,미분류,0,0,0,미분류,미분류,0,미분류,미분류,미분류,0,0,목달-무수경계교,1
"MULTIPOLYGON (((236104.7001 409102.020099999,236102.8301 409100.370100001,236096.2001 409107.850099999,236098.0701 409109.5101,236099.9401 409111.1601,236106.5801 409103.6801,236104.7001 409102.020099999)))",교량,241,대전광역시 중구 ,36710087,59424,BRG0241000,미분류,철근콘크리트교,,미분류,미분류,10,미분류,1,미분류,0,0,10.03,0,5,0,0,미분류,미분류,0,0,0,미분류,0,0,0,미분류,미분류,0,미분류,미분류,미분류,0,0,,1
"MULTIPOLYGON (((236553.2001 408831.1401,236537.8901 408818.4101,236534.6301 408822.130100001,236550.1801 408834.8401,236553.2001 408831.1401)))",교량,242,대전광역시 중구 ,36710087,58456,BRG0242000,미분류,철근콘크리트교,,미분류,미분류,20,하천,1,미분류,0,0,20.03,0,4.5,0,0,미분류,미분류,0,0,0,미분류,0,0,0,미분류,미분류,0,미분류,미분류,미분류,0,0,,1
"MULTIPOLYGON (((236627.4901 408777.9201,236629.5301 408765.9801,236636.3001 408767.210100001,236638.2101 408755.530099999,236621.1201 408752.6501,236616.0801 408751.800100001,236584.8401 408746.520099999,236581.6301 408745.9801,236578.9101 408745.520099999,236577.2101 408757.5901,236570.4001 408756.300100001,236568.4301 408768.110099999,236571.1001 408768.550100001,236573.8101 408769.0001,236608.6501 408774.790100001,236613.5901 408775.610099999,236627.4901 408777.9201)))",교량,243,대전광역시 중구 ,36710087,13456,BRG0243000,미분류,철근콘크리트교,무수3교,미분류,미분류,59,하천,3,미분류,0,0,66.63,0,24,0,0,미분류,미분류,0,0,0,미분류,0,0,0,미분류,미분류,0,미분류,미분류,미분류,0,0,무수3교,1
"MULTIPOLYGON (((237042.4601 408781.6701,237046.9701 408778.9201,237047.0901 408778.9201,237047.7301 408779.0701,237050.1001 408779.870100001,237046.9401 408776.6501,237046.5901 408776.6501,237046.3101 408776.800100001,237046.1201 408776.9301,237041.3301 408780.3201,237040.4901 408780.540100001,237039.7201 408780.970100001,237041.8701 408782.050100001,237042.4601 408781.6701)))",교량,244,대전광역시 중구 ,36710087,61884,BRG0244000,미분류,철근콘크리트교,,미분류,미분류,8,하천,1,미분류,0,0,7.85,0,2,0,0,미분류,미분류,0,0,0,미분류,0,0,0,미분류,미분류,0,미분류,미분류,미분류,0,0,,1
"MULTIPOLYGON (((236542.7401 409218.720100001,236542.7201 409217.520099999,236538.6801 409217.7501,236538.7201 409218.0801,236538.8501 409218.720100001,236538.9301 409218.9301,236542.7401 409218.720100001)))",교량,245,대전광역시 중구 ,36710087,59344,BRG0245000,미분류,철근콘크리트교,,미분류,미분류,3.9,미분류,0,미분류,0,0,3.97,0,1.1,0,0,미분류,미분류,0,0,1.2,미분류,0,0,0,미분류,미분류,0,미분류,미분류,미분류,0,0,,1
"MULTIPOLYGON (((237543.0301 408929.8101,237545.0201 408918.190099999,237562.5001 408920.950099999,237564.3701 408909.290100001,237533.3001 408904.300100001,237490.0401 408897.050100001,237475.5801 408894.5901,237473.6101 408906.290100001,237456.1901 408903.1701,237454.2701 408915.040100001,237470.8401 408917.6601,237503.9001 408923.110099999,237543.0301 408929.8101)))",교량,246,대전광역시 중구 ,36710087,13456,BRG0246000,미분류,철근콘크리트교,구완1교,미분류,미분류,90,하천,3,미분류,0,0,107.81,0,23.74,0,0,미분류,미분류,0,0,0,미분류,0,0,0,미분류,미분류,0,미분류,미분류,미분류,0,0,구완1교,1
"MULTIPOLYGON (((239547.2301 408917.4201,239544.6201 408914.2501,239543.7601 408915.290100001,239546.0401 408918.2501,239547.2301 408917.4201)))",교량,247,대전광역시 동구 ,36710088,53483,BRG0247000,미분류,철근콘크리트교,,미분류,미분류,4.1,미분류,1,미분류,0,0,3.88,0,1.5,0,0,미분류,미분류,0,0,0,미분류,0,0,0,미분류,미분류,0,미분류,미분류,미분류,0,0,,1
"MULTIPOLYGON (((238461.5401 409349.4301,238459.1001 409345.6601,238447.4401 409346.290100001,238450.7601 409351.120100001,238462.5201 409350.610099999,238462.0501 409350.190099999,238461.5401 409349.4301)))",교량,248,대전광역시 중구 ,36710088,57597,BRG0248000,미분류,철근콘크리트교,,미분류,미분류,6,미분류,1,미분류,0,0,5.07,0,11.5,0,0,미분류,미분류,0,0,0,미분류,0,0,0,미분류,미분류,0,미분류,미분류,미분류,0,0,,1
"MULTIPOLYGON (((239505.6001 409207.120100001,239504.3001 409206.4101,239502.4601 409209.860099999,239503.7001 409210.4801,239505.6001 409207.120100001)))",교량,249,대전광역시 동구 ,36710088,53595,BRG0249000,미분류,목교,,미분류,미분류,3.9,미분류,1,미분류,0,0,3.89,0,1.4,0,0,미분류,미분류,0,0,1.43,미분류,0,0,0,미분류,미분류,0,미분류,미분류,미분류,0,0,,1
"MULTIPOLYGON (((238205.1001 409156.690099999,238199.1301 409153.040100001,238197.5801 409157.950099999,238203.5501 409161.600099999,238205.1001 409156.690099999)))",교량,250,대전광역시 중구 ,36710088,59436,BRG0250000,미분류,철근콘크리트교,,미분류,미분류,7,미분류,1,미분류,0,0,6.92,0,5,0,0,미분류,미분류,0,0,0,미분류,0,0,0,미분류,미분류,0,미분류,미분류,미분류,0,0,,1
"MULTIPOLYGON (((239330.7501 409124.6701,239330.1801 409122.7401,239326.8101 409124.190099999,239327.5901 409126.040100001,239330.7501 409124.6701)))",교량,251,대전광역시 동구 ,36710088,57571,BRG0251000,미분류,철근콘크리트교,,미분류,미분류,3.4,미분류,1,미분류,0,0,3.54,0,2,0,0,미분류,미분류,0,0,0,미분류,0,0,0,미분류,미분류,0,미분류,미분류,미분류,0,0,,1
"MULTIPOLYGON (((239747.5601 409072.1501,239741.7301 409070.190099999,239737.8701 409077.3301,239741.4001 409078.700099999,239747.9901 409080.9101,239762.2901 409086.0601,239777.2101 409091.600099999,239789.8901 409096.6501,239803.8301 409102.0101,239817.4301 409107.110099999,239829.2301 409111.3301,239840.4901 409115.200099999,239853.2201 409119.630100001,239865.5601 409123.710100001,239878.6301 409127.860099999,239895.7001 409133.030099999,239908.5501 409136.7601,239922.4301 409140.540100001,239937.4601 409144.710100001,239949.0701 409147.3101,239965.8601 409151.2301,239978.7801 409153.8401,239980.8901 409154.3101,239986.3025 409155.5057,239995.2401 409157.4801,240007.4001 409159.8201,240021.2905 409162.449100001,240022.8801 409162.7501,240035.1701 409164.6601,240053.2701 409167.6801,240064.6201 409169.270099999,240080.0201 409170.950099999,240080.7901 409162.5901,240066.0101 409160.4301,240053.8201 409158.9201,240039.0301 409156.800100001,240026.5401 409154.540100001,240024.7153 409154.2421,240013.4301 409152.4001,239995.6901 409148.9301,239980.9301 409145.8401,239980.5901 409145.770099999,239968.1687 409142.9079,239964.8801 409142.1501,239947.6501 409138.0701,239930.8701 409133.9801,239919.0201 409130.880100001,239907.5901 409127.6501,239891.5301 409123.020099999,239878.6801 409119.020099999,239864.1701 409114.4901,239847.6901 409109.0801,239833.8801 409104.380100001,239819.9801 409099.270099999,239806.3301 409094.040100001,239793.6501 409089.0801,239779.8101 409083.600099999,239765.5101 409078.470100001,239754.3801 409074.5001,239747.5601 409072.1501)))",교량,252,대전광역시 동구 ,36710088,13528,BRG0252000,미분류,철근콘크리트교,산내JCT3교,미분류,미분류,370,미분류,2,미분류,0,0,351.97,0,9,0,0,미분류,미분류,0,0,0,미분류,0,0,0,미분류,미분류,0,미분류,미분류,미분류,0,0,산내JCT3교,1
"MULTIPOLYGON (((239981.0301 409122.7401,239890.9229 409072.0306,239887.5568 409096.711200001,239965.5301 409141.1401,239968.1687 409142.9079,239976.6201 409148.5701,239980.9001 409151.630100001,239986.3025 409155.5057,239986.4201 409155.5901,239993.6101 409160.7301,240006.9401 409170.630100001,240021.2905 409162.449100001,240029.2001 409157.940099999,240024.7153 409154.2421,240021.6201 409151.690099999,240011.2401 409144.0901,239999.2201 409135.130100001,239987.0801 409126.860099999,239981.0301 409122.7401)))",교량,253,대전광역시 동구 ,36710088,13474,BRG0253000,미분류,철근콘크리트교,이사2교,미분류,미분류,60.7,미분류,4,미분류,0,0,63.06,0,24.2,0,0,미분류,미분류,0,0,0,미분류,0,0,0,미분류,미분류,0,미분류,미분류,미분류,0,0,이사2교,1
"MULTIPOLYGON (((239878.8401 409348.3201,239869.5801 409342.030099999,239867.3701 409345.4101,239876.6901 409351.6401,239878.8401 409348.3201)))",교량,254,대전광역시 동구 ,36710088,58676,BRG0254000,미분류,철근콘크리트교,,미분류,미분류,11.2,미분류,1,미분류,0,0,11.19,0,4,0,0,미분류,미분류,0,0,0,미분류,0,0,0,미분류,미분류,0,미분류,미분류,미분류,0,0,,1
"MULTIPOLYGON (((239888.1401 409287.880100001,239881.9601 409287.110099999,239881.5901 409290.7401,239887.7601 409291.600099999,239888.1401 409287.880100001)))",교량,255,대전광역시 동구 ,36710088,58682,BRG0255000,미분류,철근콘크리트교,,미분류,미분류,6.2,미분류,1,미분류,0,0,6.18,0,3.6,0,0,미분류,미분류,0,0,0,미분류,0,0,0,미분류,미분류,0,미분류,미분류,미분류,0,0,,1
"MULTIPOLYGON (((239912.3801 409226.040100001,239907.7101 409223.470100001,239905.8701 409226.530099999,239909.6401 409228.4901,239910.0601 409230.040100001,239912.3801 409226.040100001)))",교량,256,대전광역시 동구 ,36710088,58249,BRG0256000,미분류,철근콘크리트교,,미분류,미분류,5.7,미분류,1,미분류,0,0,5.36,0,3.6,0,0,미분류,미분류,0,0,0,미분류,0,0,0,미분류,미분류,0,미분류,미분류,미분류,0,0,,1
"MULTIPOLYGON (((239829.4301 409387.1401,239832.6701 409379.5101,239824.6701 409383.9801,239822.4201 409389.3401,239829.4301 409387.1401)))",교량,257,대전광역시 동구 ,36710088,57543,BRG0257000,미분류,철근콘크리트교,,미분류,미분류,8,미분류,1,미분류,0,0,6.44,0,6,0,0,미분류,미분류,0,0,0,미분류,0,0,0,미분류,미분류,0,미분류,미분류,미분류,0,0,,1
"MULTIPOLYGON (((239662.7801 409307.9801,239660.9901 409304.520099999,239658.9401 409304.7301,239660.7501 409308.3101,239662.7801 409307.9801)))",교량,258,대전광역시 동구 ,36710088,53595,BRG0258000,미분류,철근콘크리트교,,미분류,미분류,3.4,미분류,1,미분류,0,0,3.89,0,2,0,0,미분류,미분류,0,0,0,미분류,0,0,0,미분류,미분류,0,미분류,미분류,미분류,0,0,,1
"MULTIPOLYGON (((239753.5301 409300.460100001,239750.8601 409297.6501,239744.8201 409297.710100001,239748.2401 409300.8201,239753.5301 409300.460100001)))",교량,259,대전광역시 동구 ,36710088,58640,BRG0259000,미분류,철근콘크리트교,,미분류,미분류,6,미분류,1,미분류,0,0,5.8,0,3.3,0,0,미분류,미분류,0,0,0,미분류,0,0,0,미분류,미분류,0,미분류,미분류,미분류,0,0,,1
"MULTIPOLYGON (((239724.5701 409300.290100001,239723.2901 409296.960100001,239721.8801 409297.4801,239723.1301 409300.8101,239724.5701 409300.290100001)))",교량,260,대전광역시 동구 ,36710088,58640,BRG0260000,미분류,강교,,미분류,미분류,3.5,미분류,0,미분류,0,0,3.56,0,15,0,0,미분류,미분류,0,0,1.52,미분류,0,0,0,미분류,미분류,0,미분류,미분류,미분류,0,0,,1
"MULTIPOLYGON (((239775.6301 409023.630100001,239767.1101 409022.3901,239760.3301 409030.0701,239770.7101 409031.6801,239780.4601 409033.5001,239786.4201 409034.380100001,239792.9601 409035.710100001,239800.1301 409037.2601,239809.0201 409039.1801,239817.1401 409041.1601,239824.2301 409042.8201,239830.9701 409044.620100001,239839.8001 409046.8301,239846.9901 409048.860099999,239850.0101 409040.860099999,239848.0201 409040.3401,239839.2001 409037.6401,239830.2101 409035.360099999,239819.6501 409032.700099999,239814.8401 409031.5101,239801.6901 409028.600099999,239797.5301 409027.7501,239786.9001 409025.7601,239775.6301 409023.630100001)))",교량,261,대전광역시 동구 ,36710088,13473,BRG0261000,미분류,철근콘크리트교,산내JCT4교,미분류,미분류,9,미분류,2,미분류,0,0,86.78,0,9,0,0,미분류,미분류,0,0,0,미분류,0,0,0,미분류,미분류,0,미분류,미분류,미분류,0,0,산내JCT4교,1
"MULTIPOLYGON (((239771.3001 409034.520099999,239765.1301 409033.1401,239773.3201 409059.460100001,239781.6201 409061.4901,239789.0601 409063.4901,239796.7601 409065.470100001,239804.1701 409067.450099999,239815.1901 409070.8301,239825.3001 409073.770099999,239827.3301 409074.4301,239834.6001 409076.8301,239841.2601 409079.280099999,239849.2001 409082.030099999,239896.0874 409098.5721,239896.0849 409075.8475,239846.8061 409056.9004,239840.8301 409053.6401,239832.8201 409050.960100001,239824.4101 409048.4001,239817.1101 409046.290100001,239806.6801 409043.2601,239796.5101 409040.600099999,239785.4201 409037.770099999,239772.9101 409034.9101,239771.3001 409034.520099999)))",교량,262,대전광역시 동구 ,36710088,13474,BRG0262000,미분류,철근콘크리트교,이사1교,미분류,미분류,91,미분류,4,미분류,0,0,90.01,0,24.2,0,0,미분류,미분류,0,0,0,미분류,0,0,0,미분류,미분류,0,미분류,미분류,미분류,0,0,이사1교,1
"MULTIPOLYGON (((239861.4001 409124.029999999,239859.1301 409122.060000001,239854.7601 409126.640000001,239856.9601 409128.690099999,239861.4001 409124.029999999)))",교량,263,대전광역시 동구 ,36710088,58191,BRG0263000,미분류,철근콘크리트교,,미분류,미분류,5.4,미분류,1,미분류,0,0,6.34,0,3,0,0,미분류,미분류,0,0,0,미분류,0,0,0,미분류,미분류,0,미분류,미분류,미분류,0,0,,1
"MULTIPOLYGON (((239836.9401 408923.880100001,239831.8401 408922.960100001,239831.7601 408925.0901,239836.6301 408925.950099999,239836.9401 408923.880100001)))",교량,264,대전광역시 동구 ,36710088,60183,BRG0264000,미분류,철근콘크리트교,,미분류,미분류,5.2,미분류,1,미분류,0,0,5.08,0,2.1,0,0,미분류,미분류,0,0,0,미분류,0,0,0,미분류,미분류,0,미분류,미분류,미분류,0,0,,1
"MULTIPOLYGON (((240029.7301 409106.0901,240016.3501 409101.9201,240010.0901 409109.030099999,240017.9601 409111.530099999,240030.7501 409115.530099999,240040.5501 409118.1701,240042.7501 409118.720100001,240044.4501 409110.1801,240042.5801 409109.6501,240029.7301 409106.0901)))",교량,265,대전광역시 동구 ,36710088,13473,BRG0265000,미분류,철근콘크리트교,신내JTC5교,미분류,미분류,30,미분류,2,미분류,0,0,31.89,0,9,0,0,미분류,미분류,0,0,0,미분류,0,0,0,미분류,미분류,0,미분류,미분류,미분류,0,0,신내JTC5교,1
"MULTIPOLYGON (((240083.7101 409074.7501,240082.0401 409073.700099999,240081.5901 409074.530099999,240083.2601 409075.6501,240083.7101 409074.7501)))",교량,266,대전광역시 동구 ,36710088,53516,BRG0266000,미분류,철근콘크리트교,,미분류,미분류,2,미분류,0,미분류,0,0,1.98,0,1,0,0,미분류,미분류,0,0,0.97,미분류,0,0,0,미분류,미분류,0,미분류,미분류,미분류,0,0,,1
"MULTIPOLYGON (((235965.3261 406298.799000001,235970.0221 406287.4671,235966.6611 406289.282099999,235953.3921 406283.269099999,235952.7241 406282.027100001,235952.5021 406279.8391,235949.6291 406285.4101,235947.2641 406289.996099999,235947.7371 406290.243100001,235948.9331 406288.9991,235949.6151 406288.872,235950.7971 406288.653100001,235963.8921 406294.4921,235964.6111 406295.9561,235964.6101 406298.2721,235965.3261 406298.799000001)))",교량,267,대전광역시 중구 ,36710097,62432,BRG0267000,미분류,철근콘크리트교,,미분류,미분류,20,하천,1,미분류,0,0,19.58,0,6,0,0,미분류,미분류,0,0,0,미분류,0,0,0,미분류,미분류,0,미분류,미분류,미분류,0,0,,1
"MULTIPOLYGON (((236921.8701 408546.34,236919.2401 408540.16,236917.2601 408541.0001,236915.3501 408541.810000001,236917.9701 408547.99,236921.8701 408546.34)))",교량,268,대전광역시 중구 ,36710097,62328,BRG0268000,미분류,철근콘크리트교,,미분류,미분류,6.66,일반도로,1,미분류,0,0,6.66,0,4.21,0,0,미분류,미분류,0,0,0,미분류,0,0,0,미분류,미분류,0,미분류,미분류,미분류,0,0,,1
"MULTIPOLYGON (((241650.46 408369.27,241637.08 408349.300100001,241372.31 408549.182399999,241387.6719 408568.284700001,241650.46 408369.27)))",교량,269,대전광역시 동구 ,36710099,13472,BRG0269000,미분류,철근콘크리트교,구도1교,미분류,미분류,241.23,일반도로,4,미분류,0,0,241.23,0,24.04,0,0,미분류,미분류,0,0,0,미분류,0,0,0,미분류,미분류,0,미분류,미분류,미분류,0,0,구도1교,1
"MULTIPOLYGON (((226524.3001 424053.710100001,226518.8901 424046.800100001,226496.7101 424058.780099999,226496.1701 424059.0701,226501.4401 424065.850099999,226524.3001 424053.710100001)))",교량,270,대전광역시 유성구 ,36710032,130083,BRG0270000,미분류,철근콘크리트교,,미분류,미분류,25,하천,1,미분류,0,0,25.92,0,9.6,0,0,미분류,미분류,0,0,0,미분류,0,0,0,미분류,미분류,0,미분류,미분류,미분류,0,0,,1
"MULTIPOLYGON (((226384.8101 424420.220100001,226361.3901 424413.600099999,226284.1401 424686.8401,226307.5501 424693.449999999,226384.8101 424420.220100001)))",교량,271,대전광역시 유성구 ,36710032,14006,BRG0271000,미분류,철근콘크리트교,안산1교,미분류,미분류,284,하천,4,미분류,0,0,283.98,0,24.3,0,0,미분류,미분류,0,0,0,미분류,0,0,0,미분류,미분류,0,미분류,미분류,미분류,0,0,안산1교,1
"MULTIPOLYGON (((226769.4601 424799.770099999,226719.5601 424792.5701,226710.2401 424810.540100001,226759.7401 424817.5601,226769.4601 424799.770099999)))",교량,272,대전광역시 유성구 ,36710032,13786,BRG0272000,미분류,철근콘크리트교,,미분류,미분류,50,미분류,2,미분류,0,0,50.29,0,20,0,0,미분류,미분류,0,0,0,미분류,0,0,0,미분류,미분류,0,미분류,미분류,미분류,0,0,,1
"MULTIPOLYGON (((226508.3301 423981.280099999,226485.8001 423974.949999999,226480.4701 423993.790100001,226458.5401 424071.300100001,226442.2601 424128.8401,226428.6401 424177.020099999,226451.1601 424183.350099999,226464.7801 424135.210100001,226481.0601 424077.6701,226502.9901 424000.1601,226508.3301 423981.280099999)))",교량,273,대전광역시 유성구 ,36710032,14006,BRG0273000,미분류,철근콘크리트교,안산2교,미분류,미분류,210,하천,4,미분류,0,0,210.14,0,24.3,0,0,미분류,미분류,0,0,0,미분류,0,0,0,미분류,미분류,0,미분류,미분류,미분류,0,0,안산2교,1
"MULTIPOLYGON (((226407.3001 424584.780099999,226397.6201 424580.1401,226345.5501 424613.5601,226352.5501 424621.449999999,226407.3001 424584.780099999)))",교량,274,대전광역시 유성구 ,36710032,45540,BRG0274000,미분류,철근콘크리트교,제1안산교,미분류,미분류,63,하천,2,미분류,0,0,64.5,0,12.3,0,0,미분류,미분류,0,0,0,미분류,0,0,0,미분류,미분류,0,미분류,미분류,미분류,0,0,제1안산교,1
"MULTIPOLYGON (((226828.5301 424117.699999999,226815.1301 424114.3401,226812.8501 424121.5701,226826.6001 424124.9901,226828.5301 424117.699999999)))",교량,275,대전광역시 유성구 ,36710032,45532,BRG0275000,미분류,철근콘크리트교,,미분류,미분류,13.5,하천,1,미분류,0,0,14.03,0,7,0,0,미분류,미분류,0,0,0,미분류,0,0,0,미분류,미분류,0,미분류,미분류,미분류,0,0,,1
"MULTIPOLYGON (((226371.6941 423937.4801,226367.3661 423936.620100001,226363.6941 423949.6491,226367.8801 423951.016100001,226371.6941 423937.4801)))",교량,276,대전광역시 유성구 ,36710032,130080,BRG0276000,미분류,철근콘크리트교,,미분류,미분류,13,하천,1,미분류,0,0,13.84,0,4.5,0,0,미분류,미분류,0,0,0,미분류,0,0,0,미분류,미분류,0,미분류,미분류,미분류,0,0,,1
"MULTIPOLYGON (((226687.9811 424361.7981,226683.9151 424350.734099999,226651.846 424391.577299999,226657.1501 424400.880100001,226659.3051 424398.235099999,226687.9811 424361.7981)))",교량,277,대전광역시 유성구 ,36710032,45676,BRG0277000,미분류,철근콘크리트교,제2안산교,미분류,미분류,48.4,하천,2,미분류,0,0,50.08,0,10,0,0,미분류,미분류,0,0,0,미분류,0,0,0,미분류,미분류,0,미분류,미분류,미분류,0,0,제2안산교,1
"MULTIPOLYGON (((227479.5501 423308.6701,227473.4461 423294.8881,227465.8661 423302.4641,227468.1531 423307.6231,227471.0431 423314.143100001,227471.7031 423315.9121,227479.5501 423308.6701)))",교량,279,대전광역시 유성구 ,36710033,46961,BRG0279000,미분류,철근콘크리트교,,미분류,미분류,16.5,하천,2,미분류,0,0,14.88,0,11,0,0,미분류,미분류,0,0,0,미분류,0,0,0,미분류,미분류,0,미분류,미분류,미분류,0,0,,1
"MULTIPOLYGON (((226931.7001 423787.690099999,226925.6601 423772.880100001,226918.8801 423775.9801,226924.2201 423791.1801,226931.7001 423787.690099999)))",교량,280,대전광역시 유성구 ,36710033,130397,BRG0280000,미분류,철근콘크리트교,,미분류,미분류,16,하천,1,미분류,0,0,16,0,8,0,0,미분류,미분류,0,0,0,미분류,0,0,0,미분류,미분류,0,미분류,미분류,미분류,0,0,,1
"MULTIPOLYGON (((227289.1601 423589.0001,227278.8501 423579.520099999,227276.7001 423581.620100001,227287.1401 423591.220100001,227289.1601 423589.0001)))",교량,281,대전광역시 유성구 ,36710033,130182,BRG0281000,미분류,철근콘크리트교,,미분류,미분류,14,하천,1,미분류,0,0,14.22,0,4.5,0,0,미분류,미분류,0,0,0,미분류,0,0,0,미분류,미분류,0,미분류,미분류,미분류,0,0,,1
"MULTIPOLYGON (((227308.6951 423131.5131,227269.6281 423124.561100001,227252.9991 423151.361099999,227285.3341 423168.566099999,227308.6951 423131.5131)))",교량,282,대전광역시 유성구 ,36710033,45733,BRG0282000,미분류,철근콘크리트교,,미분류,미분류,40.6,하천,8,미분류,0,0,37,0,36.7,0,0,미분류,미분류,0,0,0,미분류,0,0,0,미분류,미분류,0,미분류,미분류,미분류,0,0,,1
"MULTIPOLYGON (((226938.3461 424047.2401,226938.8111 424045.599099999,226929.2401 424046.5551,226921.1352 424079.6631,226930.3383 424079.903200001,226938.3461 424047.2401)))",교량,283,대전광역시 유성구 ,36710033,45618,BRG0283000,미분류,철근콘크리트교,동촌1교,미분류,미분류,25.5,하천,2,미분류,0,0,24.62,0,9.9,0,0,미분류,미분류,0,0,0,미분류,0,0,0,미분류,미분류,0,미분류,미분류,미분류,0,0,동촌1교,1
"MULTIPOLYGON (((227002.8491 423772.609099999,227017.9691 423728.9681,226976.2272 423735.5473,226960.0991 423784.8401,226956.1871 423795.7081,226997.0156 423789.751599999,227002.8491 423772.609099999)))",교량,284,대전광역시 유성구 ,36710033,45728,BRG0284000,미분류,철근콘크리트교,안산2교,미분류,미분류,46,하천,8,미분류,0,0,55.43,0,37.2,0,0,미분류,미분류,0,0,0,미분류,0,0,0,미분류,미분류,0,미분류,미분류,미분류,0,0,안산2교,1
"MULTIPOLYGON (((227036.2821 423726.505100001,227037.6511 423722.632099999,227026.1371 423725.574100001,227025.1701 423728.4001,227020.3971 423742.993100001,227014.2571 423762.1721,227009.7651 423776.350099999,227021.1051 423773.337099999,227023.6911 423765.176100001,227029.8171 423746.041099999,227034.5581 423731.542099999,227036.2821 423726.505100001)))",교량,285,대전광역시 유성구 ,36710033,45570,BRG0285000,미분류,철근콘크리트교,안산3교,미분류,미분류,45.9,하천,2,미분류,0,0,54,0,9.9,0,0,미분류,미분류,0,0,0,미분류,0,0,0,미분류,미분류,0,미분류,미분류,미분류,0,0,안산3교,1
"MULTIPOLYGON (((227009.5161 424013.894099999,227000.9721 424008.5671,226998.8391 424010.76,226998.9281 424010.8281,227002.9551 424013.338,227007.3441 424016.074999999,227009.5161 424013.894099999)))",교량,286,대전광역시 유성구 ,36710033,132715,BRG0286000,미분류,철근콘크리트교,,미분류,미분류,10,하천,1,미분류,0,0,10,0,4.2,0,0,미분류,미분류,0,0,0,미분류,0,0,0,미분류,미분류,0,미분류,미분류,미분류,0,0,,1
"MULTIPOLYGON (((232526.664 422799.422,232517.648 422791.808,232511.744 422817.942,232521.505 422826.378,232526.664 422799.422)))",교량,287,대전광역시 유성구 ,36710035,14020,BRG0287000,미분류,철근콘크리트교,장동교,미분류,미분류,13,미분류,4,미분류,0,0,25,0,26,0,0,미분류,미분류,0,0,0,미분류,0,0,0,미분류,미분류,0,미분류,미분류,미분류,0,0,장동교,1
"MULTIPOLYGON (((232520.654 422739.106000001,232512.39 422743.452,232513.892 422749.062000001,232522.152 422745.168,232520.654 422739.106000001)))",교량,288,대전광역시 유성구 ,36710035,130552,BRG0288000,미분류,철근콘크리트교,,미분류,미분류,9.7,미분류,1,미분류,0,0,9.23,0,6,0,0,미분류,미분류,0,0,0,미분류,0,0,0,미분류,미분류,0,미분류,미분류,미분류,0,0,,1
"MULTIPOLYGON (((232498.125 422633.187999999,232491.273 422625.801000001,232485.671 422630.832,232492.494 422638.262,232498.125 422633.187999999)))",교량,289,대전광역시 유성구 ,36710035,130550,BRG0289000,미분류,철근콘크리트교,,미분류,미분류,7.7,미분류,1,미분류,0,0,9.56,0,10,0,0,미분류,미분류,0,0,0,미분류,0,0,0,미분류,미분류,0,미분류,미분류,미분류,0,0,,1
"MULTIPOLYGON (((235770.7101 422942.7401,235769.0001 422941.0701,235764.9101 422945.940099999,235766.5701 422947.5001,235770.7101 422942.7401)))",교량,290,대전광역시 유성구 ,36710036,39141,BRG0290000,인도교(Foot bridge),철근콘크리트교,무명교,미분류,미분류,6.3,미분류,0,미분류,0,0,6.38,0,2.3,0,0,미분류,미분류,0,0,2.27,미분류,0,0,0,미분류,미분류,0,미분류,미분류,미분류,0,0,무명교,1
"MULTIPOLYGON (((235363.2551 423698.9134,235348.8201 423656.1801,235339.8301 423658.960100001,235354.8508 423702.3686,235363.2551 423698.9134)))",교량,291,대전광역시 유성구 ,36710036,39135,BRG0291000,미분류,철근콘크리트교,탑립육교,미분류,미분류,36.8,미분류,2,미분류,0,0,36.82,0,9.4,0,0,미분류,미분류,0,0,0,미분류,0,0,0,미분류,미분류,0,미분류,미분류,미분류,0,0,탑립육교,1
"MULTIPOLYGON (((234142.5501 424252.8101,234135.2301 424244.600099999,234132.2501 424247.2601,234139.5701 424255.470100001,234142.5501 424252.8101)))",교량,292,대전광역시 유성구 ,36710036,115672,BRG0292000,미분류,철근콘크리트교,,미분류,미분류,11,하천,1,미분류,0,0,11.01,0,4,0,0,미분류,미분류,0,0,0,미분류,0,0,0,미분류,미분류,0,미분류,미분류,미분류,0,0,,1
"MULTIPOLYGON (((234325.1101 423955.700099999,234310.7401 423937.6601,234308.0001 423939.7401,234322.5401 423957.7501,234325.1101 423955.700099999)))",교량,293,대전광역시 유성구 ,36710036,115723,BRG0293000,미분류,철근콘크리트교,무명교,미분류,미분류,23,하천,1,미분류,0,0,23.16,0,3.6,0,0,미분류,미분류,0,0,0,미분류,0,0,0,미분류,미분류,0,미분류,미분류,미분류,0,0,무명교,1
"MULTIPOLYGON (((233938.9501 424486.220100001,233937.0801 424506.0701,233948.2101 424522.030099999,233953.2765 424487.0463,233954.2601 424479.966,233941.8701 424464.030099999,233938.9501 424486.220100001)))",교량,294,대전광역시 유성구 ,36710036,16997,BRG0294000,미분류,철근콘크리트교,덕진교,미분류,미분류,19,하천,6,미분류,0,0,43.57,0,30,0,0,미분류,미분류,0,0,4,미분류,0,0,0,미분류,미분류,0,미분류,미분류,미분류,0,0,덕진교,1
"MULTIPOLYGON (((233980.4901 424385.7301,233958.3901 424385.1601,233956.0001 424390.5101,233978.0901 424390.790100001,233980.4901 424385.7301)))",교량,295,대전광역시 유성구 ,36710036,124024,BRG0295000,미분류,철근콘크리트교,무명교,미분류,미분류,22.4,하천,2,미분류,0,0,22,0,5.3,0,0,미분류,미분류,0,0,0,미분류,0,0,0,미분류,미분류,0,미분류,미분류,미분류,0,0,무명교,1
"MULTIPOLYGON (((234281.4001 423720.1701,234275.5601 423704.4101,234269.7801 423706.6701,234266.0801 423708.2601,234261.5601 423710.300100001,234257.2301 423712.370100001,234253.5601 423714.370100001,234248.6001 423717.210100001,234242.5001 423721.020099999,234237.2101 423724.7401,234231.3101 423729.2601,234226.1601 423733.4901,234220.8301 423738.460100001,234214.7701 423744.440099999,234209.7801 423750.040100001,234203.5101 423757.880100001,234197.6301 423766.0801,234195.0301 423769.9201,234209.4201 423778.6501,234213.6001 423772.1801,234217.8701 423766.520099999,234222.2201 423761.050100001,234227.0301 423755.8101,234232.2701 423750.460100001,234238.1201 423745.3901,234242.7501 423741.610099999,234248.1801 423737.530099999,234252.2001 423734.780099999,234256.4101 423732.1601,234261.1601 423729.440099999,234265.9001 423726.9901,234270.9601 423724.550100001,234276.2301 423722.2301,234281.4001 423720.1701)))",교량,296,대전광역시 유성구 ,36710036,13784,BRG0296000,미분류,철근콘크리트교,무명교,미분류,미분류,100.2,하천,4,미분류,0,0,100.91,0,16.5,0,0,미분류,미분류,0,0,0,미분류,0,0,0,미분류,미분류,0,미분류,미분류,미분류,0,0,무명교,1
"MULTIPOLYGON (((234442.7941 423135.334100001,234440.5841 423137.304099999,234445.1641 423143.064099999,234447.4241 423141.0241,234442.7941 423135.334100001)))",교량,297,대전광역시 유성구 ,36710036,36260,BRG0297000,미분류,철근콘크리트교,,미분류,미분류,7.3,미분류,0,미분류,0,0,7.3,0,3,0,0,미분류,미분류,0,0,3.08,미분류,0,0,0,미분류,미분류,0,미분류,미분류,미분류,0,0,,1
"MULTIPOLYGON (((234696.3726 423957.978499999,234691.9249 423954.7884,234664.7791 423997.398600001,234669.2841 423999.531400001,234696.3726 423957.978499999)))",교량,298,대전광역시 유성구 ,36710036,108685,BRG0298000,미분류,철근콘크리트교,동화교,미분류,미분류,42,하천,1,미분류,0,0,42.6,0,5,0,0,미분류,미분류,0,0,0,미분류,0,0,0,미분류,미분류,0,미분류,미분류,미분류,0,0,동화교,1
"MULTIPOLYGON (((233911.294 423597.268999999,233913.919 423598.961999999,233915.038 423597.129000001,233912.35 423595.487,233911.294 423597.268999999)))",교량,299,대전광역시 유성구 ,36710036,107515,BRG0299000,미분류,철근콘크리트교,,미분류,미분류,2.4,미분류,1,미분류,0,0,2.11,0,3.1,0,0,미분류,미분류,0,0,0,미분류,0,0,0,미분류,미분류,0,미분류,미분류,미분류,0,0,,1
"MULTIPOLYGON (((234056.353 423604.366,234061.68 423605.901000001,234064.771 423595.937000001,234059.479 423594.504000001,234056.353 423604.366)))",교량,300,대전광역시 유성구 ,36710036,109288,BRG0300000,미분류,철근콘크리트교,,미분류,미분류,10,미분류,1,미분류,0,0,10.52,0,5,0,0,미분류,미분류,0,0,0,미분류,0,0,0,미분류,미분류,0,미분류,미분류,미분류,0,0,,1
"MULTIPOLYGON (((231173.2371 426487.142100001,231170.2681 426484.1631,231169.2631 426490.3771,231172.0231 426492.5699,231173.2371 426487.142100001)))",교량,301,대전광역시 유성구 ,36710024,125761,BRG0301000,미분류,철근콘크리트교,,미분류,미분류,6.3,미분류,1,미분류,0,0,6.02,0,3.3,0,0,미분류,미분류,0,0,0,미분류,0,0,0,미분류,미분류,0,미분류,미분류,미분류,0,0,,1
"MULTIPOLYGON (((226917.3184 424077.607000001,226923.2321 424050.9581,226907.3459 424051.5646,226884.9704 424052.481899999,226881.0171 424070.7081,226879.9281 424075.641100001,226879.4111 424078.016100001,226878.2186 424083.6182,226906.5518 424079.2653,226917.3184 424077.607000001)))",교량,302,대전광역시 유성구 ,36710032,45719,BRG0302000,미분류,철근콘크리트교,등촌교,미분류,미분류,25.7,하천,8,미분류,0,0,25.8,0,39.5,0,0,미분류,미분류,0,0,0,미분류,0,0,0,미분류,미분류,0,미분류,미분류,미분류,0,0,등촌교,1
"MULTIPOLYGON (((233809.284 423546.9199,233827.4104 423546.779200001,233817.708 423501.272,233813.506 423480.072000001,233809.131 423454.695,233805.226 423428.228,233801.602 423397.523,233799.195 423367.092,233797.589 423336.478,233796.8215 423311.3391,233778.7119 423307.0385,233779.893 423345.844000001,233781.05 423366.892000001,233782.527 423385.807,233784.657 423407.25,233786.941 423427.536,233789.587 423446.323000001,233793.367 423469.937999999,233798.524 423497.865,233804.63 423525.919,233809.284 423546.9199)))",교량,303,대전광역시 유성구 ,36710036,16715,BRG0303000,미분류,철근콘크리트교,화암육교,미분류,미분류,232.5,미분류,4,미분류,0,0,232.09,0,18.5,0,0,미분류,미분류,0,0,0,미분류,0,0,0,미분류,미분류,0,미분류,미분류,미분류,0,0,화암육교,1
"MULTIPOLYGON (((234294.3201 423781.210100001,234272.0901 423770.7401,234274.2001 423801.520099999,234297.5601 423812.1801,234294.3201 423781.210100001)))",교량,304,대전광역시 유성구 ,36710036,13798,BRG0304000,미분류,철근콘크리트교,무명교,미분류,미분류,25.7,하천,4,미분류,0,0,24.74,0,27,0,0,미분류,미분류,0,0,0,미분류,0,0,0,미분류,미분류,0,미분류,미분류,미분류,0,0,무명교,1
"MULTIPOLYGON (((233677.87 423390.9801,233648.7811 423381.795,233655.15 423409.0699,233686.82 423419.68,233677.87 423390.9801)))",교량,305,대전광역시 유성구 ,36710036,13958,BRG0305000,미분류,철근콘크리트교,설목육교,미분류,미분류,33.3,일반도로,4,미분류,0,0,33.3,0,27.67,0,0,미분류,미분류,0,0,0,미분류,0,0,0,미분류,미분류,0,미분류,미분류,미분류,0,0,설목육교,1
"MULTIPOLYGON (((234199.24 424044.869999999,234185.96 424025.35,234181.07 424028.630000001,234181.578 424029.362,234194.6001 424048.140000001,234199.24 424044.869999999)))",교량,306,대전광역시 유성구 ,36710036,115620,BRG0306000,미분류,철근콘크리트교,관암교,미분류,미분류,23.76,일반도로,1,미분류,0,0,23.76,0,5.88,0,0,미분류,미분류,0,0,0,미분류,0,0,0,미분류,미분류,0,미분류,미분류,미분류,0,0,관암교,1
"MULTIPOLYGON (((234307.96 423849.5001,234305.5601 423841.6401,234291.4201 423843.220000001,234284.1001 423844.435000001,234281.1401 423844.926100001,234280.0901 423845.100099999,234271.89 423847.6501,234275.4 423855.359999999,234282.848 423853.766100001,234285.7891 423853.136,234300.4901 423849.99,234307.96 423849.5001)))",교량,307,대전광역시 유성구 ,36710036,13801,BRG0307000,미분류,철근콘크리트교,화암1교,미분류,미분류,34.53,일반도로,2,미분류,0,0,34.53,0,8.5,0,0,미분류,미분류,0,0,0,미분류,0,0,0,미분류,미분류,0,미분류,미분류,미분류,0,0,화암1교,1
"MULTIPOLYGON (((227869.62 422623.1281,227878.75 422607.600099999,227870.6201 422609.439999999,227858.88 422601.789999999,227854.73 422609.370100001,227867.4701 422616.1501,227869.62 422623.1281)))",교량,308,대전광역시 유성구 ,36710033,130354,BRG0308000,미분류,철근콘크리트교,,미분류,미분류,20.04,일반도로,1,미분류,0,0,20.04,0,8.21,0,0,미분류,미분류,0,0,0,미분류,0,0,0,미분류,미분류,0,미분류,미분류,미분류,0,0,,1
"MULTIPOLYGON (((229716.5031 419024.1961,229718.6811 419128.4761,229741.7331 419111.906099999,229739.3341 419007.4651,229716.5031 419024.1961)))",교량,309,대전광역시 유성구 ,36710054,13964,BRG0309000,미분류,철근콘크리트교,죽동천교,미분류,미분류,104.5,미분류,4,미분류,0,0,104.04,0,23.2,0,0,미분류,미분류,0,0,0,미분류,0,0,0,미분류,미분류,0,미분류,미분류,미분류,0,0,죽동천교,1
"MULTIPOLYGON (((229735.9501 418821.960100001,229734.6601 418761.6701,229711.6401 418767.2601,229712.8401 418827.5901,229735.9501 418821.960100001)))",교량,310,대전광역시 유성구 ,36710054,13964,BRG0310000,미분류,철근콘크리트교,죽동육교,미분류,미분류,59.9,미분류,4,미분류,0,0,60.4,0,23.2,0,0,미분류,미분류,0,0,0,미분류,0,0,0,미분류,미분류,0,미분류,미분류,미분류,0,0,죽동육교,1
"MULTIPOLYGON (((229911.2796 418961.044600001,229934.062 418948.779999999,229918.3884 418920.2839,229906.1772 418899.9452,229880.8175 418907.0547,229892.7238 418928.486,229911.2796 418961.044600001)))",교량,311,대전광역시 유성구 ,36710054,44872,BRG0311000,미분류,철근콘크리트교,죽2교,미분류,미분류,40.7,미분류,2,미분류,0,0,53.76,0,5.4,0,0,미분류,미분류,0,0,10,미분류,0,0,0,미분류,미분류,0,미분류,미분류,미분류,0,0,죽2교,1
"MULTIPOLYGON (((230597.9428 418444.5832,230596.1453 418391.8148,230545.4801 418412.470100001,230548.4601 418465.1601,230597.9428 418444.5832)))",교량,312,대전광역시 유성구 ,36710054,44957,BRG0312000,미분류,철근콘크리트교,궁동2교,미분류,미분류,50.3,미분류,10,미분류,0,0,50.93,0,49.7,0,0,미분류,미분류,0,0,12,미분류,0,0,0,미분류,미분류,0,미분류,미분류,미분류,0,0,궁동2교,1
"MULTIPOLYGON (((230555.5001 418599.7501,230552.6901 418595.960100001,230551.7701 418596.6801,230554.0301 418599.7401,230570.3101 418621.770099999,230571.3201 418621.0801,230555.5001 418599.7501)))",교량,313,대전광역시 유성구 ,36710054,127455,BRG0313000,미분류,철근콘크리트교,,미분류,미분류,31.3,미분류,1,미분류,0,0,31.23,0,1.2,0,0,미분류,미분류,0,0,1.41,미분류,0,0,0,미분류,미분류,0,미분류,미분류,미분류,0,0,,1
"MULTIPOLYGON (((230326.9188 418788.350099999,230316.2999 418778.7732,230310.2101 418785.950099999,230322.9101 418799.1601,230338.7401 418815.6401,230348.3188 418810.9001,230326.9188 418788.350099999)))",교량,314,대전광역시 유성구 ,36710054,129747,BRG0314000,미분류,철근콘크리트교,궁둥교,미분류,미분류,41.6,미분류,2,미분류,0,0,41,0,7.3,0,0,미분류,미분류,0,0,4,미분류,0,0,0,미분류,미분류,0,미분류,미분류,미분류,0,0,궁둥교,1
"MULTIPOLYGON (((230428.0626 418720.064200001,230413.5301 418668.960100001,230378.8418 418695.486500001,230392.4563 418746.7969,230428.0626 418720.064200001)))",교량,315,대전광역시 유성구 ,36710054,17179,BRG0315000,미분류,철근콘크리트교,궁둥교,미분류,미분류,50,미분류,6,미분류,0,0,48.46,0,41,0,0,미분류,미분류,0,0,8,미분류,0,0,0,미분류,미분류,0,미분류,미분류,미분류,0,0,궁둥교,1
"MULTIPOLYGON (((232543.6901 418880.1601,232524.5501 418870.9901,232497.6101 418925.020099999,232513.3901 418932.950099999,232516.5501 418934.540100001,232517.3401 418932.960100001,232543.6901 418880.1601)))",교량,319,대전광역시 유성구 ,36710055,13306,BRG0319000,미분류,철근콘크리트교,,미분류,미분류,60.4,미분류,4,미분류,0,0,60.46,0,21.3,0,0,미분류,미분류,0,0,8,미분류,0,0,0,미분류,미분류,0,미분류,미분류,미분류,0,0,,1
"MULTIPOLYGON (((232916.592 418563.091,232918.243 418560.103,232900.051 418547.998,232898.328 418550.834000001,232916.592 418563.091)))",교량,320,대전광역시 서구 ,36710055,43351,BRG0320000,미분류,철근콘크리트교,,미분류,미분류,22,미분류,0,미분류,0,0,22.03,0,3.5,0,0,미분류,미분류,0,0,3.2,미분류,0,0,0,미분류,미분류,0,미분류,미분류,미분류,0,0,,1
"MULTIPOLYGON (((232942.502 418509.588,232943.83 418505.488,232921.028 418491.275,232919.7 418495.323000001,232942.502 418509.588)))",교량,321,대전광역시 서구 ,36710055,43351,BRG0321000,미분류,철근콘크리트교,,미분류,미분류,27,미분류,0,미분류,0,0,26.79,0,4,0,0,미분류,미분류,0,0,4,미분류,0,0,0,미분류,미분류,0,미분류,미분류,미분류,0,0,,1
"MULTIPOLYGON (((232522.552 418213.676999999,232517.883 418220.567,232525.546 418227.26,232530.108 418220.469000001,232522.552 418213.676999999)))",교량,322,대전광역시 서구 ,36710055,43356,BRG0322000,미분류,철근콘크리트교,,미분류,미분류,10.2,미분류,0,미분류,0,0,10.1,0,8.2,0,0,미분류,미분류,0,0,8,미분류,0,0,0,미분류,미분류,0,미분류,미분류,미분류,0,0,,1
"MULTIPOLYGON (((232511.527 418233.571,232515.563 418237.991,232517.368 418235.18,232513.432 418230.804,232511.527 418233.571)))",교량,323,대전광역시 서구 ,36710055,43356,BRG0323000,미분류,철근콘크리트교,,미분류,미분류,6,미분류,0,미분류,0,0,6.18,0,3.3,0,0,미분류,미분류,0,0,3.6,미분류,0,0,0,미분류,미분류,0,미분류,미분류,미분류,0,0,,1
"MULTIPOLYGON (((232355.972 418373.232999999,232384.595 418336.369000001,232378.617 418333.210999999,232349.826 418370.051999999,232355.972 418373.232999999)))",교량,324,대전광역시 서구 ,36710055,43864,BRG0324000,미분류,철근콘크리트교,,미분류,미분류,47,하천,0,미분류,0,0,46.36,0,6.7,0,0,미분류,미분류,0,0,6.9,미분류,0,0,0,미분류,미분류,0,미분류,미분류,미분류,0,0,,1
"MULTIPOLYGON (((232460.26 418508.411,232455.218 418504.923,232453.108 418508.109999999,232458.199 418511.514,232460.26 418508.411)))",교량,325,대전광역시 유성구 ,36710055,43864,BRG0325000,미분류,철근콘크리트교,,미분류,미분류,6.2,미분류,0,미분류,0,0,6.24,0,3.8,0,0,미분류,미분류,0,0,3.65,미분류,0,0,0,미분류,미분류,0,미분류,미분류,미분류,0,0,,1
"MULTIPOLYGON (((232473.731 418493.523,232466.62 418485.618000001,232464.379 418488.783,232470.461 418495.304,232473.731 418493.523)))",교량,326,대전광역시 유성구 ,36710055,43864,BRG0326000,미분류,철근콘크리트교,,미분류,미분류,9,미분류,0,미분류,0,0,9.61,0,3.8,0,0,미분류,미분류,0,0,3.71,미분류,0,0,0,미분류,미분류,0,미분류,미분류,미분류,0,0,,1
"MULTIPOLYGON (((232495.899 418453.092,232492.301 418450.93,232489.907 418454.075999999,232493.861 418456.412,232495.899 418453.092)))",교량,327,대전광역시 서구 ,36710055,43864,BRG0327000,미분류,철근콘크리트교,,미분류,미분류,4.5,미분류,0,미분류,0,0,43.6,0,3.8,0,0,미분류,미분류,0,0,4,미분류,0,0,0,미분류,미분류,0,미분류,미분류,미분류,0,0,,1
"MULTIPOLYGON (((233281.497 419027.194,233279.603 419028.976,233294.889 419044.130999999,233296.943 419041.992000001,233281.497 419027.194)))",교량,328,대전광역시 서구 ,36710055,43243,BRG0328000,미분류,목교,,미분류,미분류,21.5,미분류,0,미분류,0,0,21.62,0,2.8,0,0,미분류,미분류,0,0,2.81,미분류,0,0,0,미분류,미분류,0,미분류,미분류,미분류,0,0,,1
"MULTIPOLYGON (((233251.599 419053.338,233249.054 419055.983999999,233266.276 419070.438999999,233268.885 419067.899,233251.599 419053.338)))",교량,329,대전광역시 서구 ,36710055,43244,BRG0329000,미분류,목교,,미분류,미분류,22.4,미분류,0,미분류,0,0,22.5,0,3.5,0,0,미분류,미분류,0,0,3.56,미분류,0,0,0,미분류,미분류,0,미분류,미분류,미분류,0,0,,1
"MULTIPOLYGON (((232982.82 418845.8577,232978.4192 418848.098099999,232973.1689 418850.1941,232964.5155 418852.9826,232957.1555 418850.979699999,232952.3293 418853.324200001,232996.9737 418886.9625,232995.88 418876.519300001,232996.1832 418871.300899999,232998.0439 418866.3706,233163.9611 418670.7751,233176.7891 418669.4135,233140.2824 418638.096999999,233146.773 418647.388,232982.82 418845.8577)))",교량,330,대전광역시 서구 ,36710055,125433,BRG0330000,미분류,철근콘크리트교,카이스트교,미분류,미분류,274.5,하천,5,미분류,0,0,273.68,0,25.5,0,0,미분류,미분류,0,0,6,미분류,0,0,0,미분류,미분류,0,미분류,미분류,미분류,0,0,카이스트교,1
"MULTIPOLYGON (((229205.6414 419985.319700001,229186.3701 419946.2301,229170.0095 419965.170600001,229172.4901 419970.040100001,229191.4601 420008.3101,229205.6414 419985.319700001)))",교량,331,대전광역시 유성구 ,36710044,46702,BRG0331000,미분류,철근콘크리트교,죽동교,미분류,미분류,42,하천,4,미분류,0,0,41.53,0,23,0,0,미분류,미분류,0,0,8,미분류,0,0,0,미분류,미분류,0,미분류,미분류,미분류,0,0,죽동교,1
"MULTIPOLYGON (((231362.8301 421954.9572,231332.8901 421931.290100001,231330.3701 421934.270099999,231360.5501 421958.0372,231362.8301 421954.9572)))",교량,332,대전광역시 유성구 ,36710044,131017,BRG0332000,미분류,철근콘크리트교,,미분류,미분류,30,하천,1,미분류,0,0,38.51,0,3.8,0,0,미분류,미분류,0,0,0,미분류,0,0,0,미분류,미분류,0,미분류,미분류,미분류,0,0,,1
"MULTIPOLYGON (((231019.1701 421061.5701,231011.3101 421059.130100001,231010.7301 421061.4301,231018.5201 421063.9201,231019.1701 421061.5701)))",교량,333,대전광역시 유성구 ,36710044,132417,BRG0333000,미분류,철근콘크리트교,,미분류,미분류,8.2,미분류,1,미분류,0,0,8.22,0,2,0,0,미분류,미분류,0,0,0,미분류,0,0,0,미분류,미분류,0,미분류,미분류,미분류,0,0,,1
"MULTIPOLYGON (((230337.3001 421514.5901,230335.2101 421510.3401,230333.7601 421511.940099999,230331.4801 421513.1601,230333.2401 421516.780099999,230337.3001 421514.5901)))",교량,334,대전광역시 유성구 ,36710044,130950,BRG0334000,미분류,철근콘크리트교,,미분류,미분류,4.6,미분류,1,미분류,0,0,4.53,0,4,0,0,미분류,미분류,0,0,0,미분류,0,0,0,미분류,미분류,0,미분류,미분류,미분류,0,0,,1
"MULTIPOLYGON (((231244.3001 422043.220100001,231211.0901 422028.0001,231208.6401 422031.210100001,231195.8801 422047.9801,231208.5601 422053.9301,231209.3501 422054.300100001,231228.7301 422063.4001,231236.8201 422066.3201,231285.2001 422087.1801,231294.1601 422066.0901,231247.2701 422045.370100001,231245.4101 422044.4901,231244.3001 422043.220100001)))",교량,335,대전광역시 유성구 ,36710044,14020,BRG0335000,미분류,철근콘크리트교,탄동교,미분류,미분류,94.4,하천,4,미분류,0,0,95.04,0,22.9,0,0,미분류,미분류,0,0,0,미분류,0,0,0,미분류,미분류,0,미분류,미분류,미분류,0,0,탄동교,1
"MULTIPOLYGON (((230032.0001 421214.780099999,230028.7101 421209.0601,230024.4401 421212.5701,230024.6301 421212.700099999,230026.9801 421216.220100001,230032.0001 421214.780099999)))",교량,336,대전광역시 유성구 ,36710044,130898,BRG0336000,미분류,철근콘크리트교,,미분류,미분류,6.5,미분류,1,미분류,0,0,5.21,0,5.2,0,0,미분류,미분류,0,0,0,미분류,0,0,0,미분류,미분류,0,미분류,미분류,미분류,0,0,,1
"MULTIPOLYGON (((230181.7501 421211.940099999,230180.6401 421205.9001,230172.2001 421207.780099999,230173.3601 421213.3401,230181.7501 421211.940099999)))",교량,337,대전광역시 유성구 ,36710044,132420,BRG0337000,미분류,철근콘크리트교,,미분류,미분류,8.5,미분류,1,미분류,0,0,5.85,0,5.7,0,0,미분류,미분류,0,0,0,미분류,0,0,0,미분류,미분류,0,미분류,미분류,미분류,0,0,,1
"MULTIPOLYGON (((232444.7449 419963.660499999,232444.5891 419909.527100001,232423.6091 419924.407099999,232428.5391 419930.9471,232428.6491 419970.677100001,232444.7449 419963.660499999)))",교량,339,대전광역시 유성구 ,36710045,46939,BRG0339000,미분류,철근콘크리트교,동자교,미분류,미분류,50.2,미분류,1,미분류,0,0,49,0,16,0,0,미분류,미분류,0,0,6,미분류,0,0,0,미분류,미분류,0,미분류,미분류,미분류,0,0,동자교,1
"MULTIPOLYGON (((232880.2211 419812.9321,232881.0006 419816.2125,232878.9334 419819.660399999,232895.8805 419814.999500001,232892.9849 419812.7316,232891.0411 419810.462099999,232865.8511 419774.892100001,232855.3111 419777.402100001,232880.2211 419812.9321)))",교량,341,대전광역시 유성구 ,36710045,43029,BRG0341000,미분류,철근콘크리트교,구성교,미분류,미분류,43.6,미분류,1,미분류,0,0,43.83,0,10.1,0,0,미분류,미분류,0,0,0,미분류,0,0,0,미분류,미분류,0,미분류,미분류,미분류,0,0,구성교,1
"MULTIPOLYGON (((233460.8701 420201.450099999,233460.7001 420199.6401,233458.3501 420200.710100001,233455.1671 420202.417099999,233454.7171 420202.4471,233455.4671 420204.0671,233455.6871 420203.6271,233458.3401 420202.5701,233460.8701 420201.450099999)))",교량,342,대전광역시 유성구 ,36710045,6749,BRG0342000,미분류,철근콘크리트교,,미분류,미분류,6.6,미분류,1,미분류,0,0,6.3,0,1.8,0,0,미분류,미분류,0,0,1.6,미분류,0,0,0,미분류,미분류,0,미분류,미분류,미분류,0,0,,1
"MULTIPOLYGON (((233570.6401 420028.1601,233566.3901 419982.600099999,233562.6401 419982.9101,233566.6601 420028.5101,233570.6401 420028.1601)))",교량,343,대전광역시 유성구 ,36710045,12997,BRG0343000,미분류,철근콘크리트교,새터교,미분류,미분류,45.8,미분류,1,미분류,0,0,45.54,0,4,0,0,미분류,미분류,0,0,4,미분류,0,0,0,미분류,미분류,0,미분류,미분류,미분류,0,0,새터교,1
"MULTIPOLYGON (((232049.023 420521.717599999,232048.443 420519.0976,232035.883 420522.9176,232036.733 420525.647600001,232049.023 420521.717599999)))",교량,344,대전광역시 유성구 ,36710045,7142,BRG0344000,미분류,철근콘크리트교,,미분류,미분류,12.9,하천,0,미분류,0,0,13.16,0,2.9,0,0,미분류,미분류,0,0,2.72,미분류,0,0,0,미분류,미분류,0,미분류,미분류,미분류,0,0,,1
"MULTIPOLYGON (((232041.7601 421172.4101,232039.7801 421162.4801,232000.5801 421170.050100001,232002.4501 421180.0801,232041.7601 421172.4101)))",교량,345,대전광역시 유성구 ,36710045,7138,BRG0345000,미분류,철근콘크리트교,무명교,미분류,미분류,40,하천,1,미분류,0,0,40.42,0,10,0,0,미분류,미분류,0,0,0,미분류,0,0,0,미분류,미분류,0,미분류,미분류,미분류,0,0,무명교,1
"MULTIPOLYGON (((232150.0676 420883.0099,232166.3201 420838.2301,232126.9735 420846.1139,232108.697 420885.2542,232104.4224 420892.007999999,232109.9201 420890.610099999,232150.0676 420883.0099)))",교량,346,대전광역시 유성구 ,36710045,43406,BRG0346000,미분류,철근콘크리트교,신성교,미분류,미분류,35.1,하천,6,미분류,0,0,40.12,0,40,0,0,미분류,미분류,0,0,10,미분류,0,0,0,미분류,미분류,0,미분류,미분류,미분류,0,0,신성교,1
"MULTIPOLYGON (((232040.5491 422101.4081,232031.8471 422093.3749,232025.5551 422101.869100001,232034.2671 422109.720899999,232040.5491 422101.4081)))",교량,347,대전광역시 유성구 ,36710045,45783,BRG0347000,미분류,철근콘크리트교,,미분류,미분류,10.4,미분류,2,미분류,0,0,10.21,0,11.7,0,0,미분류,미분류,0,0,6,미분류,0,0,0,미분류,미분류,0,미분류,미분류,미분류,0,0,,1
"MULTIPOLYGON (((232146.4301 422212.405099999,232145.7201 422211.3749,232142.2501 422213.9551,232143.0201 422214.985099999,232146.4301 422212.405099999)))",교량,348,대전광역시 유성구 ,36710045,17223,BRG0348000,인도교(Foot bridge),강교,,미분류,미분류,1.3,미분류,0,미분류,0,0,4.32,0,4.3,0,0,미분류,미분류,0,0,1.25,미분류,0,0,0,미분류,미분류,0,미분류,미분류,미분류,0,0,,1
"MULTIPOLYGON (((232262.8291 422410.6899,232253.7191 422403.0099,232253.0721 422403.8441,232247.2291 422411.379899999,232253.0721 422415.542099999,232257.1391 422418.4399,232262.8291 422410.6899)))",교량,349,대전광역시 유성구 ,36710045,17223,BRG0349000,미분류,철근콘크리트교,,미분류,미분류,12,미분류,2,미분류,0,0,9.69,0,10.1,0,0,미분류,미분류,0,0,1.54,미분류,0,0,0,미분류,미분류,0,미분류,미분류,미분류,0,0,,1
"MULTIPOLYGON (((233283.1261 420936.404100001,233281.5161 420937.4231,233285.3371 420943.7831,233286.8771 420942.9231,233283.1261 420936.404100001)))",교량,353,대전광역시 유성구 ,36710045,42948,BRG0353000,미분류,철근콘크리트교,,미분류,미분류,7.5,미분류,0,미분류,0,0,7.56,0,1.8,0,0,미분류,미분류,0,0,1.81,미분류,0,0,0,미분류,미분류,0,미분류,미분류,미분류,0,0,,1
"MULTIPOLYGON (((232853.4181 421527.926100001,232841.5681 421528.667099999,232841.7681 421531.4471,232852.9181 421530.766100001,232853.4181 421527.926100001)))",교량,358,대전광역시 유성구 ,36710045,6750,BRG0358000,미분류,철근콘크리트교,,미분류,미분류,11.9,미분류,0,미분류,0,0,12.2,0,2.8,0,0,미분류,미분류,0,0,2.65,미분류,0,0,0,미분류,미분류,0,미분류,미분류,미분류,0,0,,1
"MULTIPOLYGON (((231569.8105 421695.0788,231559.0705 421680.368899999,231545.5176 421688.483899999,231555.8776 421702.7038,231568.6187 421719.760600001,231581.5833 421712.616800001,231569.8105 421695.0788)))",교량,359,대전광역시 유성구 ,36710045,46073,BRG0359000,미분류,철근콘크리트교,신성1교,미분류,미분류,18,하천,2,미분류,0,0,15.86,0,6,0,0,미분류,미분류,0,0,8,미분류,0,0,0,미분류,미분류,0,미분류,미분류,미분류,0,0,신성1교,1
"MULTIPOLYGON (((231450.7901 421841.6601,231468.8028 421816.582800001,231435.9171 421784.7337,231405.3201 421834.5901,231441.1401 421832.7501,231450.7901 421841.6601)))",교량,360,대전광역시 유성구 ,36710045,17265,BRG0360000,미분류,철근콘크리트교,탄동교,미분류,미분류,42,하천,6,미분류,0,0,42.52,0,31,0,0,미분류,미분류,0,0,4,미분류,0,0,0,미분류,미분류,0,미분류,미분류,미분류,0,0,탄동교,1
"MULTIPOLYGON (((231957.2039 421519.972100001,231975.954 421520.9005,231975.9302 421518.646600001,231957.1768 421517.398399999,231957.2039 421519.972100001)))",교량,361,대전광역시 유성구 ,36710045,130739,BRG0361000,미분류,철근콘크리트교,,미분류,미분류,11.1,미분류,1,미분류,0,0,18.81,0,4,0,0,미분류,미분류,0,0,2.38,미분류,0,0,0,미분류,미분류,0,미분류,미분류,미분류,0,0,,1
"MULTIPOLYGON (((229783.666 418946.9826,229774.006 418944.027799999,229773.2171 418945.093,229771.571 418949.5832,229771.2257 418951.191299999,229779.9618 418953.332599999,229783.666 418946.9826)))",교량,362,대전광역시 유성구 ,36710054,125729,BRG0362000,미분류,철근콘크리트교,,미분류,미분류,7.49,일반도로,1,미분류,0,0,7.49,0,9.96,0,0,미분류,미분류,0,0,4.77,미분류,0,0,0,미분류,미분류,0,미분류,미분류,미분류,0,0,,1
"MULTIPOLYGON (((229737.6102 418515.560000001,229736.79 418499.98,229696.85 418502.0601,229697.66 418517.640000001,229737.6102 418515.560000001)))",교량,363,대전광역시 유성구 ,36710054,13997,BRG0363000,미분류,철근콘크리트교,유성IC육교,미분류,미분류,40.57,일반도로,2,미분류,0,0,40.57,0,15.37,0,0,미분류,미분류,0,0,0,미분류,0,0,0,미분류,미분류,0,미분류,미분류,미분류,0,0,유성IC육교,1
"MULTIPOLYGON (((230145.0501 421474.5001,230141.64 421450.199999999,230086.55 421459.539999999,230090.7001 421483.6801,230104.2536 421481.390900001,230125.7649 421477.7575,230145.0501 421474.5001)))",교량,364,대전광역시 유성구 ,36710044,14018,BRG0364000,미분류,철근콘크리트교,하기3교,미분류,미분류,55.76,일반도로,4,미분류,0,0,55.76,0,24.45,0,0,미분류,미분류,0,0,0,미분류,0,0,0,미분류,미분류,0,미분류,미분류,미분류,0,0,하기3교,1
"MULTIPOLYGON (((229737.781 421543.004000001,229737.385 421518.859999999,229728.3611 421520.3961,229728.6401 421544.529999999,229737.781 421543.004000001)))",교량,365,대전광역시 유성구 ,36710044,14018,BRG0365000,미분류,철근콘크리트교,하기2교,미분류,미분류,9.32,일반도로,4,미분류,0,0,9.32,0,24.61,0,0,미분류,미분류,0,0,0,미분류,0,0,0,미분류,미분류,0,미분류,미분류,미분류,0,0,하기2교,1
"MULTIPOLYGON (((230321.1582 421220.219900001,230288.5603 421205.509299999,230275.7071 421235.5743,230308.1663 421249.438100001,230321.1582 421220.219900001)))",교량,366,대전광역시 유성구 ,36710044,46157,BRG0366000,미분류,철근콘크리트교,하기2교,미분류,미분류,30,일반도로,6,미분류,0,0,30,0,36.13,0,0,미분류,미분류,0,0,8,미분류,0,0,0,미분류,미분류,0,미분류,미분류,미분류,0,0,하기2교,1
"MULTIPOLYGON (((230396.4531 420994.450099999,230381.3211 420965.034,230364.9701 421005.41,230370.77 421018.770099999,230377.78 421036.110099999,230380.7601 421044.5,230384.71 421056.3901,230389.32 421071.380100001,230390.6301 421076.380000001,230412.37 421024.790100001,230396.4531 420994.450099999)))",교량,367,대전광역시 유성구 ,36710044,14027,BRG0367000,미분류,철근콘크리트교,하기1교,미분류,미분류,68.88,일반도로,6,미분류,0,0,68.88,0,37.78,0,0,미분류,미분류,0,0,0,미분류,0,0,0,미분류,미분류,0,미분류,미분류,미분류,0,0,하기1교,1
"MULTIPOLYGON (((230544.1101 421324.449999999,230516.71 421264.190099999,230483.5801 421266.800000001,230510.95 421326.9801,230544.1101 421324.449999999)))",교량,368,대전광역시 유성구 ,36710044,14023,BRG0368000,미분류,철근콘크리트교,유성JCT교,미분류,미분류,66.41,일반도로,4,미분류,0,0,66.41,0,32.2,0,0,미분류,미분류,0,0,0,미분류,0,0,0,미분류,미분류,0,미분류,미분류,미분류,0,0,유성JCT교,1
"MULTIPOLYGON (((230655.6301 421335.869999999,230655.5101 421326.7401,230647.32 421326.870100001,230647.3701 421342.01,230646.8 421350.360200001,230645.24 421361.869999999,230643.1301 421371.8401,230640.2301 421380.950099999,230639.2601 421383.780099999,230634.3902 421394.609999999,230630.38 421402.620100001,230624.58 421412.120100001,230619.13 421419.720100001,230613.6701 421426.520099999,230608.4701 421432.120100001,230603.0201 421437.51,230595.25 421443.960100001,230588.5301 421448.800000001,230580.59 421454.279999999,230567.5901 421460.550000001,230562.02 421463.1601,230550.4701 421467.100199999,230540.92 421470.029999999,230532.2401 421471.77,230533.5101 421480.34,230536.8201 421479.790100001,230544.9801 421477.950099999,230553.4401 421475.5001,230561.32 421472.8401,230569.62 421469.42,230575.7 421466.359999999,230582.29 421462.800000001,230588.19 421459.08,230593.7601 421455.310000001,230600.1501 421450.6401,230606.18 421445.440099999,230612.4501 421439.620100001,230618.7701 421433.0801,230624.11 421427.0001,230629.9201 421419.190099999,230635.32 421410.7501,230639.24 421403.5001,230644.4801 421392.130000001,230649.89 421377.279899999,230652.01 421368.4,230653.7601 421359.800000001,230654.95 421350.869999999,230655.3601 421344.550000001,230655.6301 421335.869999999)))",교량,369,대전광역시 유성구 ,36710044,14038,BRG0369000,미분류,철근콘크리트교,유성JCT2교,미분류,미분류,209,일반도로,1,미분류,0,0,209,0,9.26,0,0,미분류,미분류,0,0,0,미분류,0,0,0,미분류,미분류,0,미분류,미분류,미분류,0,0,유성JCT2교,1
"MULTIPOLYGON (((230394.9001 421249.7401,230387.2901 421247.27,230381.36 421264.039999999,230389.1601 421266.600099999,230394.9001 421249.7401)))",교량,370,대전광역시 유성구 ,36710044,14035,BRG0370000,미분류,철근콘크리트교,유성JCT1교,미분류,미분류,17.5,일반도로,1,미분류,0,0,17.5,0,8.37,0,0,미분류,미분류,0,0,0,미분류,0,0,0,미분류,미분류,0,미분류,미분류,미분류,0,0,유성JCT1교,1
"MULTIPOLYGON (((231940.881 422041.102499999,231917.2171 422031.588,231911.219 422047.413000001,231934.3086 422056.660599999,231940.881 422041.102499999)))",교량,371,대전광역시 유성구 ,36710045,45783,BRG0371000,미분류,철근콘크리트교,장동교,미분류,미분류,16.85,일반도로,5,미분류,0,0,16.85,0,26.04,0,0,미분류,미분류,0,0,7,미분류,0,0,0,미분류,미분류,0,미분류,미분류,미분류,0,0,장동교,1
"MULTIPOLYGON (((231914.1223 421966.352700001,231881.3023 421955.726,231873.0824 421976.354900001,231905.6531 421986.395,231914.1223 421966.352700001)))",교량,372,대전광역시 유성구 ,36710045,130750,BRG0372000,미분류,철근콘크리트교,추목천교,미분류,미분류,28.46,일반도로,4,미분류,0,0,28.46,0,21.34,0,0,미분류,미분류,0,0,6,미분류,0,0,0,미분류,미분류,0,미분류,미분류,미분류,0,0,추목천교,1
"MULTIPOLYGON (((226454.6001 419683.1501,226448.4701 419680.440099999,226446.9501 419683.9201,226453.1201 419686.4001,226454.6001 419683.1501)))",교량,373,대전광역시 유성구 ,36710052,6831,BRG0373000,미분류,철근콘크리트교,,미분류,미분류,6.9,미분류,1,미분류,0,0,7.12,0,3.9,0,0,미분류,미분류,0,0,0,미분류,0,0,0,미분류,미분류,0,미분류,미분류,미분류,0,0,,1
"MULTIPOLYGON (((226027.0801 419018.120100001,226025.5301 419009.360099999,226025.2101 419009.440099999,226015.7401 419011.8301,226017.3101 419020.0701,226025.1801 419018.5001,226027.0801 419018.120100001)))",교량,374,대전광역시 유성구 ,36710052,6952,BRG0374000,미분류,철근콘크리트교,,미분류,미분류,10,미분류,1,미분류,0,0,9.44,0,8.2,0,0,미분류,미분류,0,0,0,미분류,0,0,0,미분류,미분류,0,미분류,미분류,미분류,0,0,,1
"MULTIPOLYGON (((227713.119 418687.7256,227704.7826 418680.5044,227697.5401 418690.960100001,227671.9201 418727.9801,227679.5201 418735.4301,227713.119 418687.7256)))",교량,375,대전광역시 유성구 ,36710053,45073,BRG0375000,미분류,철근콘크리트교,구암고가교,미분류,미분류,50,미분류,1,미분류,0,0,51.46,0,11,0,0,미분류,미분류,0,0,0,미분류,0,0,0,미분류,미분류,0,미분류,미분류,미분류,0,0,구암고가교,1
"MULTIPOLYGON (((226286.1301 419822.120100001,226284.0701 419816.4801,226273.9501 419820.0701,226275.8901 419825.7501,226286.1301 419822.120100001)))",교량,376,대전광역시 유성구 ,36710042,6831,BRG0376000,미분류,철근콘크리트교,,미분류,미분류,6,미분류,1,미분류,0,0,5.88,0,11,0,0,미분류,미분류,0,0,0,미분류,0,0,0,미분류,미분류,0,미분류,미분류,미분류,0,0,,1
"MULTIPOLYGON (((226614.5501 419768.8901,226612.6601 419758.5901,226605.7601 419759.8901,226607.9901 419770.290100001,226614.5501 419768.8901)))",교량,377,대전광역시 유성구 ,36710042,6833,BRG0377000,미분류,철근콘크리트교,,미분류,미분류,7,미분류,1,미분류,0,0,6.87,0,10.5,0,0,미분류,미분류,0,0,0,미분류,0,0,0,미분류,미분류,0,미분류,미분류,미분류,0,0,,1
"MULTIPOLYGON (((226781.1921 421196.608100001,226777.4031 421193.5821,226763.3849 421209.3488,226758.1302 421210.066500001,226768.09 421218.559,226767.3536 421213.0529,226781.1921 421196.608100001)))",교량,378,대전광역시 유성구 ,36710042,43419,BRG0378000,미분류,철근콘크리트교,자미성교,미분류,미분류,25,하천,1,미분류,0,0,21.3,0,5.2,0,0,미분류,미분류,0,0,0,미분류,0,0,0,미분류,미분류,0,미분류,미분류,미분류,0,0,자미성교,1
"MULTIPOLYGON (((228012.4701 422465.5901,228008.7201 422463.4001,228004.1201 422471.3901,228007.7701 422473.280099999,228012.4701 422465.5901)))",교량,379,대전광역시 유성구 ,36710043,130516,BRG0379000,미분류,철근콘크리트교,,미분류,미분류,9.2,미분류,1,미분류,0,0,9.07,0,4.3,0,0,미분류,미분류,0,0,0,미분류,0,0,0,미분류,미분류,0,미분류,미분류,미분류,0,0,,1
"MULTIPOLYGON (((228152.4001 422391.0001,228152.3501 422390.860099999,228150.2501 422392.030099999,228152.9501 422395.8901,228154.9701 422394.5001,228152.4001 422391.0001)))",교량,380,대전광역시 유성구 ,36710043,107965,BRG0380000,미분류,철근콘크리트교,,미분류,미분류,4.5,미분류,1,미분류,0,0,4.63,0,2.5,0,0,미분류,미분류,0,0,2.48,미분류,0,0,0,미분류,미분류,0,미분류,미분류,미분류,0,0,,1
"MULTIPOLYGON (((227816.5901 421295.110099999,227817.2301 421293.770099999,227812.7301 421295.720100001,227795.8401 421299.0701,227782.1701 421333.300100001,227803.2501 421328.6401,227812.7001 421304.880100001,227816.5901 421295.110099999)))",교량,381,대전광역시 유성구 ,36710043,46560,BRG0381000,미분류,철근콘크리트교,자족2교,미분류,미분류,36,하천,2,미분류,0,0,35.92,0,18,0,0,미분류,미분류,0,0,6,미분류,0,0,0,미분류,미분류,0,미분류,미분류,미분류,0,0,자족2교,1
"MULTIPOLYGON (((227684.3601 421324.470100001,227684.2401 421322.5101,227679.3401 421322.710100001,227679.8701 421324.880100001,227682.3801 421345.940099999,227682.5601 421347.020099999,227686.7001 421346.4001,227684.3601 421324.470100001)))",교량,382,대전광역시 유성구 ,36710043,132369,BRG0382000,미분류,철근콘크리트교,,미분류,미분류,27,하천,1,미분류,0,0,24.55,0,4.4,0,0,미분류,미분류,0,0,4.31,미분류,0,0,0,미분류,미분류,0,미분류,미분류,미분류,0,0,,1
"MULTIPOLYGON (((228048.2457 421283.638499999,228057.1601 421250.6501,228030.0426 421251.354599999,228021.1826 421286.442,228048.2457 421283.638499999)))",교량,383,대전광역시 유성구 ,36710043,46958,BRG0383000,미분류,철근콘크리트교,지족1교,미분류,미분류,32,하천,4,미분류,0,0,32.28,0,26,0,0,미분류,미분류,0,0,12,미분류,0,0,0,미분류,미분류,0,미분류,미분류,미분류,0,0,지족1교,1
"MULTIPOLYGON (((228526.3576 421157.1447,228561.4501 421098.1501,228484.4401 421124.610099999,228451.6701 421179.190099999,228453.7601 421178.470100001,228526.3576 421157.1447)))",교량,384,대전광역시 유성구 ,36710043,46908,BRG0384000,미분류,철근콘크리트교,반석교,미분류,미분류,63,하천,10,미분류,0,0,63.75,0,53,0,0,미분류,미분류,0,0,10,미분류,0,0,0,미분류,미분류,0,미분류,미분류,미분류,0,0,반석교,1
"MULTIPOLYGON (((228636.4001 421091.050100001,228602.6901 421071.050100001,228573.6101 421090.8101,228607.2201 421110.8401,228636.4001 421091.050100001)))",교량,385,대전광역시 유성구 ,36710043,46839,BRG0385000,미분류,철근콘크리트교,하지2교,미분류,미분류,39,하천,5,미분류,0,0,39.16,0,32,0,0,미분류,미분류,0,0,8,미분류,0,0,0,미분류,미분류,0,미분류,미분류,미분류,0,0,하지2교,1
"MULTIPOLYGON (((228834.3301 420889.7501,228819.2401 420855.8201,228786.4201 420882.3901,228801.7301 420916.270099999,228834.3301 420889.7501)))",교량,386,대전광역시 유성구 ,36710043,46865,BRG0386000,미분류,철근콘크리트교,하기1교,미분류,미분류,37,하천,6,미분류,0,0,37,0,41,0,0,미분류,미분류,0,0,9,미분류,0,0,0,미분류,미분류,0,미분류,미분류,미분류,0,0,하기1교,1
"MULTIPOLYGON (((228999.0201 420689.630100001,228958.2101 420670.2601,228953.1301 420680.850099999,228993.9201 420700.470100001,228999.0201 420689.630100001)))",교량,387,대전광역시 유성구 ,36710043,46346,BRG0387000,미분류,철근콘크리트교,침신교,미분류,미분류,36,하천,2,미분류,0,0,44.74,0,12,0,0,미분류,미분류,0,0,4,미분류,0,0,0,미분류,미분류,0,미분류,미분류,미분류,0,0,침신교,1
"MULTIPOLYGON (((229111.6901 420396.0801,229077.9501 420381.350099999,229071.6402 420403.3531,229107.9601 420419.1501,229111.6901 420396.0801)))",교량,388,대전광역시 유성구 ,36710043,46720,BRG0388000,미분류,철근콘크리트교,죽전교,미분류,미분류,36,하천,4,미분류,0,0,37.49,0,23,0,0,미분류,미분류,0,0,7,미분류,0,0,0,미분류,미분류,0,미분류,미분류,미분류,0,0,죽전교,1
"MULTIPOLYGON (((226569.7101 419696.300100001,226564.9001 419691.4101,226559.6701 419696.270099999,226557.8001 419698.0101,226566.7601 419707.0901,226573.8101 419700.470100001,226569.7101 419696.300100001)))",교량,389,대전광역시 유성구 ,36710042,6833,BRG0389000,미분류,철근콘크리트교,,미분류,미분류,9.7,미분류,2,미분류,0,0,10.48,0,12.8,0,0,미분류,미분류,0,0,2.62,미분류,0,0,0,미분류,미분류,0,미분류,미분류,미분류,0,0,,1
"MULTIPOLYGON (((227179.513 421283.040100001,227159.125 421278.5241,227154.9201 421300.699999999,227146.8332 421305.9509,227180.1101 421313.789999999,227174.7891 421305.7861,227179.513 421283.040100001)))",교량,390,대전광역시 유성구 ,36710043,46735,BRG0390000,미분류,철근콘크리트교,우산봉교,미분류,미분류,29.73,일반도로,3,미분류,0,0,29.73,0,20.61,0,0,미분류,미분류,0,0,4.36,미분류,0,0,0,미분류,미분류,0,미분류,미분류,미분류,0,0,우산봉교,1
"MULTIPOLYGON (((227595.0134 421374.556299999,227609.8 421331.8901,227582.9987 421344.4792,227571.5511 421378.9331,227595.0134 421374.556299999)))",교량,391,대전광역시 유성구 ,36710043,46631,BRG0391000,미분류,철근콘크리트교,지족3교,미분류,미분류,37.65,일반도로,4,미분류,0,0,37.65,0,22,0,0,미분류,미분류,0,0,6,미분류,0,0,0,미분류,미분류,0,미분류,미분류,미분류,0,0,지족3교,1
"MULTIPOLYGON (((229018.13 419803.3901,229014.04 419801.59,229004.8628 419819.2061,228990.7404 419846.314300001,228985.8299 419855.74,228989.98 419858.0701,228994.8706 419848.5702,229008.8369 419821.4418,229018.13 419803.3901)))",교량,392,대전광역시 유성구 ,36710043,107723,BRG0392000,미분류,철근콘크리트교,,미분류,미분류,61.77,일반도로,0,미분류,0,0,61.77,0,4.04,0,0,미분류,미분류,0,0,4.04,미분류,0,0,0,미분류,미분류,0,미분류,미분류,미분류,0,0,,1
"MULTIPOLYGON (((230790.73 421697.3201,230748.49 421735.870200001,230754.2501 421743.59,230797.27 421703.530200001,230790.73 421697.3201)))",교량,393,대전광역시 유성구 ,36710044,35426,BRG0393000,미분류,철근콘크리트교,자운육교,미분류,미분류,40.7,미분류,1,미분류,0,0,58.06,0,5,0,0,미분류,미분류,0,0,0,미분류,0,0,0,미분류,미분류,0,미분류,미분류,미분류,0,0,자운육교,1
"MULTIPOLYGON (((228303.55 422065.0801,228306.6201 422033.189999999,228255.7563 422068.2883,228253.4468 422069.881999999,228251.213 422071.4235,228230.8771 422085.4561,228189.7 422113.870100001,228108.795 422169.188999999,228103.5504 422172.7751,228083.96 422186.1701,228007.73 422237.800000001,227999.1915 422243.697699999,227933.5601 422289.030200001,227904.2401 422309.08,227895.8556 422314.8135,227885.2 422322.100099999,227866.3492 422335.238700001,227853.4492 422344.23,227839.7827 422353.755100001,227827.5868 422362.2555,227818.01 422368.9301,227779.7827 422394.6863,227777.2002 422396.426200001,227763.5734 422405.6073,227754.4905 422411.7271,227730.5901 422427.8301,227704.96 422445.359999999,227694.0901 422452.76,227672.1301 422467.380100001,227663.6701 422473.030099999,227664.447 422473.986099999,227670.96 422482.860099999,227653.89 422494.2401,227661.2101 422504.66,227706.04 422474.120100001,227731.3533 422456.8441,227740.0685 422450.896299999,227741.0301 422450.24,227758.761 422438.124399999,227775.1679 422426.913699999,227800.1808 422409.8224,227826.0841 422392.1227,227846.1221 422378.4307,227872.366 422360.498199999,227881.8642 422354.008099999,228031.8101 422251.550000001,228115.3571 422194.4893,228119.9222 422191.371400001,228184.45 422147.300100001,228270.7691 422087.7103,228294.2548 422071.497099999,228303.55 422065.0801)))",교량,394,대전광역시 유성구 ,36710043,14006,BRG0394000,미분류,철근콘크리트교,유성교,미분류,미분류,790.24,일반도로,4,미분류,0,0,790.24,0,24.83,0,0,미분류,미분류,0,0,0,미분류,0,0,0,미분류,미분류,0,미분류,미분류,미분류,0,0,유성교,1
"MULTIPOLYGON (((227477.7701 406200.600099999,227475.6401 406194.894099999,227467.5351 406198.3751,227470.7061 406204.601,227477.7701 406200.600099999)))",교량,395,대전광역시 서구 ,36710093,98742,BRG0395000,미분류,철근콘크리트교,,미분류,미분류,8.8,하천,1,미분류,0,0,8.2,0,6.1,0,0,미분류,미분류,0,0,0,미분류,0,0,0,미분류,미분류,0,미분류,미분류,미분류,0,0,,1
"MULTIPOLYGON (((227008.6701 406068.210100001,227007.4801 406065.210100001,227000.4201 406065.6601,227001.8601 406069.1801,227008.6701 406068.210100001)))",교량,396,대전광역시 서구 ,36710093,98914,BRG0396000,미분류,철근콘크리트교,,미분류,미분류,8.7,하천,1,미분류,0,0,6.96,0,7,0,0,미분류,미분류,0,0,0,미분류,0,0,0,미분류,미분류,0,미분류,미분류,미분류,0,0,,1
"MULTIPOLYGON (((227442.8181 406500.1171,227449.8721 406487.5941,227447.4261 406488.3301,227389.6291 406452.898,227388.9621 406450.0351,227381.9091 406461.7411,227384.4651 406461.175100001,227441.9771 406497.127,227442.8181 406500.1171)))",교량,397,대전광역시 서구 ,36710093,100315,BRG0397000,미분류,철근콘크리트교,원정교,미분류,미분류,72,하천,2,미분류,0,0,71.65,0,9.8,0,0,미분류,미분류,0,0,0,미분류,0,0,0,미분류,미분류,0,미분류,미분류,미분류,0,0,원정교,1
"MULTIPOLYGON (((227320.9801 406386.4581,227316.2521 406379.790100001,227310.7011 406388.2421,227316.0491 406393.8421,227320.9801 406386.4581)))",교량,398,대전광역시 서구 ,36710093,100820,BRG0398000,미분류,철근콘크리트교,,미분류,미분류,9.5,하천,1,미분류,0,0,9.04,0,5,0,0,미분류,미분류,0,0,0,미분류,0,0,0,미분류,미분류,0,미분류,미분류,미분류,0,0,,1
"MULTIPOLYGON (((227239.7401 406684.7301,227246.5501 406679.380100001,227251.0501 406674.6401,227254.5601 406670.3201,227256.6301 406666.4901,227259.4601 406658.520099999,227264.5261 406645.1182,227257.1382 406642.0579,227251.6001 406658.8101,227248.0401 406666.780099999,227243.8401 406671.8201,227238.7901 406676.620100001,227233.3401 406679.790100001,227226.9801 406682.620100001,227221.8401 406683.520099999,227220.6301 406683.4901,227212.7181 406683.2501,227211.6501 406683.210100001,227186.5061 406679.1721,227173.9721 406677.1581,227134.2299 406670.4132,227133.2903 406678.2689,227163.6791 406683.0801,227177.7871 406685.302100001,227209.7701 406690.3401,227210.7901 406690.414100001,227218.6131 406690.9811,227219.5601 406691.050100001,227226.4201 406690.040100001,227233.0801 406687.8301,227239.7401 406684.7301)))",교량,399,대전광역시 서구 ,36710093,56948,BRG0399000,미분류,철근콘크리트교,원정구름다리교,미분류,미분류,145,미분류,2,미분류,0,0,150.64,0,15,0,0,미분류,미분류,0,0,0,미분류,0,0,0,미분류,미분류,0,미분류,미분류,미분류,0,0,원정구름다리교,1
"MULTIPOLYGON (((227590.7601 406718.0901,227588.8901 406715.550100001,227584.9301 406721.030099999,227584.6991 406721.4441,227587.1271 406723.495100001,227587.1801 406723.1601,227587.4601 406722.6501,227590.7601 406718.0901)))",교량,400,대전광역시 서구 ,36710093,99495,BRG0400000,미분류,철근콘크리트교,,미분류,미분류,7,하천,1,미분류,0,0,6.56,0,3,0,0,미분류,미분류,0,0,0,미분류,0,0,0,미분류,미분류,0,미분류,미분류,미분류,0,0,,1
"MULTIPOLYGON (((227498.4401 406223.460100001,227496.8601 406222.0701,227492.5901 406226.8901,227494.1601 406228.280099999,227498.4401 406223.460100001)))",교량,401,대전광역시 서구 ,36710093,56195,BRG0401000,미분류,철근콘크리트교,,미분류,미분류,6.4,하천,1,미분류,0,0,6.5,0,2.1,0,0,미분류,미분류,0,0,0,미분류,0,0,0,미분류,미분류,0,미분류,미분류,미분류,0,0,,1
"MULTIPOLYGON (((227684.6181 407252.120100001,227684.0771 407249.2141,227679.2421 407249.599099999,227679.6611 407252.7301,227684.6181 407252.120100001)))",교량,402,대전광역시 서구 ,36710093,100718,BRG0402000,미분류,철근콘크리트교,,미분류,미분류,4.9,하천,1,미분류,0,0,5.14,0,3,0,0,미분류,미분류,0,0,0,미분류,0,0,0,미분류,미분류,0,미분류,미분류,미분류,0,0,,1
"MULTIPOLYGON (((228663.1591 405898.988299999,228665.9459 405898.086200001,228658.22 405893.4287,228657.5214 405897.109300001,228577.6999 405968.7579,228574.6444 405970.228599999,228581.9891 405974.846799999,228582.1874 405972.531400001,228663.1591 405898.988299999)))",교량,403,대전광역시 서구 ,36710093,98787,BRG0403000,미분류,철근콘크리트교,정뱅이다리,미분류,미분류,54,하천,1,미분류,0,0,104.4,0,6,0,0,미분류,미분류,0,0,0,미분류,0,0,0,미분류,미분류,0,미분류,미분류,미분류,0,0,정뱅이다리,1
"MULTIPOLYGON (((228861.9801 408456.4801,228861.5401 408454.020099999,228857.3101 408454.360099999,228857.7901 408457.199999999,228861.9801 408456.4801)))",교량,404,대전광역시 서구 ,36710093,99479,BRG0404000,미분류,철근콘크리트교,,미분류,미분류,4.3,하천,1,미분류,0,0,4.28,0,3,0,0,미분류,미분류,0,0,0,미분류,0,0,0,미분류,미분류,0,미분류,미분류,미분류,0,0,,1
"MULTIPOLYGON (((229125.9501 407940.280099999,229123.1901 407938.9301,229122.0401 407943.6601,229124.8601 407944.780099999,229125.9501 407940.280099999)))",교량,406,대전광역시 서구 ,36710093,100569,BRG0406000,미분류,철근콘크리트교,,미분류,미분류,4.6,하천,1,미분류,0,0,4.7,0,3,0,0,미분류,미분류,0,0,0,미분류,0,0,0,미분류,미분류,0,미분류,미분류,미분류,0,0,,1
"MULTIPOLYGON (((231024.7901 407139.270099999,231026.2501 407135.01,231021.1201 407135.370100001,231020.5801 407139.2301,231024.7901 407139.270099999)))",교량,407,대전광역시 서구 ,36710094,99424,BRG0407000,미분류,철근콘크리트교,,미분류,미분류,4.5,하천,1,미분류,0,0,5.42,0,4,0,0,미분류,미분류,0,0,0,미분류,0,0,0,미분류,미분류,0,미분류,미분류,미분류,0,0,,1
"MULTIPOLYGON (((231102.5381 406909.1251,231101.5471 406905.724099999,231096.8001 406912.8301,231098.9961 406914.800100001,231102.5381 406909.1251)))",교량,408,대전광역시 서구 ,36710094,99045,BRG0408000,미분류,철근콘크리트교,,미분류,미분류,7.5,하천,1,미분류,0,0,2.97,0,3,0,0,미분류,미분류,0,0,0,미분류,0,0,0,미분류,미분류,0,미분류,미분류,미분류,0,0,,1
"MULTIPOLYGON (((230728.7561 407226.437000001,230728.2641 407223.463,230660.4121 407241.6281,230657.2921 407241.9461,230659.8711 407245.391100001,230664.7881 407243.562000001,230728.7561 407226.437000001)))",교량,409,대전광역시 서구 ,36710094,99042,BRG0409000,미분류,철근콘크리트교,,미분류,미분류,70,하천,1,미분류,0,0,71.5,0,3,0,0,미분류,미분류,0,0,0,미분류,0,0,0,미분류,미분류,0,미분류,미분류,미분류,0,0,,1
"MULTIPOLYGON (((230553.9501 408189.440099999,230496.6601 408106.3201,230492.5801 408109.220100001,230549.8201 408192.26,230553.9501 408189.440099999)))",교량,410,대전광역시 서구 ,36710094,103366,BRG0410000,미분류,철근콘크리트교,,미분류,미분류,100,하천,1,미분류,0,0,100.81,0,5,0,0,미분류,미분류,0,0,0,미분류,0,0,0,미분류,미분류,0,미분류,미분류,미분류,0,0,,1
"MULTIPOLYGON (((231017.9321 408237.6961,231019.0491 408234.5941,231018.3781 408234.635,231012.0011 408235.2871,231010.6601 408238.5901,231011.6231 408238.3411,231017.9321 408237.6961)))",교량,411,대전광역시 서구 ,36710094,103353,BRG0411000,미분류,철근콘크리트교,,미분류,미분류,7.5,하천,1,미분류,0,0,7.06,0,3,0,0,미분류,미분류,0,0,0,미분류,0,0,0,미분류,미분류,0,미분류,미분류,미분류,0,0,,1
"MULTIPOLYGON (((230471.6901 406393.120100001,230463.3301 406367.5801,230440.7501 406393.0101,230435.0601 406399.4301,230448.8901 406441.440099999,230477.1601 406409.850099999,230471.6901 406393.120100001)))",교량,412,대전광역시 서구 ,36710094,98477,BRG0412000,미분류,강교,,미분류,미분류,42.4,철도,0,미분류,0,0,43.87,0,44.2,0,0,미분류,미분류,0,0,0,미분류,0,0,0,미분류,미분류,0,미분류,미분류,미분류,0,0,,1
"MULTIPOLYGON (((230801.0901 405859.470100001,230798.2801 405857.4001,230797.6401 405858.4301,230800.4201 405860.4101,230801.0901 405859.470100001)))",교량,413,대전광역시 서구 ,36710094,3560,BRG0413000,미분류,철근콘크리트교,,미분류,미분류,3.4,미분류,1,미분류,0,0,3.46,0,1.2,0,0,미분류,미분류,0,0,0,미분류,0,0,0,미분류,미분류,0,미분류,미분류,미분류,0,0,,1
"MULTIPOLYGON (((230688.7001 406090.4301,230682.8901 406090.4001,230683.0001 406100.3301,230688.4601 406100.5001,230688.6801 406094.700099999,230688.7001 406090.4301)))",교량,414,대전광역시 서구 ,36710094,98630,BRG0414000,미분류,철근콘크리트교,금평교,미분류,미분류,10,미분류,1,미분류,0,0,10.05,0,5.5,0,0,미분류,미분류,0,0,0,미분류,0,0,0,미분류,미분류,0,미분류,미분류,미분류,0,0,금평교,1
"MULTIPOLYGON (((230128.9001 405867.960100001,230125.9801 405866.5801,230124.5201 405869.620100001,230127.1801 405870.9801,230128.9001 405867.960100001)))",교량,415,대전광역시 서구 ,36710094,18249,BRG0415000,미분류,철근콘크리트교,,미분류,미분류,3.5,미분류,0,미분류,0,0,3.51,0,3,0,0,미분류,미분류,0,0,0,미분류,0,0,0,미분류,미분류,0,미분류,미분류,미분류,0,0,,1
"MULTIPOLYGON (((230541.6001 406290.440099999,230518.7901 406276.3301,230505.4401 406297.470100001,230529.2001 406312.1601,230533.3701 406314.350099999,230548.3951 406322.0767,230557.9073 406306.316099999,230561.2072 406300.480900001,230557.0401 406298.3301,230544.8301 406292.130100001,230541.6001 406290.440099999)))",교량,416,대전광역시 서구 ,36710094,33837,BRG0416000,미분류,철근콘크리트교,매노교,미분류,미분류,47.8,미분류,4,미분류,0,0,47.17,0,25,0,0,미분류,미분류,0,0,3.27,미분류,0,0,0,미분류,미분류,0,미분류,미분류,미분류,0,0,매노교,1
"MULTIPOLYGON (((230490.2201 406612.280099999,230489.1401 406606.550100001,230466.6001 406632.0701,230467.6401 406637.8401,230490.2201 406612.280099999)))",교량,417,대전광역시 서구 ,36710094,103603,BRG0417000,미분류,철근콘크리트교,조평교,미분류,미분류,34.1,미분류,1,미분류,0,0,34.4,0,4.6,0,0,미분류,미분류,0,0,0,미분류,0,0,0,미분류,미분류,0,미분류,미분류,미분류,0,0,조평교,1
"MULTIPOLYGON (((231206.1301 406077.720100001,231201.3201 406076.350099999,231200.3201 406080.1601,231205.2001 406081.2601,231206.1301 406077.720100001)))",교량,418,대전광역시 서구 ,36710094,98904,BRG0418000,미분류,철근콘크리트교,,미분류,미분류,3.7,미분류,1,미분류,0,0,3.78,0,5,0,0,미분류,미분류,0,0,0,미분류,0,0,0,미분류,미분류,0,미분류,미분류,미분류,0,0,,1
"MULTIPOLYGON (((231177.7501 406067.380100001,231171.3301 406065.0801,231168.8901 406068.0701,231175.5501 406070.4101,231177.7501 406067.380100001)))",교량,419,대전광역시 서구 ,36710094,98882,BRG0419000,미분류,철근콘크리트교,,미분류,미분류,3.7,미분류,1,미분류,0,0,3.93,0,6.8,0,0,미분류,미분류,0,0,0,미분류,0,0,0,미분류,미분류,0,미분류,미분류,미분류,0,0,,1
"MULTIPOLYGON (((229843.6201 407668.9801,229837.3501 407665.860099999,229791.4101 407759.5701,229797.5901 407762.9001,229843.6201 407668.9801)))",교량,420,대전광역시 서구 ,36710094,103580,BRG0420000,미분류,철근콘크리트교,봉곡교,미분류,미분류,104,하천,1,미분류,0,0,104.2,0,7,0,0,미분류,미분류,0,0,0,미분류,0,0,0,미분류,미분류,0,미분류,미분류,미분류,0,0,봉곡교,1
"MULTIPOLYGON (((229454.9301 407280.26,229453.9501 407277.470100001,229451.5701 407277.800100001,229452.8501 407280.9001,229454.9301 407280.26)))",교량,421,대전광역시 서구 ,36710094,100196,BRG0421000,미분류,철근콘크리트교,,미분류,미분류,2.5,하천,1,미분류,0,0,2.26,0,3,0,0,미분류,미분류,0,0,0,미분류,0,0,0,미분류,미분류,0,미분류,미분류,미분류,0,0,,1
"MULTIPOLYGON (((229331.6891 408163.6051,229330.1291 408160.459100001,229325.0051 408163.4581,229326.5111 408166.632099999,229331.6891 408163.6051)))",교량,422,대전광역시 서구 ,36710094,99707,BRG0422000,미분류,철근콘크리트교,,미분류,미분류,7,하천,1,미분류,0,0,6.58,0,4,0,0,미분류,미분류,0,0,0,미분류,0,0,0,미분류,미분류,0,미분류,미분류,미분류,0,0,,1
"MULTIPOLYGON (((229499.8701 408129.630100001,229491.7801 408127.1401,229464.3625 408163.890699999,229470.6061 408166.493000001,229476.6549 408159.0736,229476.8082 408158.8464,229499.8701 408129.630100001)))",교량,423,대전광역시 서구 ,36710094,100197,BRG0423000,미분류,철근콘크리트교,금곡교,미분류,미분류,36,하천,1,미분류,0,0,37.29,0,8,0,0,미분류,미분류,0,0,0,미분류,0,0,0,미분류,미분류,0,미분류,미분류,미분류,0,0,금곡교,1
"MULTIPOLYGON (((231064.7941 407638.5141,231058.1271 407625.007099999,231051.3781 407634.1801,231057.0241 407646.314099999,231064.7941 407638.5141)))",교량,424,대전광역시 서구 ,36710094,34355,BRG0424000,미분류,철근콘크리트교,,미분류,미분류,15,미분류,2,미분류,0,0,14.89,0,11,0,0,미분류,미분류,0,0,0,미분류,0,0,0,미분류,미분류,0,미분류,미분류,미분류,0,0,,1
"MULTIPOLYGON (((230448.3603 406996.3597,230357.4801 406944.9301,230354.0501 406951.030099999,230444.5296 407001.4334,230448.3603 406996.3597)))",교량,425,대전광역시 서구 ,36710094,99121,BRG0425000,미분류,철근콘크리트교,물안리다리,미분류,미분류,101,하천,1,미분류,0,0,102.04,0,7,0,0,미분류,미분류,0,0,0,미분류,0,0,0,미분류,미분류,0,미분류,미분류,미분류,0,0,물안리다리,1
"MULTIPOLYGON (((227734.2501 408654.699999999,227675.6001 408631.4901,227671.8701 408641.8101,227728.0601 408664.540100001,227767.4101 408683.290100001,227804.9001 408702.860099999,227830.3601 408717.8201,227860.2501 408736.300100001,227896.3801 408761.8301,227919.4901 408779.350099999,227946.6401 408801.800100001,227967.7101 408820.120100001,227975.9401 408811.970100001,227948.0601 408788.360099999,227914.9101 408761.4001,227881.2101 408737.199999999,227845.2401 408713.4001,227808.8901 408691.9801,227768.1701 408670.610099999,227734.2501 408654.699999999)))",교량,426,대전광역시 서구 ,36710083,13724,BRG0426000,미분류,철근콘크리트교,금곡천교,미분류,미분류,327.3,미분류,3,미분류,0,0,353.22,0,12.3,0,0,미분류,미분류,0,0,0,미분류,0,0,0,미분류,미분류,0,미분류,미분류,미분류,0,0,금곡천교,1
"MULTIPOLYGON (((230009.2501 408839.380100001,229943.6501 408823.5001,229942.4801 408828.360099999,230007.9501 408844.210100001,230009.2501 408839.380100001)))",교량,427,대전광역시 서구 ,36710084,104252,BRG0427000,미분류,철근콘크리트교,,미분류,미분류,70,하천,1,미분류,0,0,67.82,0,5,0,0,미분류,미분류,0,0,0,미분류,0,0,0,미분류,미분류,0,미분류,미분류,미분류,0,0,,1
"MULTIPOLYGON (((231141.1361 408979.963,231137.7131 408965.894099999,231128.1331 408974.0811,231131.0611 408986.834100001,231141.1361 408979.963)))",교량,428,대전광역시 서구 ,36710084,103953,BRG0428000,미분류,철근콘크리트교,,미분류,미분류,12,하천,0,미분류,0,0,13.91,0,8,0,0,미분류,미분류,0,0,0,미분류,0,0,0,미분류,미분류,0,미분류,미분류,미분류,0,0,,1
"MULTIPOLYGON (((231225.0611 408723.686100001,231220.8661 408721.327099999,231218.2521 408726.135,231219.4911 408734.1031,231225.0611 408723.686100001)))",교량,429,대전광역시 서구 ,36710084,104324,BRG0429000,미분류,철근콘크리트교,,미분류,미분류,11.8,하천,1,미분류,0,0,5.39,0,4.7,0,0,미분류,미분류,0,0,0,미분류,0,0,0,미분류,미분류,0,미분류,미분류,미분류,0,0,,1
"MULTIPOLYGON (((231075.5531 408517.190099999,231070.8951 408502.621099999,231050.6261 408508.963,231054.4181 408520.2711,231058.6281 408531.849099999,231063.9541 408544.5791,231072.0911 408562.028100001,231079.3031 408575.4671,231085.3061 408585.622,231092.1251 408596.3211,231098.7551 408606.0371,231105.2031 408614.7171,231105.6401 408615.3061,231111.4981 408622.679099999,231126.5601 408640.039100001,231139.6211 408653.2651,231157.7491 408669.584100001,231176.3081 408684.0451,231193.4201 408695.8741,231212.3541 408706.9321,231229.6171 408715.790100001,231237.7091 408719.6631,231245.3291 408722.792099999,231261.2496 408730.537799999,231267.111 408733.139900001,231280.1389 408714.6643,231257.9321 408705.5551,231242.4871 408698.6151,231227.3791 408691.4451,231211.8771 408682.4791,231199.7031 408674.7761,231185.9441 408665.381100001,231171.7701 408653.959100001,231158.7831 408642.7721,231147.5021 408631.5221,231137.4281 408620.8671,231132.2801 408614.811100001,231129.5671 408611.621099999,231120.4431 408600.050100001,231112.1041 408588.1241,231104.3381 408576.2501,231097.4941 408564.709100001,231090.1091 408550.656099999,231084.1361 408537.8871,231079.0171 408526.062000001,231075.5531 408517.190099999)))",교량,430,대전광역시 서구 ,36710084,18331,BRG0430000,미분류,철근콘크리트교,상보안다리,미분류,미분류,285,하천,4,미분류,0,0,296.84,0,21.4,0,0,미분류,미분류,0,0,0,미분류,0,0,0,미분류,미분류,0,미분류,미분류,미분류,0,0,상보안다리,1
"MULTIPOLYGON (((231052.1701 408614.530099999,231034.8001 408541.449999999,231023.8501 408543.9301,231040.9501 408614.4901,231063.0901 408705.790100001,231073.2301 408703.1501,231052.1701 408614.530099999)))",교량,431,대전광역시 서구 ,36710084,103348,BRG0431000,미분류,철근콘크리트교,괴곡철교,미분류,미분류,109.7,철도,0,미분류,0,0,166.62,0,10,0,0,미분류,미분류,0,0,0,미분류,0,0,0,미분류,미분류,0,미분류,미분류,미분류,0,0,괴곡철교,1
"MULTIPOLYGON (((231083.2241 408614.6401,231077.2931 408590.351,231074.1671 408591.0931,231079.8741 408614.6291,231098.1601 408689.26,231101.0801 408688.540100001,231083.2241 408614.6401)))",교량,432,대전광역시 서구 ,36710084,103224,BRG0432000,미분류,철근콘크리트교,,미분류,미분류,96,하천,1,미분류,0,0,101.23,0,3,0,0,미분류,미분류,0,0,0,미분류,0,0,0,미분류,미분류,0,미분류,미분류,미분류,0,0,,1
"MULTIPOLYGON (((230975.0631 408614.2641,230948.8801 408579.8101,230943.0201 408584.2401,230965.6301 408614.2311,230969.4211 408619.243100001,230973.6511 408624.838,231048.7901 408724.220100001,231054.5401 408719.3901,230979.3191 408619.893100001,230975.0881 408614.2971,230975.0631 408614.2641)))",교량,433,대전광역시 서구 ,36710084,34988,BRG0433000,미분류,철근콘크리트교,괴곡교,미분류,미분류,170,하천,2,미분류,0,0,174.99,0,7.5,0,0,미분류,미분류,0,0,2.13,미분류,0,0,0,미분류,미분류,0,미분류,미분류,미분류,0,0,괴곡교,1
"MULTIPOLYGON (((228576.2401 405808.780099999,228575.6001 405804.5099,228561.4901 405806.8301,228542.0201 405811.0901,228522.2701 405815.8599,228502.4601 405821.540100001,228485.9901 405826.4399,228469.0501 405831.5801,228453.1001 405837.8301,228455.4001 405842.4301,228458.7501 405841.0601,228483.2011 405831.6231,228497.8101 405826.8199,228516.2801 405821.6501,228535.0501 405816.9801,228551.5801 405813.4101,228576.2401 405808.780099999)))",교량,434,대전광역시 서구 ,36714003,105525,BRG0434000,미분류,강교,용촌철교,미분류,미분류,110,철도,0,미분류,0,0,125.52,0,4.1,0,0,미분류,미분류,0,0,0,미분류,0,0,0,미분류,미분류,0,미분류,미분류,미분류,0,0,용촌철교,1
"MULTIPOLYGON (((228580.3401 405823.6798,228579.0201 405818.059900001,228559.8901 405821.1501,228533.4301 405826.540100001,228511.4901 405831.4999,228510.6731 405831.712099999,228481.9601 405839.9211,228458.2331 405847.0371,228460.1101 405852.4301,228470.7501 405849.3301,228486.4401 405844.6401,228525.5801 405834.76,228537.4601 405831.800100001,228546.2901 405829.7499,228569.7401 405825.7399,228580.3401 405823.6798)))",교량,435,대전광역시 서구 ,36710093,105523,BRG0435000,미분류,강교,용촌철교,미분류,미분류,124,철도,0,미분류,0,0,123.52,0,6.2,0,0,미분류,미분류,0,0,0,미분류,0,0,0,미분류,미분류,0,미분류,미분류,미분류,0,0,용촌철교,1
"MULTIPOLYGON (((227713.8601 408603.280099999,227706.7301 408600.220100001,227687.4914 408592.864600001,227682.7307 408603.4013,227729.3201 408623.8401,227769.4801 408643.6601,227797.5501 408659.3201,227826.8101 408677.020099999,227849.6801 408692.220100001,227877.5301 408711.270099999,227908.6301 408734.970100001,227940.6401 408761.220100001,227977.7301 408795.1501,227986.0401 408785.9901,227952.8901 408755.280099999,227925.8101 408732.790100001,227897.7501 408710.8101,227863.5401 408686.2501,227832.8701 408666.5901,227800.8001 408647.100099999,227769.3701 408630.110099999,227738.5901 408614.470100001,227713.8601 408603.280099999)))",교량,436,대전광역시 서구 ,36710083,13736,BRG0436000,미분류,철근콘크리트교,금곡천교,미분류,미분류,330.5,미분류,2,미분류,0,0,337.02,0,12.3,0,0,미분류,미분류,0,0,0,미분류,0,0,0,미분류,미분류,0,미분류,미분류,미분류,0,0,금곡천교,1
"MULTIPOLYGON (((229239.3908 406176.470899999,229233.5291 406173.262,229209.1581 406228.0261,229177.5064 406299.9581,229182.9903 406302.102600001,229209.1081 406242.926100001,229239.3908 406176.470899999)))",교량,437,대전광역시 서구 ,36710093,98593,BRG0437000,미분류,철근콘크리트교,봉곡2교,미분류,미분류,122,하천,1,미분류,0,0,135.93,0,5,0,0,미분류,미분류,0,0,0,미분류,0,0,0,미분류,미분류,0,미분류,미분류,미분류,0,0,봉곡2교,1
"MULTIPOLYGON (((231663.3701 407955.4301,231660.5701 407947.040100001,231652.7201 407955.270099999,231655.6501 407963.690099999,231663.3701 407955.4301)))",교량,438,대전광역시 서구 ,36710095,34985,BRG0438000,미분류,철근콘크리트교,,미분류,미분류,8.7,하천,2,미분류,0,0,9.24,0,10,0,0,미분류,미분류,0,0,0,미분류,0,0,0,미분류,미분류,0,미분류,미분류,미분류,0,0,,1
"MULTIPOLYGON (((231550.9031 408003.127,231548.1231 408001.2531,231543.2821 408003.882099999,231545.4221 408006.134099999,231550.5601 408003.3441,231550.9031 408003.127)))",교량,439,대전광역시 서구 ,36710095,103220,BRG0439000,미분류,철근콘크리트교,,미분류,미분류,5.9,하천,1,미분류,0,0,6.2,0,3,0,0,미분류,미분류,0,0,0,미분류,0,0,0,미분류,미분류,0,미분류,미분류,미분류,0,0,,1
"MULTIPOLYGON (((230489.8481 400128.077099999,230483.3601 400126.798900001,230482.5891 400131.6161,230489.0981 400132.8149,230489.8481 400128.077099999)))",교량,440,대전광역시 서구 ,36714024,51082,BRG0440000,미분류,철근콘크리트교,,미분류,미분류,6.6,하천,1,미분류,0,0,7.56,0,4.8,0,0,미분류,미분류,0,0,0,미분류,0,0,0,미분류,미분류,0,미분류,미분류,미분류,0,0,,1
"MULTIPOLYGON (((230390.5411 399941.812000001,230385.1151 399938.653899999,230386.7441 399943.587099999,230392.7811 399947.212099999,230390.5411 399941.812000001)))",교량,441,대전광역시 서구 ,36714024,52635,BRG0441000,미분류,철근콘크리트교,,미분류,미분류,6.8,하천,1,미분류,0,0,7.09,0,3,0,0,미분류,미분류,0,0,0,미분류,0,0,0,미분류,미분류,0,미분류,미분류,미분류,0,0,,1
"MULTIPOLYGON (((230024.1101 399651.4399,230019.2801 399650.1401,230019.1001 399650.8599,230017.7201 399657.3401,230022.5401 399658.6701,230023.9701 399651.9999,230024.1101 399651.4399)))",교량,442,대전광역시 서구 ,36714024,51100,BRG0442000,미분류,철근콘크리트교,,미분류,미분류,7.4,하천,1,미분류,0,0,6.04,0,5,0,0,미분류,미분류,0,0,0,미분류,0,0,0,미분류,미분류,0,미분류,미분류,미분류,0,0,,1
"MULTIPOLYGON (((226515.2101 402915.710100001,226515.4101 402914.8698,226510.0701 402915.8199,226509.1801 402919.8901,226508.9701 402921.270099999,226514.2001 402920.350099999,226515.2101 402915.710100001)))",교량,443,대전광역시 서구 ,36714012,50818,BRG0443000,미분류,철근콘크리트교,,미분류,미분류,5.6,하천,1,미분류,0,0,6.11,0,5,0,0,미분류,미분류,0,0,0,미분류,0,0,0,미분류,미분류,0,미분류,미분류,미분류,0,0,,1
"MULTIPOLYGON (((226370.4591 403038.486099999,226371.7251 403034.536900001,226365.3901 403031.869100001,226364.2061 403030.2721,226362.2821 403036.085899999,226364.3521 403035.9088,226370.4591 403038.486099999)))",교량,445,대전광역시 서구 ,36714012,48215,BRG0445000,미분류,철근콘크리트교,,미분류,미분류,8.5,하천,1,미분류,0,0,9.11,0,4.1,0,0,미분류,미분류,0,0,0,미분류,0,0,0,미분류,미분류,0,미분류,미분류,미분류,0,0,,1
"MULTIPOLYGON (((227300.7401 402972.9399,227245.3301 402969.6601,227244.7001 402974.1601,227300.4501 402977.280099999,227300.7401 402972.9399)))",교량,446,대전광역시 서구 ,36714013,48237,BRG0446000,미분류,철근콘크리트교,어곡교,미분류,미분류,55,하천,1,미분류,0,0,55.88,0,5,0,0,미분류,미분류,0,0,0,미분류,0,0,0,미분류,미분류,0,미분류,미분류,미분류,0,0,어곡교,1
"MULTIPOLYGON (((230318.0091 401681.447899999,230317.1681 401677.5359,230302.8561 401680.252,230303.4821 401684.2051,230318.0091 401681.447899999)))",교량,448,대전광역시 서구 ,36714014,50970,BRG0448000,미분류,철근콘크리트교,,미분류,미분류,4,하천,1,미분류,0,0,14.75,0,17,0,0,미분류,미분류,0,0,0,미분류,0,0,0,미분류,미분류,0,미분류,미분류,미분류,0,0,,1
"MULTIPOLYGON (((230275.1041 401559.191099999,230274.0311 401558.8409,230272.7711 401564.3741,230285.0321 401568.3421,230284.6101 401562.290100001,230275.1041 401559.191099999)))",교량,449,대전광역시 서구 ,36714014,50950,BRG0449000,미분류,철근콘크리트교,,미분류,미분류,11,하천,1,미분류,0,0,4.39,0,5,0,0,미분류,미분류,0,0,0,미분류,0,0,0,미분류,미분류,0,미분류,미분류,미분류,0,0,,1
"MULTIPOLYGON (((230278.5411 402196.108899999,230277.4301 402192.119100001,230264.1951 402195.5221,230265.4151 402200.5909,230278.5411 402196.108899999)))",교량,450,대전광역시 서구 ,36714014,50978,BRG0450000,미분류,철근콘크리트교,,미분류,미분류,14,하천,1,미분류,0,0,13.99,0,4.5,0,0,미분류,미분류,0,0,0,미분류,0,0,0,미분류,미분류,0,미분류,미분류,미분류,0,0,,1
"MULTIPOLYGON (((231036.1741 402626.176100001,231032.2881 402623.028899999,231023.8441 402633.4769,231027.8171 402636.5151,231036.1741 402626.176100001)))",교량,451,대전광역시 서구 ,36714014,52375,BRG0451000,미분류,철근콘크리트교,,미분류,미분류,14,하천,1,미분류,0,0,13.05,0,5,0,0,미분류,미분류,0,0,0,미분류,0,0,0,미분류,미분류,0,미분류,미분류,미분류,0,0,,1
"MULTIPOLYGON (((230430.2471 402625.915100001,230426.3711 402607.220100001,230418.7501 402611.645099999,230424.2031 402630.548900001,230430.2471 402625.915100001)))",교량,452,대전광역시 서구 ,36714014,18020,BRG0452000,미분류,철근콘크리트교,장태울다리,미분류,미분류,10,하천,1,미분류,0,0,19.38,0,4,0,0,미분류,미분류,0,0,0,미분류,0,0,0,미분류,미분류,0,미분류,미분류,미분류,0,0,장태울다리,1
"MULTIPOLYGON (((230487.8281 402551.429099999,230483.1991 402536.8301,230478.4851 402537.845899999,230483.0981 402552.395099999,230487.8281 402551.429099999)))",교량,453,대전광역시 서구 ,36714014,7579,BRG0453000,미분류,철근콘크리트교,,미분류,미분류,14,하천,0,미분류,0,0,15.12,0,4.5,0,0,미분류,미분류,0,0,0,미분류,0,0,0,미분류,미분류,0,미분류,미분류,미분류,0,0,,1
"MULTIPOLYGON (((230823.2681 402707.691099999,230818.8151 402705.3519,230809.2791 402729.627900001,230813.9121 402731.5099,230823.2681 402707.691099999)))",교량,454,대전광역시 서구 ,36714014,50904,BRG0454000,미분류,철근콘크리트교,질울다리,미분류,미분류,26,하천,1,미분류,0,0,25.5,0,5,0,0,미분류,미분류,0,0,0,미분류,0,0,0,미분류,미분류,0,미분류,미분류,미분류,0,0,질울다리,1
"MULTIPOLYGON (((230685.1331 402691.830800001,230664.6781 402676.6928,230657.0191 402684.506100001,230678.6361 402695.036900001,230685.1331 402691.830800001)))",교량,455,대전광역시 서구 ,36714014,17664,BRG0455000,미분류,철근콘크리트교,큰그늘다리,미분류,미분류,25.4,하천,1,미분류,0,0,26.14,0,5.2,0,0,미분류,미분류,0,0,0,미분류,0,0,0,미분류,미분류,0,미분류,미분류,미분류,0,0,큰그늘다리,1
"MULTIPOLYGON (((231144.4471 402750.038899999,231135.5251 402738.791099999,231133.1281 402740.597100001,231142.0271 402751.8149,231144.4471 402750.038899999)))",교량,456,대전광역시 서구 ,36714014,52450,BRG0456000,미분류,철근콘크리트교,,미분류,미분류,14,하천,1,미분류,0,0,14.27,0,3.5,0,0,미분류,미분류,0,0,0,미분류,0,0,0,미분류,미분류,0,미분류,미분류,미분류,0,0,,1
"MULTIPOLYGON (((230777.2203 400803.626800001,230775.4762 400800.142999999,230763.56 400806.9112,230765.1844 400810.4342,230777.2203 400803.626800001)))",교량,457,대전광역시 서구 ,36714014,52591,BRG0457000,미분류,철근콘크리트교,,미분류,미분류,12.5,하천,1,미분류,0,0,13.5,0,4,0,0,미분류,미분류,0,0,0,미분류,0,0,0,미분류,미분류,0,미분류,미분류,미분류,0,0,,1
"MULTIPOLYGON (((230635.4281 401116.1061,230622.6521 401112.668099999,230621.1381 401116.9211,230634.2591 401120.452099999,230635.4281 401116.1061)))",교량,458,대전광역시 서구 ,36714014,51019,BRG0458000,미분류,철근콘크리트교,,미분류,미분류,15,하천,1,미분류,0,0,14.2,0,5,0,0,미분류,미분류,0,0,0,미분류,0,0,0,미분류,미분류,0,미분류,미분류,미분류,0,0,,1
"MULTIPOLYGON (((226313.5901 403166.4331,226316.1771 403162.472100001,226309.7941 403164.437899999,226307.0951 403168.6249,226313.5901 403166.4331)))",교량,459,대전광역시 서구 ,36714002,48238,BRG0459000,미분류,철근콘크리트교,,미분류,미분류,4.2,하천,1,미분류,0,0,5.06,0,4.2,0,0,미분류,미분류,0,0,0,미분류,0,0,0,미분류,미분류,0,미분류,미분류,미분류,0,0,,1
"MULTIPOLYGON (((228712.5401 405793.3599,228698.3301 405793.1401,228697.8701 405800.559900001,228712.0101 405800.9399,228712.5401 405793.3599)))",교량,460,대전광역시 서구 ,36714003,49298,BRG0460000,미분류,강교,,미분류,미분류,7.6,철도,0,미분류,0,0,7.8,0,14,0,0,미분류,미분류,0,0,0,미분류,0,0,0,미분류,미분류,0,미분류,미분류,미분류,0,0,,1
"MULTIPOLYGON (((228712.1601 405812.5901,228712.2801 405807.100099999,228699.0901 405807.3401,228699.1001 405813.049900001,228712.1601 405812.5901)))",교량,461,대전광역시 서구 ,36714003,49298,BRG0461000,미분류,강교,,미분류,미분류,5.5,철도,0,미분류,0,0,13.19,0,13,0,0,미분류,미분류,0,0,0,미분류,0,0,0,미분류,미분류,0,미분류,미분류,미분류,0,0,,1
"MULTIPOLYGON (((228461.5161 405540.3749,228454.9171 405533.1588,228371.8851 405575.915100001,228377.1694 405583.405999999,228461.5161 405540.3749)))",교량,462,대전광역시 서구 ,36714003,49599,BRG0462000,미분류,철근콘크리트교,미리미다리,미분류,미분류,93,하천,2,미분류,0,0,94.09,0,11,0,0,미분류,미분류,0,0,0,미분류,0,0,0,미분류,미분류,0,미분류,미분류,미분류,0,0,미리미다리,1
"MULTIPOLYGON (((227327.1301 403610.4101,227325.3101 403604.2399,227248.1501 403618.059900001,227246.9201 403618.0901,227247.9001 403624.470100001,227248.8101 403624.4399,227327.1301 403610.4101)))",교량,463,대전광역시 서구 ,36714003,48252,BRG0463000,미분류,철근콘크리트교,우명교,미분류,미분류,80,하천,2,미분류,0,0,80.41,0,7.5,0,0,미분류,미분류,0,0,0,미분류,0,0,0,미분류,미분류,0,미분류,미분류,미분류,0,0,우명교,1
"MULTIPOLYGON (((227979.5201 404465.9801,227867.9896 404422.647600001,227861.6018 404428.791300001,227975.3029 404472.369200001,227981.1663 404466.503,227979.5201 404465.9801)))",교량,464,대전광역시 서구 ,36714003,49543,BRG0464000,미분류,철근콘크리트교,증촌교,미분류,미분류,120,하천,1,미분류,0,0,120.05,0,8,0,0,미분류,미분류,0,0,0,미분류,0,0,0,미분류,미분류,0,미분류,미분류,미분류,0,0,증촌교,1
"MULTIPOLYGON (((228448.1901 403903.6198,228446.5731 403900.515900001,228383.1611 403932.7641,228384.7371 403935.8891,228448.1901 403903.6198)))",교량,465,대전광역시 서구 ,36714003,49314,BRG0465000,미분류,철근콘크리트교,,미분류,미분류,71,하천,1,미분류,0,0,70.87,0,3.5,0,0,미분류,미분류,0,0,0,미분류,0,0,0,미분류,미분류,0,미분류,미분류,미분류,0,0,,1
"MULTIPOLYGON (((228427.5132 403809.6994,228430.7054 403789.9618,228414.8613 403782.694499999,228409.5101 403797.3199,228406.2101 403802.8301,228424.8107 403819.6405,228427.5132 403809.6994)))",교량,466,대전광역시 서구 ,36714003,17482,BRG0466000,미분류,철근콘크리트교,장전교,미분류,미분류,20,하천,2,미분류,0,0,20.71,0,6,0,0,미분류,미분류,0,0,5.97,미분류,0,0,0,미분류,미분류,0,미분류,미분류,미분류,0,0,장전교,1
"MULTIPOLYGON (((228491.4501 403597.6401,228482.1701 403594.5901,228481.5061 403597.528100001,228490.3501 403600.4399,228491.4501 403597.6401)))",교량,467,대전광역시 서구 ,36714003,49415,BRG0467000,미분류,철근콘크리트교,,미분류,미분류,10.5,하천,1,미분류,0,0,9.44,0,4.5,0,0,미분류,미분류,0,0,0,미분류,0,0,0,미분류,미분류,0,미분류,미분류,미분류,0,0,,1
"MULTIPOLYGON (((228462.0011 403667.455800001,228454.6201 403665.1099,228453.2481 403669.0251,228460.8111 403671.7809,228462.0011 403667.455800001)))",교량,468,대전광역시 서구 ,36714003,52421,BRG0468000,미분류,철근콘크리트교,,미분류,미분류,10.5,하천,1,미분류,0,0,7.47,0,4.5,0,0,미분류,미분류,0,0,0,미분류,0,0,0,미분류,미분류,0,미분류,미분류,미분류,0,0,,1
"MULTIPOLYGON (((229335.8101 404860.9298,229334.5801 404856.970100001,229331.7801 404858.100099999,229333.0601 404862.1899,229335.8101 404860.9298)))",교량,469,대전광역시 서구 ,36714004,50566,BRG0469000,미분류,철근콘크리트교,,미분류,미분류,4,하천,1,미분류,0,0,4.07,0,3,0,0,미분류,미분류,0,0,0,미분류,0,0,0,미분류,미분류,0,미분류,미분류,미분류,0,0,,1
"MULTIPOLYGON (((229570.8491 404299.0151,229569.2161 404296.381100001,229566.3481 404299.423900001,229568.0201 404302.020099999,229570.8491 404299.0151)))",교량,470,대전광역시 서구 ,36714004,50525,BRG0470000,미분류,철근콘크리트교,,미분류,미분류,4,하천,1,미분류,0,0,4.18,0,3,0,0,미분류,미분류,0,0,0,미분류,0,0,0,미분류,미분류,0,미분류,미분류,미분류,0,0,,1
"MULTIPOLYGON (((229501.0001 404672.5699,229497.5101 404669.809900001,229495.6501 404672.7399,229499.5601 404675.4298,229501.0001 404672.5699)))",교량,471,대전광역시 서구 ,36714004,50530,BRG0471000,미분류,철근콘크리트교,,미분류,미분류,5,하천,1,미분류,0,0,4.55,0,3.3,0,0,미분류,미분류,0,0,0,미분류,0,0,0,미분류,미분류,0,미분류,미분류,미분류,0,0,,1
"MULTIPOLYGON (((230780.4638 404215.9724,230769.3824 404200.135500001,230760.2501 404206.549900001,230771.1732 404222.2434,230780.4638 404215.9724)))",교량,472,대전광역시 서구 ,36714004,18044,BRG0472000,미분류,철근콘크리트교,용태울다리,미분류,미분류,18,하천,2,미분류,0,0,17.3,0,11.2,0,0,미분류,미분류,0,0,0,미분류,0,0,0,미분류,미분류,0,미분류,미분류,미분류,0,0,용태울다리,1
"MULTIPOLYGON (((231025.5901 405222.790100001,231014.2301 405219.5699,231007.6881 405233.676899999,231019.1461 405236.777100001,231025.5901 405222.790100001)))",교량,473,대전광역시 서구 ,36714004,17523,BRG0473000,미분류,철근콘크리트교,밤갈미다리,미분류,미분류,15,하천,2,미분류,0,0,15.62,0,12,0,0,미분류,미분류,0,0,0,미분류,0,0,0,미분류,미분류,0,미분류,미분류,미분류,0,0,밤갈미다리,1
"MULTIPOLYGON (((231145.1601 403729.0801,231142.9101 403724.6099,231136.8201 403727.8698,231139.2601 403732.2301,231145.1601 403729.0801)))",교량,474,대전광역시 서구 ,36714004,50631,BRG0474000,미분류,철근콘크리트교,,미분류,미분류,7,하천,1,미분류,0,0,4.72,0,5,0,0,미분류,미분류,0,0,0,미분류,0,0,0,미분류,미분류,0,미분류,미분류,미분류,0,0,,1
"MULTIPOLYGON (((231195.8201 403813.129899999,231195.8601 403812.199999999,231191.7101 403813.5901,231189.1601 403830.4298,231193.3401 403829.5801,231195.8201 403813.129899999)))",교량,475,대전광역시 서구 ,36714004,50623,BRG0475000,미분류,철근콘크리트교,,미분류,미분류,17,하천,1,미분류,0,0,16.81,0,4,0,0,미분류,미분류,0,0,0,미분류,0,0,0,미분류,미분류,0,미분류,미분류,미분류,0,0,,1
"MULTIPOLYGON (((230924.5221 404718.6961,230941.1541 404707.097100001,230944.0551 404707.392899999,230937.7841 404697.394099999,230937.6821 404702.2349,230920.9031 404714.210100001,230919.4521 404714.2301,230916.8511 404713.551100001,230923.8901 404723.222100001,230923.8721 404720.752900001,230924.5221 404718.6961)))",교량,476,대전광역시 서구 ,36714004,50215,BRG0476000,미분류,철근콘크리트교,토옥골다리,미분류,미분류,24,하천,1,미분류,0,0,26.1,0,6,0,0,미분류,미분류,0,0,0,미분류,0,0,0,미분류,미분류,0,미분류,미분류,미분류,0,0,토옥골다리,1
"MULTIPOLYGON (((231402.6721 403829.5381,231404.6441 403826.824999999,231395.4411 403829.187899999,231397.3361 403831.338,231397.5491 403836.9911,231395.9951 403838.645099999,231403.7221 403836.923900001,231403.0931 403835.884099999,231402.6721 403829.5381)))",교량,477,대전광역시 서구 ,36714004,50584,BRG0477000,미분류,철근콘크리트교,,미분류,미분류,9.5,하천,1,미분류,0,0,9.65,0,5,0,0,미분류,미분류,0,0,0,미분류,0,0,0,미분류,미분류,0,미분류,미분류,미분류,0,0,,1
"MULTIPOLYGON (((231206.0171 403886.027100001,231207.0891 403883.4789,231201.0441 403886.3828,231204.3861 403895.673900001,231210.6011 403893.095100001,231208.1791 403892.309900001,231206.0171 403886.027100001)))",교량,478,대전광역시 서구 ,36714004,50619,BRG0478000,미분류,철근콘크리트교,,미분류,미분류,10,하천,1,미분류,0,0,10.73,0,5,0,0,미분류,미분류,0,0,0,미분류,0,0,0,미분류,미분류,0,미분류,미분류,미분류,0,0,,1
"MULTIPOLYGON (((229717.9818 405835.4343,229707.9182 405789.553200001,229700.4958 405791.0656,229709.8891 405837.8366,229708.2721 405842.3114,229705.7439 405845.643999999,229724.214 405841.8342,229717.9818 405835.4343)))",교량,479,대전광역시 서구 ,36714004,53335,BRG0479000,미분류,철근콘크리트교,봉곡과선교,미분류,미분류,30,미분류,1,미분류,0,0,29.51,0,8,0,0,미분류,미분류,0,0,0,미분류,0,0,0,미분류,미분류,0,미분류,미분류,미분류,0,0,봉곡과선교,1
"MULTIPOLYGON (((230849.7829 405544.398800001,230809.7313 405506.3083,230811.1007 405504.773399999,230804.7742 405509.003599999,230800.1438 405513.5057,230805.5284 405511.398399999,230845.9547 405548.5239,230849.7829 405544.398800001)))",교량,480,대전광역시 서구 ,36714004,50251,BRG0480000,미분류,철근콘크리트교,매노1구소교,미분류,미분류,50,하천,1,미분류,0,0,50.69,0,6,0,0,미분류,미분류,0,0,0,미분류,0,0,0,미분류,미분류,0,미분류,미분류,미분류,0,0,매노1구소교,1
"MULTIPOLYGON (((231800.2431 405065.6031,231775.4901 405062.5801,231760.7501 405068.6798,231787.2391 405071.3519,231800.2431 405065.6031)))",교량,481,대전광역시 서구 ,36714005,17990,BRG0481000,미분류,철근콘크리트교,,미분류,미분류,10,하천,2,미분류,0,0,14.85,0,18,0,0,미분류,미분류,0,0,2.07,미분류,0,0,0,미분류,미분류,0,미분류,미분류,미분류,0,0,,1
"MULTIPOLYGON (((231541.3761 403818.223099999,231542.2391 403816.585899999,231536.7481 403817.3551,231537.9401 403823.3741,231537.1541 403824.720100001,231542.2991 403823.6928,231541.3761 403818.223099999)))",교량,482,대전광역시 서구 ,36714005,50734,BRG0482000,미분류,철근콘크리트교,,미분류,미분류,7,하천,1,미분류,0,0,7.1,0,4.5,0,0,미분류,미분류,0,0,0,미분류,0,0,0,미분류,미분류,0,미분류,미분류,미분류,0,0,,1
"MULTIPOLYGON (((231805.5391 405066.019099999,231800.8191 405065.894099999,231800.7891 405074.296800001,231800.4981 405074.8749,231805.1291 405075.343800001,231805.5391 405066.019099999)))",교량,483,대전광역시 서구 ,36714005,50752,BRG0483000,미분류,철근콘크리트교,,미분류,미분류,9.5,하천,1,미분류,0,0,9.3,0,4.5,0,0,미분류,미분류,0,0,0,미분류,0,0,0,미분류,미분류,0,미분류,미분류,미분류,0,0,,1
"MULTIPOLYGON (((231862.9871 405015.900900001,231864.0151 405010.960100001,231858.5131 405014.350099999,231857.2271 405019.4231,231862.9871 405015.900900001)))",교량,484,대전광역시 서구 ,36714005,52340,BRG0484000,미분류,철근콘크리트교,,미분류,미분류,6.5,하천,1,미분류,0,0,6.64,0,3,0,0,미분류,미분류,0,0,0,미분류,0,0,0,미분류,미분류,0,미분류,미분류,미분류,0,0,,1
"MULTIPOLYGON (((231738.2033 405040.0614,231732.8894 405035.0427,231725.5089 405042.4232,231732.1201 405046.4899,231738.2033 405040.0614)))",교량,485,대전광역시 서구 ,36714005,52562,BRG0485000,미분류,철근콘크리트교,,미분류,미분류,7,하천,1,미분류,0,0,8.88,0,4.6,0,0,미분류,미분류,0,0,0,미분류,0,0,0,미분류,미분류,0,미분류,미분류,미분류,0,0,,1
"MULTIPOLYGON (((231470.5721 403849.3421,231466.9331 403844.2578,231464.6591 403845.9769,231464.2111 403846.316099999,231464.6551 403846.9298,231467.8711 403851.3719,231467.9651 403853.129899999,231472.3171 403849.6379,231470.5721 403849.3421)))",교량,486,대전광역시 서구 ,36714005,50727,BRG0486000,미분류,철근콘크리트교,,미분류,미분류,7,하천,1,미분류,0,0,7.51,0,3,0,0,미분류,미분류,0,0,0,미분류,0,0,0,미분류,미분류,0,미분류,미분류,미분류,0,0,,1
"MULTIPOLYGON (((230719.0506 400681.2688,230717.7189 400677.8851,230712.701 400679.683599999,230714.0986 400682.908,230719.0506 400681.2688)))",교량,487,대전광역시 서구 ,36714014,52589,BRG0487000,미분류,철근콘크리트교,,미분류,미분류,5.21,일반도로,1,미분류,0,0,5.21,0,4.01,0,0,미분류,미분류,0,0,0,미분류,0,0,0,미분류,미분류,0,미분류,미분류,미분류,0,0,,1
"MULTIPOLYGON (((227205.6251 403431.091,227204.809 403429.322000001,227193.8612 403442.335200001,227195.0164 403444.9783,227195.9641 403446.880100001,227196.9311 403448.687100001,227197.8409 403450.5319,227198.9793 403452.4344,227199.8739 403454.039100001,227200.8421 403455.838099999,227201.822 403457.632099999,227202.813 403459.4191,227203.8151 403461.199999999,227204.8272 403462.973999999,227205.8511 403464.743000001,227206.885 403466.505100001,227207.931 403468.261,227208.987 403470.01,227210.0531 403471.753,227211.131 403473.4891,227212.2191 403475.218,227213.3181 403476.941,227214.4271 403478.657099999,227215.547 403480.3661,227216.6771 403482.0681,227217.818 403483.7641,227218.97 403485.452099999,227220.131 403487.132999999,227221.3031 403488.8069,227222.485 403490.473099999,227223.6781 403492.132999999,227224.8801 403493.7851,227226.0931 403495.429,227227.316 403497.066,227228.5491 403498.695,227229.7921 403500.3171,227231.0451 403501.9311,227232.3079 403503.538000001,227233.58 403505.1361,227234.863 403506.727,227236.1549 403508.3101,227237.4572 403509.8851,227238.769 403511.452099999,227240.09 403513.0101,227241.4211 403514.561000001,227242.7611 403516.103,227244.111 403517.637,227245.4701 403519.163000001,227246.839 403520.6801,227248.217 403522.189099999,227249.6041 403523.690099999,227251.0 403525.1811,227252.4061 403526.663899999,227253.8201 403528.1391,227255.2439 403529.605,227256.676 403531.062000001,227258.118 403532.51,227259.568 403533.948100001,227260.8811 403535.236,227261.0352 403535.3861,227262.4951 403536.800000001,227263.97 403538.210999999,227265.452 403539.613,227266.9421 403541.006100001,227268.437 403542.389,227269.9401 403543.7641,227271.4481 403545.130999999,227272.9621 403546.489,227274.481 403547.839,227276.0061 403549.182,227277.5351 403550.517100001,227279.0691 403551.845100001,227279.1731 403551.9344,227284.7281 403556.344900001,227290.8157 403561.301100001,227297.9682 403567.2481,227306.112 403573.35,227313.8741 403579.526799999,227321.7503 403585.8178,227335.9051 403596.9517,227345.0599 403584.751599999,227338.0965 403579.298900001,227332.3131 403574.6854,227322.7626 403567.097899999,227318.3491 403563.5141,227313.4018 403559.852700001,227306.172 403554.2093,227301.2261 403550.0922,227295.6723 403545.2136,227289.964 403540.942199999,227283.6494 403535.377699999,227274.587 403527.050100001,227273.177 403525.700999999,227271.768 403524.336999999,227271.65 403524.222100001,227270.385 403522.982100001,227269.0011 403521.608999999,227267.6271 403520.2281,227266.2611 403518.838099999,227264.9031 403517.441099999,227263.554 403516.035,227262.2141 403514.620100001,227260.8821 403513.198000001,227259.5591 403511.767000001,227258.245 403510.328,227256.9401 403508.881100001,227255.6441 403507.426000001,227254.3571 403505.9629,227253.0791 403504.493100001,227251.81 403503.014,227250.5501 403501.528100001,227249.2991 403500.033,227248.0571 403498.532099999,227246.825 403497.0222,227245.6021 403495.505000001,227244.3881 403493.9811,227243.1841 403492.449100001,227241.9891 403490.9101,227240.804 403489.3631,227239.6281 403487.809,227238.462 403486.2481,227237.306 403484.6801,227236.1591 403483.1052,227235.022 403481.522,227233.8941 403479.9331,227232.777 403478.337099999,227231.6691 403476.733899999,227230.5711 403475.124,227229.483 403473.507099999,227228.4051 403471.884099999,227227.337 403470.2541,227226.279 403468.6182,227225.2321 403466.975099999,227224.1941 403465.325999999,227223.166 403463.67,227222.149 403462.008099999,227221.142 403460.34,227220.145 403458.665999999,227219.159 403456.986,227218.1831 403455.299000001,227217.217 403453.607100001,227216.262 403451.9081,227215.317 403450.2041,227214.383 403448.494000001,227213.4591 403446.779100001,227212.5462 403445.0571,227211.6431 403443.3301,227210.751 403441.597999999,227209.87 403439.860099999,227209.0 403438.1171,227208.1401 403436.368100001,227207.291 403434.614,227206.4531 403432.8552,227205.6251 403431.091),(227332.432 403575.073999999,227334.0021 403576.305,227335.5731 403577.534,227337.144 403578.761,227338.7149 403579.987,227340.2901 403581.2141,227341.863 403582.4351,227343.436 403583.655099999,227344.165 403584.2191,227335.176 403596.75,227330.833 403593.372,227329.2521 403592.140900001,227327.669 403590.907099999,227326.0891 403589.672,227324.509 403588.434900001,227322.9311 403587.199100001,227321.3541 403585.961999999,227319.778 403584.725,227318.2031 403583.487199999,227316.629 403582.2501,227315.0559 403581.0131,227314.441 403580.529100001,227314.3001 403580.4179,227313.4831 403579.7761,227311.91 403578.539000001,227310.3521 403577.3126,227331.3346 403574.213400001,227332.432 403575.073999999)))",교량,488,대전광역시 서구 ,36714003,52730,BRG0488000,미분류,철근콘크리트교,신우명교,미분류,미분류,212.47,일반도로,2,미분류,0,0,212.47,0,15.78,0,0,미분류,미분류,0,0,5,미분류,0,0,0,미분류,미분류,0,미분류,미분류,미분류,0,0,신우명교,1
"MULTIPOLYGON (((227642.2921 404407.112299999,227639.035 404405.821900001,227636.9798 404410.4199,227640.1835 404411.842599999,227642.2921 404407.112299999)))",교량,489,대전광역시 서구 ,36714003,52709,BRG0489000,미분류,철근콘크리트교,,미분류,미분류,4.77,일반도로,0,미분류,0,0,4.77,0,3.31,0,0,미분류,미분류,0,0,0,미분류,0,0,0,미분류,미분류,0,미분류,미분류,미분류,0,0,,1
"MULTIPOLYGON (((230681.2985 404291.382200001,230678.0321 404289.619899999,230675.4046 404294.57,230678.7525 404296.412599999,230681.2985 404291.382200001)))",교량,490,대전광역시 서구 ,36714004,52666,BRG0490000,미분류,철근콘크리트교,,미분류,미분류,5.7,일반도로,1,미분류,0,0,5.7,0,3.69,0,0,미분류,미분류,0,0,0,미분류,0,0,0,미분류,미분류,0,미분류,미분류,미분류,0,0,,1
"MULTIPOLYGON (((231259.4251 401852.209000001,231246.537 401850.6261,231246.4181 401853.634,231259.255 401855.210999999,231259.4251 401852.209000001)))",교량,491,대전광역시 서구 ,36714014,51053,BRG0491000,미분류,철근콘크리트교,,미분류,미분류,13.13,일반도로,0,미분류,0,0,13.13,0,3.02,0,0,미분류,미분류,0,0,0,미분류,0,0,0,미분류,미분류,0,미분류,미분류,미분류,0,0,,1
"MULTIPOLYGON (((228513.48 403190.0901,228512.96 403186.1702,228508.5101 403188.770099999,228509.0901 403192.040100001,228513.48 403190.0901)))",교량,492,대전광역시 서구 ,36714003,49725,BRG0492000,미분류,철근콘크리트교,,미분류,미분류,5.04,일반도로,1,미분류,0,0,5.04,0,3.29,0,0,미분류,미분류,0,0,0,미분류,0,0,0,미분류,미분류,0,미분류,미분류,미분류,0,0,,1
"MULTIPOLYGON (((227670.3891 404348.808700001,227664.3115 404346.786800001,227662.6478 404353.5052,227668.3057 404355.387,227670.3891 404348.808700001)))",교량,493,대전광역시 서구 ,36714003,52699,BRG0493000,미분류,철근콘크리트교,,미분류,미분류,6.39,일반도로,1,미분류,0,0,6.39,0,6.71,0,0,미분류,미분류,0,0,0,미분류,0,0,0,미분류,미분류,0,미분류,미분류,미분류,0,0,,1
"MULTIPOLYGON (((230581.9315 405838.749199999,230552.563 405833.17,230552.2471 405835.6971,230566.2591 405838.694,230566.2621 405838.694399999,230600.1949 405845.436100001,230611.948 405847.7711,230612.469 405844.816099999,230581.9315 405838.749199999)))",교량,494,대전광역시 서구 ,36710094,105524,BRG0494000,미분류,목교,매화보도교,미분류,미분류,61.1,미분류,0,미분류,0,0,61.1,0,2.87,0,0,미분류,미분류,0,0,0,미분류,0,0,0,미분류,미분류,0,미분류,미분류,미분류,0,0,매화보도교,1
"MULTIPOLYGON (((224142.6001 408267.449999999,224127.9241 408256.4441,224126.3141 408258.9871,224140.7701 408269.8301,224142.6001 408267.449999999)))",교량,496,대전광역시 유성구 ,36710091,48282,BRG0496000,미분류,철근콘크리트교,,미분류,미분류,18.3,하천,1,미분류,0,0,18.38,0,3,0,0,미분류,미분류,0,0,0,미분류,0,0,0,미분류,미분류,0,미분류,미분류,미분류,0,0,,1
"MULTIPOLYGON (((224635.4861 408373.677100001,224634.2641 408361.3401,224631.1441 408364.278100001,224607.1731 408365.9581,224607.6151 408372.736099999,224631.9231 408370.826099999,224635.4861 408373.677100001)))",교량,497,대전광역시 유성구 ,36710091,101258,BRG0497000,미분류,철근콘크리트교,방동교,미분류,미분류,22,하천,1,미분류,0,0,27.26,0,5,0,0,미분류,미분류,0,0,0,미분류,0,0,0,미분류,미분류,0,미분류,미분류,미분류,0,0,방동교,1
"MULTIPOLYGON (((224391.1361 408217.1231,224382.7634 408208.937999999,224368.9728 408218.9012,224377.3441 408226.7311,224385.0401 408233.9801,224395.3091 408245.5821,224396.4631 408246.885,224399.1201 408249.8881,224401.2201 408252.26,224413.5201 408241.8401,224412.0591 408240.097100001,224409.4651 408237.0011,224407.7541 408234.960100001,224400.0201 408225.7301,224391.1361 408217.1231)))",교량,498,대전광역시 유성구 ,36710091,15461,BRG0498000,미분류,철근콘크리트교,두마1교,미분류,미분류,44.6,미분류,3,미분류,0,0,43.94,0,16.7,0,0,미분류,미분류,0,0,0,미분류,0,0,0,미분류,미분류,0,미분류,미분류,미분류,0,0,두마1교,1
"MULTIPOLYGON (((224562.3199 408128.8773,224552.9801 408101.51,224521.4184 408126.7882,224531.4219 408148.5284,224538.4877 408143.9933,224562.3199 408128.8773)))",교량,499,대전광역시 유성구 ,36710091,15479,BRG0499000,미분류,철근콘크리트교,두계2교,미분류,미분류,27,하천,4,미분류,0,0,28.6,0,27,0,0,미분류,미분류,0,0,5.6,미분류,0,0,0,미분류,미분류,0,미분류,미분류,미분류,0,0,두계2교,1
"MULTIPOLYGON (((224585.8898 408139.192600001,224580.4912 408133.8632,224573.0871 408140.678099999,224568.2921 408145.052100001,224539.9901 408170.870100001,224546.5138 408177.456900001,224571.2106 408153.157600001,224576.2283 408148.256200001,224585.8898 408139.192600001)))",교량,500,대전광역시 유성구 ,36710091,15448,BRG0500000,미분류,철근콘크리트교,두마2교,미분류,미분류,50,하천,1,미분류,0,0,50.16,0,7.4,0,0,미분류,미분류,0,0,0,미분류,0,0,0,미분류,미분류,0,미분류,미분류,미분류,0,0,두마2교,1
"MULTIPOLYGON (((226680.2801 407436.190099999,226704.1301 407432.7301,226724.7901 407428.4901,226723.2601 407423.690099999,226705.8901 407426.9901,226685.0801 407430.2301,226666.9301 407432.3201,226641.7801 407433.360099999,226625.1201 407433.550100001,226613.0301 407433.51,226613.0801 407438.0001,226641.8701 407438.1801,226662.2101 407437.470100001,226680.2801 407436.190099999)))",교량,504,대전광역시 서구 ,36710092,56413,BRG0504000,미분류,철근콘크리트교,인왕산철교,미분류,미분류,110,철도,0,미분류,0,0,111.52,0,5,0,0,미분류,미분류,0,0,0,미분류,0,0,0,미분류,미분류,0,미분류,미분류,미분류,0,0,인왕산철교,1
"MULTIPOLYGON (((226688.4901 407448.030099999,226711.4401 407443.76,226728.9601 407440.020099999,226727.5901 407435.630100001,226710.7301 407439.530099999,226691.1901 407442.7301,226670.6301 407445.3301,226655.9001 407446.7301,226639.1001 407447.210100001,226622.6001 407447.220100001,226602.1801 407446.6601,226601.7801 407450.9801,226621.5201 407451.540100001,226645.8701 407451.6701,226668.4501 407450.3201,226688.4901 407448.030099999)))",교량,505,대전광역시 서구 ,36710092,56413,BRG0505000,미분류,철근콘크리트교,인왕산철교,미분류,미분류,125,철도,0,미분류,0,0,128.07,0,4.6,0,0,미분류,미분류,0,0,0,미분류,0,0,0,미분류,미분류,0,미분류,미분류,미분류,0,0,인왕산철교,1
"MULTIPOLYGON (((226737.3448 407471.148499999,226734.1629 407464.3817,226658.699 407480.017899999,226653.8344 407474.916300001,226651.2454 407473.693600001,226649.26 407474.5986,226646.9694 407475.578500001,226645.5171 407476.7129,226643.4531 407478.3769,226642.1517 407480.043199999,226641.2311 407481.862500001,226642.3549 407488.395199999,226646.8402 407492.8883,226650.949 407495.7859,226656.214 407494.6632,226659.4225 407492.775,226661.1038 407491.565400001,226661.344 407487.846000001,226737.3448 407471.148499999)))",교량,506,대전광역시 서구 ,36710092,101051,BRG0506000,미분류,철근콘크리트교,원정1교,미분류,미분류,73,하천,1,미분류,0,0,71.89,0,7.5,0,0,미분류,미분류,0,0,0,미분류,0,0,0,미분류,미분류,0,미분류,미분류,미분류,0,0,원정1교,1
"MULTIPOLYGON (((226921.3401 405934.0701,226918.1501 405932.01,226913.8801 405937.699999999,226916.9101 405939.880100001,226921.3401 405934.0701)))",교량,507,대전광역시 서구 ,36710092,98728,BRG0507000,미분류,철근콘크리트교,,미분류,미분류,7.3,하천,1,미분류,0,0,7.28,0,3.7,0,0,미분류,미분류,0,0,0,미분류,0,0,0,미분류,미분류,0,미분류,미분류,미분류,0,0,,1
"MULTIPOLYGON (((225107.3901 407701.030099999,225028.0501 407626.380100001,225023.3901 407632.1801,225102.2001 407706.4201,225107.3901 407701.030099999)))",교량,508,대전광역시 유성구 ,36710092,34222,BRG0508000,미분류,철근콘크리트교,두계교,미분류,미분류,110,하천,1,미분류,0,0,108.63,0,8,0,0,미분류,미분류,0,0,0,미분류,0,0,0,미분류,미분류,0,미분류,미분류,미분류,0,0,두계교,1
"MULTIPOLYGON (((225118.9461 407425.256100001,225118.2701 407424.270099999,225101.3701 407435.8901,225102.1781 407437.0721,225103.8781 407439.5581,225155.2681 407514.7381,225166.2771 407530.8441,225219.4411 407608.619100001,225221.6991 407611.9211,225222.1901 407612.6401,225239.2401 407600.8101,225238.8641 407600.2621,225236.6031 407596.962099999,225184.9221 407521.540100001,225182.6351 407518.202099999,225169.4021 407498.8901,225167.6101 407496.2761,225120.6421 407427.7311,225118.9461 407425.256100001)))",교량,511,대전광역시 유성구 ,36710092,48273,BRG0511000,미분류,철근콘크리트교,계룡과선교,미분류,미분류,208,하천,4,미분류,0,0,213.76,0,20.8,0,0,미분류,미분류,0,0,4,미분류,0,0,0,미분류,미분류,0,미분류,미분류,미분류,0,0,계룡과선교,1
"MULTIPOLYGON (((225186.6901 406087.5001,225185.6901 406072.6601,225178.9391 406073.997,225152.6771 406079.2181,225146.3801 406080.470100001,225147.5801 406095.220100001,225153.6561 406094.0211,225179.7831 406088.8631,225186.6901 406087.5001)))",교량,512,대전광역시 서구 ,36710092,13661,BRG0512000,미분류,철근콘크리트교,계룡IC2교,미분류,미분류,40,하천,2,미분류,0,0,40.02,0,14.8,0,0,미분류,미분류,0,0,0,미분류,0,0,0,미분류,미분류,0,미분류,미분류,미분류,0,0,계룡IC2교,1
"MULTIPOLYGON (((225146.5801 406201.440099999,225142.0801 406181.540100001,225134.8301 406183.949999999,225139.1401 406202.970100001,225142.0201 406218.5801,225143.4681 406228.851,225144.9211 406239.1691,225145.3501 406242.210100001,225152.9001 406241.3101,225152.6501 406239.540100001,225151.2531 406229.6401,225149.5201 406217.360099999,225146.5801 406201.440099999)))",교량,514,대전광역시 서구 ,36710092,13444,BRG0514000,미분류,철근콘크리트교,계룡IC교,미분류,미분류,60.7,하천,1,미분류,0,0,61.07,0,7.6,0,0,미분류,미분류,0,0,0,미분류,0,0,0,미분류,미분류,0,미분류,미분류,미분류,0,0,계룡IC교,1
"MULTIPOLYGON (((225189.1201 405876.440099999,225189.6701 405868.0901,225180.2501 405870.380100001,225179.7301 405878.7401,225182.1391 405878.1501,225189.1201 405876.440099999)))",교량,515,대전광역시 서구 ,36710092,48262,BRG0515000,미분류,철근콘크리트교,,미분류,미분류,9.7,하천,1,미분류,0,0,10.01,0,8.4,0,0,미분류,미분류,0,0,0,미분류,0,0,0,미분류,미분류,0,미분류,미분류,미분류,0,0,,1
"MULTIPOLYGON (((225183.8371 405840.4451,225181.5821 405836.595100001,225174.6971 405840.6041,225178.4301 405847.440099999,225178.6281 405847.746099999,225183.7981 405855.7411,225189.7601 405864.960100001,225191.2051 405866.588,225193.9971 405869.733100001,225194.1901 405869.949999999,225198.0501 405873.9201,225200.6541 405877.4681,225206.2971 405871.6471,225199.2301 405863.127,225196.6381 405859.9571,225193.4741 405855.710100001,225188.8701 405848.7291,225188.8341 405848.6691,225183.8371 405840.4451)))",교량,516,대전광역시 서구 ,36710092,13782,BRG0516000,미분류,철근콘크리트교,계룡IC4교,미분류,미분류,28,하천,1,미분류,0,0,42.6,0,7,0,0,미분류,미분류,0,0,0,미분류,0,0,0,미분류,미분류,0,미분류,미분류,미분류,0,0,계룡IC4교,1
"MULTIPOLYGON (((225564.2921 406876.428099999,225557.6711 406875.291099999,225559.3831 406877.539100001,225560.3571 406880.3731,225560.1361 406883.508099999,225558.1271 406888.088,225535.0241 406931.405099999,225533.0841 406933.675100001,225534.3101 406937.461100001,225537.9921 406933.870100001,225546.6661 406917.4131,225562.5671 406887.449100001,225564.0061 406883.186100001,225564.3961 406879.666099999,225564.2921 406876.428099999)))",교량,517,대전광역시 서구 ,36710092,48279,BRG0517000,미분류,철근콘크리트교,,미분류,미분류,65,하천,1,미분류,0,0,69.99,0,3.5,0,0,미분류,미분류,0,0,0,미분류,0,0,0,미분류,미분류,0,미분류,미분류,미분류,0,0,,1
"MULTIPOLYGON (((226062.4001 407396.370100001,226048.3401 407381.520099999,226038.7301 407389.6701,226053.2701 407404.9001,226073.7401 407427.1601,226108.9801 407468.7401,226140.6701 407511.630100001,226147.6101 407521.7501,226175.5601 407564.690099999,226196.6001 407599.2401,226205.0401 407614.9201,226216.5601 407610.0001,226207.4501 407593.030099999,226186.1401 407558.030099999,226158.0001 407514.8101,226150.8601 407504.380100001,226118.7901 407460.9801,226083.1101 407418.8901,226062.4001 407396.370100001)))",교량,519,대전광역시 유성구 ,36710092,13446,BRG0519000,미분류,철근콘크리트교,두계천교,미분류,미분류,280,하천,2,미분류,0,0,285.42,0,39,0,0,미분류,미분류,0,0,0,미분류,0,0,0,미분류,미분류,0,미분류,미분류,미분류,0,0,두계천교,1
"MULTIPOLYGON (((226055.3001 407407.720100001,226032.0901 407384.4201,226022.4101 407392.4101,226046.2001 407416.300100001,226069.6401 407442.630100001,226092.6301 407469.6701,226114.4501 407498.350099999,226136.5201 407529.040100001,226159.0001 407562.860099999,226179.2901 407597.2401,226194.2501 407623.780099999,226204.5701 407616.6401,226190.1201 407590.9901,226169.6001 407556.220100001,226146.8001 407521.9301,226124.5001 407490.9101,226102.3701 407461.8301,226079.0801 407434.4201,226055.3001 407407.720100001)))",교량,520,대전광역시 유성구 ,36710092,13775,BRG0520000,미분류,철근콘크리트교,두계천교,미분류,미분류,280,하천,2,미분류,0,0,291.95,0,39,0,0,미분류,미분류,0,0,0,미분류,0,0,0,미분류,미분류,0,미분류,미분류,미분류,0,0,두계천교,1
"MULTIPOLYGON (((226074.0101 407389.470100001,226057.6401 407371.5601,226047.4701 407379.0801,226048.1601 407379.720100001,226064.9001 407398.030099999,226080.4901 407414.1701,226111.2101 407450.940099999,226126.9501 407470.26,226154.2101 407507.100099999,226173.9101 407536.290100001,226189.5001 407561.8101,226201.1701 407581.3301,226215.0901 407606.26,226215.6401 407607.210100001,226226.7201 407601.4001,226200.2501 407555.440099999,226184.4301 407529.540100001,226164.4201 407499.880100001,226136.8201 407462.5901,226120.8501 407442.9901,226089.8001 407405.8101,226074.0101 407389.470100001)))",교량,521,대전광역시 유성구 ,36710092,13771,BRG0521000,미분류,철근콘크리트교,두계천교,미분류,미분류,280,하천,1,미분류,0,0,286.06,0,39,0,0,미분류,미분류,0,0,0,미분류,0,0,0,미분류,미분류,0,미분류,미분류,미분류,0,0,두계천교,1
"MULTIPOLYGON (((226203.1801 407371.4901,226221.6701 407371.270099999,226242.7301 407371.5601,226266.6301 407373.1801,226267.3201 407369.190099999,226236.2301 407367.6801,226213.2701 407367.6501,226194.4001 407368.4001,226168.9301 407370.720100001,226156.6801 407372.210100001,226157.0501 407376.2501,226186.5901 407372.9201,226203.1801 407371.4901)))",교량,522,대전광역시 서구 ,36710092,101087,BRG0522000,미분류,철근콘크리트교,두계철교,미분류,미분류,110,철도,0,미분류,0,0,110.76,0,4,0,0,미분류,미분류,0,0,0,미분류,0,0,0,미분류,미분류,0,미분류,미분류,미분류,0,0,두계철교,1
"MULTIPOLYGON (((226269.9401 407394.3901,226228.4701 407389.470100001,226208.2201 407388.190099999,226191.5901 407387.960100001,226175.5101 407387.9901,226161.0201 407388.350099999,226161.0801 407392.0801,226185.6301 407391.440099999,226201.4001 407391.710100001,226215.9301 407392.470100001,226234.9501 407394.110099999,226252.5001 407396.050100001,226269.5401 407398.550100001,226269.9401 407394.3901)))",교량,523,대전광역시 서구 ,36710092,101087,BRG0523000,미분류,철근콘크리트교,두계철교,미분류,미분류,110,철도,0,미분류,0,0,109.06,0,4,0,0,미분류,미분류,0,0,0,미분류,0,0,0,미분류,미분류,0,미분류,미분류,미분류,0,0,두계철교,1
"MULTIPOLYGON (((223598.1449 408718.4878,223582.1319 408697.5297,223566.0284 408703.482999999,223580.268 408724.1884,223598.1449 408718.4878)))",교량,524,대전광역시 유성구 ,36710081,15514,BRG0524000,미분류,철근콘크리트교,송정교,미분류,미분류,12,하천,4,미분류,0,0,12.95,0,27,0,0,미분류,미분류,0,0,10.67,미분류,0,0,0,미분류,미분류,0,미분류,미분류,미분류,0,0,송정교,1
"MULTIPOLYGON (((223643.9301 408761.020099999,223641.3601 408758.620100001,223634.6501 408766.020099999,223637.1301 408768.4301,223643.9301 408761.020099999)))",교량,525,대전광역시 유성구 ,36710081,102161,BRG0525000,미분류,철근콘크리트교,,미분류,미분류,10,하천,1,미분류,0,0,10.5,0,3.5,0,0,미분류,미분류,0,0,0,미분류,0,0,0,미분류,미분류,0,미분류,미분류,미분류,0,0,,1
"MULTIPOLYGON (((223721.1801 409038.0801,223720.5801 409032.100099999,223713.1101 409033.280099999,223713.6801 409039.26,223721.1801 409038.0801)))",교량,526,대전광역시 유성구 ,36710081,102221,BRG0526000,미분류,철근콘크리트교,,미분류,미분류,7.6,하천,1,미분류,0,0,7.98,0,6,0,0,미분류,미분류,0,0,0,미분류,0,0,0,미분류,미분류,0,미분류,미분류,미분류,0,0,,1
"MULTIPOLYGON (((223685.0501 408825.7501,223684.3801 408822.9001,223675.8001 408825.440099999,223676.6601 408828.620100001,223685.0501 408825.7501)))",교량,527,대전광역시 유성구 ,36710081,102238,BRG0527000,미분류,철근콘크리트교,,미분류,미분류,9,하천,1,미분류,0,0,9.1,0,3,0,0,미분류,미분류,0,0,0,미분류,0,0,0,미분류,미분류,0,미분류,미분류,미분류,0,0,,1
"MULTIPOLYGON (((226876.9701 408795.8301,226876.7201 408794.449999999,226870.3401 408796.5001,226870.7201 408798.110099999,226876.9701 408795.8301)))",교량,532,대전광역시 유성구 ,36710082,56597,BRG0532000,미분류,철근콘크리트교,,미분류,미분류,6.7,하천,0,미분류,0,0,6.59,0,1.5,0,0,미분류,미분류,0,0,0,미분류,0,0,0,미분류,미분류,0,미분류,미분류,미분류,0,0,,1
"MULTIPOLYGON (((226872.5201 408763.870100001,226871.4001 408763.040100001,226870.3401 408764.6401,226869.6501 408766.870100001,226871.1401 408767.4101,226872.5201 408763.870100001)))",교량,533,대전광역시 유성구 ,36710082,56597,BRG0533000,미분류,철근콘크리트교,,미분류,미분류,4,하천,1,미분류,0,0,3.83,0,1.5,0,0,미분류,미분류,0,0,0,미분류,0,0,0,미분류,미분류,0,미분류,미분류,미분류,0,0,,1
"MULTIPOLYGON (((226607.1715 402774.0846,226604.1598 402781.9319,226611.462 402783.1801,226613.3437 402775.1493,226607.1715 402774.0846)))",교량,534,대전광역시 서구 ,36714012,48248,BRG0534000,미분류,철근콘크리트교,,미분류,미분류,7.1,하천,2,미분류,0,0,6.55,0,6.4,0,0,미분류,미분류,0,0,0,미분류,0,0,0,미분류,미분류,0,미분류,미분류,미분류,0,0,,1
"MULTIPOLYGON (((231064.6972 402625.7729,231061.7045 402626.159299999,231062.423 402629.119999999,231063.6984 402634.337200001,231066.6923 402633.954399999,231065.3371 402628.4101,231064.6972 402625.7729)))",교량,535,대전광역시 서구 ,36714014,51025,BRG0535000,미분류,철근콘크리트교,,미분류,미분류,13,하천,1,미분류,0,0,8.61,0,3.5,0,0,미분류,미분류,0,0,0,미분류,0,0,0,미분류,미분류,0,미분류,미분류,미분류,0,0,,1
"MULTIPOLYGON (((230652.973 400501.243000001,230642.291 400505.7961,230643.7161 400509.747099999,230654.4131 400505.256899999,230652.973 400501.243000001)))",교량,536,대전광역시 서구 ,36714014,52588,BRG0536000,미분류,철근콘크리트교,,미분류,미분류,11.5,하천,1,미분류,0,0,11.67,0,5,0,0,미분류,미분류,0,0,0,미분류,0,0,0,미분류,미분류,0,미분류,미분류,미분류,0,0,,1
"MULTIPOLYGON (((231079.737 402492.5021,231079.3662 402484.580399999,231074.9981 402490.5743,231075.5645 402498.9727,231079.737 402492.5021)))",교량,537,대전광역시 서구 ,36714014,51043,BRG0537000,미분류,철근콘크리트교,길곡교,미분류,미분류,7.69,일반도로,1,미분류,0,0,7.69,0,8.43,0,0,미분류,미분류,0,0,0,미분류,0,0,0,미분류,미분류,0,미분류,미분류,미분류,0,0,길곡교,1
"MULTIPOLYGON (((230138.9301 415357.017100001,230137.9401 415352.7041,230136.6741 415352.2181,230136.5581 415352.2061,230135.7981 415354.4211,230135.7601 415354.4571,230123.6411 415350.463099999,230123.6231 415350.414100001,230124.7641 415346.508099999,230124.8091 415346.462099999,230125.2371 415346.598099999,230125.3141 415346.5911,230125.7481 415345.2651,230125.2031 415345.0601,230125.1601 415345.0351,230125.2911 415344.597100001,230123.8301 415344.0821,230123.5931 415344.6601,230123.5051 415344.668099999,230121.1581 415343.8421,230121.1521 415343.790100001,230122.4281 415339.4471,230127.6281 415322.0491,230127.7121 415321.995100001,230128.9381 415322.3321,230128.0271 415320.0131,230126.9671 415319.7371,230126.8341 415319.970100001,230125.9691 415322.7531,230122.0631 415335.7751,230119.9861 415342.7541,230119.9431 415342.777100001,230116.6611 415341.723099999,230115.8251 415344.6511,230118.8381 415345.5381,230119.1481 415344.7391,230123.3511 415346.030099999,230122.2331 415349.974099999,230121.5931 415349.827099999,230121.1851 415351.168099999,230121.8711 415351.3421,230121.6591 415352.0441,230122.9711 415352.4301,230123.1991 415351.846100001,230136.3411 415356.110099999,230138.9301 415357.017100001)))",교량,538,대전광역시 유성구 ,36710064,32969,BRG0538000,인도교(Foot bridge),목교,,미분류,미분류,50,미분류,0,미분류,0,0,58.14,0,1.5,0,0,미분류,미분류,0,0,0,미분류,0,0,0,미분류,미분류,0,미분류,미분류,미분류,0,0,,1
"MULTIPOLYGON (((231078.738658771 414911.938216606,231073.080797755 414911.701272203,231071.9861 415012.089100003,231077.752100001 415012.040100001,231077.794100001 414998.951100001,231078.738658771 414911.938216606)))",교량,539,대전광역시 유성구 ,36710064,32848,BRG0539000,인도교(Foot bridge),철근콘크리트교,,미분류,미분류,13.2,미분류,0,미분류,0,0,13.36,0,5.8,0,0,미분류,미분류,0,0,0,미분류,0,0,0,미분류,미분류,0,미분류,미분류,미분류,0,0,,1
"MULTIPOLYGON (((230161.5511 414399.482100001,230161.5741 414397.4121,230151.6151 414397.857100001,230151.6461 414399.7531,230161.5511 414399.482100001)))",교량,540,대전광역시 서구 ,36710064,96764,BRG0540000,인도교(Foot bridge),철근콘크리트교,,미분류,미분류,9.9,미분류,1,미분류,0,0,9.88,0,1.9,0,0,미분류,미분류,0,0,0,미분류,0,0,0,미분류,미분류,0,미분류,미분류,미분류,0,0,,1
"MULTIPOLYGON (((231191.6202 416371.1898,231150.8651 416354.6941,231156.6301 416382.5381,231181.3301 416501.837099999,231223.5121 416529.529100001,231191.6202 416371.1898)))",교량,541,대전광역시 유성구 ,36710064,31607,BRG0541000,미분류,철근콘크리트교,용반교,미분류,미분류,150.2,하천,7,미분류,0,0,150.38,0,35.9,0,0,미분류,미분류,0,0,6,미분류,0,0,0,미분류,미분류,0,미분류,미분류,미분류,0,0,용반교,1
"MULTIPOLYGON (((231404.4681 416531.9551,231402.3691 416529.4781,231396.7481 416534.2411,231393.1391 416537.156099999,231390.5921 416539.0811,231387.9171 416540.9321,231384.8671 416542.902100001,231386.6281 416545.630100001,231389.7221 416543.632099999,231392.4961 416541.712099999,231395.1391 416539.7151,231398.8181 416536.743100001,231404.4681 416531.9551)))",교량,542,대전광역시 서구 ,36710064,2870,BRG0542000,미분류,목교,,미분류,미분류,22,미분류,0,미분류,0,0,22.55,0,3.3,0,0,미분류,미분류,0,0,0,미분류,0,0,0,미분류,미분류,0,미분류,미분류,미분류,0,0,,1
"MULTIPOLYGON (((231374.9271 416584.7141,231371.1131 416581.825099999,231338.5271 416624.8551,231342.3411 416627.743100001,231374.9271 416584.7141)))",교량,543,대전광역시 서구 ,36710064,2870,BRG0543000,미분류,철근콘크리트교,,미분류,미분류,54,하천,1,미분류,0,0,54.02,0,5,0,0,미분류,미분류,0,0,0,미분류,0,0,0,미분류,미분류,0,미분류,미분류,미분류,0,0,,1
"MULTIPOLYGON (((230898.0131 416225.996300001,230891.5921 416225.3421,230891.6261 416244.575099999,230891.6281 416268.3651,230891.6131 416288.450099999,230891.6451 416313.403100001,230901.9001 416318.243100001,230911.8161 416322.811100001,230911.7891 416309.0131,230911.7271 416256.959100001,230912.3201 416228.0934,230898.0131 416225.996300001)))",교량,544,대전광역시 유성구 ,36710064,31844,BRG0544000,미분류,철근콘크리트교,원신흥교,미분류,미분류,88.17,하천,2,미분류,0,0,88.37,0,20.9,0,0,미분류,미분류,0,0,6,미분류,0,0,0,미분류,미분류,0,미분류,미분류,미분류,0,0,원신흥교,1
"MULTIPOLYGON (((230889.8711 415920.960100001,230882.7051 415919.586100001,230882.0671 415922.791099999,230889.3151 415924.1491,230889.8711 415920.960100001)))",교량,545,대전광역시 유성구 ,36710064,31863,BRG0545000,미분류,철근콘크리트교,,미분류,미분류,7.3,미분류,0,미분류,0,0,7.43,0,3.3,0,0,미분류,미분류,0,0,0,미분류,0,0,0,미분류,미분류,0,미분류,미분류,미분류,0,0,,1
"MULTIPOLYGON (((230953.0241 416325.542099999,230942.1821 416320.654100001,230941.1241 416322.540100001,230952.0711 416327.5451,230953.0241 416325.542099999)))",교량,546,대전광역시 유성구 ,36710064,31844,BRG0546000,미분류,철근콘크리트교,,미분류,미분류,11.9,미분류,0,미분류,0,0,12.1,0,2.2,0,0,미분류,미분류,0,0,0,미분류,0,0,0,미분류,미분류,0,미분류,미분류,미분류,0,0,,1
"MULTIPOLYGON (((230715.863 416071.8643,230699.9446 416046.923599999,230690.3291 416050.210100001,230685.5361 416051.7371,230682.5311 416052.7761,230679.0601 416053.8881,230674.6121 416055.4911,230669.6371 416057.2871,230662.6491 416059.9011,230644.7511 416066.4641,230624.0271 416074.0211,230614.5441 416077.540100001,230603.7858 416080.5923,230623.1179 416104.649599999,230633.7311 416100.801100001,230638.3361 416099.1271,230643.2051 416097.429099999,230648.4341 416095.553099999,230652.3061 416094.175100001,230656.9821 416092.5251,230660.4201 416091.278100001,230664.6531 416089.6621,230668.9091 416088.0101,230674.7761 416085.9441,230678.7551 416084.495100001,230682.0011 416083.3191,230686.1011 416081.7981,230688.7821 416080.848099999,230691.7151 416079.8401,230695.4411 416078.5941,230698.8071 416077.5141,230702.0291 416076.4581,230705.5031 416075.3201,230711.1161 416073.529100001,230715.863 416071.8643)))",교량,547,대전광역시 유성구 ,36710064,31696,BRG0547000,미분류,철근콘크리트교,고려교,미분류,미분류,84.17,하천,4,미분류,0,0,84.3,0,29.4,0,0,미분류,미분류,0,0,8,미분류,0,0,0,미분류,미분류,0,미분류,미분류,미분류,0,0,고려교,1
"MULTIPOLYGON (((230292.173 415649.694499999,230275.7945 415611.3233,230266.5471 415611.245100001,230186.7851 415611.3641,230174.169 415611.251700001,230199.513 415649.5833,230206.3441 415649.7411,230292.173 415649.694499999)))",교량,548,대전광역시 유성구 ,36710064,31592,BRG0548000,스라브(RC콘크리트),철근콘크리트교,상대교,A등급,1종,80,하천,7,DB24,43.2,0,79.24,0,38.9,0,0,미분류,미분류,0,0,10,미분류,0,0,0,미분류,미분류,0,미분류,미분류,미분류,0,0,상대교,1
"MULTIPOLYGON (((229317.859 414936.002,229295.7246 414936.838099999,229307.4655 414985.9911,229465.9383 414986.245200001,229451.3691 414935.388800001,229317.859 414936.002)))",교량,549,대전광역시 유성구 ,36710064,30670,BRG0549000,스라브(RC콘크리트),철근콘크리트교,진잠교,A등급,미분류,135.1,하천,10,DB24,43.2,0,135.2,0,52,0,0,미분류,미분류,0,0,10,알루미늄합금,1.2,0.1,2.91,미분류,미분류,0,미분류,미분류,미분류,0,0,진잠교,1
"MULTIPOLYGON (((229353.727 415085.283,229357.23 415081.942,229327.077 415053.479,229323.204 415056.764,229353.727 415085.283)))",교량,550,대전광역시 유성구 ,36710064,94409,BRG0550000,미분류,철근콘크리트교,,미분류,미분류,41.8,하천,2,미분류,0,0,41.65,0,5.1,0,0,미분류,미분류,0,0,0,미분류,0,0,0,미분류,미분류,0,미분류,미분류,미분류,0,0,,1
"MULTIPOLYGON (((231740.1841 414875.7611,231737.3591 414872.996099999,231736.4811 414873.972100001,231739.2281 414876.7271,231740.1841 414875.7611)))",교량,551,대전광역시 서구 ,36710065,55936,BRG0551000,미분류,철근콘크리트교,,미분류,미분류,4,미분류,0,미분류,0,0,3.92,0,1.3,0,0,미분류,미분류,0,0,0,미분류,0,0,0,미분류,미분류,0,미분류,미분류,미분류,0,0,,1
"MULTIPOLYGON (((232057.3871 414981.121099999,232051.0691 414978.679099999,232045.2371 414976.6471,232039.9011 414974.926100001,232033.4931 414972.915100001,232027.2181 414971.225099999,232019.7831 414969.3281,232013.1001 414967.7031,232006.6531 414966.402100001,231999.2911 414965.100099999,231993.4581 414964.2031,231986.0691 414963.189099999,231978.3561 414962.336100001,231974.1491 414961.963099999,231968.6041 414961.543099999,231959.2411 414961.028100001,231949.3261 414960.8061,231939.6081 414960.709100001,231929.8251 414960.5331,231922.3021 414960.5121,231912.4301 414960.4871,231900.0151 414960.4911,231888.2541 414960.4761,231873.4081 414960.5371,231871.0121 414960.5461,231849.3551 414960.6811,231824.9521 414960.4461,231805.0331 414960.474099999,231787.4771 414960.519099999,231770.8751 414960.5021,231751.6351 414960.5241,231728.4561 414960.5341,231701.0756 414960.141000001,231701.0048 414979.5462,231726.4921 414979.4651,231744.6601 414979.462099999,231764.9651 414979.474099999,231784.2501 414979.473099999,231803.5361 414979.4781,231824.1411 414979.497099999,231845.2741 414979.439099999,231871.4101 414979.4781,231873.3381 414979.472100001,231884.9111 414979.437100001,231900.8541 414979.474099999,231916.2291 414979.4881,231923.9461 414979.4671,231933.4181 414979.5691,231941.6171 414979.5921,231950.7191 414979.8071,231957.6871 414979.963099999,231965.9681 414980.359099999,231973.9411 414980.9331,231981.7321 414981.789100001,231989.0111 414982.6721,231996.6751 414983.8891,232002.8341 414984.9671,232010.1191 414986.438100001,232017.6601 414988.186100001,232024.8431 414990.1481,232031.1861 414991.9241,232038.0211 414994.121099999,232044.6701 414996.3871,232051.7361 414999.0351,232057.8631 415001.506100001,232064.2581 415004.2421,232070.6791 415007.2651,232078.4951 415011.1461,232083.9781 415014.1631,232087.3466 415015.895199999,232092.1652 414996.931,232087.6461 414994.5461,232078.9531 414990.189099999,232073.5961 414987.7731,232068.5671 414985.4561,232062.9951 414983.2071,232057.3871 414981.121099999)))",교량,552,대전광역시 서구 ,36710065,30612,BRG0552000,미분류,철근콘크리트교,도안대교,미분류,미분류,330,하천,4,미분류,0,0,389.95,0,19,0,0,미분류,미분류,0,0,3,미분류,0,0,0,미분류,미분류,0,미분류,미분류,미분류,0,0,도안대교,1
"MULTIPOLYGON (((232034.3161 414962.845899999,232036.0876 414943.7292,232028.3871 414943.051100001,232020.6131 414942.222100001,232013.6541 414941.641100001,232007.5491 414941.0901,232001.1071 414940.7541,231992.1171 414940.3431,231982.8741 414940.0441,231972.5541 414939.781099999,231964.8161 414939.6041,231956.1981 414939.5561,231946.3111 414939.5351,231935.0931 414939.528100001,231923.6791 414939.5001,231908.9101 414939.5241,231892.8071 414939.4791,231879.6021 414939.4801,231873.4851 414939.5011,231865.7821 414939.528100001,231843.4971 414939.5441,231819.9351 414939.5571,231795.7551 414939.4911,231772.6921 414939.561100001,231749.2831 414939.4901,231725.8491 414939.475099999,231702.5371 414939.598099999,231702.5381 414939.7081,231702.6791 414958.392100001,231712.4271 414958.312100001,231713.0611 414958.313100001,231765.9781 414958.414100001,231792.1991 414958.391100001,231814.6281 414958.4111,231835.7901 414958.4101,231853.7991 414958.368100001,231873.4161 414958.347100001,231874.8941 414958.346100001,231888.1691 414958.3431,231903.8131 414958.347100001,231920.7851 414958.4221,231935.3551 414958.3521,231951.0031 414958.391100001,231964.4331 414958.4101,231979.3141 414958.6391,231993.4341 414959.108100001,232002.4731 414959.687100001,232012.2941 414960.360099999,232024.2371 414961.540100001,232034.3161 414962.845899999)))",교량,553,대전광역시 서구 ,36710065,30611,BRG0553000,미분류,철근콘크리트교,도안대교,미분류,미분류,330,하천,4,미분류,0,0,332.17,0,19,0,0,미분류,미분류,0,0,3,미분류,0,0,0,미분류,미분류,0,미분류,미분류,미분류,0,0,도안대교,1
"MULTIPOLYGON (((231442.381 416395.727,231444.304 416393.048,231431.031 416383.523,231430.28 416383.52,231428.612 416385.846000001,231442.381 416395.727)))",교량,554,대전광역시 서구 ,36710065,2870,BRG0554000,미분류,목교,,미분류,미분류,17,미분류,1,미분류,0,0,16.31,0,3.3,0,0,미분류,미분류,0,0,0,미분류,0,0,0,미분류,미분류,0,미분류,미분류,미분류,0,0,,1
"MULTIPOLYGON (((231721.186 415940.834000001,231723.265 415936.716,231720.768 415935.361,231718.762 415939.338,231721.186 415940.834000001)))",교량,555,대전광역시 서구 ,36710065,91620,BRG0555000,인도교(Foot bridge),목교,,미분류,미분류,4.7,미분류,1,미분류,0,0,4.44,0,3,0,0,미분류,미분류,0,0,0,미분류,0,0,0,미분류,미분류,0,미분류,미분류,미분류,0,0,,1
"MULTIPOLYGON (((231479.056 416177.186000001,231477.962 416181.028000001,231513.456 416190.516000001,231514.443 416186.651000001,231479.056 416177.186000001)))",교량,556,대전광역시 서구 ,36710065,96498,BRG0556000,인도교(Foot bridge),목교,,미분류,미분류,36.9,미분류,0,미분류,0,0,36.84,0,4,0,0,미분류,미분류,0,0,0,미분류,0,0,0,미분류,미분류,0,미분류,미분류,미분류,0,0,,1
"MULTIPOLYGON (((231541.372 415970.772,231540.68 415973.778999999,231556.886 415977.539000001,231557.502 415974.525,231541.372 415970.772)))",교량,557,대전광역시 서구 ,36710065,2705,BRG0557000,인도교(Foot bridge),목교,,미분류,미분류,16.7,미분류,0,미분류,0,0,16.62,0,3,0,0,미분류,미분류,0,0,0,미분류,0,0,0,미분류,미분류,0,미분류,미분류,미분류,0,0,,1
"MULTIPOLYGON (((229410.5277 417896.027799999,229414.8577 417914.853800001,229418.5551 417913.857100001,229414.2995 417895.218,229410.5277 417896.027799999)))",교량,558,대전광역시 유성구 ,36710054,129772,BRG0558000,미분류,철근콘크리트교,,미분류,미분류,19.1,미분류,1,미분류,0,0,19.1,0,3.8,0,0,미분류,미분류,0,0,0,미분류,0,0,0,미분류,미분류,0,미분류,미분류,미분류,0,0,,1
"MULTIPOLYGON (((229409.9321 417693.2541,229408.8921 417690.2941,229405.0021 417691.574100001,229406.1221 417694.654100001,229409.9321 417693.2541)))",교량,559,대전광역시 유성구 ,36710054,108120,BRG0559000,미분류,철근콘크리트교,,미분류,미분류,4.1,미분류,1,미분류,0,0,4.01,0,3.3,0,0,미분류,미분류,0,0,0,미분류,0,0,0,미분류,미분류,0,미분류,미분류,미분류,0,0,,1
"MULTIPOLYGON (((229322.6131 417499.0041,229321.4231 417496.244100001,229318.3831 417497.4441,229319.5931 417500.1741,229322.6131 417499.0041)))",교량,560,대전광역시 유성구 ,36710054,107851,BRG0560000,미분류,철근콘크리트교,,미분류,미분류,3.2,미분류,1,미분류,0,0,3.23,0,2.8,0,0,미분류,미분류,0,0,0,미분류,0,0,0,미분류,미분류,0,미분류,미분류,미분류,0,0,,1
"MULTIPOLYGON (((229267.0321 417374.199100001,229265.7321 417371.529100001,229263.1761 417372.7851,229264.3421 417375.4791,229267.0321 417374.199100001)))",교량,561,대전광역시 유성구 ,36710054,107867,BRG0561000,미분류,철근콘크리트교,,미분류,미분류,3,미분류,1,미분류,0,0,2.93,0,2.9,0,0,미분류,미분류,0,0,0,미분류,0,0,0,미분류,미분류,0,미분류,미분류,미분류,0,0,,1
"MULTIPOLYGON (((229289.5621 417431.2871,229291.7121 417436.747099999,229295.6521 417434.7971,229293.0521 417429.577099999,229289.5621 417431.2871)))",교량,562,대전광역시 유성구 ,36710054,108119,BRG0562000,미분류,철근콘크리트교,,미분류,미분류,4.4,미분류,1,미분류,0,0,4.41,0,5.8,0,0,미분류,미분류,0,0,0,미분류,0,0,0,미분류,미분류,0,미분류,미분류,미분류,0,0,,1
"MULTIPOLYGON (((229244.3321 417330.700099999,229245.4821 417333.110099999,229248.5421 417331.769099999,229247.4021 417329.3791,229244.3321 417330.700099999)))",교량,563,대전광역시 유성구 ,36710054,107867,BRG0563000,미분류,철근콘크리트교,,미분류,미분류,3.3,미분류,1,미분류,0,0,3.23,0,2.7,0,0,미분류,미분류,0,0,0,미분류,0,0,0,미분류,미분류,0,미분류,미분류,미분류,0,0,,1
"MULTIPOLYGON (((229216.9431 417259.7991,229214.1131 417261.0601,229215.1831 417263.5601,229217.9631 417262.2501,229216.9431 417259.7991)))",교량,564,대전광역시 유성구 ,36710054,107867,BRG0564000,미분류,철근콘크리트교,,미분류,미분류,3.1,미분류,1,미분류,0,0,3.11,0,2.7,0,0,미분류,미분류,0,0,0,미분류,0,0,0,미분류,미분류,0,미분류,미분류,미분류,0,0,,1
"MULTIPOLYGON (((229795.3479 417788.148399999,229776.9697 417734.331700001,229751.8948 417753.080600001,229760.1801 417779.7301,229759.0751 417787.318399999,229757.6426 417791.828199999,229760.8755 417799.457900001,229795.3479 417788.148399999)))",교량,565,대전광역시 유성구 ,36710054,16305,BRG0565000,미분류,철근콘크리트교,구암교,미분류,미분류,26.5,미분류,4,미분류,0,0,52.72,0,30.3,0,0,미분류,미분류,0,0,3,미분류,0,0,0,미분류,미분류,0,미분류,미분류,미분류,0,0,구암교,1
"MULTIPOLYGON (((230517.9401 417768.350099999,230527.5301 417735.0699,230533.9601 417732.4399,230515.2222 417721.994999999,230506.5001 417756.030099999,230501.2045 417759.192399999,230497.5039 417763.835200001,230519.655 417771.037900001,230517.9401 417768.350099999)))",교량,566,대전광역시 유성구 ,36710054,44574,BRG0566000,미분류,철근콘크리트교,장명교,미분류,미분류,40.2,미분류,2,미분류,0,0,40.19,0,14.5,0,0,미분류,미분류,0,0,2,미분류,0,0,0,미분류,미분류,0,미분류,미분류,미분류,0,0,장명교,1
"MULTIPOLYGON (((230887.4301 418046.0901,230871.6056 417995.636600001,230819.9701 417998.120100001,230835.0901 418045.9001,230839.84 418061.0899,230892.545 418063.8802,230887.4301 418046.0901)))",교량,567,대전광역시 유성구 ,36710054,44933,BRG0567000,미분류,철근콘크리트교,온천교,미분류,미분류,66.3,미분류,10,미분류,0,0,66.92,0,49.9,0,0,미분류,미분류,0,0,14,미분류,0,0,0,미분류,미분류,0,미분류,미분류,미분류,0,0,온천교,1
"MULTIPOLYGON (((231357.6431 417055.5491,231353.9621 417054.516100001,231355.5901 417064.062100001,231359.3471 417065.1401,231357.6431 417055.5491)))",교량,568,대전광역시 서구 ,36710054,16463,BRG0568000,인도교(Foot bridge),철근콘크리트교,,미분류,미분류,10,미분류,0,미분류,0,0,9.7,0,3.5,0,0,미분류,미분류,0,0,0,미분류,0,0,0,미분류,미분류,0,미분류,미분류,미분류,0,0,,1
"MULTIPOLYGON (((231312.9171 417041.5921,231308.1671 417040.0831,231310.7361 417049.927100001,231315.4221 417051.392100001,231312.9171 417041.5921)))",교량,569,대전광역시 서구 ,36710054,48135,BRG0569000,인도교(Foot bridge),철근콘크리트교,,미분류,미분류,10,미분류,0,미분류,0,0,10.18,0,3.8,0,0,미분류,미분류,0,0,0,미분류,0,0,0,미분류,미분류,0,미분류,미분류,미분류,0,0,,1
"MULTIPOLYGON (((231345.5541 417180.402100001,231341.5761 417179.720100001,231342.4831 417185.508099999,231346.4961 417186.189099999,231345.5541 417180.402100001)))",교량,570,대전광역시 서구 ,36710054,43535,BRG0570000,인도교(Foot bridge),철근콘크리트교,,미분류,미분류,6,미분류,0,미분류,0,0,5.85,0,3.3,0,0,미분류,미분류,0,0,0,미분류,0,0,0,미분류,미분류,0,미분류,미분류,미분류,0,0,,1
"MULTIPOLYGON (((230214.1601 417651.020099999,230201.7564 417649.648700001,230197.5001 417692.0801,230209.9501 417693.4901,230214.1601 417651.020099999)))",교량,571,대전광역시 유성구 ,36710054,47024,BRG0571000,미분류,철근콘크리트교,유성교,미분류,미분류,42.7,미분류,2,미분류,0,0,42.67,0,12.5,0,0,미분류,미분류,0,0,2,미분류,0,0,0,미분류,미분류,0,미분류,미분류,미분류,0,0,유성교,1
"MULTIPOLYGON (((230352.9644 417673.6326,230337.3547 417669.874500001,230338.1401 417675.190099999,230338.2001 417675.530099999,230335.7701 417707.7601,230333.2157 417711.2513,230348.6177 417713.615499999,230348.3938 417711.602,230346.9201 417710.1701,230349.7242 417678.3124,230352.9644 417673.6326)))",교량,572,대전광역시 유성구 ,36710054,44008,BRG0572000,미분류,철근콘크리트교,봉명교,미분류,미분류,35.3,미분류,2,미분류,0,0,35.46,0,11.4,0,0,미분류,미분류,0,0,2,미분류,0,0,0,미분류,미분류,0,미분류,미분류,미분류,0,0,봉명교,1
"MULTIPOLYGON (((229935.7122 417718.8824,229931.8001 417673.8201,229923.8601 417674.880100001,229927.7387 417719.666099999,229935.7122 417718.8824)))",교량,573,대전광역시 유성구 ,36710054,127089,BRG0573000,미분류,철근콘크리트교,장대교,미분류,미분류,41.5,미분류,2,미분류,0,0,41.62,0,8,0,0,미분류,미분류,0,0,0,미분류,0,0,0,미분류,미분류,0,미분류,미분류,미분류,0,0,장대교,1
"MULTIPOLYGON (((230062.4001 417690.1401,230058.5801 417647.3901,230056.1101 417647.7501,230060.4501 417690.6701,230062.4001 417690.1401)))",교량,574,대전광역시 유성구 ,36710054,126984,BRG0574000,미분류,철근콘크리트교,,미분류,미분류,42.9,미분류,1,미분류,0,0,43.5,0,2.5,0,0,미분류,미분류,0,0,0,미분류,0,0,0,미분류,미분류,0,미분류,미분류,미분류,0,0,,1
"MULTIPOLYGON (((230537.9701 418104.3301,230542.0723 418105.059900001,230529.6885 418080.750499999,230528.2901 418086.610099999,230491.3601 418106.620100001,230501.0501 418124.3401,230537.9701 418104.3301)))",교량,575,대전광역시 유성구 ,36710054,44727,BRG0575000,스라브(RC콘크리트),철근콘크리트교,장대2교,A등급,미분류,42,하천,4,DB24,23.3,0,41.86,0,20.2,0,0,미분류,미분류,0,0,4,강재(강재파이프),1.1,0.1,0,미분류,미분류,0,미분류,미분류,미분류,0,0,장대2교,1
"MULTIPOLYGON (((230639.9001 417890.280099999,230632.3201 417889.4301,230652.7101 417948.520099999,230660.6001 417950.1601,230639.9001 417890.280099999)))",교량,576,대전광역시 유성구 ,36710054,43466,BRG0576000,미분류,철근콘크리트교,장현교,미분류,미분류,63.4,미분류,2,미분류,0,0,63.45,0,6.9,0,0,미분류,미분류,0,0,0,미분류,0,0,0,미분류,미분류,0,미분류,미분류,미분류,0,0,장현교,1
"MULTIPOLYGON (((230568.3601 417956.540100001,230522.9401 417930.4201,230515.2001 417936.050100001,230516.1501 417936.9001,230554.2501 417958.809900001,230557.7601 417963.6401,230568.3601 417956.540100001)))",교량,577,대전광역시 유성구 ,36710054,127749,BRG0577000,미분류,철근콘크리트교,궁동하교,미분류,미분류,52.2,미분류,2,미분류,0,0,52.31,0,9,0,0,미분류,미분류,0,0,0,미분류,0,0,0,미분류,미분류,0,미분류,미분류,미분류,0,0,궁동하교,1
"MULTIPOLYGON (((230811.3501 417994.9399,230789.3801 417979.4399,230722.0501 417998.970100001,230740.252 418015.344799999,230811.3501 417994.9399)))",교량,578,대전광역시 유성구 ,36710054,44730,BRG0578000,미분류,철근콘크리트교,유성2교,미분류,미분류,70.6,미분류,4,미분류,0,0,69.06,0,21,0,0,미분류,미분류,0,0,4,미분류,0,0,0,미분류,미분류,0,미분류,미분류,미분류,0,0,유성2교,1
"MULTIPOLYGON (((230985.3101 418043.710100001,230979.9801 418003.270099999,230974.0201 418003.9301,230979.3701 418044.5801,230985.3101 418043.710100001)))",교량,579,대전광역시 유성구 ,36710054,107856,BRG0579000,미분류,철근콘크리트교,,미분류,미분류,40.8,미분류,0,미분류,0,0,40.52,0,6,0,0,미분류,미분류,0,0,0,미분류,0,0,0,미분류,미분류,0,미분류,미분류,미분류,0,0,,1
"MULTIPOLYGON (((232327.8844 417951.51,232285.4324 417897.8813,232285.5609 417901.4089,232283.751 417903.477,232244.039 417910.012,232058.361 417940.572000001,232103.715 417979.491,232245.005 417956.494999999,232284.706 417949.978,232293.164 417948.544,232298.706 417947.875,232300.96 417947.719000001,232303.66 417947.614,232307.192 417947.654999999,232311.214 417947.926999999,232314.81 417948.352,232317.504 417948.771,232319.763 417949.380999999,232321.904 417950.147,232327.8844 417951.51)))",교량,580,대전광역시 서구 ,36710055,43860,BRG0580000,미분류,철근콘크리트교,갑천대교,미분류,미분류,194,하천,7,미분류,0,0,228.51,0,46,0,0,미분류,미분류,0,0,6,미분류,0,0,0,미분류,미분류,0,미분류,미분류,미분류,0,0,갑천대교,1
"MULTIPOLYGON (((232232.884 417877.763,232232.706 417864.944,232218.65 417847.991,232218.71 417860.844000001,232232.884 417877.763)))",교량,581,대전광역시 서구 ,36710055,43889,BRG0581000,미분류,철근콘크리트교,,미분류,미분류,22,하천,0,미분류,0,0,21.98,0,8,0,0,미분류,미분류,0,0,0,미분류,0,0,0,미분류,미분류,0,미분류,미분류,미분류,0,0,,1
"MULTIPOLYGON (((232216.232 417896.76,232215.559 417901.009,232234.718 417922.153000001,232234.62 417916.9,232216.232 417896.76)))",교량,582,대전광역시 서구 ,36710055,43860,BRG0582000,미분류,철근콘크리트교,,미분류,미분류,26,하천,0,미분류,0,0,27.31,0,3.5,0,0,미분류,미분류,0,0,0,미분류,0,0,0,미분류,미분류,0,미분류,미분류,미분류,0,0,,1
"MULTIPOLYGON (((232142.991 418222.968,232170.981 418182.135,232154.424 418171.096999999,232126.635 418211.592,232098.66 418252.463,232089.1279 418255.921700001,232116.7083 418269.426200001,232115.172 418263.517999999,232142.991 418222.968)))",교량,583,대전광역시 유성구 ,36710055,47014,BRG0583000,미분류,철근콘크리트교,어은교,미분류,미분류,98.5,하천,4,미분류,0,0,99.14,0,20,0,0,미분류,미분류,0,0,5,미분류,0,0,0,미분류,미분류,0,미분류,미분류,미분류,0,0,어은교,1
"MULTIPOLYGON (((232433.127 418224.705,232441.718 418217.017000001,232449.84 418210.309,232457.876 418204.149,232463.217 418200.245999999,232470.88 418195.268999999,232475.162 418192.619000001,232467.301 418183.743000001,232464.963 418193.751,232463.599 418195.344000001,232453.876 418202.348999999,232446.696 418207.891000001,232437.898 418215.176000001,232432.371 418220.142000001,232425.75 418226.556,232419.063 418233.290999999,232414.12 418238.311000001,232408.252 418244.950999999,232404.964 418248.676999999,232392.736 418249.867000001,232401.789 418259.206,232408.248 418250.865,232416.204 418241.651000001,232425.641 418232.084000001,232433.127 418224.705)))",교량,584,대전광역시 서구 ,36710055,46987,BRG0584000,미분류,철근콘크리트교,경관보도교,미분류,미분류,96,하천,0,미분류,0,0,100.07,0,3.8,0,0,미분류,미분류,0,0,0,미분류,0,0,0,미분류,미분류,0,미분류,미분류,미분류,0,0,경관보도교,1
"MULTIPOLYGON (((231636.5001 418052.770099999,231659.2701 418048.870100001,231776.9301 418029.710100001,231703.6501 418001.9399,231563.7101 418024.610099999,231636.5001 418052.770099999)))",교량,585,대전광역시 유성구 ,36710055,44949,BRG0585000,미분류,철근콘크리트교,유성대교,미분류,미분류,142.3,미분류,10,미분류,0,0,142.15,0,39.4,0,0,미분류,미분류,0,0,4,미분류,0,0,0,미분류,미분류,0,미분류,미분류,미분류,0,0,유성대교,1
"MULTIPOLYGON (((231845.4901 418072.030099999,231836.6401 418067.8201,231835.2001 418070.9001,231844.0401 418075.110099999,231845.4901 418072.030099999)))",교량,586,대전광역시 유성구 ,36710055,43913,BRG0586000,스라브(RC콘크리트),철근콘크리트교,,A등급,미분류,9.8,하천,2,DB24,23.3,0,9.81,0,3.4,0,0,미분류,미분류,0,0,0,강재(강재파이프),1.1,0.1,0,미분류,미분류,0,미분류,미분류,미분류,0,0,,1
"MULTIPOLYGON (((231515.0601 417087.3761,231501.8031 417043.3201,231419.8821 417067.801100001,231416.8481 417068.735099999,231303.2081 417102.8191,231316.4521 417146.9651,231416.6731 417116.8051,231424.1461 417114.5561,231515.0601 417087.3761)))",교량,587,대전광역시 서구 ,36710054,16463,BRG0587000,미분류,철근콘크리트교,만년교,미분류,미분류,207.5,하천,10,미분류,0,0,207.81,0,46,0,0,미분류,미분류,0,0,6,미분류,0,0,0,미분류,미분류,0,미분류,미분류,미분류,0,0,만년교,1
"MULTIPOLYGON (((231417.8251 416798.843,231425.67 416800.050000001,231432.879 416801.494999999,231441.82 416803.581,231452.348 416806.458000001,231460.968 416809.140000001,231470.645 416812.596000001,231479.361 416816.009,231488.154 416819.847999999,231494.026 416822.705,231513.2111 416835.033399999,231522.0488 416840.427300001,231531.2756 416845.999,231544.7053 416855.2194,231574.616 416813.9856,231568.9617 416810.0142,231558.0798 416801.649700001,231546.5234 416793.670700001,231524.3246 416779.620999999,231506.0719 416771.653000001,231497.598 416768.503,231490.111 416765.460000001,231480.017 416761.66,231473.07 416759.404999999,231459.586 416755.516000001,231444.531 416751.937000001,231439.309 416750.674000001,231426.532 416748.368000001,231418.0121 416747.2191,231413.7231 416746.6401,231402.4021 416745.472100001,231386.9071 416744.5811,231373.2541 416744.3671,231360.2191 416744.3462,231342.6291 416744.4101,231340.5701 416744.4571,231327.6091 416742.0591,231324.2081 416741.573100001,231323.8691 416741.5591,231302.9431 416741.609099999,231278.4397 416741.198000001,231277.9932 416747.1227,231277.9223 416747.122500001,231277.1153 416774.422800001,231276.1242 416793.820699999,231275.8943 416798.6173,231279.4871 416798.6701,231309.6381 416798.5211,231336.2431 416798.437100001,231345.0131 416798.452099999,231345.4531 416798.3901,231360.3731 416795.4001,231360.8081 416795.3781,231382.0451 416795.414100001,231396.4531 416796.2031,231409.6401 416797.5831,231417.8251 416798.843)))",교량,588,대전광역시 서구 ,36710064,30391,BRG0588000,미분류,철근콘크리트교,계룡대교,미분류,미분류,218,하천,12,미분류,0,0,219.7,0,50.9,0,0,미분류,미분류,0,0,8,미분류,0,0,0,미분류,미분류,0,미분류,미분류,미분류,0,0,계룡대교,1
"MULTIPOLYGON (((229915.8311 415093.066199999,229861.4654 415074.25,229862.616 415083.1041,229863.2151 415091.8521,229866.059 415115.8531,229868.6631 415134.6291,229870.5981 415147.562100001,229876.565 415178.7191,229879.9197 415189.897299999,229932.157 415194.695,229927.177 415173.484099999,229923.22 415154.199100001,229919.527 415133.1779,229916.127 415109.450999999,229915.8311 415093.066199999)))",교량,589,대전광역시 유성구 ,36710064,35342,BRG0589000,미분류,철근콘크리트교,용계교,미분류,미분류,101.9,일반도로,11,미분류,0,0,101.9,0,57.15,0,0,미분류,미분류,0,0,4,미분류,0,0,0,미분류,미분류,0,미분류,미분류,미분류,0,0,용계교,1
"MULTIPOLYGON (((229541.2 417917.309900001,229512.0501 417848.210100001,229491.41 417856.91,229520.5601 417926.020099999,229541.2 417917.309900001)))",교량,590,대전광역시 유성구 ,36710054,14046,BRG0590000,미분류,철근콘크리트교,유성천교,미분류,미분류,75.12,일반도로,4,미분류,0,0,75.12,0,22.48,0,0,미분류,미분류,0,0,0,미분류,0,0,0,미분류,미분류,0,미분류,미분류,미분류,0,0,유성천교,1
"MULTIPOLYGON (((232151.3641 414979.369999999,232143.5861 414975.217,232122.6067 414967.9,232107.8108 414982.5229,232117.8381 414985.9901,232120.6151 414987.148,232138.987 414995.6281,232152.808 415002.914999999,232154.2951 415003.725,232182.3171 414996.961999999,232177.8081 414994.384,232166.692 414987.6601,232151.3641 414979.369999999)))",교량,591,대전광역시 서구 ,36710065,30611,BRG0591000,미분류,철근콘크리트교,도안대교,미분류,미분류,40.57,일반도로,4,미분류,0,0,40.57,0,27.73,0,0,미분류,미분류,0,0,3,미분류,0,0,0,미분류,미분류,0,미분류,미분류,미분류,0,0,도안대교,1
"MULTIPOLYGON (((229335.0 417426.700099999,229329.35 417412.810000001,229305.91 417422.35,229311.57 417436.2401,229335.0 417426.700099999)))",교량,592,대전광역시 유성구 ,36710054,14046,BRG0592000,미분류,철근콘크리트교,구암교,미분류,미분류,15.09,일반도로,4,미분류,0,0,15.09,0,25.37,0,0,미분류,미분류,0,0,0,미분류,0,0,0,미분류,미분류,0,미분류,미분류,미분류,0,0,구암교,1
"MULTIPOLYGON (((227452.3801 413976.020099999,227448.4301 413972.1601,227448.2601 413975.9201,227451.5201 413979.1601,227452.3801 413976.020099999)))",교량,593,대전광역시 유성구 ,36710073,2830,BRG0593000,미분류,철근콘크리트교,,미분류,미분류,4.6,미분류,1,미분류,0,0,3.3,0,2.8,0,0,미분류,미분류,0,0,0,미분류,0,0,0,미분류,미분류,0,미분류,미분류,미분류,0,0,,1
"MULTIPOLYGON (((227467.9201 414041.220100001,227465.5101 414040.9001,227464.9901 414044.9801,227467.1601 414045.360099999,227467.9201 414041.220100001)))",교량,594,대전광역시 유성구 ,36710073,2830,BRG0594000,미분류,철근콘크리트교,,미분류,미분류,4.2,미분류,1,미분류,0,0,4.23,0,2.4,0,0,미분류,미분류,0,0,0,미분류,0,0,0,미분류,미분류,0,미분류,미분류,미분류,0,0,,1
"MULTIPOLYGON (((227403.4101 413761.620100001,227403.2801 413756.4101,227399.6701 413756.5901,227399.5101 413758.1601,227400.9801 413759.860099999,227400.9101 413762.030099999,227403.4101 413761.620100001)))",교량,595,대전광역시 유성구 ,36710073,2963,BRG0595000,미분류,철근콘크리트교,,미분류,미분류,5.2,미분류,1,미분류,0,0,5.16,0,2.5,0,0,미분류,미분류,0,0,0,미분류,0,0,0,미분류,미분류,0,미분류,미분류,미분류,0,0,,1
"MULTIPOLYGON (((227296.1601 414124.4301,227295.1601 414124.220100001,227294.3601 414127.600099999,227294.5401 414128.600099999,227295.2201 414128.440099999,227296.1601 414124.4301)))",교량,596,대전광역시 유성구 ,36710073,55822,BRG0596000,미분류,철근콘크리트교,,미분류,미분류,4.1,미분류,1,미분류,0,0,4.42,0,1,0,0,미분류,미분류,0,0,0,미분류,0,0,0,미분류,미분류,0,미분류,미분류,미분류,0,0,,1
"MULTIPOLYGON (((227363.2001 413774.790100001,227365.7601 413770.700099999,227359.5801 413772.2501,227356.6101 413776.3401,227363.2001 413774.790100001)))",교량,597,대전광역시 유성구 ,36710073,93579,BRG0597000,미분류,철근콘크리트교,,미분류,미분류,6.8,미분류,1,미분류,0,0,6.82,0,3.4,0,0,미분류,미분류,0,0,0,미분류,0,0,0,미분류,미분류,0,미분류,미분류,미분류,0,0,,1
"MULTIPOLYGON (((227382.9801 413917.9801,227380.2001 413916.460100001,227379.6001 413917.4901,227377.2601 413920.360099999,227381.0601 413922.280099999,227381.2601 413922.690099999,227381.4101 413922.280099999,227382.9801 413917.9801)))",교량,598,대전광역시 유성구 ,36710073,93623,BRG0598000,미분류,철근콘크리트교,,미분류,미분류,4.7,미분류,1,미분류,0,0,4.58,0,3.2,0,0,미분류,미분류,0,0,0,미분류,0,0,0,미분류,미분류,0,미분류,미분류,미분류,0,0,,1
"MULTIPOLYGON (((228627.5901 413910.8101,228621.9101 413907.450099999,228611.7001 413926.220100001,228607.1001 413934.470100001,228612.7601 413937.870100001,228619.2501 413926.2401,228627.5901 413910.8101)))",교량,599,대전광역시 유성구 ,36710073,30364,BRG0599000,미분류,철근콘크리트교,용계교,미분류,미분류,30,하천,1,미분류,0,0,30.75,0,6.6,0,0,미분류,미분류,0,0,0,미분류,0,0,0,미분류,미분류,0,미분류,미분류,미분류,0,0,용계교,1
"MULTIPOLYGON (((228518.837009086 413578.548615171,228514.220129935 413573.840387655,228512.64203889 413584.192326881,228518.173847517 413582.511272036,228550.121998648 413592.002347622,228553.845432989 413596.545818243,228556.157111732 413585.548992569,228551.274112219 413587.636729809,228518.837009086 413578.548615171)))",교량,600,대전광역시 유성구 ,36710073,93882,BRG0600000,미분류,철근콘크리트교,,미분류,미분류,12.8,하천,1,미분류,0,0,12.9,0,3.8,0,0,미분류,미분류,0,0,0,미분류,0,0,0,미분류,미분류,0,미분류,미분류,미분류,0,0,,1
"MULTIPOLYGON (((228512.7801 413447.110099999,228509.8101 413446.8401,228509.2801 413452.720100001,228512.3301 413453.020099999,228512.7801 413447.110099999)))",교량,601,대전광역시 유성구 ,36710073,92287,BRG0601000,미분류,철근콘크리트교,,미분류,미분류,5.9,미분류,1,미분류,0,0,5.91,0,3.4,0,0,미분류,미분류,0,0,0,미분류,0,0,0,미분류,미분류,0,미분류,미분류,미분류,0,0,,1
"MULTIPOLYGON (((228335.9601 413995.040100001,228333.7901 413984.620100001,228330.3701 413984.850099999,228332.7201 413995.3301,228335.9601 413995.040100001)))",교량,603,대전광역시 유성구 ,36710073,93669,BRG0603000,미분류,철근콘크리트교,,미분류,미분류,11,하천,1,미분류,0,0,10.53,0,3.3,0,0,미분류,미분류,0,0,0,미분류,0,0,0,미분류,미분류,0,미분류,미분류,미분류,0,0,,1
"MULTIPOLYGON (((228089.1101 413349.6601,228087.6501 413346.700099999,228083.8601 413348.6601,228085.7701 413351.380100001,228089.1101 413349.6601)))",교량,604,대전광역시 유성구 ,36710073,93946,BRG0604000,미분류,철근콘크리트교,,미분류,미분류,3.8,미분류,1,미분류,0,0,3.76,0,2.7,0,0,미분류,미분류,0,0,0,미분류,0,0,0,미분류,미분류,0,미분류,미분류,미분류,0,0,,1
"MULTIPOLYGON (((227935.6901 413417.100099999,227932.5301 413416.9001,227932.6601 413422.100099999,227935.5901 413422.3301,227935.6901 413417.100099999)))",교량,605,대전광역시 유성구 ,36710073,55856,BRG0605000,미분류,철근콘크리트교,,미분류,미분류,5.2,미분류,1,미분류,0,0,5.18,0,2.9,0,0,미분류,미분류,0,0,0,미분류,0,0,0,미분류,미분류,0,미분류,미분류,미분류,0,0,,1
"MULTIPOLYGON (((227960.7601 413418.0001,227959.2601 413417.9901,227959.1801 413421.9301,227960.7101 413422.020099999,227960.7601 413418.0001)))",교량,606,대전광역시 유성구 ,36710073,93951,BRG0606000,미분류,철근콘크리트교,,미분류,미분류,4,미분류,0,미분류,0,0,4.05,0,1.5,0,0,미분류,미분류,0,0,0,미분류,0,0,0,미분류,미분류,0,미분류,미분류,미분류,0,0,,1
"MULTIPOLYGON (((227893.2301 413511.8301,227890.8701 413510.440099999,227890.4101 413511.4101,227892.7801 413512.6801,227893.2301 413511.8301)))",교량,607,대전광역시 유성구 ,36710073,92143,BRG0607000,미분류,철근콘크리트교,,미분류,미분류,2.7,미분류,0,미분류,0,0,2.69,0,1,0,0,미분류,미분류,0,0,0,미분류,0,0,0,미분류,미분류,0,미분류,미분류,미분류,0,0,,1
"MULTIPOLYGON (((228087.6801 413423.220100001,228087.5701 413414.9801,228083.9801 413415.0801,228084.3601 413423.1401,228087.6801 413423.220100001)))",교량,608,대전광역시 유성구 ,36710073,93737,BRG0608000,미분류,철근콘크리트교,,미분류,미분류,8.2,미분류,1,미분류,0,0,8.27,0,3.3,0,0,미분류,미분류,0,0,0,미분류,0,0,0,미분류,미분류,0,미분류,미분류,미분류,0,0,,1
"MULTIPOLYGON (((228053.2201 413422.020099999,228053.0701 413417.950099999,228051.5401 413417.960100001,228051.6901 413422.050100001,228053.2201 413422.020099999)))",교량,609,대전광역시 유성구 ,36710073,93684,BRG0609000,미분류,철근콘크리트교,,미분류,미분류,4.1,미분류,0,미분류,0,0,4.18,0,1.5,0,0,미분류,미분류,0,0,0,미분류,0,0,0,미분류,미분류,0,미분류,미분류,미분류,0,0,,1
"MULTIPOLYGON (((227637.8801 413426.3101,227637.6801 413421.6701,227634.8401 413421.8201,227635.2301 413426.360099999,227637.8801 413426.3101)))",교량,610,대전광역시 유성구 ,36710073,2988,BRG0610000,미분류,철근콘크리트교,,미분류,미분류,4.6,미분류,1,미분류,0,0,4.67,0,2.7,0,0,미분류,미분류,0,0,0,미분류,0,0,0,미분류,미분류,0,미분류,미분류,미분류,0,0,,1
"MULTIPOLYGON (((227643.7601 414071.9901,227641.6301 414071.700099999,227641.1101 414075.790100001,227642.9601 414076.1601,227643.7601 414071.9901)))",교량,611,대전광역시 유성구 ,36710073,2830,BRG0611000,미분류,철근콘크리트교,,미분류,미분류,4.1,미분류,1,미분류,0,0,4.26,0,1.9,0,0,미분류,미분류,0,0,0,미분류,0,0,0,미분류,미분류,0,미분류,미분류,미분류,0,0,,1
"MULTIPOLYGON (((227826.8201 413639.6401,227821.4201 413636.9801,227820.0901 413639.800100001,227825.5701 413642.3901,227826.8201 413639.6401)))",교량,612,대전광역시 유성구 ,36710073,93965,BRG0612000,미분류,철근콘크리트교,,미분류,미분류,6,미분류,1,미분류,0,0,6.07,0,3.1,0,0,미분류,미분류,0,0,0,미분류,0,0,0,미분류,미분류,0,미분류,미분류,미분류,0,0,,1
"MULTIPOLYGON (((227732.1301 413721.870100001,227730.8801 413719.8101,227729.6501 413720.610099999,227730.9501 413722.700099999,227732.1301 413721.870100001)))",교량,613,대전광역시 유성구 ,36710073,93513,BRG0613000,미분류,철근콘크리트교,,미분류,미분류,2.4,미분류,0,미분류,0,0,2.47,0,1.5,0,0,미분류,미분류,0,0,0,미분류,0,0,0,미분류,미분류,0,미분류,미분류,미분류,0,0,,1
"MULTIPOLYGON (((227640.5401 413761.2401,227639.6301 413758.850099999,227638.2301 413759.4301,227639.1901 413761.6801,227640.5401 413761.2401)))",교량,614,대전광역시 유성구 ,36710073,2984,BRG0614000,미분류,철근콘크리트교,,미분류,미분류,2.6,미분류,0,미분류,0,0,2.54,0,1.4,0,0,미분류,미분류,0,0,0,미분류,0,0,0,미분류,미분류,0,미분류,미분류,미분류,0,0,,1
"MULTIPOLYGON (((227846.55 413599.120999999,227848.432 413595.7952,227845.4561 413594.1381,227845.269 413593.947000001,227843.3231 413597.839,227843.6471 413597.759099999,227846.55 413599.120999999)))",교량,615,대전광역시 유성구 ,36710073,93494,BRG0615000,미분류,철근콘크리트교,,미분류,미분류,3.41,일반도로,1,미분류,0,0,3.41,0,4.01,0,0,미분류,미분류,0,0,0,미분류,0,0,0,미분류,미분류,0,미분류,미분류,미분류,0,0,,1
"MULTIPOLYGON (((228084.86 414034.01,228085.182 414028.891100001,228046.4701 414031.68,228044.4701 414035.73,228084.86 414034.01)))",교량,616,대전광역시 유성구 ,36710073,93003,BRG0616000,미분류,철근콘크리트교,삭제,미분류,미분류,0,일반도로,0,미분류,0,0,0,0,0,0,0,미분류,미분류,0,0,0,미분류,0,0,0,미분류,미분류,0,미분류,미분류,미분류,0,0,삭제,1
"MULTIPOLYGON (((227746.4101 413788.2501,227744.3199 413780.520099999,227726.447 413785.721100001,227703.4061 413792.426100001,227688.58 413796.7401,227690.5702 413804.49,227705.7531 413800.073999999,227728.794 413793.3731,227746.4101 413788.2501)))",교량,617,대전광역시 유성구 ,36710073,30800,BRG0617000,미분류,철근콘크리트교,대정육교,미분류,미분류,49.45,일반도로,1,미분류,0,0,49.45,0,8.11,0,0,미분류,미분류,0,0,0,미분류,0,0,0,미분류,미분류,0,미분류,미분류,미분류,0,0,대정육교,1
"MULTIPOLYGON (((226360.1201 416456.9301,226358.2001 416440.530099999,226353.7001 416440.8101,226356.2501 416457.6401,226360.1201 416456.9301)))",교량,618,대전광역시 유성구 ,36710062,30635,BRG0618000,미분류,철근콘크리트교,,미분류,미분류,18,하천,1,미분류,0,0,16.97,0,4.3,0,0,미분류,미분류,0,0,0,미분류,0,0,0,미분류,미분류,0,미분류,미분류,미분류,0,0,,1
"MULTIPOLYGON (((226002.7701 416427.4301,225995.6401 416423.8101,225990.2401 416433.8301,225996.9401 416438.280099999,226002.7701 416427.4301)))",교량,619,대전광역시 유성구 ,36710062,92101,BRG0619000,미분류,철근콘크리트교,수통교,미분류,미분류,10,하천,1,미분류,0,0,12.34,0,12,0,0,미분류,미분류,0,0,4,미분류,0,0,0,미분류,미분류,0,미분류,미분류,미분류,0,0,수통교,1
"MULTIPOLYGON (((226025.2951 416460.2951,226018.3731 416455.4871,226013.3981 416462.174000001,226019.3851 416466.063100001,226025.2951 416460.2951)))",교량,620,대전광역시 유성구 ,36710062,92118,BRG0620000,미분류,철근콘크리트교,,미분류,미분류,8.4,하천,1,미분류,0,0,8.42,0,8.3,0,0,미분류,미분류,0,0,1,미분류,0,0,0,미분류,미분류,0,미분류,미분류,미분류,0,0,,1
"MULTIPOLYGON (((226814.4278 416356.6669,226812.4128 416359.449899999,226811.9118 416359.5669,226812.1308 416360.800899999,226834.0138 416358.003900001,226833.6718 416356.649900001,226833.2018 416356.732899999,226830.4378 416354.8409,226822.2208 416315.9099,226822.4861 416314.5068,226822.6113 416314.101500001,226822.9514 416312.9913,226822.9205 416311.5272,226802.1474 416314.8672,226802.5156 416316.1207,226803.3768 416317.002900001,226803.8578 416316.9059,226806.3968 416318.676899999,226814.4278 416356.6669)))",교량,621,대전광역시 유성구 ,36710062,31054,BRG0621000,스라브(RC콘크리트),철근콘크리트교,화산제5교,A등급,미분류,46,하천,2,DB24,43.2,0,46.69,0,16,0,0,미분류,미분류,0,0,6,강재(강재파이프),1.1,0.1,46,미분류,미분류,0,미분류,미분류,미분류,0,0,화산제5교,1
"MULTIPOLYGON (((228484.5801 415590.110099999,228472.0301 415565.5701,228451.8101 415575.3301,228459.3401 415590.030099999,228481.0531 415632.646199999,228501.0813 415622.3629,228484.5801 415590.110099999)))",교량,622,대전광역시 유성구 ,36710063,14046,BRG0622000,미분류,철근콘크리트교,학하천교,미분류,미분류,64.6,하천,4,미분류,0,0,64.01,0,11.7,0,0,미분류,미분류,0,0,0,미분류,0,0,0,미분류,미분류,0,미분류,미분류,미분류,0,0,학하천교,1
"MULTIPOLYGON (((227103.1401 415062.600099999,227101.1801 415060.3301,227098.7801 415062.130100001,227100.7401 415064.4001,227103.1401 415062.600099999)))",교량,623,대전광역시 유성구 ,36710063,31482,BRG0623000,미분류,철근콘크리트교,,미분류,미분류,3,미분류,1,미분류,0,0,2.97,0,3,0,0,미분류,미분류,0,0,0,미분류,0,0,0,미분류,미분류,0,미분류,미분류,미분류,0,0,,1
"MULTIPOLYGON (((227388.7691 414486.619100001,227388.3991 414482.8391,227385.8691 414482.949100001,227385.9591 414486.6591,227388.7691 414486.619100001)))",교량,624,대전광역시 유성구 ,36710063,95558,BRG0624000,미분류,철근콘크리트교,,미분류,미분류,3.7,미분류,1,미분류,0,0,3.82,0,2.5,0,0,미분류,미분류,0,0,0,미분류,0,0,0,미분류,미분류,0,미분류,미분류,미분류,0,0,,1
"MULTIPOLYGON (((228999.2001 415447.3201,228993.5101 415444.8301,228988.0301 415448.470100001,228985.8201 415449.8201,228988.0301 415450.7501,228991.8534 415452.3543,228999.2001 415447.3201)))",교량,625,대전광역시 유성구 ,36710063,95065,BRG0625000,미분류,철근콘크리트교,,미분류,미분류,5.7,미분류,1,미분류,0,0,5.87,0,8.2,0,0,미분류,미분류,0,0,0,미분류,0,0,0,미분류,미분류,0,미분류,미분류,미분류,0,0,,1
"MULTIPOLYGON (((228609.8101 414487.550100001,228603.0501 414486.6801,228602.4201 414490.710100001,228609.2701 414491.4901,228609.8101 414487.550100001)))",교량,626,대전광역시 유성구 ,36710063,55992,BRG0626000,미분류,철근콘크리트교,,미분류,미분류,4,미분류,1,미분류,0,0,4.09,0,6.8,0,0,미분류,미분류,0,0,0,미분류,0,0,0,미분류,미분류,0,미분류,미분류,미분류,0,0,,1
"MULTIPOLYGON (((228343.2401 414811.870100001,228346.5201 414806.8401,228339.5901 414802.520099999,228336.1201 414807.4201,228343.2401 414811.870100001)))",교량,627,대전광역시 유성구 ,36710063,56023,BRG0627000,미분류,철근콘크리트교,,미분류,미분류,5,미분류,1,미분류,0,0,8.46,0,5,0,0,미분류,미분류,0,0,0,미분류,0,0,0,미분류,미분류,0,미분류,미분류,미분류,0,0,,1
"MULTIPOLYGON (((228971.9301 415458.530099999,228971.8101 415456.4801,228961.0501 415463.520099999,228962.5901 415464.030099999,228966.6101 415470.0001,228975.5801 415463.6401,228971.9301 415458.530099999)))",교량,628,대전광역시 유성구 ,36710063,95018,BRG0628000,미분류,철근콘크리트교,,미분류,미분류,10.8,미분류,1,미분류,0,0,8.84,0,6.5,0,0,미분류,미분류,0,0,0,미분류,0,0,0,미분류,미분류,0,미분류,미분류,미분류,0,0,,1
"MULTIPOLYGON (((229069.3101 414448.3901,229068.0301 414445.5601,229063.5201 414447.770099999,229064.7801 414450.4101,229069.3101 414448.3901)))",교량,629,대전광역시 유성구 ,36710063,95908,BRG0629000,미분류,철근콘크리트교,,미분류,미분류,5,미분류,1,미분류,0,0,3.2,0,3.1,0,0,미분류,미분류,0,0,0,미분류,0,0,0,미분류,미분류,0,미분류,미분류,미분류,0,0,,1
"MULTIPOLYGON (((227902.0861 414858.244100001,227900.6261 414859.4331,227902.8261 414861.793099999,227904.3161 414860.564099999,227902.0861 414858.244100001)))",교량,630,대전광역시 유성구 ,36710063,56069,BRG0630000,미분류,철근콘크리트교,,미분류,미분류,3.2,미분류,1,미분류,0,0,3.29,0,1.9,0,0,미분류,미분류,0,0,0,미분류,0,0,0,미분류,미분류,0,미분류,미분류,미분류,0,0,,1
"MULTIPOLYGON (((227847.9251 414886.8331,227846.0751 414887.5831,227847.0751 414890.7531,227849.0151 414890.1731,227847.9251 414886.8331)))",교량,631,대전광역시 유성구 ,36710063,56069,BRG0631000,미분류,철근콘크리트교,,미분류,미분류,3.3,미분류,1,미분류,0,0,3.6,0,2,0,0,미분류,미분류,0,0,0,미분류,0,0,0,미분류,미분류,0,미분류,미분류,미분류,0,0,,1
"MULTIPOLYGON (((227798.8501 414920.713099999,227796.7311 414921.303099999,227797.8311 414924.383099999,227799.7301 414923.733100001,227798.8501 414920.713099999)))",교량,632,대전광역시 유성구 ,36710063,56069,BRG0632000,미분류,철근콘크리트교,,미분류,미분류,3.3,미분류,1,미분류,0,0,3.06,0,2,0,0,미분류,미분류,0,0,0,미분류,0,0,0,미분류,미분류,0,미분류,미분류,미분류,0,0,,1
"MULTIPOLYGON (((227680.1601 414402.470100001,227668.4201 414400.350099999,227659.7801 414411.020099999,227671.6326 414412.963099999,227676.5506 414415.483999999,227683.3273 414413.000399999,227685.1301 414403.338099999,227680.1601 414402.470100001)))",교량,633,대전광역시 유성구 ,36710063,95314,BRG0633000,미분류,철근콘크리트교,,미분류,미분류,11.9,미분류,2,미분류,0,0,11.19,0,11.8,0,0,미분류,미분류,0,0,0,미분류,0,0,0,미분류,미분류,0,미분류,미분류,미분류,0,0,,1
"MULTIPOLYGON (((227824.6001 414226.0801,227819.5201 414215.9301,227813.0801 414219.7601,227816.6901 414221.0601,227817.5901 414221.380100001,227819.2301 414225.1601,227817.0401 414230.130100001,227824.6001 414226.0801)))",교량,634,대전광역시 유성구 ,36710063,92781,BRG0634000,미분류,철근콘크리트교,,미분류,미분류,11.4,미분류,1,미분류,0,0,11.45,0,4.2,0,0,미분류,미분류,0,0,0,미분류,0,0,0,미분류,미분류,0,미분류,미분류,미분류,0,0,,1
"MULTIPOLYGON (((228914.9601 415494.0601,228912.5201 415488.800100001,228903.5901 415492.870100001,228906.0201 415498.270099999,228914.9601 415494.0601)))",교량,635,대전광역시 유성구 ,36710063,95009,BRG0635000,미분류,철근콘크리트교,,미분류,미분류,10,미분류,1,미분류,0,0,5.41,0,5.6,0,0,미분류,미분류,0,0,0,미분류,0,0,0,미분류,미분류,0,미분류,미분류,미분류,0,0,,1
"MULTIPOLYGON (((227140.3623 416304.664899999,227143.668 416308.219699999,227145.437 416311.435699999,227116.201 416360.2817,227110.402 416363.5318,227110.371 416363.718800001,227110.703 416363.9098,227148.2741 416363.6347,227148.7121 416362.7947,227148.3781 416362.740700001,227146.7471 416359.9057,227178.8068 416304.1855,227177.9208 416304.2533,227140.3623 416304.664899999)))",교량,636,대전광역시 유성구 ,36710063,30852,BRG0636000,스라브(RC콘크리트),철근콘크리트교,화산제4교,A등급,미분류,65.4,하천,4,DB24,43.2,0,62.72,0,26,0,0,미분류,미분류,0,0,5,강재(강재파이프),1.1,0.1,65.4,미분류,미분류,0,미분류,미분류,미분류,0,0,화산제4교,1
"MULTIPOLYGON (((226935.4103 416304.4409,226933.639 416304.3561,226933.5479 416305.184800001,226933.0654 416312.238700001,226932.7802 416321.356899999,226932.7877 416333.192399999,226933.5368 416343.001700001,226934.552 416358.385600001,226940.3716 416358.3684,226941.004 416342.971999999,226941.1059 416332.9889,226941.2074 416323.1117,226940.8232 416313.5681,226940.6665 416309.016799999,226940.5705 416305.7005,226940.5728 416304.9597,226940.5392 416304.377499999,226935.4103 416304.4409)))",교량,637,대전광역시 유성구 ,36710063,95179,BRG0637000,인도교(Foot bridge),강교,계산교,A등급,미분류,47.8,하천,0,기타,0,0,47.95,0,8,0,0,미분류,미분류,0,0,0,강재(강재파이프),1.1,0.1,47.8,미분류,미분류,0,미분류,미분류,미분류,0,0,계산교,1
"MULTIPOLYGON (((227537.7493 416224.876399999,227575.4913 416204.5053,227575.7683 416204.336300001,227549.8533 416161.5843,227551.1253 416156.963300001,227551.3413 416156.818299999,227551.0463 416156.3103,227551.2413 416156.159299999,227551.0193 416155.7883,227551.2953 416153.9845,227505.9468 416174.936799999,227509.3823 416178.2413,227509.1453 416178.3993,227537.4623 416225.0514,227537.7493 416224.876399999)))",교량,638,대전광역시 유성구 ,36710063,30681,BRG0638000,스라브(RC콘크리트),철근콘크리트교,화산제3교,A등급,미분류,52.4,하천,6,DB24,43.2,0,54.19,0,43.5,0,0,미분류,미분류,0,0,6,강재(강재파이프),1.1,0.1,52.4,미분류,미분류,0,미분류,미분류,미분류,0,0,화산제3교,1
"MULTIPOLYGON (((227699.8552 416072.753799999,227689.3723 416078.7831,227693.5843 416077.1741,227694.2433 416077.2631,227695.3163 416077.611099999,227697.7903 416078.588099999,227700.1453 416079.6631,227702.4774 416080.929099999,227705.0194 416082.6131,227707.4384 416084.5101,227709.4994 416086.3971,227711.6794 416088.736099999,227713.4994 416091.0721,227715.0074 416093.3851,227716.8504 416096.6621,227718.1014 416099.449100001,227719.0864 416102.157099999,227719.8974 416105.1971,227720.5304 416108.416099999,227720.8344 416111.141100001,227720.9624 416113.9312,227720.8834 416116.835200001,227720.6634 416118.9882,227720.2924 416121.258199999,227719.7654 416123.5492,227719.4284 416124.916200001,227726.0084 416121.2532,227726.2004 416120.3422,227726.2534 416117.6292,227726.3614 416115.198100001,227726.3354 416112.3321,227726.1884 416109.7961,227725.8854 416107.4461,227725.5024 416105.032099999,227728.0364 416103.621099999,227730.4834 416105.699100001,227732.3744 416107.243100001,227734.3244 416108.6151,227737.0204 416110.291099999,227740.4864 416112.1961,227741.4814 416112.712099999,227748.0804 416109.1611,227746.6984 416108.712099999,227744.4034 416107.916099999,227741.8894 416106.7861,227739.5864 416105.564099999,227737.1594 416104.0221,227734.8264 416102.311100001,227732.6884 416100.4801,227730.4094 416098.187100001,227728.4074 416095.9541,227726.5334 416093.327099999,227724.9364 416090.721100001,227723.6354 416088.119100001,227722.3524 416084.9351,227721.5554 416082.475099999,227720.7824 416079.4241,227720.3514 416076.7031,227720.0664 416073.768100001,227720.0384 416070.9761,227720.1714 416068.053099999,227720.5234 416065.259099999,227721.1834 416062.291099999,227725.1864 416059.211100001,227714.9594 416064.7611,227714.9594 416065.701099999,227714.7234 416067.9531,227714.5954 416070.4551,227714.6094 416072.971100001,227714.7724 416075.279100001,227715.0044 416077.9531,227715.5574 416080.801100001,227712.9834 416082.311100001,227710.2444 416079.902100001,227707.4214 416077.766100001,227704.9154 416076.1741,227702.7383 416074.929099999,227700.4343 416073.736099999,227700.0623 416073.4231,227699.8552 416072.753799999)))",교량,639,대전광역시 유성구 ,36710063,93347,BRG0639000,인도교(Foot bridge),강교,별빛교,A등급,미분류,53,하천,0,기타,0,0,64.73,0,5.5,0,0,미분류,미분류,0,0,0,강재(강재파이프),1.1,0.1,53,미분류,미분류,0,미분류,미분류,미분류,0,0,별빛교,1
"MULTIPOLYGON (((227869.9843 415978.0415,227842.3656 415994.251499999,227844.9974 415995.778000001,227850.7424 415998.466,227873.6145 416043.014,227872.9075 416045.43,227873.5385 416046.739,227898.1705 416034.113,227897.3905 416032.797,227895.0765 416031.967,227870.8144 415984.7349,227870.467 415982.2059,227869.9843 415978.0415)))",교량,640,대전광역시 유성구 ,36710063,30869,BRG0640000,스라브(RC콘크리트),철근콘크리트교,화산제2교,A등급,미분류,57.4,하천,4,DB24,43.2,0,59.87,0,24,0,0,미분류,미분류,0,0,6,기타,1.1,0.4,57.4,미분류,미분류,0,미분류,미분류,미분류,0,0,화산제2교,1
"MULTIPOLYGON (((228216.2586 415789.9966,228214.7606 415788.8456,228214.9456 415788.650599999,228212.8216 415787.0296,228210.3636 415784.979599999,228208.2196 415783.082599999,228206.1946 415781.1766,228204.3476 415779.264599999,228202.6116 415777.364600001,228200.8386 415775.353599999,228198.9656 415773.0536,228197.1486 415770.704600001,228195.3416 415768.1226,228193.5846 415765.454600001,228191.7935 415762.510600001,228190.3305 415759.820599999,228188.8595 415756.909600001,228187.5565 415754.0996,228186.4935 415751.547599999,228185.3965 415748.6665,228184.2515 415745.1655,228183.2675 415741.8115,228182.3195 415738.126499999,228182.1165 415738.168500001,228181.6555 415736.273499999,228177.7073 415738.3444,228177.219 415738.695599999,228177.9725 415740.9265,228178.4075 415742.841499999,228178.9095 415744.761600001,228179.4525 415746.6886,228180.0305 415748.6196,228180.6755 415750.513599999,228181.3485 415752.398600001,228182.0715 415754.271600001,228182.8375 415756.1176,228183.6555 415757.957599999,228184.5075 415759.7566,228185.4195 415761.536599999,228186.3545 415763.306600001,228188.1055 415766.339600001,228189.4196 415768.479599999,228191.0256 415770.9376,228192.6166 415773.1916,228194.4236 415775.570599999,228196.1306 415777.6896,228198.5546 415780.4856,228200.8506 415782.9176,228203.5486 415785.582599999,228206.2766 415788.0536,228208.5436 415789.9256,228210.5516 415791.499600001,228210.8376 415791.479599999,228212.4826 415792.638599999,228216.2586 415789.9966)))",교량,641,대전광역시 유성구 ,36710063,95071,BRG0641000,인도교(Foot bridge),강교,건천교,A등급,미분류,60.2,하천,0,기타,0,0,65.58,0,5.6,0,0,미분류,미분류,0,0,0,강재(강재파이프),1.1,0.1,60.2,미분류,미분류,0,미분류,미분류,미분류,0,0,건천교,1
"MULTIPOLYGON (((228080.3225 415895.999700001,228080.1045 415897.7907,228080.4455 415898.901699999,228099.3595 415882.478700001,228098.7595 415881.5557,228098.3435 415881.742699999,228096.3725 415881.356699999,228071.4965 415832.8597,228070.903 415830.941500001,228070.8325 415830.8002,228069.8115 415828.786,228069.8823 415828.795,228050.0919 415845.5239,228053.0885 415847.4647,228055.6915 415847.901699999,228080.3225 415895.999700001)))",교량,642,대전광역시 유성구 ,36710063,30816,BRG0642000,미분류,철근콘크리트교,화산제1교,미분류,미분류,8.4,하천,1,미분류,0,0,58.82,0,8.3,0,0,미분류,미분류,0,0,4,미분류,0,0,0,미분류,미분류,0,미분류,미분류,미분류,0,0,화산제1교,1
"MULTIPOLYGON (((228382.4211 415688.261700001,228389.5201 415684.5452,228358.5848 415630.748299999,228351.0601 415634.604499999,228382.4211 415688.261700001)))",교량,643,대전광역시 유성구 ,36710063,31423,BRG0643000,스라브(RC콘크리트),철근콘크리트교,학하2교,미분류,미분류,60.29,하천,2,미분류,0,0,60.24,0,8.9,0,0,RC슬래브교,중력식,0,0,1,강재(강재파이프),1.1,0.1,60.29,미분류,미분류,0,미분류,미분류,미분류,0,0,학하2교,1
"MULTIPOLYGON (((229123.8901 414415.350099999,229121.3401 414410.870100001,229117.0801 414413.550100001,229119.6901 414417.550100001,229123.8901 414415.350099999)))",교량,644,대전광역시 유성구 ,36710063,95927,BRG0644000,미분류,철근콘크리트교,,미분류,미분류,5,미분류,1,미분류,0,0,4.7,0,4.7,0,0,미분류,미분류,0,0,0,미분류,0,0,0,미분류,미분류,0,미분류,미분류,미분류,0,0,,1
"MULTIPOLYGON (((226491.9401 418126.220100001,226488.4001 418106.3401,226480.6701 418107.4301,226484.1401 418127.0001,226491.9401 418126.220100001)))",교량,645,대전광역시 유성구 ,36710052,129488,BRG0645000,미분류,철근콘크리트교,학하교,미분류,미분류,20,하천,1,미분류,0,0,20.22,0,8,0,0,미분류,미분류,0,0,0,미분류,0,0,0,미분류,미분류,0,미분류,미분류,미분류,0,0,학하교,1
"MULTIPOLYGON (((225968.5901 418122.4901,225956.5401 418120.630100001,225952.5501 418142.2601,225964.5201 418144.0801,225965.1301 418140.5601,225968.5901 418122.4901)))",교량,646,대전광역시 유성구 ,36710052,45119,BRG0646000,미분류,철근콘크리트교,갑동제1교,미분류,미분류,22,하천,2,미분류,0,0,21.97,0,12,0,0,미분류,미분류,0,0,4,미분류,0,0,0,미분류,미분류,0,미분류,미분류,미분류,0,0,갑동제1교,1
"MULTIPOLYGON (((228351.3901 417775.1401,228340.5301 417773.370100001,228330.3601 417823.020099999,228340.2869 417824.385199999,228351.3901 417775.1401)))",교량,647,대전광역시 유성구 ,36710053,45057,BRG0647000,미분류,철근콘크리트교,구암(상)교,미분류,미분류,50,하천,2,미분류,0,0,50.63,0,11,0,0,미분류,미분류,0,0,0,미분류,0,0,0,미분류,미분류,0,미분류,미분류,미분류,0,0,구암(상)교,1
"MULTIPOLYGON (((227779.6265 417824.3925,227780.4545 417824.1165,227780.0495 417823.4155,227779.1495 417822.9845,227775.5805 417820.9245,227775.5485 417820.886499999,227767.9095 417789.0195,227769.8892 417785.223300001,227770.1645 417784.8302,227770.2007 417784.770199999,227770.6655 417783.9845,227771.0599 417783.142200001,227751.0995 417788.122099999,227752.288 417789.135,227753.0045 417789.729499999,227753.9415 417790.090500001,227757.4555 417792.135500001,227765.0735 417824.4395,227763.0885 417828.2805,227762.3655 417829.0255,227762.5575 417829.7765,227779.6265 417824.3925)))",교량,648,대전광역시 유성구 ,36710053,129433,BRG0648000,스라브(RC콘크리트),철근콘크리트교,박산교,A등급,미분류,40,하천,1,DB24,11,0,41.33,0,11.08,0,0,미분류,미분류,0,0,2,강재(강재파이프),1.1,0.1,0,미분류,미분류,0,미분류,미분류,미분류,0,0,박산교,1
"MULTIPOLYGON (((227599.042 417843.563100001,227601.3234 417844.750700001,227605.2774 417846.4487,227617.7524 417876.2017,227616.1434 417879.9507,227616.5464 417881.026699999,227641.8305 417871.353700001,227641.4825 417870.820699999,227637.5075 417869.1447,227624.2639 417839.2388,227625.001 417834.828,227625.5038 417832.678099999,227599.042 417843.563100001)))",교량,649,대전광역시 유성구 ,36710053,125743,BRG0649000,스라브(RC콘크리트),철근콘크리트교,왕가교,A등급,미분류,40,하천,2,DB24,21,0,39.21,0,26.39,0,0,미분류,미분류,0,0,8,강재(강재파이프),1.1,0.1,0,미분류,미분류,0,미분류,미분류,미분류,0,0,왕가교,1
"MULTIPOLYGON (((227364.3624 418064.259,227364.4134 418063.363,227363.3964 418063.244000001,227363.3344 418063.806,227322.5803 418061.601,227322.2791 418061.471999999,227321.5833 418060.816,227315.5519 418060.3927,227298.2693 418104.002499999,227300.6293 418104.357100001,227301.5633 418104.4081,227301.6443 418103.8781,227342.1304 418106.321,227342.0954 418106.810000001,227343.0854 418106.880999999,227343.1684 418105.961999999,227364.3624 418064.259)))",교량,650,대전광역시 유성구 ,36710053,16269,BRG0650000,스라브(RC콘크리트),철근콘크리트교,덕명교,A등급,미분류,30,하천,6,DB24,23.3,0,42.15,0,48.07,0,0,미분류,미분류,0,0,6,강재(강재파이프),1.1,0.1,0,미분류,미분류,0,미분류,미분류,미분류,0,0,덕명교,1
"MULTIPOLYGON (((229130.4321 417265.0101,229129.3621 417260.540100001,229125.2621 417261.4301,229126.3221 417265.9101,229130.4321 417265.0101)))",교량,651,대전광역시 유성구 ,36710053,107789,BRG0651000,미분류,철근콘크리트교,,미분류,미분류,4.6,미분류,1,미분류,0,0,4.51,0,4.2,0,0,미분류,미분류,0,0,0,미분류,0,0,0,미분류,미분류,0,미분류,미분류,미분류,0,0,,1
"MULTIPOLYGON (((229115.6031 417236.4471,229115.9931 417236.937100001,229117.2531 417235.7171,229116.1441 417234.5571,229114.8941 417235.777100001,229115.6031 417236.4471)))",교량,652,대전광역시 유성구 ,36710053,107789,BRG0652000,미분류,철근콘크리트교,,미분류,미분류,1.8,미분류,1,미분류,0,0,1.59,0,1.6,0,0,미분류,미분류,0,0,0,미분류,0,0,0,미분류,미분류,0,미분류,미분류,미분류,0,0,,1
"MULTIPOLYGON (((229097.7537 417972.010500001,229098.0781 417925.618100001,229089.1281 417925.417099999,229088.3488 417971.908399999,229097.7537 417972.010500001)))",교량,653,대전광역시 유성구 ,36710053,44980,BRG0653000,미분류,철근콘크리트교,계명교,미분류,미분류,35.4,미분류,1,미분류,0,0,35.06,0,8.9,0,0,미분류,미분류,0,0,0,미분류,0,0,0,미분류,미분류,0,미분류,미분류,미분류,0,0,계명교,1
"MULTIPOLYGON (((229184.0537 414333.124199999,229181.5135 414329.7283,229165.092 414349.415200001,229170.0189 414354.459899999,229186.7534 414336.5207,229184.0537 414333.124199999)))",교량,654,대전광역시 유성구 ,36710063,93426,BRG0654000,미분류,철근콘크리트교,용계교,미분류,미분류,18,하천,1,미분류,0,0,19.39,0,7,0,0,미분류,미분류,0,0,0,미분류,0,0,0,미분류,미분류,0,미분류,미분류,미분류,0,0,용계교,1
"MULTIPOLYGON (((226192.695 416457.8785,226187.8 416456.8771,226188.5313 416458.501399999,226186.9026 416486.4932,226188.7213 416486.5688,226190.6307 416459.067,226192.695 416457.8785)))",교량,655,대전광역시 유성구 ,36710062,92126,BRG0655000,미분류,철근콘크리트교,,미분류,미분류,29.17,일반도로,0,미분류,0,0,29.17,0,2.04,0,0,미분류,미분류,0,0,0,미분류,0,0,0,미분류,미분류,0,미분류,미분류,미분류,0,0,,1
"MULTIPOLYGON (((228587.6848 415636.0156,228519.5385 415497.7755,228493.4134 415511.5196,228559.8611 415649.189200001,228583.5109 415698.376399999,228595.0587 415720.9934,228610.6883 415752.232000001,228638.2279 415739.198799999,228624.1462 415711.3521,228605.1391 415672.7641,228587.6848 415636.0156)))",교량,656,대전광역시 유성구 ,36710063,93014,BRG0656000,미분류,철근콘크리트교,화산1교,미분류,미분류,47.21,일반도로,6,미분류,0,0,47.21,0,25.74,0,0,미분류,미분류,0,0,0,미분류,0,0,0,미분류,미분류,0,미분류,미분류,미분류,0,0,화산1교,1
"MULTIPOLYGON (((228271.23 415168.3201,228264.49 415155.119999999,228243.65 415165.7699,228250.3902 415178.970100001,228271.23 415168.3201)))",교량,657,대전광역시 유성구 ,36710063,14046,BRG0657000,미분류,철근콘크리트교,학하1교,미분류,미분류,15.78,일반도로,6,미분류,0,0,15.78,0,2085,0,0,미분류,미분류,0,0,0,미분류,0,0,0,미분류,미분류,0,미분류,미분류,미분류,0,0,학하1교,1
"MULTIPOLYGON (((228713.67 416042.32,228692.05 415999.2401,228674.2 416017.25,228695.2899 416059.140000001,228713.67 416042.32)))",교량,658,대전광역시 유성구 ,36710063,14046,BRG0658000,미분류,철근콘크리트교,학하교,미분류,미분류,48.15,일반도로,4,미분류,0,0,48.15,0,24.84,0,0,미분류,미분류,0,0,0,미분류,0,0,0,미분류,미분류,0,미분류,미분류,미분류,0,0,학하교,1
"MULTIPOLYGON (((228790.8801 416192.85,228786.1301 416183.540100001,228760.5199 416188.060000001,228765.2701 416197.380100001,228790.8801 416192.85)))",교량,659,대전광역시 유성구 ,36710063,14046,BRG0659000,미분류,철근콘크리트교,복용육교,미분류,미분류,10.49,일반도로,4,미분류,0,0,10.49,0,26.08,0,0,미분류,미분류,0,0,0,미분류,0,0,0,미분류,미분류,0,미분류,미분류,미분류,0,0,복용육교,1
"MULTIPOLYGON (((227581.227 415368.943,227576.5021 415364.9561,227573.804 415367.914000001,227578.4501 415371.8331,227581.227 415368.943)))",교량,660,대전광역시 유성구 ,36710063,92431,BRG0660000,미분류,철근콘크리트교,,미분류,미분류,6.19,일반도로,1,미분류,0,0,6.19,0,3.91,0,0,미분류,미분류,0,0,0,미분류,0,0,0,미분류,미분류,0,미분류,미분류,미분류,0,0,,1
"MULTIPOLYGON (((227409.817 415591.596100001,227406.6001 415585.585000001,227402.769 415588.502,227406.1601 415594.529999999,227409.817 415591.596100001)))",교량,661,대전광역시 유성구 ,36710063,92431,BRG0661000,미분류,철근콘크리트교,,미분류,미분류,6.58,일반도로,1,미분류,0,0,6.58,0,5.13,0,0,미분류,미분류,0,0,0,미분류,0,0,0,미분류,미분류,0,미분류,미분류,미분류,0,0,,1
"MULTIPOLYGON (((228005.54 414641.950099999,228001.32 414634.52,227987.1301 414646.779999999,227983.0 414650.02,227987.4901 414658.1801,228005.54 414641.950099999)))",교량,662,대전광역시 유성구 ,36710063,14046,BRG0662000,미분류,철근콘크리트교,학하2교,미분류,미분류,8.55,일반도로,4,미분류,0,0,8.55,0,24.33,0,0,미분류,미분류,0,0,0,미분류,0,0,0,미분류,미분류,0,미분류,미분류,미분류,0,0,학하2교,1
"MULTIPOLYGON (((226496.2584 416434.415899999,226487.9671 416401.664100001,226449.1732 416416.2106,226455.9878 416444.4121,226456.8698 416448.406300001,226496.2584 416434.415899999)))",교량,663,대전광역시 유성구 ,36710062,30713,BRG0663000,미분류,철근콘크리트교,화산교,미분류,미분류,31.24,일반도로,7,미분류,0,0,31.24,0,41.02,0,0,미분류,미분류,0,0,10,미분류,0,0,0,미분류,미분류,0,미분류,미분류,미분류,0,0,화산교,1
"MULTIPOLYGON (((225589.0351 418174.7882,225585.665 418174.3509,225584.1151 418190.1261,225587.4691 418190.360099999,225589.0351 418174.7882)))",교량,664,대전광역시 유성구 ,36710052,129483,BRG0664000,미분류,철근콘크리트교,,미분류,미분류,15.72,일반도로,1,미분류,0,0,15.72,0,3.45,0,0,미분류,미분류,0,0,0,미분류,0,0,0,미분류,미분류,0,미분류,미분류,미분류,0,0,,1
"MULTIPOLYGON (((226864.3289 418102.788699999,226839.3401 418102.68,226840.2018 418161.1207,226864.5766 418160.067500001,226864.3289 418102.788699999)))",교량,665,대전광역시 유성구 ,36710052,13240,BRG0665000,미분류,철근콘크리트교,현충교,미분류,미분류,43.84,일반도로,4,미분류,0,0,43.84,0,26.31,0,0,미분류,미분류,0,0,6,미분류,0,0,0,미분류,미분류,0,미분류,미분류,미분류,0,0,현충교,1
"MULTIPOLYGON (((226105.6022 413948.027000001,226099.904 413946.352,226098.5621 413949.723099999,226104.262 413951.814999999,226105.6022 413948.027000001)))",교량,666,대전광역시 유성구 ,36710072,92296,BRG0666000,미분류,철근콘크리트교,,미분류,미분류,5.97,일반도로,1,미분류,0,0,5.97,0,4.08,0,0,미분류,미분류,0,0,0,미분류,0,0,0,미분류,미분류,0,미분류,미분류,미분류,0,0,,1
"MULTIPOLYGON (((227403.1594 418013.9289,227380.7803 417976.5779,227354.6693 418019.289000001,227355.2013 418020.289999999,227371.4314 418050.775,227372.0574 418051.961999999,227403.1594 418013.9289)))",교량,667,대전광역시 유성구 ,36710053,45395,BRG0667000,스라브(RC콘크리트),철근콘크리트교,구덕교,A등급,미분류,36,하천,6,DB24,20,0,37.33,0,50.22,0,0,미분류,미분류,0,0,6,강재(강재파이프),1.1,0.1,0,미분류,미분류,0,미분류,미분류,미분류,0,0,구덕교,1
"MULTIPOLYGON (((240327.802 422696.578,240328.484 422694.501,240325.545 422694.396,240325.017 422696.478,240327.802 422696.578)))",교량,668,대전광역시 대덕구 ,36710038,122907,BRG0668000,인도교(Foot bridge),철근콘크리트교,,미분류,미분류,4.7,미분류,0,미분류,0,0,2.93,0,2.1,0,0,미분류,미분류,0,0,2.14,미분류,0,0,0,미분류,미분류,0,미분류,미분류,미분류,0,0,,1
"MULTIPOLYGON (((234479.9751 419619.998299999,234479.9751 419582.2644,234476.9751 419566.0108,234476.9751 419565.191,234476.9751 419321.002800001,234476.9806 419320.687799999,234476.9972 419320.373199999,234477.0247 419320.0594,234477.0632 419319.7467,234477.1126 419319.4355,234477.1729 419319.1263,234477.244 419318.8193,234477.3258 419318.5151,234477.4181 419318.2139,234477.521 419317.916099999,234477.6342 419317.622099999,234477.7577 419317.3322,234477.8912 419317.046800001,234478.0346 419316.7663,234478.1877 419316.491,234478.3504 419316.2212,234478.5225 419315.9572,234478.7036 419315.6995,234478.8937 419315.4482,234479.0925 419315.2038,234479.2997 419314.966399999,234479.515 419314.736500001,234479.7383 419314.5142,234479.9692 419314.299900001,234480.2075 419314.093800001,234480.4529 419313.8961,234480.705 419313.7072,234480.9636 419313.5272,234481.2283 419313.3564,234481.4989 419313.1949,234481.7749 419313.043099999,234446.3004 419313.043099999,234446.7186 419313.051200001,234447.1363 419313.073899999,234447.553 419313.111199999,234447.9681 419313.162900001,234448.3811 419313.2291,234448.7916 419313.309699999,234449.199 419313.4045,234449.6029 419313.513499999,234450.0027 419313.636399999,234450.398 419313.7733,234450.7883 419313.923800001,234451.1731 419314.0878,234451.552 419314.2652,234451.9244 419314.455600001,234452.29 419314.6589,234452.6483 419314.8749,234452.9988 419315.1031,234453.3411 419315.343499999,234453.6749 419315.595699999,234453.9997 419315.859300001,234454.3151 419316.134099999,234454.6207 419316.4197,234454.9162 419316.7158,234455.2012 419317.022,234455.4753 419317.338,234455.7383 419317.6633,234455.9898 419317.9976,234456.2294 419318.340399999,234456.457 419318.691400001,234456.6722 419319.050100001,234456.8748 419319.416099999,234457.0644 419319.789000001,234457.241 419320.168199999,234457.4043 419320.553300001,234457.554 419320.9439,234457.69 419321.339500001,234457.8121 419321.739600001,234457.9203 419322.1437,234458.0142 419322.5513,234458.094 419322.9619,234458.1593 419323.3751,234458.2102 419323.7903,234458.2466 419324.207,234458.2685 419324.6248,234458.2758 419325.043,234458.2758 419443.845799999,234458.2758 419504.3883,234458.2751 419620.121099999,234458.3426 419629.582900001,234479.9468 419629.809900001,234479.9751 419619.998299999)))",교량,669,대전광역시 유성구 ,36710056,37162,BRG0669000,인도교(Foot bridge),철근콘크리트교,제2엑스포교,미분류,미분류,4.7,미분류,4,미분류,0,0,307.44,8,2.1,0,0,미분류,미분류,0,0,5,미분류,0,0,0,미분류,미분류,0,미분류,미분류,미분류,0,0,제2엑스포교,1
"MULTIPOLYGON (((234902.6801 419575.440099999,234896.1701 419575.4201,234896.1701 419582.610099999,234902.4601 419582.600099999,234902.6801 419575.440099999)))",교량,670,대전광역시 유성구 ,36710056,41366,BRG0670000,미분류,철근콘크리트교,,미분류,미분류,6,미분류,0,미분류,0,0,7.01,0,7,0,0,미분류,미분류,0,0,6.39,미분류,0,0,0,미분류,미분류,0,미분류,미분류,미분류,0,0,,1
"MULTIPOLYGON (((234830.7901 419333.860099999,234830.7701 419291.940099999,234830.5122 419278.139599999,234812.6599 419278.35,234812.8901 419292.1501,234812.7801 419340.290100001,234812.8801 419380.0101,234812.7101 419407.110099999,234812.8701 419437.2601,234812.8001 419459.690099999,234812.9101 419482.190099999,234812.9301 419490.3901,234812.9701 419507.4901,234812.9401 419532.9901,234812.8801 419560.0001,234812.8501 419586.720100001,234812.8401 419622.1701,234812.7317 419630.928200001,234830.2989 419630.9988,234830.4501 419621.9101,234830.6501 419554.690099999,234830.6901 419533.7601,234830.6601 419521.3901,234830.7101 419507.0801,234830.5801 419490.7601,234830.5801 419490.1401,234830.5901 419477.6801,234830.8001 419464.610099999,234830.6401 419452.600099999,234830.6401 419439.1501,234830.5501 419422.2301,234830.4901 419407.030099999,234830.5801 419375.440099999,234830.7901 419333.860099999)))",교량,671,대전광역시 유성구 ,36710056,41366,BRG0671000,미분류,철근콘크리트교,엑스포다리,미분류,미분류,330,하천,2,미분류,0,0,329.13,0,18,0,0,미분류,미분류,0,0,17.87,미분류,0,0,0,미분류,미분류,0,미분류,미분류,미분류,0,0,엑스포다리,1
"MULTIPOLYGON (((235324.9701 419250.020099999,235325.0423 419243.1819,235294.7246 419242.7763,235294.9101 419262.380100001,235295.0001 419297.5801,235295.0201 419304.780099999,235295.0301 419307.290100001,235295.1101 419336.0001,235295.1201 419339.1601,235295.1401 419346.610099999,235295.5501 419500.4201,235295.1501 419573.870100001,235294.9401 419587.200099999,235295.7201 419633.770099999,235295.7101 419633.8901,235295.6401 419635.5101,235295.6301 419635.8301,235295.6001 419637.050100001,235295.2201 419639.100099999,235294.4501 419641.220100001,235293.6401 419642.5901,235293.0801 419643.380100001,235292.9001 419643.600099999,235292.6201 419643.860099999,235327.0101 419644.0101,235326.0801 419642.270099999,235325.8001 419641.120100001,235325.5301 419640.110099999,235325.3101 419639.450099999,235325.1601 419638.9001,235325.0301 419637.9901,235324.7401 419636.120100001,235324.5601 419634.4101,235324.5801 419633.720100001,235324.5601 419631.520099999,235324.5101 419631.0601,235324.5001 419629.4901,235324.4901 419628.9201,235324.5701 419626.950099999,235324.5701 419626.780099999,235324.9101 419615.4101,235325.3301 419585.6801,235324.5201 419501.020099999,235324.4901 419380.9801,235324.6301 419356.040100001,235324.6701 419348.880100001,235324.7101 419341.860099999,235324.8601 419313.210100001,235324.8901 419307.6701,235324.9301 419300.280099999,235325.1701 419257.4801,235324.9701 419250.020099999)))",교량,672,대전광역시 유성구 ,36710056,37110,BRG0672000,미분류,철근콘크리트교,둔산대교,미분류,미분류,396,하천,6,DB24,43.2,12,396.34,17,30,0,30,PC I형교,미분류,0,24,6.8,미분류,0,0,0,강핑거죠인트,라멘식,0,미분류,미분류,미분류,0,0,둔산대교,1
"MULTIPOLYGON (((235754.1101 419719.3401,235750.8601 419718.050100001,235749.9001 419720.8201,235752.8101 419721.9301,235754.1101 419719.3401)))",교량,673,대전광역시 대덕구 ,36710056,35735,BRG0673000,미분류,철근콘크리트교,,미분류,미분류,2.8,미분류,0,미분류,0,0,3.09,0,3.1,0,0,미분류,미분류,0,0,2.9,미분류,0,0,0,미분류,미분류,0,미분류,미분류,미분류,0,0,,1
"MULTIPOLYGON (((235001.9701 418987.520099999,234999.7701 418987.470100001,234999.6401 418995.8301,235001.9001 418995.790100001,235001.9701 418987.520099999)))",교량,674,대전광역시 서구 ,36710056,5187,BRG0674000,미분류,철근콘크리트교,,미분류,미분류,9.1,미분류,1,미분류,0,0,8.3,0,2.2,0,0,미분류,미분류,0,0,0,미분류,0,0,0,미분류,미분류,0,미분류,미분류,미분류,0,0,,1
"MULTIPOLYGON (((235417.7701 418654.940099999,235415.2001 418651.710100001,235406.2401 418673.540100001,235408.8101 418676.770099999,235417.7701 418654.940099999)))",교량,675,대전광역시 대덕구 ,36710056,41641,BRG0675000,미분류,철근콘크리트교,,미분류,미분류,23.6,미분류,1,미분류,0,0,23.6,0,3.6,0,0,미분류,미분류,0,0,5.92,미분류,0,0,0,미분류,미분류,0,미분류,미분류,미분류,0,0,,1
"MULTIPOLYGON (((235071.1901 419041.020099999,235072.1801 419040.5601,235073.4801 419040.370100001,235074.9101 419040.300100001,235076.2601 419040.130100001,235077.8701 419039.6601,235078.7401 419039.280099999,235080.3901 419038.4101,235081.9701 419037.1701,235083.2001 419035.770099999,235084.1101 419034.280099999,235084.7801 419032.4001,235085.0701 419031.3401,235085.2701 419028.6501,235085.2401 419027.5601,235085.3101 419024.8201,235085.8801 419022.1601,235086.4701 419020.8101,235087.3101 419019.530099999,235089.3601 419017.3201,235090.6101 419016.3401,235091.7601 419015.6401,235093.2301 419015.0801,235094.7401 419014.5701,235096.0901 419014.350099999,235096.3501 419014.3101,235097.4901 419014.3101,235098.3501 419014.6501,235098.9401 419014.7301,235099.9001 419014.690099999,235097.9901 419010.0901,235097.2601 419010.610099999,235096.5201 419012.0801,235096.4601 419012.790100001,235095.8801 419012.860099999,235094.3801 419013.110099999,235092.7201 419013.6601,235091.1001 419014.280099999,235089.7601 419015.100099999,235088.3401 419016.210100001,235086.1301 419018.600099999,235085.1401 419020.0901,235084.4401 419021.700099999,235083.8201 419024.6501,235083.7401 419027.5601,235083.7701 419028.610099999,235083.5801 419031.0901,235083.3501 419031.950099999,235082.7501 419033.630100001,235081.9901 419034.880100001,235080.9401 419036.0701,235079.5701 419037.1501,235078.0901 419037.9201,235077.3601 419038.2401,235075.9601 419038.6601,235074.7801 419038.800100001,235073.3301 419038.870100001,235071.7501 419039.110099999,235070.4201 419039.720100001,235068.8901 419040.860099999,235067.5701 419040.4201,235066.7801 419040.4301,235066.0701 419040.7601,235069.0301 419044.870100001,235069.9101 419044.020099999,235069.9201 419042.720100001,235069.8001 419042.190099999,235070.0801 419041.8401,235071.1901 419041.020099999)))",교량,676,대전광역시 서구 ,36710056,6292,BRG0676000,미분류,철근콘크리트교,,미분류,미분류,44.6,미분류,0,미분류,0,0,48.91,0,1.5,0,0,미분류,미분류,0,0,1.51,미분류,0,0,0,미분류,미분류,0,미분류,미분류,미분류,0,0,,1
"MULTIPOLYGON (((234041.69 419653.546,234038.075 419657.878,234040.936 419660.654999999,234043.186 419666.790999999,234085.305 419666.566,234091.294 419664.731000001,234088.758 419661.942,234085.768 419658.507999999,234082.775 419306.102,234082.7461 419301.8639,234043.2509 419302.4846,234036.7692 419302.459100001,234038.791 419305.035,234041.69 419653.546)))",교량,677,대전광역시 유성구 ,36710056,16930,BRG0677000,미분류,철근콘크리트교,대덕대교,미분류,미분류,360,하천,10,DB24,0,10,362.4,18,44,0,20,RCT형교,미분류,0,35.3,8.6,미분류,0,0,0,강핑거죠인트,T형교각식,0,미분류,구주식,미분류,0,0,대덕대교,1
"MULTIPOLYGON (((233964.797 419581.964,233961.52 419587.912,233996.962 419609.171,233999.178 419602.456,233964.797 419581.964)))",교량,678,대전광역시 유성구 ,36710056,42735,BRG0678000,미분류,철근콘크리트교,,미분류,미분류,41.7,하천,0,미분류,0,0,40.83,0,7,0,0,미분류,미분류,0,0,6.79,미분류,0,0,0,미분류,미분류,0,미분류,미분류,미분류,0,0,,1
"MULTIPOLYGON (((233953.681 419607.721000001,233983.401 419625.752,233985.051 419622.763,233955.456 419604.866,233953.681 419607.721000001)))",교량,679,대전광역시 유성구 ,36710056,42700,BRG0679000,미분류,철근콘크리트교,,미분류,미분류,34.8,하천,0,미분류,0,0,34.55,0,3.4,0,0,미분류,미분류,0,0,3.33,미분류,0,0,0,미분류,미분류,0,미분류,미분류,미분류,0,0,,1
"MULTIPOLYGON (((233947.646 419641.579,233972.237 419657.943,233986.463 419636.464,233962.327 419620.130000001,233940.7231 419607.123,233927.3268 419627.312200001,233947.646 419641.579)))",교량,680,대전광역시 유성구 ,36710056,42700,BRG0680000,미분류,철근콘크리트교,매봉교,미분류,미분류,51,하천,5,미분류,0,0,52.11,0,26,0,0,미분류,미분류,0,0,7.8,미분류,0,0,0,미분류,미분류,0,미분류,미분류,미분류,0,0,매봉교,1
"MULTIPOLYGON (((234541.1131 419082.0381,234546.7611 419073.4449,234545.9471 419068.2061,234544.3961 419067.915100001,234545.2101 419073.009099999,234545.2131 419073.0699,234540.0851 419080.871099999,234537.3861 419080.782099999,234537.3191 419081.9319,234541.1131 419082.0381)))",교량,681,대전광역시 서구 ,36710056,41606,BRG0681000,인도교(Foot bridge),철근콘크리트교,,미분류,미분류,17.2,미분류,0,미분류,0,0,17.16,0,2,0,0,미분류,미분류,0,0,1.5,미분류,0,0,0,미분류,미분류,0,미분류,미분류,미분류,0,0,,1
"MULTIPOLYGON (((234348.0631 419386.358100001,234348.2671 419377.1011,234333.3061 419377.2511,234333.2371 419386.2751,234348.0631 419386.358100001)))",교량,682,대전광역시 유성구 ,36710056,36648,BRG0682000,미분류,철근콘크리트교,,미분류,미분류,15,미분류,0,미분류,0,0,14.81,0,12,0,0,미분류,미분류,0,0,8.98,미분류,0,0,0,미분류,미분류,0,미분류,미분류,미분류,0,0,,1
"MULTIPOLYGON (((234350.0901 419330.7721,234350.1551 419326.4461,234331.3681 419326.542099999,234331.4161 419330.7881,234350.0901 419330.7721)))",교량,683,대전광역시 서구 ,36710056,41610,BRG0683000,미분류,철근콘크리트교,,미분류,미분류,14.5,미분류,1,미분류,0,0,18.71,0,4,0,0,미분류,미분류,0,0,4.26,미분류,0,0,0,미분류,미분류,0,미분류,미분류,미분류,0,0,,1
"MULTIPOLYGON (((234097.463 419577.744000001,234099.895 419579.503,234101.2951 419581.0791,234111.5011 419581.1581,234116.1081 419577.611099999,234099.902 419577.744000001,234097.463 419577.744000001)))",교량,684,대전광역시 유성구 ,36710056,16930,BRG0684000,미분류,철근콘크리트교,,미분류,미분류,18.5,하천,0,미분류,0,0,13.59,0,3.3,0,0,미분류,미분류,0,0,3.43,미분류,0,0,0,미분류,미분류,0,미분류,미분류,미분류,0,0,,1
"MULTIPOLYGON (((234111.4811 419642.582900001,234099.6471 419642.279100001,234099.6301 419646.5779,234111.2851 419646.6731,234111.4811 419642.582900001)))",교량,685,대전광역시 유성구 ,36710056,36875,BRG0685000,미분류,철근콘크리트교,,미분류,미분류,12,하천,0,미분류,0,0,11.64,0,3.8,0,0,미분류,미분류,0,0,4.2,미분류,0,0,0,미분류,미분류,0,미분류,미분류,미분류,0,0,,1
"MULTIPOLYGON (((235732.5201 419772.1501,235729.4901 419771.1601,235728.0601 419774.6801,235731.0801 419775.6701,235732.5201 419772.1501)))",교량,686,대전광역시 유성구 ,36710046,35735,BRG0686000,미분류,철근콘크리트교,,미분류,미분류,3.1,미분류,1,미분류,0,0,3.8,0,3.9,0,0,미분류,미분류,0,0,3.16,미분류,0,0,0,미분류,미분류,0,미분류,미분류,미분류,0,0,,1
"MULTIPOLYGON (((235780.6701 420637.450099999,235780.5901 420626.470100001,235768.8601 420631.0801,235768.9301 420642.3401,235780.6701 420637.450099999)))",교량,687,대전광역시 유성구 ,36710046,123153,BRG0687000,미분류,철근콘크리트교,,미분류,미분류,11,미분류,1,미분류,0,0,12.66,0,12,0,0,미분류,미분류,0,0,0,미분류,0,0,0,미분류,미분류,0,미분류,미분류,미분류,0,0,,1
"MULTIPOLYGON (((234803.7591 421593.2141,234800.0791 421594.2741,234800.5591 421595.804099999,234804.1491 421594.814099999,234803.7591 421593.2141)))",교량,688,대전광역시 유성구 ,36710046,6122,BRG0688000,미분류,철근콘크리트교,,미분류,미분류,3.7,미분류,0,미분류,0,0,3.73,0,1.6,0,0,미분류,미분류,0,0,1.58,미분류,0,0,0,미분류,미분류,0,미분류,미분류,미분류,0,0,,1
"MULTIPOLYGON (((233891.8801 419788.970100001,233893.6001 419788.6501,233895.9501 419789.8401,233897.0901 419790.0601,233898.0901 419790.190099999,233898.5201 419790.2501,233898.8201 419790.040100001,233899.2201 419789.5101,233908.6301 419775.380100001,233923.9401 419752.4001,233924.7501 419752.190099999,233925.1901 419751.7301,233925.3201 419751.360099999,233925.3501 419750.2601,233925.2501 419749.8901,233925.0201 419749.520099999,233921.4701 419747.0101,233908.7301 419749.3401,233846.0001 419760.790100001,233845.1801 419761.6701,233845.1701 419762.1801,233845.3201 419763.790100001,233846.0801 419764.4101,233847.1501 419764.4301,233852.3201 419763.8101,233829.1301 419797.350099999,233820.4601 419798.860099999,233819.5801 419799.520099999,233819.3601 419800.4801,233819.5501 419801.6601,233820.6501 419802.3101,233866.8701 419793.6601,233891.8801 419788.970100001)))",교량,689,대전광역시 유성구 ,36710046,107519,BRG0689000,미분류,철근콘크리트교,,미분류,미분류,76.7,미분류,1,미분류,0,0,72.73,0,36,0,0,미분류,미분류,0,0,0,미분류,0,0,0,미분류,미분류,0,미분류,미분류,미분류,0,0,,1
"MULTIPOLYGON (((235558.8501 419405.360099999,235571.7501 419409.7501,235599.3801 419419.460100001,235633.4501 419432.120100001,235673.8001 419448.050100001,235730.8101 419472.380100001,235760.8101 419486.4101,235787.9001 419499.470100001,235817.3501 419513.270099999,235848.5901 419528.370100001,235881.0501 419543.720100001,235894.7801 419550.220100001,235898.4301 419551.940099999,235920.4801 419562.0601,235959.0801 419580.2301,235970.5501 419554.720100001,235953.3301 419546.5801,235910.2901 419526.610099999,235894.9101 419519.3401,235860.6201 419503.120100001,235849.5401 419497.7601,235825.9801 419486.4301,235799.9101 419474.210100001,235772.8101 419461.1501,235742.1001 419446.850099999,235740.3101 419446.0601,235706.2601 419431.3401,235674.1401 419418.0701,235630.3801 419401.1701,235598.1401 419389.5001,235603.8201 419386.0001,235611.2601 419381.0901,235620.2201 419374.4201,235626.6501 419369.1801,235634.5401 419361.380100001,235639.9301 419355.470100001,235646.3901 419347.690099999,235650.8301 419341.620100001,235656.1001 419333.770099999,235660.5201 419325.940099999,235665.3401 419316.5001,235668.4901 419308.6701,235672.0501 419298.960100001,235674.4401 419290.3901,235676.9201 419280.0001,235677.3201 419277.350099999,235679.4401 419258.270099999,235679.7701 419253.130100001,235679.6101 419244.0701,235679.0101 419233.8301,235677.9301 419222.0601,235675.8601 419208.360099999,235673.2301 419194.6401,235671.0501 419184.2301,235663.0701 419144.480900001,235658.4678 419126.687899999,235655.4281 419107.913699999,235653.2151 419094.785499999,235651.4336 419080.1074,235649.6643 419062.4669,235649.0075 419049.909299999,235648.6428 419035.2369,235648.9714 419024.235099999,235641.1778 419024.485200001,235641.3805 419044.0943,235642.3149 419058.0636,235642.8318 419070.1974,235644.6081 419086.145199999,235646.9511 419102.0952,235649.0229 419115.081700001,235651.1017 419126.375399999,235655.8329 419147.272500001,235664.2001 419185.600099999,235665.9401 419193.0901,235667.2101 419199.370100001,235668.6001 419206.6801,235669.6301 419212.8201,235670.6301 419219.530099999,235671.1501 419223.460100001,235671.8601 419229.1501,235672.4701 419234.880100001,235672.6201 419237.690099999,235672.8101 419241.050100001,235672.9601 419248.0901,235672.9101 419253.8401,235672.7401 419259.380100001,235672.2301 419265.9001,235671.8001 419269.7601,235671.0001 419275.470100001,235670.0601 419280.7501,235668.8901 419286.1501,235667.8901 419290.1501,235666.2401 419295.7601,235664.2801 419301.800100001,235662.6601 419306.0701,235660.9701 419310.2601,235658.6301 419315.5001,235656.5501 419319.940099999,235653.8001 419325.210100001,235651.1901 419329.860099999,235648.8901 419333.540100001,235646.3201 419337.3401,235642.9701 419342.120100001,235639.5901 419346.3901,235636.6701 419350.020099999,235632.5201 419354.720100001,235628.6001 419358.850099999,235624.6701 419362.720100001,235621.1501 419365.9001,235617.6301 419368.8901,235614.1901 419371.720100001,235609.7801 419375.040100001,235604.5701 419378.4301,235599.4801 419381.6701,235590.4401 419386.710100001,235577.6001 419382.0701,235557.0901 419375.050100001,235537.5201 419368.6801,235511.9201 419360.630100001,235488.5501 419353.6801,235468.4501 419347.970100001,235449.9901 419342.8201,235446.9401 419342.0101,235430.1001 419337.5701,235403.3401 419330.780099999,235369.4001 419322.7401,235336.1901 419315.5101,235324.8601 419313.210100001,235309.4801 419310.0901,235295.0301 419307.290100001,235289.7701 419306.270099999,235289.4401 419305.9101,235289.3501 419305.5601,235289.3401 419305.280099999,235289.6301 419304.8201,235290.3201 419304.3101,235295.0201 419304.780099999,235313.9801 419306.6801,235324.8901 419307.6701,235328.6701 419308.0101,235342.6701 419308.620100001,235355.8301 419308.7601,235368.8201 419308.540100001,235381.7501 419307.6501,235388.9001 419306.940099999,235398.5901 419305.5601,235408.4701 419303.860099999,235417.9601 419301.790100001,235428.6401 419298.940099999,235445.5401 419293.360099999,235447.1401 419292.710100001,235462.9401 419286.300100001,235478.7601 419278.4901,235492.4101 419270.520099999,235505.4901 419261.7501,235518.9101 419251.450099999,235529.2601 419242.530099999,235537.9801 419234.130100001,235547.5601 419223.950099999,235554.3601 419216.0001,235561.0101 419207.4801,235567.2901 419198.610099999,235573.7101 419188.8301,235580.6701 419176.7601,235582.0801 419173.7601,235586.3201 419164.780099999,235590.1901 419156.380100001,235593.6901 419147.6401,235596.9301 419139.050100001,235599.0401 419132.7501,235601.5701 419124.8101,235603.7501 419117.6701,235606.2901 419108.4101,235609.4701 419095.4101,235613.3001 419078.850099999,235617.7501 419058.280099999,235622.4701 419036.4801,235626.5201 419018.6501,235619.6901 419017.040100001,235614.1201 419042.5801,235610.9301 419057.450099999,235606.3601 419078.0801,235602.2601 419095.370100001,235600.3601 419102.780099999,235596.7801 419115.880100001,235594.3801 419124.1801,235592.0501 419131.4101,235589.2601 419139.120100001,235586.7201 419145.770099999,235583.7901 419152.7401,235579.8201 419161.8901,235574.0001 419173.7301,235573.5401 419174.6601,235564.3301 419190.1401,235558.6901 419198.530099999,235550.2401 419209.600099999,235539.7001 419222.0101,235530.5301 419231.5601,235520.5801 419240.800100001,235509.9701 419249.5601,235499.8201 419257.1401,235487.3101 419265.300100001,235475.1501 419272.280099999,235462.5201 419278.6801,235449.7901 419284.0901,235447.1701 419285.040100001,235437.4301 419288.5801,235426.4301 419292.040100001,235419.2301 419294.0701,235407.3101 419296.710100001,235394.2901 419299.040100001,235382.7901 419300.4101,235371.1601 419301.280099999,235360.4401 419301.630100001,235349.5201 419301.5801,235332.6801 419300.8101,235324.9301 419300.280099999,235312.3201 419299.4201,235295.0001 419297.5801,235292.1601 419297.280099999,235279.9101 419295.940099999,235267.2301 419294.4001,235158.1201 419282.350099999,235152.9501 419309.7401,235268.2201 419338.850099999,235284.8601 419343.280099999,235295.1401 419346.610099999,235303.4901 419349.3201,235324.6301 419356.040100001,235326.7501 419356.720100001,235356.0201 419366.3301,235384.6301 419375.6601,235420.3601 419387.4001,235434.0301 419391.960100001,235446.7201 419396.0601,235450.6801 419397.3401,235462.6001 419400.9001,235473.5201 419403.800100001,235486.7201 419406.7401,235493.3801 419407.940099999,235501.1101 419409.0001,235509.5201 419409.8201,235514.5101 419410.050100001,235527.2001 419410.050100001,235539.0801 419409.120100001,235549.4401 419407.520099999,235552.1601 419407.0001,235558.7753 419405.3784,235546.9584 419401.512499999,235544.4801 419401.880100001,235530.1101 419403.370100001,235519.1401 419403.770099999,235509.2301 419403.380100001,235497.7301 419402.1401,235485.1501 419399.870100001,235477.9401 419398.3201,235464.5101 419394.720100001,235448.5001 419389.9001,235446.7501 419389.3301,235428.0301 419383.190099999,235420.6701 419380.7601,235403.1501 419374.950099999,235380.0801 419367.2301,235353.4401 419358.4801,235325.9301 419349.300100001,235324.6701 419348.880100001,235299.7601 419340.630100001,235295.1201 419339.1601,235285.3801 419336.0801,235284.5701 419335.7601,235284.4401 419335.270099999,235284.4101 419334.790100001,235284.5001 419334.4801,235284.7301 419334.210100001,235285.1101 419334.0801,235285.4901 419334.0901,235295.1101 419336.0001,235296.3301 419336.2401,235319.0401 419340.6801,235324.7101 419341.860099999,235332.1801 419343.4001,235361.9101 419349.9901,235395.6801 419357.880100001,235419.6201 419364.020099999,235436.1301 419368.290100001,235446.8201 419371.210100001,235465.3301 419376.2601,235507.6001 419388.8301,235547.0401 419401.5001,235558.8501 419405.360099999)))",교량,690,대전광역시 대덕구 ,36710056,36653,BRG0690000,미분류,철근콘크리트교,대화대교,미분류,미분류,858,하천,6,DB24,43.2,12,857.75,17,28,0,30,PC I형교,미분류,0,24,6,미분류,0,0,0,강핑거죠인트,라멘식,0,미분류,미분류,미분류,0,0,대화대교,1
"MULTIPOLYGON (((241285.9701 416223.4201,241284.9001 416194.8401,241288.3689 416159.6075,241298.6876 416104.362600001,241267.6325 416098.753799999,241261.5369 416131.036599999,241258.6354 416164.472100001,241256.2101 416195.350099999,241258.7201 416223.9101,241266.9884 416282.2662,241272.9868 416330.4768,241275.4368 416343.9134,241283.5157 416375.125,241301.1196 416373.729699999,241298.0571 416344.9312,241297.4495 416328.545299999,241292.4325 416278.2345,241287.2942 416241.404899999,241285.9701 416223.4201)))",교량,691,대전광역시 동구 ,36710069,20919,BRG0691000,미분류,철근콘크리트교,용윤교,미분류,미분류,28,미분류,4,미분류,0,0,28.22,0,31,0,0,미분류,미분류,0,0,0,미분류,0,0,0,미분류,미분류,0,미분류,미분류,미분류,0,0,용윤교,1
"MULTIPOLYGON (((241046.8671 416723.5131,241048.0871 416719.293099999,241044.6171 416718.3531,241043.3871 416722.573100001,241046.8671 416723.5131)))",교량,692,대전광역시 동구 ,36710069,9819,BRG0692000,미분류,철근콘크리트교,,미분류,미분류,4.4,미분류,0,미분류,0,0,4.35,0,3.6,0,0,미분류,미분류,0,0,0,미분류,0,0,0,미분류,미분류,0,미분류,미분류,미분류,0,0,,1
"MULTIPOLYGON (((241094.9871 416720.483100001,241094.6471 416715.993100001,241090.3471 416716.243100001,241090.6971 416720.733100001,241094.9871 416720.483100001)))",교량,693,대전광역시 동구 ,36710069,9819,BRG0693000,미분류,철근콘크리트교,,미분류,미분류,4.5,미분류,1,미분류,0,0,4.53,0,4.3,0,0,미분류,미분류,0,0,0,미분류,0,0,0,미분류,미분류,0,미분류,미분류,미분류,0,0,,1
"MULTIPOLYGON (((240991.0871 416697.872099999,240996.9471 416699.1921,240997.4971 416696.232100001,240991.6371 416694.9121,240991.0871 416697.872099999)))",교량,694,대전광역시 동구 ,36710069,26000,BRG0694000,미분류,철근콘크리트교,,미분류,미분류,6,미분류,0,미분류,0,0,6,0,3,0,0,미분류,미분류,0,0,0,미분류,0,0,0,미분류,미분류,0,미분류,미분류,미분류,0,0,,1
"MULTIPOLYGON (((241193.9971 416667.7141,241199.9881 416664.494100001,241197.1281 416663.064099999,241191.1371 416666.2741,241193.9971 416667.7141)))",교량,695,대전광역시 동구 ,36710069,9819,BRG0695000,미분류,철근콘크리트교,,미분류,미분류,3.2,미분류,1,미분류,0,0,6.73,0,5.6,0,0,미분류,미분류,0,0,0,미분류,0,0,0,미분류,미분류,0,미분류,미분류,미분류,0,0,,1
"MULTIPOLYGON (((241221.4181 416646.3751,241220.7881 416647.0151,241222.5081 416648.6851,241223.1381 416648.0451,241221.4181 416646.3751)))",교량,696,대전광역시 동구 ,36710069,2379,BRG0696000,인도교(Foot bridge),목교,,미분류,미분류,2.4,미분류,0,미분류,0,0,2.29,0,0.9,0,0,미분류,미분류,0,0,1,미분류,0,0,0,미분류,미분류,0,미분류,미분류,미분류,0,0,,1
"MULTIPOLYGON (((242573.8101 416573.0901,242584.9501 416527.4801,242536.0201 416534.0001,242525.1501 416580.020099999,242573.8101 416573.0901)))",교량,697,대전광역시 동구 ,36710069,13565,BRG0697000,미분류,철근콘크리트교,비룡교,미분류,미분류,50,미분류,8,미분류,0,0,47.18,0,41.5,0,0,미분류,미분류,0,0,0,미분류,0,0,0,미분류,미분류,0,미분류,미분류,미분류,0,0,비룡교,1
"MULTIPOLYGON (((243998.2201 416610.1701,243997.9601 416609.9901,243886.6222 416538.2645,243812.2832 416506.033500001,243747.503 416481.5876,243718.5732 416508.2914,243777.8824 416529.979,243838.0756 416557.587300001,243901.4678 416585.212200001,243979.2201 416637.1501,243979.4601 416637.3101,244003.9401 416654.51,244052.0001 416689.9001,244137.6601 416754.210100001,244203.8801 416804.020099999,244273.9001 416857.050100001,244341.5301 416907.8401,244373.5501 416932.0901,244394.0201 416947.9301,244414.4101 416921.9901,244393.6101 416905.8901,244361.3901 416881.5001,244293.7801 416830.710100001,244223.7601 416777.6801,244157.4801 416727.8301,244071.7001 416663.4201,244023.2001 416627.710100001,243998.2201 416610.1701)))",교량,698,대전광역시 동구 ,36710070,14048,BRG0698000,미분류,철근콘크리트교,신상1교,미분류,미분류,525,하천,6,미분류,0,0,518.05,0,30,0,0,미분류,미분류,0,0,0,미분류,0,0,0,미분류,미분류,0,미분류,미분류,미분류,0,0,신상1교,1
"MULTIPOLYGON (((244217.6824 416493.001,244214.8473 416488.777000001,244191.1077 416505.7216,244194.4011 416509.7203,244217.6824 416493.001)))",교량,699,대전광역시 동구 ,36710070,86274,BRG0699000,미분류,철근콘크리트교,신상교,미분류,미분류,26,하천,1,미분류,0,0,26.27,0,5,0,0,미분류,미분류,0,0,0,미분류,0,0,0,미분류,미분류,0,미분류,미분류,미분류,0,0,신상교,1
"MULTIPOLYGON (((243379.2301 416783.600099999,243377.3301 416780.949999999,243376.9301 416781.620100001,243370.4801 416786.9901,243372.4101 416789.300100001,243379.2301 416783.600099999)))",교량,700,대전광역시 동구 ,36710070,86042,BRG0700000,미분류,철근콘크리트교,,미분류,미분류,9,하천,1,미분류,0,0,9.07,0,3,0,0,미분류,미분류,0,0,0,미분류,0,0,0,미분류,미분류,0,미분류,미분류,미분류,0,0,,1
"MULTIPOLYGON (((243347.7201 416564.9901,243341.0901 416556.51,243340.4101 416560.520099999,243346.9801 416569.370100001,243347.7201 416564.9901)))",교량,701,대전광역시 동구 ,36710070,86043,BRG0701000,미분류,철근콘크리트교,,미분류,미분류,11,하천,1,미분류,0,0,10.97,0,3,0,0,미분류,미분류,0,0,0,미분류,0,0,0,미분류,미분류,0,미분류,미분류,미분류,0,0,,1
"MULTIPOLYGON (((243221.0401 416399.4801,243215.8301 416393.280099999,243212.1901 416393.610099999,243217.5701 416400.01,243221.0401 416399.4801)))",교량,702,대전광역시 동구 ,36710070,86043,BRG0702000,미분류,철근콘크리트교,,미분류,미분류,8,하천,1,미분류,0,0,8.35,0,3,0,0,미분류,미분류,0,0,0,미분류,0,0,0,미분류,미분류,0,미분류,미분류,미분류,0,0,,1
"MULTIPOLYGON (((243410.9251 416844.061100001,243410.1031 416842.7651,243400.9181 416848.471100001,243401.9641 416849.8631,243410.9251 416844.061100001)))",교량,703,대전광역시 동구 ,36710070,13410,BRG0703000,미분류,철근콘크리트교,,미분류,미분류,11,하천,1,미분류,0,0,10.78,0,1.5,0,0,미분류,미분류,0,0,0,미분류,0,0,0,미분류,미분류,0,미분류,미분류,미분류,0,0,,1
"MULTIPOLYGON (((243433.8391 416965.722100001,243432.2281 416965.2751,243430.0001 416973.4311,243431.6781 416973.757099999,243433.8391 416965.722100001)))",교량,704,대전광역시 동구 ,36710070,132837,BRG0704000,미분류,철근콘크리트교,,미분류,미분류,8.5,하천,1,미분류,0,0,8.45,0,2,0,0,미분류,미분류,0,0,1.69,미분류,0,0,0,미분류,미분류,0,미분류,미분류,미분류,0,0,,1
"MULTIPOLYGON (((243301.0901 416370.3201,243306.744 416356.192199999,243311.2912 416338.011499999,243312.8226 416328.8036,243317.305 416300.724400001,243319.0575 416270.1285,243306.7639 416272.0581,243306.7395 416276.950200001,243303.5385 416311.5778,243300.9498 416326.582699999,243299.4195 416335.562999999,243296.5151 416345.1053,243292.6785 416358.283600001,243289.8101 416367.210100001,243285.3101 416379.9801,243280.4601 416390.030099999,243275.7701 416400.0801,243269.8601 416411.350099999,243264.1201 416421.360099999,243258.2401 416430.2501,243252.0301 416439.790100001,243249.6681 416442.8927,243244.2501 416450.01,243236.1201 416460.220100001,243227.5801 416470.050100001,243218.3401 416479.1701,243216.7553 416480.6643,243209.5901 416487.4201,243202.0101 416493.6501,243191.8101 416501.780099999,243182.2101 416509.530099999,243174.9701 416514.520099999,243182.7201 416523.710100001,243190.9801 416517.440099999,243200.2301 416510.2301,243210.2201 416502.100099999,243219.1501 416494.1801,243228.7101 416484.790100001,243235.3219 416478.144400001,243238.5501 416474.9001,243248.7301 416463.699999999,243256.6001 416453.1701,243265.2525 416440.941299999,243265.6001 416440.449999999,243274.2601 416427.6701,243280.6501 416416.460100001,243287.5001 416403.0601,243293.8801 416389.360099999,243297.4201 416381.2501,243301.0901 416370.3201)))",교량,705,대전광역시 동구 ,36710070,13555,BRG0705000,미분류,철근콘크리트교,비룡JCT2교,미분류,미분류,210,하천,2,미분류,0,0,190.26,0,11.7,0,0,미분류,미분류,0,0,0,미분류,0,0,0,미분류,미분류,0,미분류,미분류,미분류,0,0,비룡JCT2교,1
"MULTIPOLYGON (((243391.7201 416463.5701,243390.7501 416430.5801,243388.4701 416430.610099999,243358.7401 416431.5901,243334.2101 416433.5901,243297.8101 416437.0901,243265.2525 416440.941299999,243255.8801 416442.050100001,243249.6681 416442.8927,243180.5401 416452.270099999,243180.2601 416452.3101,243183.6701 416485.1401,243184.8801 416484.9901,243216.7553 416480.6643,243235.3219 416478.144400001,243260.0401 416474.790100001,243301.3301 416469.9101,243337.1301 416466.470100001,243360.6201 416464.550100001,243389.2901 416463.610099999,243391.7201 416463.5701)))",교량,706,대전광역시 동구 ,36710070,13614,BRG0706000,미분류,철근콘크리트교,비룡JCT교,미분류,미분류,215,하천,6,미분류,0,0,211.61,0,33,0,0,미분류,미분류,0,0,0,미분류,0,0,0,미분류,미분류,0,미분류,미분류,미분류,0,0,비룡JCT교,1
"MULTIPOLYGON (((243264.5701 416255.8301,243253.2701 416251.360099999,243250.8901 416257.970100001,243245.5801 416271.020099999,243240.2201 416282.3201,243235.6301 416291.790100001,243229.3201 416303.210100001,243222.7301 416314.2301,243215.0701 416325.8901,243207.2801 416337.040100001,243199.9801 416345.880100001,243191.8401 416355.8401,243181.9501 416366.940099999,243173.3001 416376.2501,243165.2701 416383.780099999,243156.9901 416391.6401,243146.2101 416400.6601,243138.8901 416406.5601,243130.4801 416412.9001,243121.9401 416419.0701,243113.1201 416424.860099999,243105.5701 416429.2501,243099.5801 416433.2501,243104.7101 416443.9201,243115.1401 416437.620100001,243126.4001 416430.290100001,243137.0401 416423.2301,243144.9001 416417.210100001,243153.5001 416410.360099999,243163.9801 416401.220100001,243174.5501 416391.540100001,243186.0501 416379.8401,243197.9401 416367.4801,243207.5801 416355.5801,243218.1001 416342.610099999,243227.5701 416328.710100001,243236.7001 416314.460100001,243245.2401 416299.380100001,243252.4401 416285.2501,243259.1201 416270.300100001,243264.5701 416255.8301)))",교량,707,대전광역시 동구 ,36710070,13609,BRG0707000,미분류,철근콘크리트교,비룡JCT1교,미분류,미분류,250,하천,2,미분류,0,0,242.59,0,12,0,0,미분류,미분류,0,0,0,미분류,0,0,0,미분류,미분류,0,미분류,미분류,미분류,0,0,비룡JCT1교,1
"MULTIPOLYGON (((240520.6801 418446.520099999,240497.6501 418417.0601,240475.0601 418450.0801,240497.9201 418479.450099999,240520.6801 418446.520099999)))",교량,708,대전광역시 대덕구 ,36710059,13839,BRG0708000,미분류,철근콘크리트교,,미분류,미분류,40,미분류,4,미분류,0,0,39.99,0,35.5,0,0,미분류,미분류,0,0,0,미분류,0,0,0,미분류,미분류,0,미분류,미분류,미분류,0,0,,1
"MULTIPOLYGON (((243769.8101 417056.3101,243768.5001 417055.9101,243758.6478 417075.643100001,243770.9801 417081.770099999,243786.6101 417086.720100001,243810.9301 417092.860099999,243819.0101 417094.51,243834.1701 417097.720100001,243849.7901 417100.5901,243865.0701 417102.9101,243881.2301 417105.4201,243898.7201 417107.5901,243924.9401 417110.870100001,243998.2401 417119.5901,244108.5201 417132.790100001,244162.3421 417138.951099999,244165.5611 417139.3191,244183.2466 417140.705,244185.6496 417117.5668,244168.7371 417115.528100001,244165.5391 417115.161,244111.3201 417108.949999999,244001.0901 417095.7501,243927.8501 417087.050100001,243901.6901 417083.780099999,243884.5601 417081.6401,243868.7001 417079.1801,243853.7601 417076.9201,243838.8201 417074.1701,243823.9001 417071.020099999,243816.2701 417069.449999999,243793.1701 417063.630100001,243778.1101 417058.850099999,243769.8101 417056.3101)))",교량,709,대전광역시 동구 ,36710060,47790,BRG0709000,미분류,철근콘크리트교,신상교,미분류,미분류,420,하천,4,미분류,0,0,418.22,0,20,0,0,미분류,미분류,0,0,0,미분류,0,0,0,미분류,미분류,0,미분류,미분류,미분류,0,0,신상교,1
"MULTIPOLYGON (((244649.9551 417454.1031,244649.5851 417449.1171,244627.6016 417450.9822,244627.8342 417455.7327,244649.9551 417454.1031)))",교량,710,대전광역시 동구 ,36710060,123655,BRG0710000,미분류,철근콘크리트교,신상교,미분류,미분류,21,하천,1,DB24,43.2,0,21.22,14,4.5,0,30,PC I형교,미분류,0,20,0,미분류,0,0,0,미분류,T형교각식,0,미분류,역 T형,미분류,0,0,신상교,1
"MULTIPOLYGON (((244788.1601 417256.030099999,244780.1001 417248.100099999,244775.1201 417251.620100001,244783.0901 417259.449999999,244788.1601 417256.030099999)))",교량,711,대전광역시 동구 ,36710060,123663,BRG0711000,미분류,철근콘크리트교,아감교,미분류,미분류,11,하천,1,미분류,0,0,11.13,0,6,0,0,미분류,미분류,0,0,0,미분류,0,0,0,미분류,미분류,0,미분류,미분류,미분류,0,0,아감교,1
"MULTIPOLYGON (((244728.9745 417096.261600001,244682.6401 417081.110099999,244652.7919 417068.566400001,244623.1543 417054.9899,244576.9442 417031.203600001,244562.3498 417058.545399999,244573.5166 417064.5184,244612.0406 417083.1458,244652.8483 417102.012700001,244722.1846 417127.852399999,244728.9745 417096.261600001)))",교량,712,대전광역시 동구 ,36710060,14056,BRG0712000,미분류,철근콘크리트교,신상2교,미분류,미분류,30,미분류,6,미분류,0,0,31.62,0,30,0,0,미분류,미분류,0,0,0,미분류,0,0,0,미분류,미분류,0,미분류,미분류,미분류,0,0,신상2교,1
"MULTIPOLYGON (((246568.4861 417637.9231,246563.7629 417632.1831,246562.1571 417636.2851,246566.4361 417641.5831,246568.4861 417637.9231)))",교량,713,대전광역시 동구 ,36711051,135273,BRG0713000,미분류,철근콘크리트교,,미분류,미분류,7.2,하천,1,미분류,0,0,6.78,0,4,0,0,미분류,미분류,0,0,0,미분류,0,0,0,미분류,미분류,0,미분류,미분류,미분류,0,0,,1
"MULTIPOLYGON (((246608.5569 417876.496099999,246603.8781 417874.941099999,246605.0681 417878.7031,246609.6751 417880.017100001,246608.5569 417876.496099999)))",교량,714,대전광역시 동구 ,36711051,135446,BRG0714000,미분류,철근콘크리트교,,미분류,미분류,4.5,하천,1,미분류,0,0,4.79,0,3,0,0,미분류,미분류,0,0,0,미분류,0,0,0,미분류,미분류,0,미분류,미분류,미분류,0,0,,1
"MULTIPOLYGON (((246473.3849 419500.9011,246471.1271 419497.622,246467.0881 419499.2611,246469.2651 419502.744100001,246473.3849 419500.9011)))",교량,715,대전광역시 동구 ,36711051,135540,BRG0715000,미분류,철근콘크리트교,,미분류,미분류,4,하천,1,미분류,0,0,4.52,0,4.5,0,0,미분류,미분류,0,0,0,미분류,0,0,0,미분류,미분류,0,미분류,미분류,미분류,0,0,,1
"MULTIPOLYGON (((246363.2911 417383.8391,246361.9761 417382.665100001,246356.4261 417389.051100001,246357.5421 417390.0811,246363.2911 417383.8391)))",교량,716,대전광역시 동구 ,36711051,7458,BRG0716000,미분류,철근콘크리트교,,미분류,미분류,8.5,하천,1,미분류,0,0,8.45,0,1.5,0,0,미분류,미분류,0,0,1.69,미분류,0,0,0,미분류,미분류,0,미분류,미분류,미분류,0,0,,1
"MULTIPOLYGON (((244928.3669 417258.2271,244927.7061 417249.758099999,244922.7209 417250.1471,244923.4109 417258.9871,244928.3669 417258.2271)))",교량,720,대전광역시 동구 ,36711051,135192,BRG0720000,미분류,철근콘크리트교,,미분류,미분류,8.7,하천,1,미분류,0,0,8.87,0,5,0,0,미분류,미분류,0,0,0,미분류,0,0,0,미분류,미분류,0,미분류,미분류,미분류,0,0,,1
"MULTIPOLYGON (((245010.4739 418219.270099999,245010.7041 418214.2541,245006.3341 418215.7271,245006.4189 418219.1061,245010.4739 418219.270099999)))",교량,721,대전광역시 동구 ,36711051,135181,BRG0721000,미분류,철근콘크리트교,,미분류,미분류,6.2,하천,1,미분류,0,0,4.05,0,4,0,0,미분류,미분류,0,0,0,미분류,0,0,0,미분류,미분류,0,미분류,미분류,미분류,0,0,,1
"MULTIPOLYGON (((245704.7331 419624.6511,245701.1739 419621.179099999,245697.6701 419624.668099999,245701.4641 419628.4321,245704.7331 419624.6511)))",교량,722,대전광역시 동구 ,36711051,135591,BRG0722000,미분류,철근콘크리트교,,미분류,미분류,5,하천,1,미분류,0,0,4.91,0,5,0,0,미분류,미분류,0,0,0,미분류,0,0,0,미분류,미분류,0,미분류,미분류,미분류,0,0,,1
"MULTIPOLYGON (((241971.2901 422424.690099999,241971.0001 422416.360099999,241946.0301 422417.3101,241946.0201 422425.690099999,241971.2901 422424.690099999)))",교량,724,대전광역시 동구 ,36710049,115402,BRG0724000,미분류,철근콘크리트교,효평4교,미분류,미분류,20,하천,1,미분류,0,0,24.95,0,9,0,0,미분류,미분류,0,0,2.4,미분류,0,0,0,미분류,미분류,0,미분류,미분류,미분류,0,0,효평4교,1
"MULTIPOLYGON (((241673.4301 421511.440099999,241671.4801 421509.1601,241661.6101 421517.600099999,241663.8401 421519.6401,241673.4301 421511.440099999)))",교량,725,대전광역시 동구 ,36710049,115398,BRG0725000,미분류,철근콘크리트교,호평교,미분류,미분류,12,하천,1,미분류,0,0,12.97,0,5,0,0,미분류,미분류,0,0,0,미분류,0,0,0,미분류,미분류,0,미분류,미분류,미분류,0,0,호평교,1
"MULTIPOLYGON (((241889.884 422457.8991,241884.915 422455.2401,241883.384 422460.599099999,241888.342 422462.640000001,241889.884 422457.8991)))",교량,726,대전광역시 동구 ,36710049,115429,BRG0726000,미분류,철근콘크리트교,,미분류,미분류,5.35,일반도로,1,미분류,0,0,5.35,0,5.57,0,0,미분류,미분류,0,0,0,미분류,0,0,0,미분류,미분류,0,미분류,미분류,미분류,0,0,,1
"MULTIPOLYGON (((241883.6881 422474.6599,241880.3891 422473.735099999,241879.0551 422477.3631,241882.3021 422478.341,241883.6881 422474.6599)))",교량,727,대전광역시 동구 ,36710049,109461,BRG0727000,미분류,철근콘크리트교,,미분류,미분류,3.38,일반도로,1,미분류,0,0,3.38,0,3.37,0,0,미분류,미분류,0,0,0,미분류,0,0,0,미분류,미분류,0,미분류,미분류,미분류,0,0,,1
"MULTIPOLYGON (((241863.2271 422507.5241,241862.333 422504.2191,241858.197 422505.955,241858.3561 422509.581,241863.2271 422507.5241)))",교량,728,대전광역시 동구 ,36710049,115451,BRG0728000,미분류,철근콘크리트교,,미분류,미분류,4.98,일반도로,1,미분류,0,0,4.98,0,3.4,0,0,미분류,미분류,0,0,0,미분류,0,0,0,미분류,미분류,0,미분류,미분류,미분류,0,0,,1
"MULTIPOLYGON (((241385.6401 417339.24,241374.96 417327.220000001,241345.74 417353.67,241292.67 417402.43,241200.4601 417487.950099999,241125.1301 417559.800100001,241048.7001 417642.7401,241014.2099 417684.040100001,241026.75 417693.9,241029.21 417690.82,241065.51 417648.27,241107.77 417601.6401,241146.57 417560.810000001,241194.62 417514.529999999,241250.5399 417463.610099999,241302.7001 417415.520099999,241385.6401 417339.24)))",교량,729,대전광역시 대덕구 ,36710059,13822,BRG0729000,미분류,철근콘크리트교,가양대교,미분류,미분류,507.88,일반도로,3,미분류,0,0,507.88,0,15.22,0,0,미분류,미분류,0,0,0,미분류,0,0,0,미분류,미분류,0,미분류,미분류,미분류,0,0,가양대교,1
"MULTIPOLYGON (((241357.0299 417700.9044,241356.5709 417689.3562,241325.102 417691.0112,241314.042 417691.551000001,241253.5701 417694.5,241223.6999 417695.780099999,241200.04 417697.460100001,241197.241 417697.690099999,241181.2711 417699.005100001,241179.14 417699.1801,241150.1695 417703.048800001,241152.9674 417715.3474,241158.72 417713.940099999,241179.4301 417710.800100001,241182.8101 417710.425000001,241193.5801 417709.23,241198.312 417708.8301,241210.8302 417707.770099999,241231.1502 417706.690099999,241280.5001 417704.4301,241315.5211 417702.911,241328.7601 417702.335999999,241357.0299 417700.9044)))",교량,730,대전광역시 대덕구 ,36710059,120345,BRG0730000,미분류,철근콘크리트교,대전육교,미분류,미분류,203.87,일반도로,2,미분류,0,0,203.87,0,11.24,0,0,미분류,미분류,0,0,0,미분류,0,0,0,미분류,미분류,0,미분류,미분류,미분류,0,0,대전육교,1
"MULTIPOLYGON (((241345.8812 417678.8968,241345.1901 417668.086999999,241313.0001 417669.631100001,241300.598 417670.242000001,241211.69 417674.619999999,241190.323 417676.794,241181.6201 417677.68,241174.1291 417678.794,241163.8601 417680.3201,241139.2304 417684.9102,241141.1232 417695.3276,241162.3101 417691.4399,241177.8401 417689.200099999,241178.563 417689.114,241194.792 417687.188100001,241195.87 417687.060000001,241220.92 417684.710100001,241307.814 417680.7511,241320.5451 417680.1711,241345.8812 417678.8968)))",교량,731,대전광역시 대덕구 ,36710059,120339,BRG0731000,미분류,철근콘크리트교,대전육교,미분류,미분류,203.4,일반도로,2,미분류,0,0,203.4,0,10.65,0,0,미분류,미분류,0,0,0,미분류,0,0,0,미분류,미분류,0,미분류,미분류,미분류,0,0,대전육교,1
"MULTIPOLYGON (((241375.37 417402.869999999,241364.86 417391.5801,241319.6701 417433.42,241247.523 417500.019099999,241242.6152 417504.5493,241204.32 417539.9,241168.4293 417573.2163,241164.3013 417577.0482,241124.8601 417613.6601,241068.31 417668.34,241058.3801 417679.210000001,241069.98 417690.300000001,241110.2001 417648.83,241163.52 417598.939999999,241188.3471 417575.971100001,241194.1621 417570.591,241224.8601 417542.189999999,241238.1991 417529.9537,241246.1252 417522.6823,241298.9 417474.27,241329.6301 417446.1601,241375.37 417402.869999999)))",교량,732,대전광역시 대덕구 ,36710059,13783,BRG0732000,미분류,철근콘크리트교,가양대교,미분류,미분류,420.67,일반도로,3,미분류,0,0,420.67,0,15.77,0,0,미분류,미분류,0,0,0,미분류,0,0,0,미분류,미분류,0,미분류,미분류,미분류,0,0,가양대교,1
"MULTIPOLYGON (((238009.4001 416557.020099999,237996.5901 416547.620100001,237987.9801 416559.370100001,237999.9601 416569.300100001,238009.4001 416557.020099999)))",교량,733,대전광역시 동구 ,36710067,85628,BRG0733000,미분류,강교,,미분류,미분류,15,철도,0,미분류,0,0,15.49,0,15.7,0,0,미분류,미분류,0,0,0,미분류,0,0,0,미분류,미분류,0,미분류,미분류,미분류,0,0,,1
"MULTIPOLYGON (((236798.3321 416688.313100001,236788.2821 416695.073100001,236814.4521 416731.0031,236829.3901 416751.7601,236839.1901 416744.850099999,236829.4621 416731.064099999,236798.3321 416688.313100001)))",교량,734,대전광역시 대덕구 ,36710067,21510,BRG0734000,미분류,철근콘크리트교,세월교,미분류,미분류,69.8,미분류,2,미분류,0,0,69.51,0,12.1,0,0,미분류,미분류,0,0,4,미분류,0,0,0,미분류,미분류,0,미분류,미분류,미분류,0,0,세월교,1
"MULTIPOLYGON (((236748.2331 416657.303099999,236741.6131 416662.323100001,236790.4221 416730.903100001,236804.0601 416750.100099999,236836.1801 416795.220100001,236842.5301 416790.3101,236804.1201 416736.1601,236800.8121 416730.9431,236748.2331 416657.303099999)))",교량,735,대전광역시 대덕구 ,36710067,27427,BRG0735000,미분류,철근콘크리트교,세월교,미분류,미분류,163,철도,0,미분류,0,0,163.4,0,8.3,0,0,미분류,미분류,0,0,0,미분류,0,0,0,미분류,미분류,0,미분류,미분류,미분류,0,0,세월교,1
"MULTIPOLYGON (((236917.4701 416894.550100001,236908.0201 416881.4101,236901.7501 416887.3401,236911.1001 416900.470100001,236917.4701 416894.550100001)))",교량,736,대전광역시 대덕구 ,36710067,47591,BRG0736000,미분류,강교,,미분류,미분류,8.7,철도,0,미분류,0,0,16.19,0,16.2,0,0,미분류,미분류,0,0,0,미분류,0,0,0,미분류,미분류,0,미분류,미분류,미분류,0,0,,1
"MULTIPOLYGON (((236174.558 416484.99,236177.929 416487.588,236177.73 416468.192,236174.426 416465.25,236174.558 416484.99)))",교량,737,대전광역시 중구 ,36710067,66429,BRG0737000,미분류,철근콘크리트교,,미분류,미분류,19.7,하천,0,미분류,0,0,19.77,0,4.4,0,0,미분류,미분류,0,0,3.32,미분류,0,0,0,미분류,미분류,0,미분류,미분류,미분류,0,0,,1
"MULTIPOLYGON (((236133.547 416454.557,236136.275 416456.918,236148.881 416441.523,236145.999 416439.195,236133.547 416454.557)))",교량,738,대전광역시 중구 ,36710067,66429,BRG0738000,인도교(Foot bridge),목교,,미분류,미분류,19.9,하천,0,미분류,0,0,19.74,0,3.6,0,0,미분류,미분류,0,0,3.69,미분류,0,0,0,미분류,미분류,0,미분류,미분류,미분류,0,0,,1
"MULTIPOLYGON (((236144.809 416824.118000001,236101.874 416826.573000001,236100.698 416826.544,236098.484 416826.085999999,236093.542 416824.478,236087.067 416822.370999999,236086.6339 416858.350199999,236095.001 416853.186000001,236095.85 416853.007999999,236159.628 416849.179,236195.368 416847.119000001,236231.268 416844.922,236257.402 416843.435000001,236263.9819 416844.414999999,236257.3317 416807.982899999,236255.3311 416811.9254,236255.502 416817.658,236255.175 416817.694,236214.583 416820.046,236182.967 416821.823999999,236144.809 416824.118000001)))",교량,739,대전광역시 중구 ,36710067,47218,BRG0739000,미분류,철근콘크리트교,삼천교,미분류,미분류,164,하천,6,미분류,0,0,162.74,0,25,0,0,미분류,미분류,0,0,4.8,미분류,0,0,0,미분류,미분류,0,미분류,미분류,미분류,0,0,삼천교,1
"MULTIPOLYGON (((236293.626 416879.074999999,236289.932 416880.277000001,236302.037 416917.808,236311.777 416948.135,236315.301 416946.851,236311.65 416935.141000001,236304.494 416912.84,236297.732 416891.674000001,236293.626 416879.074999999)))",교량,740,대전광역시 대덕구 ,36710067,47249,BRG0740000,미분류,철근콘크리트교,,미분류,미분류,67.8,하천,0,미분류,0,0,71.18,0,3.8,0,0,미분류,미분류,0,0,3.85,미분류,0,0,0,미분류,미분류,0,미분류,미분류,미분류,0,0,,1
"MULTIPOLYGON (((236258.725 416354.535,236247.922 416355.147,236241.68 416355.409,236230.014 416355.875,236100.886 416360.448000001,236098.395 416360.333000001,236096.784 416360.252,236095.102 416359.921,236093.296 416359.437000001,236091.385 416358.768999999,236089.418 416357.975,236087.749 416357.047,236086.4 416356.107999999,236084.628 416354.567,236083.108 416352.942,236081.507 416350.862,236080.333 416349.103,236078.6296 416346.350199999,236077.278 416397.983999999,236077.623 416397.471999999,236079.276 416395.218,236081.348 416393.18,236083.355 416391.257999999,236085.218 416389.845000001,236086.667 416388.934,236088.376 416388.035,236090.359 416387.109999999,236092.281 416386.418,236094.278 416385.869000001,236096.274 416385.538000001,236099.305 416385.08,236101.752 416384.875,236230.879 416380.301999999,236239.269 416379.934,236249.442 416379.549000001,236255.69 416379.221000001,236261.639 416378.829,236267.721 416378.381999999,236275.253 416377.618000001,236283.076 416376.751,236288.519 416376.142000001,236295.634 416375.196,236305.934 416373.682,236309.4489 416376.134500001,236305.9589 416346.4869,236302.401 416349.441,236300.996 416349.664000001,236293.178 416350.805,236287.105 416351.631999999,236280.198 416352.517000001,236269.494 416353.623,236258.725 416354.535)))",교량,741,대전광역시 중구 ,36710067,21281,BRG0741000,미분류,철근콘크리트교,용문교,미분류,미분류,228,하천,6,DB24,43.2,9.4,224.86,8,25,0,30,프리플렉스교,미분류,0,21,5.2,미분류,0,0,0,Transflex 죠인트,T형교각식,0,미분류,반중력식,미분류,0,0,용문교,1
"MULTIPOLYGON (((236982.3181 416274.095899999,236961.4981 416268.2159,236960.6581 416271.516100001,237009.6581 416285.416099999,237065.0571 416300.9869,237122.6271 416317.4881,237123.7871 416314.178099999,237084.6271 416303.007099999,237031.1581 416287.926899999,236982.3181 416274.095899999)))",교량,742,대전광역시 동구 ,36710067,21953,BRG0742000,미분류,철근콘크리트교,,미분류,미분류,168.4,철도,0,미분류,0,0,168.49,0,3.4,0,0,미분류,미분류,0,0,0,미분류,0,0,0,미분류,미분류,0,미분류,미분류,미분류,0,0,,1
"MULTIPOLYGON (((236602.7048 416219.216499999,236649.4297 416179.6906,236661.0121 416172.260500001,236673.5038 416167.6566,236681.9494 416164.658299999,236687.7611 416164.4712,236693.8551 416164.567600001,236701.7161 416165.729699999,236711.911 416168.0306,236782.1961 416187.8017,236814.4727 416196.6876,236817.687 416190.7039,236715.1937 416162.6117,236704.0086 416159.883199999,236697.6341 416159.0801,236688.4239 416158.5473,236680.4836 416159.360400001,236671.6881 416161.298800001,236664.4499 416163.667199999,236655.8596 416167.3704,236646.4835 416172.551899999,236640.9389 416176.6208,236634.8229 416181.7456,236625.7208 416189.1862,236615.2047 416195.844599999,236663.0109 416152.019300001,236721.6481 416094.2695,236762.3528 416054.224199999,236751.9055 416044.584100001,236620.5475 416172.442500001,236611.5811 416181.2947,236594.4349 416197.379799999,236600.3424 416191.2663,236603.4695 416180.7314,236605.3602 416169.3092,236604.4044 416160.6973,236602.3189 416151.092800001,236598.662 416144.4451,236592.1788 416135.809800001,236584.694 416129.428200001,236578.0542 416124.3201,236567.169 416117.641899999,236563.4514 416125.387499999,236584.9346 416139.589299999,236593.5832 416151.4617,236596.3785 416160.786900001,236598.0352 416171.236300001,236596.8621 416180.5447,236592.5746 416188.9934,236582.3791 416200.6621,236580.5081 416202.5721,236570.1261 416212.061100001,236560.1781 416221.8211,236546.8481 416234.1811,236534.2371 416244.861099999,236522.5471 416254.0209,236507.9871 416264.8311,236495.0271 416273.7809,236483.0371 416281.6899,236459.6571 416295.4801,236447.8371 416301.6501,236435.5071 416307.700099999,236421.0271 416314.379899999,236402.9161 416322.038899999,236397.4551 416324.061100001,236385.3504 416327.963500001,236372.1505 416332.5648,236380.5599 416355.036599999,236393.4746 416350.8574,236406.0141 416346.5901,236412.1961 416344.3791,236439.5261 416332.780099999,236455.1961 416325.1899,236468.8371 416318.360099999,236483.8471 416309.8901,236500.2871 416299.9211,236515.6971 416289.691099999,236532.7171 416277.2311,236548.3871 416265.041099999,236562.4571 416252.881100001,236576.1981 416240.462099999,236602.8454 416219.499299999,236602.7048 416219.216499999)))",교량,743,대전광역시 중구 ,36710067,18278,BRG0743000,미분류,철근콘크리트교,중촌고가교,미분류,미분류,480,미분류,6,미분류,0,0,223.96,0,25,0,0,미분류,미분류,0,0,4,미분류,0,0,0,미분류,미분류,0,미분류,미분류,미분류,0,0,중촌고가교,1
"MULTIPOLYGON (((236758.2381 416209.994100001,236740.9681 416204.7729,236739.5481 416210.653100001,236757.0081 416215.564099999,236758.2381 416209.994100001)))",교량,744,대전광역시 중구 ,36710067,85571,BRG0744000,미분류,철근콘크리트교,,미분류,미분류,5.9,철도,0,미분류,0,0,18.06,0,18.1,0,0,미분류,미분류,0,0,0,미분류,0,0,0,미분류,미분류,0,미분류,미분류,미분류,0,0,,1
"MULTIPOLYGON (((237399.1371 416383.8211,237385.3771 416381.8211,237385.0371 416385.121099999,237398.8571 416386.641100001,237399.1371 416383.8211)))",교량,745,대전광역시 대덕구 ,36710067,21436,BRG0745000,미분류,철근콘크리트교,,미분류,미분류,13.9,철도,0,미분류,0,0,13.9,0,3.2,0,0,미분류,미분류,0,0,0,미분류,0,0,0,미분류,미분류,0,미분류,미분류,미분류,0,0,,1
"MULTIPOLYGON (((237971.4301 419507.380100001,237960.8301 419506.6801,237961.5901 419509.870100001,237968.3001 419538.0101,237978.9401 419538.8101,237972.0401 419509.9201,237971.4301 419507.380100001)))",교량,746,대전광역시 대덕구 ,36710057,36832,BRG0746000,미분류,강교,,미분류,미분류,32.3,철도,0,미분류,0,0,32.15,0,10.7,0,0,미분류,미분류,0,0,0,미분류,0,0,0,미분류,미분류,0,미분류,미분류,미분류,0,0,,1
"MULTIPOLYGON (((238044.7701 419511.770099999,238019.4501 419511.120100001,238023.4601 419542.4901,238048.9801 419545.100099999,238044.7701 419511.770099999)))",교량,747,대전광역시 대덕구 ,36710057,42229,BRG0747000,미분류,강교,,미분류,미분류,33.6,철도,0,미분류,0,0,31.61,0,25.7,0,0,미분류,미분류,0,0,0,미분류,0,0,0,미분류,미분류,0,미분류,미분류,미분류,0,0,,1
"MULTIPOLYGON (((237882.7701 419499.9001,237854.1701 419497.460100001,237857.0701 419509.4201,237861.9701 419529.6501,237890.2001 419531.270099999,237885.0501 419509.540100001,237882.7701 419499.9001)))",교량,748,대전광역시 대덕구 ,36710057,42220,BRG0748000,미분류,강교,,미분류,미분류,32.2,철도,0,미분류,0,0,33.12,0,28.3,0,0,미분류,미분류,0,0,0,미분류,0,0,0,미분류,미분류,0,미분류,미분류,미분류,0,0,,1
"MULTIPOLYGON (((237928.4301 419504.0701,237918.1001 419503.1801,237919.6301 419509.690099999,237925.4201 419534.280099999,237935.7801 419534.9101,237929.7801 419509.7301,237928.4301 419504.0701)))",교량,749,대전광역시 대덕구 ,36710057,36832,BRG0749000,미분류,강교,,미분류,미분류,31.7,철도,0,미분류,0,0,32.04,0,10.4,0,0,미분류,미분류,0,0,0,미분류,0,0,0,미분류,미분류,0,미분류,미분류,미분류,0,0,,1
"MULTIPOLYGON (((236351.252 417696.014,236341.824 417698.285,236325.703 417702.128,236303.898 417707.452,236276.911 417713.835000001,236250.899 417720.183,236218.388 417727.926000001,236197.764 417732.888,236179.464 417737.264,236142.38 417746.291999999,236101.385 417756.041999999,236065.792 417764.624,236050.371 417768.399,236046.833 417769.162,236045.347 417769.177999999,236044.688 417769.137,236044.029 417769.063999999,236042.736 417768.810000001,236041.545 417768.388,236039.889 417767.503,236039.363 417766.852,236039.172 417766.448000001,236039.034 417766.073000001,236039.01 417765.744999999,236039.078 417765.196,236039.371 417764.537,236035.493 417762.950999999,236032.4376 417759.929099999,236004.0926 417829.2259,236007.499 417827.552999999,236008.489 417826.948000001,236010.608 417826.022,236013.388 417824.778999999,236016.139 417823.802999999,236021.702 417821.994000001,236024.672 417821.195,236043.894 417816.605,236084.035 417807.084000001,236139.053 417793.797,236224.754 417773.214,236264.694 417763.698999999,236307.054 417753.528999999,236330.518 417747.857000001,236332.806 417747.209000001,236333.984 417747.119999999,236335.553 417747.127,236336.551 417747.211999999,236337.607 417747.437999999,236339.02 417748.166999999,236341.077 417749.687999999,236341.77 417750.308,236351.1201 417728.3301,236368.4701 417688.0101,236359.8401 417693.1601,236358.9301 417693.5001,236358.0301 417693.6701,236351.252 417696.014)))",교량,750,대전광역시 대덕구 ,36710057,37111,BRG0750000,미분류,철근콘크리트교,한밭대교,미분류,미분류,342,하천,11,DB24,43.2,7.2,344.4,9,46,0,38,프리플렉스교,미분류,0,39,6.8,미분류,0,0,0,강핑거죠인트,라멘식,0,미분류,역 T형,미분류,0,0,한밭대교,1
"MULTIPOLYGON (((236286.76 417311.274,236264.459 417315.448999999,236161.742 417334.342,236147.297 417337.057,236140.348 417338.592,236141.5 417344.205,236203.74 417332.646,236231.332 417327.629000001,236261.74 417322.051999999,236285.575 417317.57,236286.76 417311.274)))",교량,751,대전광역시 대덕구 ,36710057,41845,BRG0751000,미분류,철근콘크리트교,,미분류,미분류,146.5,하천,1,미분류,0,0,144.6,0,6,0,0,미분류,미분류,0,0,6.38,미분류,0,0,0,미분류,미분류,0,미분류,미분류,미분류,0,0,,1
"MULTIPOLYGON (((236223.23 417912.782,236209.163 417947.334000001,236212.338 417948.554,236226.363 417914.103,236223.23 417912.782)))",교량,752,대전광역시 대덕구 ,36710057,37131,BRG0752000,미분류,철근콘크리트교,,미분류,미분류,37.2,미분류,0,미분류,0,0,37.34,0,3.4,0,0,미분류,미분류,0,0,3.45,미분류,0,0,0,미분류,미분류,0,미분류,미분류,미분류,0,0,,1
"MULTIPOLYGON (((236216.815 417945.431,236215.228 417948.596999999,236219.493 417946.783,236219.551 417946.666999999,236230.886 417918.593,236228.854 417915.654999999,236228.065 417917.566,236216.815 417945.431)))",교량,753,대전광역시 대덕구 ,36710057,37131,BRG0753000,미분류,철근콘크리트교,,미분류,미분류,33,미분류,0,미분류,0,0,32.56,0,3,0,0,미분류,미분류,0,0,2.99,미분류,0,0,0,미분류,미분류,0,미분류,미분류,미분류,0,0,,1
"MULTIPOLYGON (((236236.27 417920.983999999,236234.196 417951.007999999,236238.188 417951.264,236240.266 417921.182,236236.27 417920.983999999)))",교량,754,대전광역시 대덕구 ,36710057,37131,BRG0754000,미분류,철근콘크리트교,,미분류,미분류,30.2,미분류,1,미분류,0,0,30.1,0,4,0,0,미분류,미분류,0,0,0,미분류,0,0,0,미분류,미분류,0,미분류,미분류,미분류,0,0,,1
"MULTIPOLYGON (((235993.0801 419346.5601,235990.9501 419342.8201,235983.8601 419346.860099999,235986.0101 419350.7301,235993.0801 419346.5601)))",교량,755,대전광역시 대덕구 ,36710057,111183,BRG0755000,미분류,철근콘크리트교,,미분류,미분류,8,미분류,1,미분류,0,0,8.18,0,4.5,0,0,미분류,미분류,0,0,0,미분류,0,0,0,미분류,미분류,0,미분류,미분류,미분류,0,0,,1
"MULTIPOLYGON (((236168.7301 419704.940099999,236149.1001 419697.4901,236149.4601 419701.350099999,236169.1001 419708.790100001,236168.7301 419704.940099999)))",교량,756,대전광역시 대덕구 ,36710057,41911,BRG0756000,미분류,철근콘크리트교,,미분류,미분류,21,미분류,1,미분류,0,0,21.01,0,3.5,0,0,미분류,미분류,0,0,3.51,미분류,0,0,0,미분류,미분류,0,미분류,미분류,미분류,0,0,,1
"MULTIPOLYGON (((236015.2701 418246.3301,236008.4401 418238.8201,235988.9801 418256.530099999,235971.5701 418272.2301,235954.4601 418287.700099999,235936.1301 418304.220100001,235922.0201 418317.2501,235914.3201 418325.1601,235907.5001 418333.3101,235900.5601 418342.950099999,235899.7801 418344.2301,235891.9679 418355.276699999,235886.2252 418367.5067,235878.7554 418388.153999999,235875.4494 418406.367699999,235874.5497 418419.307,235874.0469 418428.3521,235874.0194 418434.9825,235874.4252 418439.639699999,235875.3208 418445.780200001,235876.1488 418451.1445,235877.1864 418457.2151,235878.7123 418465.1216,235881.914 418478.9603,235885.1083 418494.5623,235889.6921 418516.8006,235894.6934 418540.874500001,235905.3244 418539.860400001,235900.8015 418520.0207,235896.9839 418500.959799999,235893.0922 418482.6745,235889.3352 418466.082599999,235887.1114 418455.6338,235886.4172 418452.1745,235885.5931 418445.893300001,235885.0532 418439.4015,235884.6529 418433.404100001,235884.5334 418428.0428,235884.4253 418419.930400001,235886.2111 418408.097100001,235888.7352 418392.943600001,235893.5701 418377.0338,235899.7001 418363.6801,235908.9001 418348.470100001,235915.4001 418339.450099999,235921.7401 418331.860099999,235929.0001 418324.4101,235942.8701 418311.600099999,235961.1601 418295.120100001,235978.2701 418279.6501,235995.6801 418263.970100001,236015.2701 418246.3301)))",교량,757,대전광역시 대덕구 ,36710057,108145,BRG0757000,미분류,철근콘크리트교,대화육교,미분류,미분류,345,미분류,2,미분류,0,0,151.96,0,10.5,0,0,미분류,미분류,0,0,0,미분류,0,0,0,미분류,미분류,0,미분류,미분류,미분류,0,0,대화육교,1
"MULTIPOLYGON (((235943.809 418060.029999999,235939.031 418055.369000001,235934.656 418059.482999999,235941.5701 418065.5601,235956.9301 418080.0901,236012.8601 418132.870100001,236044.1301 418162.370100001,236048.1901 418157.950099999,236016.9801 418128.5101,235961.0501 418075.7401,235950.3401 418065.600099999,235943.809 418060.029999999)))",교량,758,대전광역시 대덕구 ,36710057,37128,BRG0758000,스라브(RC콘크리트),철근콘크리트교,,A등급,미분류,134.5,하천,2,DB24,23.3,0,150.19,0,6,0,0,미분류,미분류,0,0,5.96,강재(강재파이프),1.1,0.1,0,미분류,미분류,0,미분류,미분류,미분류,0,0,,1
"MULTIPOLYGON (((237482.4701 417965.360099999,237464.8801 417892.6801,237459.0601 417893.940099999,237459.3701 417894.550100001,237464.5001 417915.7501,237471.3901 417943.5901,237476.6801 417965.3201,237482.4701 417965.360099999)))",교량,759,대전광역시 대덕구 ,36710057,36820,BRG0759000,미분류,강교,,미분류,미분류,74.8,철도,0,미분류,0,0,73.57,0,5.8,0,0,미분류,미분류,0,0,0,미분류,0,0,0,미분류,미분류,0,미분류,미분류,미분류,0,0,,1
"MULTIPOLYGON (((237505.9001 417901.210100001,237492.2101 417900.8201,237505.7801 417929.780099999,237519.6001 417959.270099999,237541.6801 417959.7501,237514.5201 417901.450099999,237505.9001 417901.210100001)))",교량,760,대전광역시 대덕구 ,36710057,36820,BRG0760000,미분류,강교,한밭대로,미분류,미분류,64.3,철도,4,미분류,0,0,64.49,0,22.1,0,0,미분류,미분류,0,0,0,미분류,0,0,0,미분류,미분류,0,미분류,미분류,미분류,0,0,한밭대로,1
"MULTIPOLYGON (((237491.1401 417900.7601,237483.0301 417900.460100001,237498.9301 417965.520099999,237505.6201 417965.5601,237506.9501 417965.5701,237505.6401 417960.210100001,237491.1401 417900.7601)))",교량,761,대전광역시 대덕구 ,36710057,36820,BRG0761000,미분류,강교,,미분류,미분류,66.7,철도,0,미분류,0,0,66.94,0,8,0,0,미분류,미분류,0,0,0,미분류,0,0,0,미분류,미분류,0,미분류,미분류,미분류,0,0,,1
"MULTIPOLYGON (((237415.751 417899.535,237405.9388 417899.3869,237421.7829 417953.660399999,237432.0642 417954.1438,237415.751 417899.535)))",교량,762,대전광역시 대덕구 ,36710057,35387,BRG0762000,미분류,철근콘크리트교,오정육교,미분류,미분류,55.8,미분류,2,미분류,0,0,55.79,0,9.7,0,0,미분류,미분류,0,0,0,미분류,0,0,0,미분류,미분류,0,미분류,미분류,미분류,0,0,오정육교,1
"MULTIPOLYGON (((237440.7001 417733.610099999,237435.7701 417713.6601,237431.8601 417697.5101,237431.2001 417669.8901,237424.2201 417669.9801,237421.0901 417659.0001,237414.8101 417640.0001,237411.4801 417630.3401,237407.5301 417619.880100001,237403.5701 417610.2601,237399.9901 417601.1801,237394.9101 417589.9101,237390.0501 417579.470100001,237384.7501 417568.5701,237379.1201 417557.3401,237373.6901 417547.3301,237368.4501 417538.2301,237367.2401 417536.120100001,237367.2301 417535.9901,237367.2401 417535.9001,237367.3501 417535.5101,237367.5301 417535.4201,237368.0001 417535.6801,237368.5001 417536.2301,237374.3301 417545.3901,237379.3801 417553.720100001,237384.0801 417561.8101,237390.1101 417572.4301,237395.9601 417583.4301,237402.0801 417595.2601,237407.4301 417606.1801,237411.9701 417616.0701,237416.4201 417626.3201,237421.6301 417639.040100001,237424.2801 417645.620100001,237423.9201 417661.2301,237430.5501 417661.4101,237433.3901 417668.710100001,237435.9701 417675.870100001,237439.9101 417686.4101,237442.7501 417712.8201,237449.1701 417712.280099999,237455.0001 417727.9801,237455.1001 417729.8201,237459.8801 417762.3901,237466.9501 417761.350099999,237467.1901 417761.6601,237468.8601 417771.520099999,237471.8701 417786.520099999,237476.4501 417807.3401,237483.1201 417806.0701,237485.4801 417812.790100001,237489.0801 417822.8101,237492.2701 417831.8301,237496.3201 417843.5001,237496.3501 417843.5901,237500.2301 417854.0801,237504.3901 417865.3101,237506.0401 417869.5801,237508.8001 417876.7601,237512.8901 417887.5601,237517.1801 417898.1501,237521.2401 417907.690099999,237526.8701 417920.520099999,237531.7401 417931.7301,237537.6001 417945.0701,237542.6801 417956.110099999,237548.5001 417968.8301,237557.7501 417988.5601,237563.2101 417986.110099999,237556.0101 417970.5801,237550.6401 417959.020099999,237544.4801 417945.8301,237539.2101 417934.460100001,237534.4001 417923.5801,237528.5401 417909.850099999,237524.8301 417900.8301,237520.8101 417890.9201,237517.3601 417882.1401,237513.9401 417873.5001,237508.9601 417860.220100001,237506.1101 417852.360099999,237504.4101 417847.6601,237502.9101 417843.530099999,237498.8501 417832.3301,237493.6201 417817.620100001,237487.9301 417802.2501,237482.4601 417786.6501,237476.9701 417771.380100001,237474.3901 417764.2301,237470.0601 417733.1501,237463.5001 417734.0901,237462.0801 417730.190099999,237459.5201 417703.9901,237452.8001 417704.600099999,237450.0001 417696.6801,237447.0301 417688.5901,237445.6501 417666.0101,237438.8601 417666.3301,237436.1001 417659.0901,237431.3301 417647.130100001,237431.9801 417632.200099999,237425.1601 417631.870100001,237423.2001 417627.050100001,237418.7001 417616.690099999,237413.5301 417605.350099999,237408.2201 417594.540100001,237402.7901 417583.9301,237398.5501 417575.9101,237393.6701 417566.960100001,237386.8101 417555.190099999,237379.0001 417542.0801,237372.5001 417531.880100001,237363.6701 417518.5601,237362.4101 417516.720100001,237351.7001 417501.110099999,237337.7401 417481.1401,237332.8601 417474.470100001,237331.7001 417472.280099999,237317.1601 417452.110099999,237305.4401 417435.550100001,237295.5201 417421.790100001,237285.2501 417407.4001,237277.6001 417396.6501,237259.7701 417371.280099999,237250.2901 417358.0901,237227.4401 417326.3201,237199.6601 417287.450099999,237199.5601 417287.300100001,237172.7001 417249.460100001,237139.2501 417202.880100001,237116.3201 417171.0901,237093.6401 417139.5801,237074.5301 417112.7601,237060.6101 417093.050100001,237050.1301 417078.220100001,237027.0101 417046.0601,237002.5501 417011.8301,236987.0901 416990.1701,236978.0301 416996.800100001,237008.6701 417039.7301,237035.7401 417077.7401,237060.5201 417112.220100001,237064.3501 417117.530099999,237085.5701 417147.370100001,237105.9401 417175.950099999,237110.2601 417181.6401,237118.5401 417192.8201,237134.0801 417214.4001,237148.5601 417234.800100001,237164.2001 417256.790100001,237177.1601 417274.6801,237186.1101 417287.3901,237189.5501 417292.280099999,237200.7001 417307.6801,237215.0601 417328.050100001,237226.9401 417344.3401,237250.0001 417377.020099999,237250.2101 417377.3101,237262.5201 417394.6501,237275.5201 417413.0101,237294.4901 417439.5601,237309.9201 417461.020099999,237324.0001 417480.9001,237324.3501 417480.7501,237325.6401 417482.190099999,237336.4901 417497.9201,237345.9401 417512.050100001,237348.9101 417516.6601,237351.3201 417520.3901,237360.2401 417535.360099999,237368.1201 417549.100099999,237376.2801 417564.5001,237381.9501 417575.8101,237388.1701 417589.1701,237393.6701 417601.5601,237398.2001 417612.0701,237403.0001 417624.630100001,237406.6701 417634.1701,237411.9601 417649.8101,237416.7401 417664.8201,237421.9301 417682.860099999,237424.3001 417691.690099999,237427.0701 417731.4301,237433.9301 417730.7401,237435.6501 417738.1701,237437.9601 417748.3901,237441.3301 417762.050100001,237445.6001 417779.3401,237449.7101 417796.2601,237453.2201 417811.5901,237458.1001 417830.720100001,237461.1801 417843.350099999,237461.7001 417845.4901,237465.5601 417862.030099999,237470.5001 417882.1501,237475.7601 417903.1701,237481.6601 417927.800100001,237488.2201 417954.9101,237491.7801 417969.050100001,237498.2201 417996.720100001,237505.3601 418025.950099999,237511.2501 418050.0701,237516.6801 418072.2301,237523.6501 418100.6501,237529.2401 418099.110099999,237524.0701 418077.8201,237522.7101 418072.2601,237508.4201 418013.800100001,237505.4701 418001.530099999,237497.4801 417968.380100001,237492.3701 417947.8101,237487.0301 417925.4901,237482.1701 417905.4001,237477.3501 417885.860099999,237472.1701 417864.280099999,237467.0401 417843.370100001,237467.0101 417843.2501,237461.0701 417818.6401,237455.5201 417796.0101,237450.4801 417774.8401,237445.6901 417754.8201,237440.7001 417733.610099999)))",교량,763,대전광역시 대덕구 ,36710057,16070,BRG0763000,미분류,철근콘크리트교,,미분류,미분류,15,미분류,0,미분류,0,0,15.54,0,7,0,0,미분류,미분류,0,0,0,미분류,0,0,0,미분류,미분류,0,미분류,미분류,미분류,0,0,,1
"MULTIPOLYGON (((237533.5001 417896.1801,237526.9101 417896.110099999,237558.7101 417966.100099999,237564.6701 417966.050100001,237557.9601 417951.800100001,237549.9601 417934.3201,237541.8501 417916.440099999,237534.6001 417899.9901,237533.5001 417896.1801)))",교량,764,대전광역시 대덕구 ,36710057,36820,BRG0764000,미분류,강교,,미분류,미분류,76.5,철도,0,미분류,0,0,76.84,0,6,0,0,미분류,미분류,0,0,0,미분류,0,0,0,미분류,미분류,0,미분류,미분류,미분류,0,0,,1
"MULTIPOLYGON (((239435.3101 419589.780099999,239425.6001 419588.0601,239425.2301 419590.120100001,239434.9401 419591.8401,239435.3101 419589.780099999)))",교량,765,대전광역시 대덕구 ,36710058,6143,BRG0765000,미분류,철근콘크리트교,,미분류,미분류,9.9,하천,1,미분류,0,0,9.86,0,2.1,0,0,미분류,미분류,0,0,0,미분류,0,0,0,미분류,미분류,0,미분류,미분류,미분류,0,0,,1
"MULTIPOLYGON (((239523.5901 419555.9101,239521.9901 419555.0601,239518.1301 419562.300100001,239518.8301 419562.6701,239519.7301 419563.1501,239523.5901 419555.9101)))",교량,766,대전광역시 대덕구 ,36710058,105996,BRG0766000,미분류,철근콘크리트교,,미분류,미분류,8.2,하천,1,미분류,0,0,8.19,0,1.8,0,0,미분류,미분류,0,0,0,미분류,0,0,0,미분류,미분류,0,미분류,미분류,미분류,0,0,,1
"MULTIPOLYGON (((239394.7441 419460.7173,239393.6049 419459.227600001,239388.0501 419463.530099999,239389.3701 419465.0901,239394.7441 419460.7173)))",교량,767,대전광역시 대덕구 ,36710058,6197,BRG0767000,미분류,철근콘크리트교,,미분류,미분류,6.9,미분류,1,미분류,0,0,7,0,2,0,0,미분류,미분류,0,0,0,미분류,0,0,0,미분류,미분류,0,미분류,미분류,미분류,0,0,,1
"MULTIPOLYGON (((237933.6601 420228.880100001,237928.7901 420224.3101,237888.5801 420270.1801,237893.6201 420274.470100001,237933.6601 420228.880100001)))",교량,768,대전광역시 대덕구 ,36710047,15722,BRG0768000,미분류,철근콘크리트교,,미분류,미분류,60.7,미분류,0,미분류,0,0,61.02,0,6.6,0,0,미분류,미분류,0,0,0,미분류,0,0,0,미분류,미분류,0,미분류,미분류,미분류,0,0,,1
"MULTIPOLYGON (((237895.5901 420217.9201,237888.1301 420212.880100001,237868.5401 420241.880100001,237876.0001 420246.9201,237895.5901 420217.9201)))",교량,769,대전광역시 대덕구 ,36710047,15722,BRG0769000,미분류,철근콘크리트교,,미분류,미분류,35,미분류,0,미분류,0,0,35.05,0,9,0,0,미분류,미분류,0,0,0,미분류,0,0,0,미분류,미분류,0,미분류,미분류,미분류,0,0,,1
"MULTIPOLYGON (((237973.7801 419997.370100001,237963.3301 419996.8201,237962.5201 420015.2501,237973.0901 420015.6601,237973.7801 419997.370100001)))",교량,770,대전광역시 대덕구 ,36710047,116762,BRG0770000,미분류,철근콘크리트교,,미분류,미분류,18.3,미분류,0,미분류,0,0,18.4,0,10.6,0,0,미분류,미분류,0,0,0,미분류,0,0,0,미분류,미분류,0,미분류,미분류,미분류,0,0,,1
"MULTIPOLYGON (((237984.9701 420007.0901,237981.1601 420005.5801,237978.4601 420017.5901,237982.4501 420019.3201,237984.9701 420007.0901)))",교량,771,대전광역시 대덕구 ,36710047,116746,BRG0771000,미분류,철근콘크리트교,,미분류,미분류,12.5,미분류,0,미분류,0,0,12.41,0,4.3,0,0,미분류,미분류,0,0,0,미분류,0,0,0,미분류,미분류,0,미분류,미분류,미분류,0,0,,1
"MULTIPOLYGON (((238017.4101 420030.100099999,238013.9201 420029.550100001,238012.2301 420041.3901,238016.0601 420041.880100001,238017.4101 420030.100099999)))",교량,772,대전광역시 대덕구 ,36710047,116746,BRG0772000,미분류,철근콘크리트교,,미분류,미분류,11.9,미분류,0,미분류,0,0,12.03,0,3.9,0,0,미분류,미분류,0,0,0,미분류,0,0,0,미분류,미분류,0,미분류,미분류,미분류,0,0,,1
"MULTIPOLYGON (((238048.4001 420039.950099999,238052.8701 420023.6801,238042.0401 420025.5901,238037.8201 420041.290100001,238048.4001 420039.950099999)))",교량,773,대전광역시 대덕구 ,36710047,109405,BRG0773000,미분류,철근콘크리트교,,미분류,미분류,16.9,미분류,0,미분류,0,0,16.26,0,10.7,0,0,미분류,미분류,0,0,0,미분류,0,0,0,미분류,미분류,0,미분류,미분류,미분류,0,0,,1
"MULTIPOLYGON (((237947.8201 420017.630100001,237952.1601 419974.620100001,237946.0301 419976.850099999,237945.5301 419981.610099999,237941.8701 420016.850099999,237945.3801 420017.3101,237947.8201 420017.630100001)))",교량,774,대전광역시 대덕구 ,36710047,116762,BRG0774000,미분류,철근콘크리트교,,미분류,미분류,43.2,미분류,0,미분류,0,0,40.13,0,6,0,0,미분류,미분류,0,0,0,미분류,0,0,0,미분류,미분류,0,미분류,미분류,미분류,0,0,,1
"MULTIPOLYGON (((237934.5401 420242.9001,237930.8601 420239.7401,237904.5301 420269.270099999,237908.1601 420272.3101,237934.5401 420242.9001)))",교량,775,대전광역시 대덕구 ,36710047,15722,BRG0775000,미분류,철근콘크리트교,,미분류,미분류,39.5,미분류,0,미분류,0,0,39.56,0,4.7,0,0,미분류,미분류,0,0,0,미분류,0,0,0,미분류,미분류,0,미분류,미분류,미분류,0,0,,1
"MULTIPOLYGON (((237828.8601 420299.8401,237825.2601 420296.0701,237815.3001 420306.030099999,237818.6301 420310.0001,237828.8601 420299.8401)))",교량,776,대전광역시 대덕구 ,36710047,116848,BRG0776000,미분류,강교,,미분류,미분류,14.4,철도,0,미분류,0,0,14.05,0,5.2,0,0,미분류,미분류,0,0,0,미분류,0,0,0,미분류,미분류,0,미분류,미분류,미분류,0,0,,1
"MULTIPOLYGON (((237848.9801 420325.8301,237844.8501 420321.4201,237829.6501 420334.6601,237832.6901 420338.4001,237848.9801 420325.8301)))",교량,777,대전광역시 대덕구 ,36710047,116848,BRG0777000,미분류,강교,,미분류,미분류,20.6,철도,0,미분류,0,0,20.13,0,4.8,0,0,미분류,미분류,0,0,0,미분류,0,0,0,미분류,미분류,0,미분류,미분류,미분류,0,0,,1
"MULTIPOLYGON (((237777.9201 421673.870100001,237777.4301 421672.610099999,237772.1914 421679.208900001,237754.6739 421701.1852,237758.7101 421709.0801,237761.7001 421716.5101,237764.6901 421723.9201,237766.9401 421729.460100001,237769.2301 421735.0001,237772.2301 421742.4201,237775.2401 421749.8201,237778.2401 421757.2401,237781.2201 421764.6401,237783.5001 421770.220100001,237783.9801 421771.5701,237785.6293 421776.679400001,237808.4893 421747.587400001,237800.3301 421729.300100001,237798.0801 421723.720100001,237795.1001 421716.270099999,237789.8801 421703.2601,237785.3501 421692.120100001,237780.8501 421681.0101,237777.9201 421673.870100001)))",교량,778,대전광역시 대덕구 ,36710047,16013,BRG0778000,미분류,철근콘크리트교,신대과도교,미분류,미분류,69.9,미분류,6,미분류,0,0,69.81,0,40.3,0,0,미분류,미분류,0,0,8.8,미분류,0,0,0,미분류,미분류,0,미분류,미분류,미분류,0,0,신대과도교,1
"MULTIPOLYGON (((237031.3932 420611.0463,237019.9671 420520.029100001,237013.1371 420466.189099999,237005.7981 420410.0891,236998.5291 420353.609099999,236992.1591 420304.599099999,236989.5819 420288.4943,236961.517 420292.182800001,236969.6291 420351.349099999,236976.9181 420407.439099999,236982.9971 420454.6491,236990.5671 420513.5891,236997.7261 420569.3791,237003.4373 420614.311899999,237031.3932 420611.0463)))",교량,779,대전광역시 대덕구 ,36710047,40007,BRG0779000,미분류,철근콘크리트교,당산교,미분류,미분류,320,미분류,2,미분류,0,0,319.46,0,31,0,0,미분류,미분류,0,0,0,미분류,0,0,0,미분류,미분류,0,미분류,미분류,미분류,0,0,당산교,1
"MULTIPOLYGON (((236774.1301 419998.0101,236770.3801 419995.0101,236769.2901 419998.290100001,236773.1601 420001.0601,236774.1301 419998.0101)))",교량,780,대전광역시 대덕구 ,36710047,116604,BRG0780000,미분류,철근콘크리트교,,미분류,미분류,4.7,미분류,1,미분류,0,0,4.66,0,3.1,0,0,미분류,미분류,0,0,3.46,미분류,0,0,0,미분류,미분류,0,미분류,미분류,미분류,0,0,,1
"MULTIPOLYGON (((236813.0661 420579.496099999,236816.1061 420579.3061,236815.5461 420570.4761,236812.4861 420570.7761,236813.0661 420579.496099999)))",교량,781,대전광역시 대덕구 ,36710047,108921,BRG0781000,미분류,철근콘크리트교,,미분류,미분류,8.8,미분류,1,미분류,0,0,8.78,0,3.1,0,0,미분류,미분류,0,0,3.09,미분류,0,0,0,미분류,미분류,0,미분류,미분류,미분류,0,0,,1
"MULTIPOLYGON (((236811.4741 420705.566099999,236811.3141 420711.756100001,236814.3141 420711.8561,236814.4741 420705.5461,236811.4741 420705.566099999)))",교량,782,대전광역시 대덕구 ,36710047,108921,BRG0782000,미분류,철근콘크리트교,,미분류,미분류,6.3,미분류,1,미분류,0,0,6.13,0,3,0,0,미분류,미분류,0,0,3,미분류,0,0,0,미분류,미분류,0,미분류,미분류,미분류,0,0,,1
"MULTIPOLYGON (((238628.7201 419831.220100001,238627.4401 419829.860099999,238625.2401 419831.4101,238626.3701 419832.630100001,238628.7201 419831.220100001)))",교량,783,대전광역시 대덕구 ,36710048,13851,BRG0783000,미분류,철근콘크리트교,,미분류,미분류,2.7,미분류,1,미분류,0,0,2.68,0,1.7,0,0,미분류,미분류,0,0,0,미분류,0,0,0,미분류,미분류,0,미분류,미분류,미분류,0,0,,1
"MULTIPOLYGON (((238522.8501 420058.8101,238519.6401 420055.940099999,238509.6401 420056.700099999,238514.3401 420059.1601,238522.8501 420058.8101)))",교량,784,대전광역시 대덕구 ,36710048,105691,BRG0784000,미분류,철근콘크리트교,,미분류,미분류,8.5,미분류,1,미분류,0,0,8.82,0,2.8,0,0,미분류,미분류,0,0,0,미분류,0,0,0,미분류,미분류,0,미분류,미분류,미분류,0,0,,1
"MULTIPOLYGON (((238762.8001 421341.790100001,238758.2601 421338.690099999,238755.3801 421342.9001,238759.9201 421346.0001,238762.8001 421341.790100001)))",교량,785,대전광역시 대덕구 ,36710048,115312,BRG0785000,미분류,철근콘크리트교,,미분류,미분류,5.1,미분류,1,미분류,0,0,5.11,0,5.5,0,0,미분류,미분류,0,0,0,미분류,0,0,0,미분류,미분류,0,미분류,미분류,미분류,0,0,,1
"MULTIPOLYGON (((238468.3401 421796.8101,238467.2501 421796.1801,238465.5001 421800.0801,238467.7201 421801.2601,238469.4301 421797.4301,238468.3401 421796.8101)))",교량,786,대전광역시 대덕구 ,36710048,105694,BRG0786000,미분류,철근콘크리트교,,미분류,미분류,4.1,미분류,1,미분류,0,0,4.27,0,2.5,0,0,미분류,미분류,0,0,0,미분류,0,0,0,미분류,미분류,0,미분류,미분류,미분류,0,0,,1
"MULTIPOLYGON (((239291.397 422254.699999999,239279.664 422264.937999999,239282.009 422271.99,239293.694 422261.615,239291.397 422254.699999999)))",교량,787,대전광역시 대덕구 ,36710048,109246,BRG0787000,미분류,철근콘크리트교,,미분류,미분류,15,미분류,1,미분류,0,0,15.54,0,7,0,0,미분류,미분류,0,0,0,미분류,0,0,0,미분류,미분류,0,미분류,미분류,미분류,0,0,,1
"MULTIPOLYGON (((240093.928 421306.334000001,240091.792 421310.801999999,240094.548 421317.994000001,240096.947 421313.773,240093.928 421306.334000001)))",교량,788,대전광역시 대덕구 ,36710048,109201,BRG0788000,미분류,철근콘크리트교,,미분류,미분류,7.7,미분류,1,미분류,0,0,7.71,0,5,0,0,미분류,미분류,0,0,0,미분류,0,0,0,미분류,미분류,0,미분류,미분류,미분류,0,0,,1
"MULTIPOLYGON (((240111.331 421092.722999999,240116.455 421093.835999999,240117.623 421088.334000001,240112.19 421087.112,240111.331 421092.722999999)))",교량,789,대전광역시 대덕구 ,36710048,123003,BRG0789000,미분류,철근콘크리트교,,미분류,미분류,5.2,미분류,1,미분류,0,0,5.26,0,5.6,0,0,미분류,미분류,0,0,0,미분류,0,0,0,미분류,미분류,0,미분류,미분류,미분류,0,0,,1
"MULTIPOLYGON (((240144.062 421151.799000001,240149.028 421150.385,240148.529 421147.640000001,240143.607 421148.896,240144.062 421151.799000001)))",교량,790,대전광역시 대덕구 ,36710048,109204,BRG0790000,미분류,철근콘크리트교,,미분류,미분류,5.2,미분류,1,미분류,0,0,5.08,0,2.8,0,0,미분류,미분류,0,0,0,미분류,0,0,0,미분류,미분류,0,미분류,미분류,미분류,0,0,,1
"MULTIPOLYGON (((240138.967 421681.048,240138.092 421680.957,240138.02 421682.24,240138.897 421682.319,240138.967 421681.048)))",교량,791,대전광역시 대덕구 ,36710048,115274,BRG0791000,미분류,철근콘크리트교,,미분류,미분류,1.3,미분류,1,미분류,0,0,1.28,0,0.9,0,0,미분류,미분류,0,0,0,미분류,0,0,0,미분류,미분류,0,미분류,미분류,미분류,0,0,,1
"MULTIPOLYGON (((239880.237 421764.879000001,239877.008 421768.528000001,239879.174 421769.778999999,239882.553 421765.978,239880.434 421764.692,239880.237 421764.879000001)))",교량,792,대전광역시 대덕구 ,36710048,115182,BRG0792000,미분류,철근콘크리트교,,미분류,미분류,5.1,미분류,1,미분류,0,0,5.15,0,2.5,0,0,미분류,미분류,0,0,0,미분류,0,0,0,미분류,미분류,0,미분류,미분류,미분류,0,0,,1
"MULTIPOLYGON (((239611.169 422019.984999999,239610.664 422017.800000001,239608.763 422018.261,239609.2 422020.458000001,239611.169 422019.984999999)))",교량,793,대전광역시 대덕구 ,36710048,4825,BRG0793000,미분류,철근콘크리트교,,미분류,미분류,2.2,미분류,1,미분류,0,0,2.23,0,2,0,0,미분류,미분류,0,0,2.24,미분류,0,0,0,미분류,미분류,0,미분류,미분류,미분류,0,0,,1
"MULTIPOLYGON (((239587.238 422048.489,239588.781 422048.075999999,239588.709 422047.992000001,239580.003 422033.737,239578.92 422034.381999999,239587.238 422048.489)))",교량,794,대전광역시 대덕구 ,36710048,4824,BRG0794000,미분류,철근콘크리트교,,미분류,미분류,16.7,하천,1,미분류,0,0,16.34,0,1.3,0,0,미분류,미분류,0,0,1.38,미분류,0,0,0,미분류,미분류,0,미분류,미분류,미분류,0,0,,1
"MULTIPOLYGON (((238055.5401 419510.290100001,238052.8201 419487.0701,238048.7901 419487.4001,238051.5501 419510.270099999,238058.9001 419571.0601,238063.3501 419606.370100001,238071.0501 419673.0101,238073.6001 419697.470100001,238075.3301 419721.270099999,238076.3701 419739.200099999,238076.5801 419742.9101,238077.4701 419765.1501,238077.8201 419783.0801,238075.9101 419822.860099999,238073.3801 419854.700099999,238070.5001 419878.1801,238066.3401 419902.550100001,238060.3401 419932.5101,238053.8701 419958.0601,238042.1201 419995.0901,238030.9201 420026.4301,238021.2401 420050.0801,238014.4801 420064.8901,238010.1201 420074.460100001,237995.6501 420102.0701,237979.4001 420130.520099999,237962.2701 420157.610099999,237945.9201 420181.190099999,237944.6501 420182.800100001,237923.0501 420210.2301,237909.4201 420227.100099999,237913.5301 420229.8401,237927.0001 420213.380100001,237944.6201 420191.0101,237949.9901 420184.190099999,237966.4901 420160.4101,237983.7401 420133.130100001,238000.0801 420104.5001,238014.6601 420076.6801,238020.0301 420064.9201,238025.8801 420052.0901,238035.6401 420028.2301,238046.9101 419996.710100001,238058.7401 419959.440099999,238065.2701 419933.620100001,238071.3101 419903.470100001,238075.5101 419878.9101,238078.4101 419855.200099999,238080.9601 419823.1801,238082.8801 419783.1501,238082.5301 419765.0001,238081.6301 419742.6601,238081.4301 419739.2301,238080.3701 419720.940099999,238078.6401 419697.030099999,238076.0801 419672.450099999,238068.3701 419605.7601,238055.5401 419510.290100001)))",교량,795,대전광역시 대덕구 ,36710047,42229,BRG0795000,미분류,철근콘크리트교,,미분류,미분류,785.6,철도,0,미분류,0,0,781.42,0,4,0,0,미분류,미분류,0,0,0,미분류,0,0,0,미분류,미분류,0,미분류,미분류,미분류,0,0,,1
"MULTIPOLYGON (((236116.9003 416416.3561,236109.9761 416410.226399999,236110.7968 416434.038699999,236117.69 416440.5812,236116.9003 416416.3561)))",교량,796,대전광역시 중구 ,36710067,66429,BRG0796000,미분류,철근콘크리트교,,미분류,미분류,23.39,일반도로,1,미분류,0,0,23.39,0,6.72,0,0,미분류,미분류,0,0,0,미분류,0,0,0,미분류,미분류,0,미분류,미분류,미분류,0,0,,1
"MULTIPOLYGON (((237043.12 416584.800100001,237043.2925 416587.405099999,237059.6002 416551.986500001,237058.0401 416553.41,237050.5001 416555.6099,237044.685 416550.9681,237036.8171 416544.687100001,236937.301 416465.2421,236926.292 416456.453,236920.0 416451.4301,236907.26 416479.350099999,236913.48 416478.359999999,236917.5241 416481.5691,236928.1591 416490.008099999,237025.8581 416567.5331,237033.551 416573.637,237041.28 416579.77,237043.12 416584.800100001)))",교량,797,대전광역시 대덕구 ,36710067,21951,BRG0797000,미분류,철근콘크리트교,한남대교,미분류,미분류,172.06,일반도로,6,미분류,0,0,172.06,0,25.03,0,0,미분류,미분류,0,0,4.8,미분류,0,0,0,미분류,미분류,0,미분류,미분류,미분류,0,0,한남대교,1
"MULTIPOLYGON (((240266.738 418826.854,240226.2 418797.210100001,240219.861 418806.229,240258.1889 418835.318,240266.738 418826.854)))",교량,798,대전광역시 대덕구 ,36710058,108106,BRG0798000,미분류,철근콘크리트교,비래골길,미분류,미분류,47.46,일반도로,1,미분류,0,0,47.46,0,11.04,0,0,미분류,미분류,0,0,0,미분류,0,0,0,미분류,미분류,0,미분류,미분류,미분류,0,0,비래골길,1
"MULTIPOLYGON (((236835.6854 420039.8353,236829.1151 420031.742000001,236825.965 420034.086100001,236832.8677 420042.514900001,236848.7077 420061.8565,236855.0821 420069.6401,236858.127 420067.4781,236851.4553 420059.26,236835.6854 420039.8353)))",교량,799,대전광역시 대덕구 ,36710047,40132,BRG0799000,미분류,철근콘크리트교,,미분류,미분류,26.25,미분류,1,미분류,0,0,26.25,0,3.92,0,0,미분류,미분류,0,0,3.92,미분류,0,0,0,미분류,미분류,0,미분류,미분류,미분류,0,0,,1
"MULTIPOLYGON (((237812.6511 421988.872099999,237809.66 421984.0441,237807.08 421985.575999999,237810.1441 421990.521,237812.6511 421988.872099999)))",교량,800,대전광역시 대덕구 ,36710047,116992,BRG0800000,미분류,철근콘크리트교,,미분류,미분류,5.76,일반도로,1,미분류,0,0,5.76,0,2.99,0,0,미분류,미분류,0,0,0,미분류,0,0,0,미분류,미분류,0,미분류,미분류,미분류,0,0,,1
"MULTIPOLYGON (((237724.7601 422206.2301,237725.9001 422205.970100001,237733.6801 422206.029999999,237733.09 422199.4001,237723.0301 422199.7401,237724.0901 422207.370100001,237724.7601 422206.2301)))",교량,801,대전광역시 대덕구 ,36710047,116875,BRG0801000,미분류,철근콘크리트교,,미분류,미분류,10.07,일반도로,1,미분류,0,0,10.07,0,6.62,0,0,미분류,미분류,0,0,0,미분류,0,0,0,미분류,미분류,0,미분류,미분류,미분류,0,0,,1
"MULTIPOLYGON (((238047.8229 421881.378,238045.025 421876.464,238042.478 421877.329,238045.581 421882.0361,238047.8229 421881.378)))",교량,802,대전광역시 대덕구 ,36710047,117534,BRG0802000,미분류,철근콘크리트교,,미분류,미분류,5.6,일반도로,1,미분류,0,0,5.6,0,2.69,0,0,미분류,미분류,0,0,0,미분류,0,0,0,미분류,미분류,0,미분류,미분류,미분류,0,0,,1
"MULTIPOLYGON (((240220.93 418062.34,240204.73 418043.030099999,240201.796 418045.646,240167.0859 418076.596100001,240154.1501 418088.130000001,240170.9201 418106.940099999,240178.8161 418099.8981,240217.559 418065.346100001,240220.93 418062.34)))",교량,803,대전광역시 대덕구 ,36710058,13807,BRG0803000,미분류,철근콘크리트교,비래굴다리,미분류,미분류,67.7,일반도로,4,미분류,0,0,67.7,0,25.1,0,0,미분류,미분류,0,0,0,미분류,0,0,0,미분류,미분류,0,미분류,미분류,미분류,0,0,비래굴다리,1
"MULTIPOLYGON (((236851.9186 420024.631899999,236835.6854 420039.8353,236832.8677 420042.514900001,236670.8854 420196.4027,236688.1323 420213.295600001,236848.7077 420061.8565,236851.4553 420059.26,236868.407 420045.0133,236851.9186 420024.631899999)))",교량,804,대전광역시 대덕구 ,36710047,40132,BRG0804000,미분류,철근콘크리트교,원촌교,미분류,미분류,250,하천,6,DB24,43.2,3.5,243.53,8,2.5,0,32,PC박스형교,미분류,0,20,3.6,미분류,0,0,0,미분류,라멘식,0,미분류,구주식,미분류,0,0,원촌교,1
"MULTIPOLYGON (((237651.0701 423164.020099999,237658.8701 423160.460100001,237666.1901 423156.690099999,237669.5101 423154.4101,237673.2701 423151.8201,237673.9101 423151.3401,237681.5801 423145.530099999,237689.2901 423138.1801,237695.0201 423131.3301,237703.6101 423119.6401,237710.5201 423106.8201,237712.6701 423101.7401,237715.0401 423095.5101,237717.4401 423086.0701,237718.7501 423079.8101,237710.5501 423077.9301,237707.5801 423090.380100001,237704.4401 423099.290100001,237699.5901 423110.5101,237695.3301 423116.9101,237687.7801 423127.4801,237683.1301 423132.9801,237674.5301 423140.8901,237673.9541 423141.3171,237673.1801 423141.9101,237667.2301 423146.370100001,237662.1001 423149.3901,237656.9201 423152.450099999,237650.9401 423155.610099999,237639.4301 423160.130100001,237629.0801 423162.470100001,237618.7701 423163.5101,237609.9201 423163.960100001,237605.1201 423163.880100001,237602.6801 423163.8401,237599.0001 423163.5101,237594.8101 423163.100099999,237593.5701 423171.800100001,237598.2801 423172.0801,237603.1501 423172.5101,237611.0901 423172.450099999,237612.8301 423172.440099999,237625.0101 423171.3901,237633.3301 423169.790100001,237640.8401 423167.5801,237643.6801 423166.710100001,237651.0701 423164.020099999)))",교량,805,대전광역시 대덕구 ,36710037,13880,BRG0805000,미분류,철근콘크리트교,경부고속도로,미분류,미분류,165.2,미분류,2,미분류,0,0,166.03,0,8.4,0,0,미분류,미분류,0,0,0,미분류,0,0,0,미분류,미분류,0,미분류,미분류,미분류,0,0,경부고속도로,1
"MULTIPOLYGON (((237553.77 422643.390000001,237552.7399 422636.440099999,237549.81 422637.1501,237550.84 422644.109999999,237553.77 422643.390000001)))",교량,806,대전광역시 대덕구 ,36710037,116029,BRG0806000,미분류,철근콘크리트교,,미분류,미분류,7.2,미분류,1,미분류,0,0,7.01,0,3,0,0,미분류,미분류,0,0,0,미분류,0,0,0,미분류,미분류,0,미분류,미분류,미분류,0,0,,1
"MULTIPOLYGON (((237574.9901 423006.3101,237555.6801 423000.5101,237552.7801 423012.3201,237567.2701 423016.3901,237585.5901 423022.5801,237611.1301 423034.2501,237626.4101 423042.2601,237641.4801 423051.450099999,237651.2501 423057.9301,237663.2701 423066.470100001,237663.2731 423066.472100001,237674.1401 423066.519099999,237674.2805 423066.329500001,237674.3101 423059.5801,237667.6101 423054.4201,237656.2601 423046.720100001,237634.0401 423032.770099999,237617.3701 423024.1701,237603.6301 423017.450099999,237585.6401 423010.270099999,237574.9901 423006.3101)))",교량,807,대전광역시 대덕구 ,36710037,13884,BRG0807000,미분류,철근콘크리트교,호남고속도로지선,미분류,미분류,134,미분류,4,미분류,0,0,134.73,0,12.1,0,0,미분류,미분류,0,0,0,미분류,0,0,0,미분류,미분류,0,미분류,미분류,미분류,0,0,호남고속도로지선,1
"MULTIPOLYGON (((237034.0801 423069.110099999,236955.0099 423080.6401,236957.3001 423096.5701,237036.3801 423085.120100001,237155.0099 423068.020099999,237189.6701 423064.4301,237211.8301 423061.290100001,237225.8901 423059.300100001,237305.8801 423047.9801,237323.4601 423045.4901,237348.2001 423042.9301,237346.0101 423026.620100001,237313.5601 423029.790100001,237286.4835 423033.736199999,237225.8601 423042.5601,237225.1901 423042.6601,237211.1301 423044.710100001,237134.9393 423055.812000001,237079.0201 423063.960100001,237034.0801 423069.110099999)))",교량,808,대전광역시 유성구 ,36710037,13790,BRG0808000,미분류,철근콘크리트교,호남고속도로지선,미분류,미분류,394.6,미분류,2,미분류,0,0,394.21,0,16.1,0,0,미분류,미분류,0,0,0,미분류,0,0,0,미분류,미분류,0,미분류,미분류,미분류,0,0,호남고속도로지선,1
"MULTIPOLYGON (((237343.8801 423012.3901,237341.7301 422996.1801,237303.3401 423001.710100001,237225.9901 423012.880100001,237223.9201 423013.1801,237209.9001 423015.200099999,237035.1801 423040.4001,236956.6589 423051.614700001,236950.8021 423052.7051,236953.1101 423067.630100001,236988.1301 423063.5701,237035.1101 423056.880100001,237210.6001 423031.600099999,237224.6401 423029.5801,237225.9201 423029.4001,237343.8801 423012.3901)))",교량,809,대전광역시 유성구 ,36710037,13889,BRG0809000,미분류,철근콘크리트교,호남고속도로지선,미분류,미분류,394.7,미분류,2,미분류,0,0,394.71,0,15.1,0,0,미분류,미분류,0,0,0,미분류,0,0,0,미분류,미분류,0,미분류,미분류,미분류,0,0,호남고속도로지선,1
"MULTIPOLYGON (((236948.8401 422744.554099999,236949.3901 422748.644099999,236952.4001 422748.404100001,236952.3501 422748.154100001,236951.8401 422744.3441,236948.8401 422744.554099999)))",교량,810,대전광역시 대덕구 ,36710037,116080,BRG0810000,미분류,철근콘크리트교,,미분류,미분류,4.1,미분류,1,미분류,0,0,4.08,0,3,0,0,미분류,미분류,0,0,0,미분류,0,0,0,미분류,미분류,0,미분류,미분류,미분류,0,0,,1
"MULTIPOLYGON (((237262.4701 422745.0001,237255.7501 422724.3901,237250.9101 422727.4801,237257.9901 422748.540100001,237262.4701 422745.0001)))",교량,812,대전광역시 대덕구 ,36710037,116187,BRG0812000,미분류,철근콘크리트교,아리랑로56번길,미분류,미분류,21.7,미분류,2,미분류,0,0,22.33,0,5.7,0,0,미분류,미분류,0,0,0,미분류,0,0,0,미분류,미분류,0,미분류,미분류,미분류,0,0,아리랑로56번길,1
"MULTIPOLYGON (((237541.9301 422648.3301,237537.7101 422599.4901,237489.2101 422626.5101,237496.0901 422670.3201,237541.9301 422648.3301)))",교량,813,대전광역시 대덕구 ,36710037,13824,BRG0813000,미분류,철근콘크리트교,경부고속도로,미분류,미분류,48.7,미분류,4,미분류,0,0,45.93,0,49,0,0,미분류,미분류,0,0,0,미분류,0,0,0,미분류,미분류,0,미분류,미분류,미분류,0,0,경부고속도로,1
"MULTIPOLYGON (((237257.6501 422770.8901,237240.6701 422718.4901,237226.769 422726.004799999,237215.8047 422731.5627,237227.0601 422765.710100001,237234.1101 422786.7501,237257.6501 422770.8901)))",교량,814,대전광역시 대덕구 ,36710037,40160,BRG0814000,미분류,철근콘크리트교,신대교,미분류,미분류,55.1,미분류,2,미분류,0,0,55.02,0,29,0,0,미분류,미분류,0,0,0,미분류,0,0,0,미분류,미분류,0,미분류,미분류,미분류,0,0,신대교,1
"MULTIPOLYGON (((237240.9601 423390.2501,237226.8501 423390.190099999,237228.7101 423431.9801,237230.6901 423466.0701,237233.0901 423516.130100001,237237.7301 423619.4801,237251.8401 423619.540100001,237247.1701 423515.4801,237244.7599 423465.3301,237242.7901 423431.3401,237240.9601 423390.2501)))",교량,815,대전광역시 유성구 ,36710037,116128,BRG0815000,미분류,기타,철도,미분류,미분류,229.5,철도,0,미분류,0,0,229.25,0,14.1,0,0,미분류,미분류,0,0,0,미분류,0,0,0,미분류,미분류,0,미분류,미분류,미분류,0,0,철도,1
"MULTIPOLYGON (((239320.505 422957.846999999,239323.482 422963.064999999,239333.362 422958.052999999,239330.745 422952.653000001,239320.505 422957.846999999)))",교량,816,대전광역시 대덕구 ,36710038,114690,BRG0816000,미분류,철근콘크리트교,,미분류,미분류,11,하천,1,미분류,0,0,11.31,0,6,0,0,미분류,미분류,0,0,0,미분류,0,0,0,미분류,미분류,0,미분류,미분류,미분류,0,0,,1
"MULTIPOLYGON (((238166.6601 423416.5101,238164.4801 423407.9901,238150.8201 423411.4801,238153.0001 423420.0001,238166.6601 423416.5101)))",교량,817,대전광역시 대덕구 ,36710038,114669,BRG0817000,미분류,철근콘크리트교,,미분류,미분류,14.1,미분류,2,미분류,0,0,14.11,0,8.8,0,0,미분류,미분류,0,0,0,미분류,0,0,0,미분류,미분류,0,미분류,미분류,미분류,0,0,,1
"MULTIPOLYGON (((239253.126 423607.449999999,239253.907 423611.372,239265.576 423609.075999999,239264.708 423605.17,239253.126 423607.449999999)))",교량,818,대전광역시 대덕구 ,36710038,109660,BRG0818000,미분류,철근콘크리트교,,미분류,미분류,12,하천,1,미분류,0,0,11.96,0,4,0,0,미분류,미분류,0,0,0,미분류,0,0,0,미분류,미분류,0,미분류,미분류,미분류,0,0,,1
"MULTIPOLYGON (((239453.144 423867.2499,239457.0173 423858.4542,239427.1776 423860.534600001,239424.8831 423866.3731,239449.1649 423865.953199999,239451.0562 423867.360099999,239453.144 423867.2499)))",교량,819,대전광역시 대덕구 ,36710038,110074,BRG0819000,미분류,철근콘크리트교,산디로15번길,미분류,미분류,12.8,하천,1,미분류,0,0,29.86,0,4.8,0,0,미분류,미분류,0,0,0,미분류,0,0,0,미분류,미분류,0,미분류,미분류,미분류,0,0,산디로15번길,1
"MULTIPOLYGON (((239992.107 423085.311000001,239987.599 423076.898,239984.922 423071.903000001,239981.372 423073.931,239983.03 423076.877,239988.044 423085.783,239992.107 423085.311000001)))",교량,820,대전광역시 대덕구 ,36710038,108596,BRG0820000,미분류,철근콘크리트교,,미분류,미분류,14.7,미분류,1,미분류,0,0,14.24,0,4,0,0,미분류,미분류,0,0,0,미분류,0,0,0,미분류,미분류,0,미분류,미분류,미분류,0,0,,1
"MULTIPOLYGON (((240297.5 423096.216,240296.345 423094.997,240295.332 423097.810000001,240290.86 423110.706,240290.739 423110.873,240290.647 423110.960999999,240285.885 423111.208000001,240263.01 423104.545,240257.201 423098.622,240256.13 423099.673,240262.214 423105.875,240285.709 423112.719000001,240291.672 423112.409,240291.89 423112.208000001,240291.956 423112.123,240296.747 423098.310000001,240297.5 423096.216)))",교량,821,대전광역시 대덕구 ,36710038,115518,BRG0821000,미분류,목교,,미분류,미분류,55,미분류,0,미분류,0,0,55.03,0,1.5,0,0,미분류,미분류,0,0,1.45,미분류,0,0,0,미분류,미분류,0,미분류,미분류,미분류,0,0,,1
"MULTIPOLYGON (((239624.338 423204.346000001,239623.133 423210.141000001,239626.94 423210.039999999,239628.35 423203.341,239624.338 423204.346000001)))",교량,822,대전광역시 대덕구 ,36710038,114820,BRG0822000,미분류,철근콘크리트교,,미분류,미분류,7,미분류,1,미분류,0,0,6.41,0,3.7,0,0,미분류,미분류,0,0,0,미분류,0,0,0,미분류,미분류,0,미분류,미분류,미분류,0,0,,1
"MULTIPOLYGON (((240171.0 422823.43,240169.977 422824.176000001,240165.732 422818.859999999,240164.376 422819.923,240168.581 422825.200999999,240167.704 422825.814999999,240164.768 422825.557,240161.638 422827.984999999,240161.527 422830.369999999,240155.859 422832.057,240156.178 422833.74,240161.611 422832.296,240161.618 422832.584000001,240163.525 422833.643999999,240163.857 422830.26,240166.174 422828.515000001,240169.312 422828.612,240172.903 422825.948999999,240174.025 422826.030999999,240179.657 422821.74,240180.518 422816.482000001,240179.052 422816.221000001,240178.781 422817.961999999,240178.079 422819.016000001,240172.145 422823.558,240171.0 422823.43)))",교량,823,대전광역시 대덕구 ,36710038,5264,BRG0823000,미분류,목교,,미분류,미분류,30,미분류,0,미분류,0,0,40.36,0,2.5,0,0,미분류,미분류,0,0,3.06,미분류,0,0,0,미분류,미분류,0,미분류,미분류,미분류,0,0,,1
"MULTIPOLYGON (((241403.3501 423565.350099999,241400.5601 423558.550100001,241396.8801 423559.970100001,241399.9601 423566.770099999,241403.3501 423565.350099999)))",교량,824,대전광역시 대덕구 ,36710039,115120,BRG0824000,미분류,철근콘크리트교,,미분류,미분류,4,하천,1,미분류,0,0,3.75,0,8,0,0,미분류,미분류,0,0,0,미분류,0,0,0,미분류,미분류,0,미분류,미분류,미분류,0,0,,1
"MULTIPOLYGON (((241199.3091 423379.5571,241194.8981 423374.971100001,241188.9971 423381.755100001,241195.1131 423385.7161,241196.7021 423381.3781,241197.6391 423380.3081,241199.3091 423379.5571)))",교량,825,대전광역시 대덕구 ,36710039,115080,BRG0825000,미분류,철근콘크리트교,,미분류,미분류,8,하천,1,미분류,0,0,7.87,0,5.5,0,0,미분류,미분류,0,0,0,미분류,0,0,0,미분류,미분류,0,미분류,미분류,미분류,0,0,,1
"MULTIPOLYGON (((242587.0601 423504.7501,242574.6401 423503.2401,242575.0401 423506.3101,242587.0201 423507.770099999,242587.0601 423504.7501)))",교량,826,대전광역시 동구 ,36710039,114930,BRG0826000,미분류,철근콘크리트교,냉천로,미분류,미분류,12,하천,1,미분류,0,0,12.33,0,3,0,0,미분류,미분류,0,0,0,미분류,0,0,0,미분류,미분류,0,미분류,미분류,미분류,0,0,냉천로,1
"MULTIPOLYGON (((242552.9401 423676.804099999,242549.4401 423676.7761,242549.5401 423713.779100001,242553.0401 423713.7411,242552.9401 423676.804099999)))",교량,827,대전광역시 동구 ,36710039,114943,BRG0827000,미분류,철근콘크리트교,냉천로,미분류,미분류,38,하천,1,미분류,0,0,37.01,0,5,0,0,미분류,미분류,0,0,0,미분류,0,0,0,미분류,미분류,0,미분류,미분류,미분류,0,0,냉천로,1
"MULTIPOLYGON (((242643.7101 423178.880100001,242638.9401 423170.9901,242636.4901 423172.7301,242641.1101 423180.370100001,242643.7101 423178.880100001)))",교량,828,대전광역시 동구 ,36710040,115150,BRG0828000,미분류,철근콘크리트교,,미분류,미분류,9,하천,1,미분류,0,0,9.06,0,3,0,0,미분류,미분류,0,0,0,미분류,0,0,0,미분류,미분류,0,미분류,미분류,미분류,0,0,,1
"MULTIPOLYGON (((242615.2701 423182.7501,242613.8601 423180.100099999,242611.0401 423181.630100001,242607.3771 423183.531099999,242604.7101 423184.520099999,242602.6401 423193.9101,242604.0261 423192.0681,242607.1901 423187.860099999,242607.3561 423187.801100001,242612.5501 423184.2301,242615.2701 423182.7501)))",교량,829,대전광역시 동구 ,36710040,115513,BRG0829000,미분류,철근콘크리트교,대청호수로,미분류,미분류,9,하천,1,미분류,0,0,13.1,0,4,0,0,미분류,미분류,0,0,0,미분류,0,0,0,미분류,미분류,0,미분류,미분류,미분류,0,0,대청호수로,1
"MULTIPOLYGON (((237225.7701 423064.5801,237225.8787 423058.9681,237225.8001 423057.1401,237225.1815 423042.4869,237225.1781 423042.407500001,237224.7531 423032.3445,237224.6219 423029.2345,237224.0901 423016.6401,237223.9025 423012.790899999,237218.7801 422907.6701,237216.9301 422861.710100001,237215.6901 422835.350099999,237212.3001 422763.0801,237211.0601 422732.1501,237200.9201 422509.620100001,237196.3401 422408.9901,237190.6401 422280.450099999,237185.0601 422154.440099999,237183.0501 422103.200099999,237169.8901 422103.9901,237168.6801 422104.120100001,237176.6601 422280.3901,237179.8301 422350.3301,237187.1501 422509.5701,237190.3701 422579.540100001,237196.9801 422732.710100001,237198.2101 422763.6801,237201.5801 422835.290100001,237202.8501 422862.3301,237204.6901 422908.290100001,237209.8793 423014.8115,237210.0001 423017.290100001,237210.5931 423031.2267,237210.7209 423034.2291,237211.1531 423044.3835,237211.1563 423044.460899999,237211.8547 423060.8697,237212.0101 423064.520500001,237214.4001 423116.2601,237217.6201 423184.7601,237220.3401 423242.700099999,237223.4801 423309.540100001,237224.6101 423334.050100001,237225.7701 423064.5801)))",교량,830,대전광역시 대덕구 ,36710037,13790,BRG0830000,미분류,강교,철도,미분류,미분류,1231.6,철도,2,미분류,0,0,1221.5,0,14.4,0,0,미분류,미분류,0,0,0,미분류,0,0,0,미분류,미분류,0,미분류,미분류,미분류,0,0,철도,1
"MULTIPOLYGON (((237466.4602 423521.0911,237466.4941 423519.091,237473.146 423519.365,237479.7781 423520.012,237486.363 423521.029100001,237492.8811 423522.4121,237498.398 423523.8871,237504.7371 423525.939999999,237510.9511 423528.344000001,237517.0211 423531.093,237522.9281 423534.177100001,237528.6521 423537.585999999,237534.177 423541.311000001,237538.7412 423544.745100001,237543.849 423549.023,237548.7101 423553.5811,237553.3081 423558.403000001,237557.6291 423563.475,237562.211 423569.5571,237565.893 423575.109999999,237569.282 423580.880999999,237572.8811 423587.734999999,237577.9521 423598.395,237579.3751 423601.508099999,237585.4461 423598.5831,237582.8241 423592.848099999,237577.09 423581.143100001,237572.672 423573.2531,237567.7291 423565.67,237562.2541 423558.461999999,237556.2741 423551.666099999,237552.023 423547.381999999,237547.57 423543.308,237542.928 423539.451099999,237537.2852 423535.2401,237532.267 423531.8861,237526.218 423528.283,237520.8791 423525.4681,237515.412 423522.912900001,237509.828 423520.623,237504.14 423518.6031,237498.362 423516.859099999,237491.525 423515.176899999,237485.5971 423514.042199999,237479.6221 423513.1931,237473.613 423512.632099999,237466.6101 423512.3421,237466.626 423511.431,237461.9611 423501.7641,237509.4259 423478.847999999,237512.1281 423477.544,237529.036 423469.380100001,237557.4111 423455.6811,237558.179 423455.3101,237569.6717 423449.640000001,237562.5555 423437.4482,237559.925 423438.767999999,237559.0551 423439.2161,237558.182 423439.662,237557.3071 423440.106000001,237556.4291 423440.5491,237555.549 423440.9901,237554.6679 423441.4301,237553.7841 423441.868000001,237552.899 423442.305,237552.011 423442.7422,237551.122 423443.176899999,237550.2311 423443.6121,237549.3421 423444.0451,237548.4481 423444.4791,237547.552 423444.913000001,237546.655 423445.346899999,237545.756 423445.781099999,237544.8561 423446.215,237544.2121 423446.526000001,237543.9561 423446.649900001,237543.0551 423447.085100001,237542.154 423447.518999999,237541.254 423447.9541,237540.3532 423448.388,237539.4531 423448.823000001,237538.5521 423449.258099999,237537.651 423449.692,237536.751 423450.1271,237535.8502 423450.562000001,237534.9501 423450.996200001,237534.0491 423451.4311,237533.1481 423451.865,237532.248 423452.299900001,237531.347 423452.735099999,237530.4471 423453.169,237528.6451 423454.039000001,237527.745 423454.472999999,237526.844 423454.9081,237525.9442 423455.342,237524.1421 423456.212099999,237523.242 423456.646,237522.341 423457.0811,237521.44 423457.515000001,237520.5401 423457.949999999,237519.6391 423458.3851,237518.739 423458.819,237516.937 423459.688999999,237516.0371 423460.123,237515.1361 423460.5581,237514.2361 423460.992000001,237512.434 423461.8621,237511.5341 423462.296,237510.6331 423462.7311,237509.7331 423463.164999999,237507.931 423464.0351,237507.0312 423464.469000001,237506.1301 423464.904100001,237505.2301 423465.3391,237504.329 423465.773,237503.428 423466.2081,237502.528 423466.642000001,237500.7261 423467.5121,237499.8261 423467.946,237498.925 423468.381100001,237498.025 423468.815099999,237496.2231 423469.6851,237495.3231 423470.119000001,237494.422 423470.554099999,237493.522 423470.9891,237492.6212 423471.423,237491.7201 423471.858100001,237490.8201 423472.291999999,237489.919 423472.727,237489.019 423473.1621,237488.118 423473.596000001,237487.2171 423474.031099999,237486.3171 423474.4661,237485.4161 423474.9,237484.516 423475.335100001,237483.615 423475.768999999,237482.7141 423476.204,237481.8141 423476.6391,237480.9131 423477.073000001,237480.013 423477.508099999,237479.112 423477.9421,237478.2112 423478.377,237477.3111 423478.812100001,237476.4101 423479.245999999,237475.509 423479.6812,237474.609 423480.1161,237473.708 423480.550000001,237472.8079 423480.9849,237471.9071 423481.4191,237471.0061 423481.854,237470.106 423482.289100001,237469.205 423482.722999999,237468.3049 423483.1581,237466.5031 423484.027000001,237465.603 423484.462099999,237464.702 423484.896,237463.802 423485.3312,237462.9011 423485.766100001,237462.0001 423486.199999999,237461.1 423486.6349,237460.199 423487.0691,237459.299 423487.504000001,237458.3979 423487.939099999,237457.4971 423488.373,237456.5971 423488.808,237455.8761 423489.155999999,237451.269 423479.608999999,237450.5861 423479.0701,237454.522 423473.819,237458.4429 423467.972200001,237461.5471 423462.797,237464.859 423456.585100001,237467.8302 423450.2031,237470.0971 423444.611099999,237472.102 423438.919,237474.104 423432.17,237475.526 423426.3061,237476.839 423419.3891,237477.7741 423412.412,237478.3301 423405.393999999,237478.504 423398.357100001,237478.3502 423392.324100001,237477.9151 423386.3061,237477.0551 423379.319,237475.3941 423370.422,237472.8261 423360.700099999,237469.8781 423352.142999999,237465.9571 423342.893100001,237460.9231 423332.745999999,237460.5737 423331.9859,237454.2953 423334.7479,237455.0101 423335.967,237458.165 423342.197000001,237461.4001 423349.241,237464.2472 423356.347999999,237466.6471 423363.5869,237468.595 423370.960999999,237469.9211 423377.5021,237470.8901 423384.1051,237471.5581 423391.702099999,237471.755 423398.373199999,237471.589 423405.044199999,237470.958 423412.643999999,237470.0202 423419.2519,237468.7241 423425.7981,237466.8121 423433.1811,237464.7661 423439.5341,237462.379 423445.766000001,237459.6571 423451.859099999,237456.609 423457.7951,237453.2431 423463.5581,237449.5691 423469.130100001,237445.2881 423474.888,237443.718 423473.6492,237437.3251 423481.1031,237434.064 423484.473999999,237429.982 423488.346999999,237425.7241 423492.027100001,237422.0491 423494.939099999,237414.367 423500.3301,237407.076 423504.710000001,237398.5541 423509.238,237359.0999 423528.363,237290.089 423561.666999999,237269.7731 423572.026000001,237249.9237 423581.604800001,237236.9873 423587.8477,237228.1111 423592.130999999,237214.35 423595.4409,237178.7251 423612.633099999,237193.023 423641.812100001,237228.4751 423624.711100001,237238.3136 423617.022299999,237239.62 423616.001,237251.2675 423610.379899999,237281.2499 423595.9101,237302.0412 423586.4331,237371.051 423553.130100001,237411.002 423533.9331,237419.8409 423530.085999999,237427.7991 423527.1261,237436.7891 423524.513,237441.353 423523.4791,237446.8789 423522.4801,237456.1751 423521.408,237460.847 423521.152100001,237466.4602 423521.0911)))",교량,831,대전광역시 유성구 ,36710037,35395,BRG0831000,미분류,철근콘크리트교,한빛대교,미분류,미분류,420.19,일반도로,4,미분류,0,0,420.19,0,24.93,0,0,미분류,미분류,0,0,6,미분류,0,0,0,미분류,미분류,0,미분류,미분류,미분류,0,0,한빛대교,1
"MULTIPOLYGON (((239358.25 423677.5001,239346.6101 423674.850099999,239342.8201 423688.470000001,239354.55 423690.52,239358.25 423677.5001)))",교량,832,대전광역시 대덕구 ,36710038,36322,BRG0832000,미분류,철근콘크리트교,산디로,미분류,미분류,13.84,일반도로,2,미분류,0,0,13.84,0,11.91,0,0,미분류,미분류,0,0,1,미분류,0,0,0,미분류,미분류,0,미분류,미분류,미분류,0,0,산디로,1
"MULTIPOLYGON (((237571.1431 422586.214,237558.9031 422579.16,237557.2591 422582.470100001,237569.815 422589.629000001,237571.1431 422586.214)))",교량,833,대전광역시 대덕구 ,36710037,116283,BRG0833000,미분류,철근콘크리트교,,미분류,미분류,14.45,일반도로,1,미분류,0,0,14.45,0,3.59,0,0,미분류,미분류,0,0,0,미분류,0,0,0,미분류,미분류,0,미분류,미분류,미분류,0,0,,1
"MULTIPOLYGON (((241635.8562 423891.4409,241632.7727 423889.7411,241629.2664 423896.4191,241632.371 423898.080499999,241635.8562 423891.4409)))",교량,834,대전광역시 대덕구 ,36710039,109752,BRG0834000,미분류,철근콘크리트교,,미분류,미분류,7.32,일반도로,1,미분류,0,0,7.32,0,3.62,0,0,미분류,미분류,0,0,0,미분류,0,0,0,미분류,미분류,0,미분류,미분류,미분류,0,0,,1
"MULTIPOLYGON (((235899.5101 415348.8401,235895.7501 415346.3101,235895.3301 415349.6401,235897.7701 415351.280099999,235899.1601 415352.3201,235899.5101 415348.8401)))",교량,835,대전광역시 중구 ,36710066,21533,BRG0835000,미분류,철근콘크리트교,,미분류,미분류,4.6,미분류,0,미분류,0,0,4.56,0,3.4,0,0,미분류,미분류,0,0,3.22,미분류,0,0,0,미분류,미분류,0,미분류,미분류,미분류,0,0,,1
"MULTIPOLYGON (((235902.1101 415313.9301,235898.7701 415311.8201,235898.4101 415315.4101,235901.7701 415317.470100001,235902.1101 415313.9301)))",교량,836,대전광역시 중구 ,36710066,21533,BRG0836000,미분류,철근콘크리트교,,미분류,미분류,4.8,미분류,0,미분류,0,0,3.96,0,3.6,0,0,미분류,미분류,0,0,3.5,미분류,0,0,0,미분류,미분류,0,미분류,미분류,미분류,0,0,,1
"MULTIPOLYGON (((234952.5701 414418.540100001,234947.6801 414418.4001,234947.3401 414429.6501,234952.2401 414429.9101,234952.5701 414418.540100001)))",교량,837,대전광역시 중구 ,36710066,21807,BRG0837000,미분류,철근콘크리트교,,미분류,미분류,11,미분류,0,미분류,0,0,11.34,0,5,0,0,미분류,미분류,0,0,4.86,미분류,0,0,0,미분류,미분류,0,미분류,미분류,미분류,0,0,,1
"MULTIPOLYGON (((234921.2001 414417.530099999,234916.2501 414417.270099999,234915.9001 414428.600099999,234920.7401 414428.8301,234921.2001 414417.530099999)))",교량,838,대전광역시 중구 ,36710066,21133,BRG0838000,미분류,철근콘크리트교,,미분류,미분류,11,미분류,0,미분류,0,0,11.5,0,5,0,0,미분류,미분류,0,0,4.7,미분류,0,0,0,미분류,미분류,0,미분류,미분류,미분류,0,0,,1
"MULTIPOLYGON (((234890.9701 414416.5101,234886.0301 414416.3401,234885.7001 414427.460100001,234890.6301 414427.6801,234890.9701 414416.5101)))",교량,839,대전광역시 중구 ,36710066,21133,BRG0839000,미분류,철근콘크리트교,,미분류,미분류,11,미분류,0,미분류,0,0,11.18,0,5,0,0,미분류,미분류,0,0,4.86,미분류,0,0,0,미분류,미분류,0,미분류,미분류,미분류,0,0,,1
"MULTIPOLYGON (((235544.4101 415005.0701,235519.3301 414978.940099999,235518.2401 414982.360099999,235543.5201 415008.5601,235544.4101 415005.0701)))",교량,840,대전광역시 중구 ,36710066,27147,BRG0840000,미분류,철근콘크리트교,,미분류,미분류,36.6,미분류,0,미분류,0,0,36.19,0,3.6,0,0,미분류,미분류,0,0,3.65,미분류,0,0,0,미분류,미분류,0,미분류,미분류,미분류,0,0,,1
"MULTIPOLYGON (((235106.5592 414415.6351,235091.0025 414381.1304,234940.8301 414458.5101,234906.0901 414468.1801,234902.9501 414468.8901,234919.9701 414504.100099999,234923.4601 414511.380100001,234937.3401 414504.1701,235106.5592 414415.6351)))",교량,841,대전광역시 중구 ,36710066,21807,BRG0841000,미분류,철근콘크리트교,가장교,미분류,미분류,200,하천,8,미분류,0,0,199.38,0,40,0,0,미분류,미분류,0,0,6,미분류,0,0,0,미분류,미분류,0,미분류,미분류,미분류,0,0,가장교,1
"MULTIPOLYGON (((235687.9901 415288.300100001,235721.8001 415254.210100001,235741.5901 415233.270099999,235786.5401 415187.9001,235804.4188 415184.6864,235764.1229 415146.999700001,235761.5101 415162.110099999,235760.9101 415163.2501,235722.0101 415202.870100001,235662.3201 415263.0601,235660.3701 415265.050100001,235659.3201 415265.4101,235658.5601 415265.4901,235649.4101 415264.4101,235645.6301 415262.710100001,235686.5101 415302.3201,235685.3401 415291.370100001,235685.5601 415290.790100001,235687.9901 415288.300100001)))",교량,842,대전광역시 중구 ,36710066,15045,BRG0842000,미분류,철근콘크리트교,수침교,미분류,미분류,164,하천,9,미분류,0,0,163.09,0,36,0,0,미분류,미분류,0,0,4,미분류,0,0,0,미분류,미분류,0,미분류,미분류,미분류,0,0,수침교,1
"MULTIPOLYGON (((234920.3601 408134.6801,234921.3301 408129.7601,234917.2501 408130.5601,234915.8101 408134.9801,234920.3601 408134.6801)))",교량,843,대전광역시 중구 ,36710096,62062,BRG0843000,미분류,철근콘크리트교,,미분류,미분류,4.5,미분류,1,미분류,0,0,4.83,0,4.1,0,0,미분류,미분류,0,0,0,미분류,0,0,0,미분류,미분류,0,미분류,미분류,미분류,0,0,,1
"MULTIPOLYGON (((234938.8201 408131.770099999,234934.1201 408131.5701,234933.7601 408137.800100001,234938.4601 408137.950099999,234938.8201 408131.770099999)))",교량,844,대전광역시 중구 ,36710096,62073,BRG0844000,미분류,철근콘크리트교,,미분류,미분류,6.2,미분류,1,미분류,0,0,6.24,0,4.7,0,0,미분류,미분류,0,0,0,미분류,0,0,0,미분류,미분류,0,미분류,미분류,미분류,0,0,,1
"MULTIPOLYGON (((234728.1991 410115.201099999,234726.5691 410119.691099999,234729.6491 410120.471100001,234730.4291 410115.631100001,234728.1991 410115.201099999)))",교량,846,대전광역시 중구 ,36710086,61702,BRG0846000,미분류,철근콘크리트교,,미분류,미분류,4.9,미분류,1,미분류,0,0,4.92,0,2.3,0,0,미분류,미분류,0,0,0,미분류,0,0,0,미분류,미분류,0,미분류,미분류,미분류,0,0,,1
"MULTIPOLYGON (((234978.6221 410683.7831,234978.2921 410682.793099999,234975.4021 410683.5831,234975.7121 410684.6231,234978.6221 410683.7831)))",교량,847,대전광역시 중구 ,36710086,1493,BRG0847000,미분류,철근콘크리트교,,미분류,미분류,3,미분류,0,미분류,0,0,3.02,0,1,0,0,미분류,미분류,0,0,1.09,미분류,0,0,0,미분류,미분류,0,미분류,미분류,미분류,0,0,,1
"MULTIPOLYGON (((234975.1821 410672.403100001,234974.8721 410671.3531,234972.0421 410672.2731,234972.3421 410673.2731,234975.1821 410672.403100001)))",교량,848,대전광역시 중구 ,36710086,1493,BRG0848000,미분류,철근콘크리트교,,미분류,미분류,3,미분류,0,미분류,0,0,2.94,0,1.1,0,0,미분류,미분류,0,0,1.06,미분류,0,0,0,미분류,미분류,0,미분류,미분류,미분류,0,0,,1
"MULTIPOLYGON (((234967.4231 410656.633099999,234970.3631 410655.8331,234970.0731 410654.823100001,234967.1431 410655.7031,234967.4231 410656.633099999)))",교량,849,대전광역시 중구 ,36710086,19397,BRG0849000,미분류,철근콘크리트교,,미분류,미분류,3,미분류,0,미분류,0,0,3.07,0,1.1,0,0,미분류,미분류,0,0,1.01,미분류,0,0,0,미분류,미분류,0,미분류,미분류,미분류,0,0,,1
"MULTIPOLYGON (((234964.8531 410637.4331,234964.5431 410636.403100001,234961.6831 410637.3331,234961.9931 410638.3631,234964.8531 410637.4331)))",교량,850,대전광역시 중구 ,36710086,53920,BRG0850000,미분류,철근콘크리트교,,미분류,미분류,3,미분류,0,미분류,0,0,3.02,0,1.1,0,0,미분류,미분류,0,0,1.06,미분류,0,0,0,미분류,미분류,0,미분류,미분류,미분류,0,0,,1
"MULTIPOLYGON (((235729.5801 410062.460100001,235728.1301 410059.6601,235723.7301 410064.110099999,235725.3701 410066.710100001,235729.5801 410062.460100001)))",교량,851,대전광역시 중구 ,36710086,7903,BRG0851000,미분류,철근콘크리트교,,미분류,미분류,6,미분류,0,미분류,0,0,6.1,0,3.1,0,0,미분류,미분류,0,0,3.08,미분류,0,0,0,미분류,미분류,0,미분류,미분류,미분류,0,0,,1
"MULTIPOLYGON (((235730.1901 410055.0901,235727.6701 410052.050100001,235725.5001 410053.8201,235728.1701 410057.040100001,235730.1901 410055.0901)))",교량,852,대전광역시 중구 ,36710086,7903,BRG0852000,미분류,철근콘크리트교,,미분류,미분류,3.9,미분류,0,미분류,0,0,4.01,0,2.8,0,0,미분류,미분류,0,0,2.81,미분류,0,0,0,미분류,미분류,0,미분류,미분류,미분류,0,0,,1
"MULTIPOLYGON (((235036.5401 409843.4801,234968.7801 409814.520099999,234967.9101 409816.540100001,235036.5301 409845.870100001,235078.4501 409863.780099999,235079.3101 409861.7601,235036.5401 409843.4801)))",교량,853,대전광역시 중구 ,36710086,61459,BRG0853000,미분류,철근콘크리트교,방아미다리,미분류,미분류,120.2,미분류,1,미분류,0,0,120.28,0,2.2,0,0,미분류,미분류,0,0,2.07,미분류,0,0,0,미분류,미분류,0,미분류,미분류,미분류,0,0,방아미다리,1
"MULTIPOLYGON (((234961.3301 410566.360099999,234958.1001 410563.200099999,234955.5801 410567.6601,234958.1901 410571.9901,234961.3301 410566.360099999)))",교량,854,대전광역시 중구 ,36710086,53912,BRG0854000,미분류,철근콘크리트교,,미분류,미분류,5.1,미분류,1,미분류,0,0,5.62,0,4.5,0,0,미분류,미분류,0,0,0,미분류,0,0,0,미분류,미분류,0,미분류,미분류,미분류,0,0,,1
"MULTIPOLYGON (((235544.234 411185.796,235542.399 411186.583000001,235544.359 411190.75,235546.118 411189.879000001,235544.234 411185.796)))",교량,855,대전광역시 중구 ,36710086,1508,BRG0855000,미분류,철근콘크리트교,,미분류,미분류,4.5,미분류,1,미분류,0,0,4.57,0,2,0,0,미분류,미분류,0,0,1.98,미분류,0,0,0,미분류,미분류,0,미분류,미분류,미분류,0,0,,1
"MULTIPOLYGON (((233944.3001 409915.5901,233953.3449 409926.404300001,233972.0109 409909.7788,233947.3001 409882.0801,233885.7403 409811.680199999,233866.3725 409825.7733,233944.3001 409915.5901)))",교량,856,대전광역시 중구 ,36710086,16637,BRG0856000,미분류,철근콘크리트교,안영교,미분류,미분류,120,미분류,6,미분류,0,0,119.22,0,24.5,0,0,미분류,미분류,0,0,4,미분류,0,0,0,미분류,미분류,0,미분류,미분류,미분류,0,0,안영교,1
"MULTIPOLYGON (((233819.1101 409635.200099999,233816.9201 409619.9101,233773.0801 409629.290100001,233775.1001 409644.3301,233789.7701 409641.380100001,233819.1101 409635.200099999)))",교량,857,대전광역시 중구 ,36710086,13651,BRG0857000,미분류,철근콘크리트교,안영교,미분류,미분류,44.8,미분류,5,미분류,0,0,44.8,0,15.4,0,0,미분류,미분류,0,0,0,미분류,0,0,0,미분류,미분류,0,미분류,미분류,미분류,0,0,안영교,1
"MULTIPOLYGON (((233908.8001 409600.0701,233907.3801 409588.4201,233899.8101 409589.210100001,233877.6501 409591.530099999,233879.2401 409603.1401,233886.6701 409602.350099999,233901.6001 409600.7601,233908.8001 409600.0701)))",교량,858,대전광역시 중구 ,36710086,13442,BRG0858000,미분류,철근콘크리트교,안영IC교,미분류,미분류,29.5,미분류,2,미분류,0,0,29.8,0,11.7,0,0,미분류,미분류,0,0,0,미분류,0,0,0,미분류,미분류,0,미분류,미분류,미분류,0,0,안영IC교,1
"MULTIPOLYGON (((233911.4701 409620.050100001,233909.4301 409604.8401,233901.8201 409605.790100001,233892.8701 409606.9201,233887.3601 409607.8301,233879.8201 409609.0801,233881.8401 409624.1501,233889.2601 409623.0801,233893.0001 409622.550100001,233903.7101 409621.0901,233911.4701 409620.050100001)))",교량,859,대전광역시 중구 ,36710086,13442,BRG0859000,미분류,철근콘크리트교,안영IC교,미분류,미분류,29.9,미분류,5,미분류,0,0,29.64,0,15.2,0,0,미분류,미분류,0,0,0,미분류,0,0,0,미분류,미분류,0,미분류,미분류,미분류,0,0,안영IC교,1
"MULTIPOLYGON (((233815.8585 409611.694599999,233814.1542 409599.971999999,233769.9252 409608.136399999,233771.5072 409619.361199999,233815.8585 409611.694599999)))",교량,860,대전광역시 중구 ,36710086,13650,BRG0860000,미분류,철근콘크리트교,안영교,미분류,미분류,45,미분류,2,미분류,0,0,44.79,0,11.8,0,0,미분류,미분류,0,0,0,미분류,0,0,0,미분류,미분류,0,미분류,미분류,미분류,0,0,안영교,1
"MULTIPOLYGON (((233811.4901 409584.2401,233810.1001 409575.9201,233803.0301 409578.540100001,233798.9201 409580.0701,233780.6401 409586.0001,233767.7001 409590.4801,233768.7401 409598.450099999,233770.3101 409597.950099999,233789.0701 409592.030099999,233794.1501 409590.3401,233804.1801 409586.8101,233811.4901 409584.2401)))",교량,861,대전광역시 중구 ,36710086,13443,BRG0861000,미분류,철근콘크리트교,안영IC1교,미분류,미분류,45,미분류,1,미분류,0,0,45.02,0,8.3,0,0,미분류,미분류,0,0,0,미분류,0,0,0,미분류,미분류,0,미분류,미분류,미분류,0,0,안영IC1교,1
"MULTIPOLYGON (((233953.4101 409154.470100001,233953.3301 409149.470100001,233948.3301 409149.5701,233948.4101 409154.5701,233953.4101 409154.470100001)))",교량,862,대전광역시 중구 ,36710086,97700,BRG0862000,미분류,철근콘크리트교,,미분류,미분류,5,미분류,1,미분류,0,0,4.98,0,5,0,0,미분류,미분류,0,0,0,미분류,0,0,0,미분류,미분류,0,미분류,미분류,미분류,0,0,,1
"MULTIPOLYGON (((234390.7501 411318.360099999,234481.2501 411304.770099999,234488.9801 411309.3901,234489.7201 411309.620100001,234484.2901 411284.020099999,234479.3401 411290.530099999,234390.8101 411303.5001,234338.1901 411311.110099999,234330.701 411306.811000001,234334.6037 411331.869999999,234340.1901 411325.7401,234390.7501 411318.360099999)))",교량,863,대전광역시 중구 ,36710086,19860,BRG0863000,미분류,철근콘크리트교,복수교,미분류,미분류,154,하천,3,미분류,0,0,155.63,0,15,0,0,미분류,미분류,0,0,4,미분류,0,0,0,미분류,미분류,0,미분류,미분류,미분류,0,0,복수교,1
"MULTIPOLYGON (((234229.7901 409396.710100001,234225.6801 409389.630100001,234224.9301 409390.120100001,234229.0001 409397.130100001,234229.7901 409396.710100001)))",교량,864,대전광역시 중구 ,36710086,61850,BRG0864000,미분류,철근콘크리트교,,미분류,미분류,8.1,미분류,0,미분류,0,0,8.09,0,0.9,0,0,미분류,미분류,0,0,0.87,미분류,0,0,0,미분류,미분류,0,미분류,미분류,미분류,0,0,,1
"MULTIPOLYGON (((234964.672 411586.6,234969.254 411582.744999999,234964.226 411576.654999999,234959.65 411580.538000001,234964.672 411586.6)))",교량,865,대전광역시 중구 ,36710076,19749,BRG0865000,기타,철근콘크리트교,,미분류,미분류,7.87,하천,1,미분류,0,0,7.87,0,5.99,0,0,미분류,미분류,0,4.98,0,알루미늄합금,0.75,0,15.05,미분류,미분류,0,미분류,미분류,미분류,0,0,,1
"MULTIPOLYGON (((234864.715 411588.012,234864.238 411595.786,234870.176 411596.198000001,234870.728 411588.470000001,234864.715 411588.012)))",교량,866,대전광역시 중구 ,36710076,19720,BRG0866000,기타,철근콘크리트교,,미분류,미분류,7.77,하천,1,미분류,0,0,7.77,0,5.99,0,0,미분류,미분류,0,5.03,0,알루미늄합금,0.75,0,14.91,미분류,미분류,0,미분류,미분류,미분류,0,0,,1
"MULTIPOLYGON (((235237.666 411466.511,235242.027 411462.457,235236.774 411456.624,235232.383 411460.688999999,235237.666 411466.511)))",교량,867,대전광역시 중구 ,36710076,54061,BRG0867000,기타,철근콘크리트교,,미분류,미분류,7.83,하천,1,미분류,0,0,7.83,0,5.97,0,0,미분류,미분류,0,4.98,0,알루미늄합금,0.75,0,15.16,미분류,미분류,0,미분류,미분류,미분류,0,0,,1
"MULTIPOLYGON (((234739.8501 412548.020099999,234728.1601 412527.4801,234574.8801 412615.110099999,234586.7401 412635.780099999,234739.8501 412548.020099999)))",교량,868,대전광역시 중구 ,36710076,20646,BRG0868000,미분류,철근콘크리트교,도마교,미분류,미분류,175,하천,4,미분류,0,0,175.27,0,25,0,0,미분류,미분류,0,0,4,미분류,0,0,0,미분류,미분류,0,미분류,미분류,미분류,0,0,도마교,1
"MULTIPOLYGON (((234577.4401 413077.8901,234567.8101 413074.8901,234558.6101 413102.5101,234570.5001 413106.210100001,234578.9601 413108.8401,234706.9701 413148.700099999,234715.0101 413151.210100001,234721.1071 413153.153000001,234729.9814 413125.4944,234723.6601 413123.4201,234715.5301 413120.7301,234709.2401 413118.940099999,234587.7101 413081.0901,234577.4401 413077.8901)))",교량,869,대전광역시 중구 ,36710076,14657,BRG0869000,미분류,철근콘크리트교,유등교,미분류,미분류,168,하천,6,미분류,0,0,168.74,0,28,0,0,미분류,미분류,0,0,6,미분류,0,0,0,미분류,미분류,0,미분류,미분류,미분류,0,0,유등교,1
"MULTIPOLYGON (((234837.4939 413936.602,234826.1765 413908.561699999,234823.4301 413914.130100001,234724.9201 413948.550100001,234635.1301 413980.280099999,234644.1501 414003.200099999,234797.5101 413948.8301,234829.3101 413937.4101,234834.0601 413935.700099999,234837.4939 413936.602)))",교량,870,대전광역시 중구 ,36710076,20652,BRG0870000,미분류,철근콘크리트교,태평교,미분류,미분류,206,하천,4,미분류,0,0,199.39,0,25,0,0,미분류,미분류,0,0,4,미분류,0,0,0,미분류,미분류,0,미분류,미분류,미분류,0,0,태평교,1
"MULTIPOLYGON (((235092.3201 411558.1501,235089.7401 411557.790100001,235089.1301 411562.470100001,235091.6901 411562.9001,235092.3201 411558.1501)))",교량,871,대전광역시 중구 ,36710076,19041,BRG0871000,미분류,철근콘크리트교,,미분류,미분류,4.4,미분류,0,미분류,0,0,4.66,0,2.6,0,0,미분류,미분류,0,0,0,미분류,0,0,0,미분류,미분류,0,미분류,미분류,미분류,0,0,,1
"MULTIPOLYGON (((235142.7101 411550.9901,235140.6101 411547.860099999,235137.7101 411549.8201,235139.6601 411552.710100001,235142.7101 411550.9901)))",교량,872,대전광역시 중구 ,36710076,19041,BRG0872000,미분류,철근콘크리트교,,미분류,미분류,4.7,미분류,0,미분류,0,0,3.64,0,3.5,0,0,미분류,미분류,0,0,0,미분류,0,0,0,미분류,미분류,0,미분류,미분류,미분류,0,0,,1
"MULTIPOLYGON (((235174.6301 411529.530099999,235171.0401 411524.440099999,235168.0901 411526.3301,235171.8201 411531.620100001,235174.6301 411529.530099999)))",교량,873,대전광역시 중구 ,36710076,1459,BRG0873000,미분류,철근콘크리트교,,미분류,미분류,6.7,미분류,1,미분류,0,0,6.31,0,3.5,0,0,미분류,미분류,0,0,0,미분류,0,0,0,미분류,미분류,0,미분류,미분류,미분류,0,0,,1
"MULTIPOLYGON (((235232.4801 411460.2601,235229.3701 411459.4901,235226.0701 411472.4101,235229.8901 411470.380100001,235232.4801 411460.2601)))",교량,874,대전광역시 중구 ,36710076,54061,BRG0874000,미분류,철근콘크리트교,,미분류,미분류,10.2,미분류,1,미분류,0,0,11.92,0,3.2,0,0,미분류,미분류,0,0,0,미분류,0,0,0,미분류,미분류,0,미분류,미분류,미분류,0,0,,1
"MULTIPOLYGON (((235280.7901 411895.3301,235280.2901 411891.520099999,235280.2601 411891.4101,235278.5501 411893.4901,235279.1301 411893.4201,235279.1201 411895.360099999,235279.1201 411895.470100001,235280.6701 411895.3401,235280.7901 411895.3301)))",교량,875,대전광역시 중구 ,36710076,61246,BRG0875000,미분류,철근콘크리트교,,미분류,미분류,2.8,미분류,0,미분류,0,0,3.49,0,1.7,0,0,미분류,미분류,0,0,1.51,미분류,0,0,0,미분류,미분류,0,미분류,미분류,미분류,0,0,,1
"MULTIPOLYGON (((235290.1001 411889.3201,235289.6701 411886.030099999,235287.2001 411887.0901,235287.6601 411889.600099999,235290.1001 411889.3201)))",교량,876,대전광역시 중구 ,36710076,61246,BRG0876000,미분류,철근콘크리트교,,미분류,미분류,2.6,미분류,0,미분류,0,0,2.82,0,2.5,0,0,미분류,미분류,0,0,2.5,미분류,0,0,0,미분류,미분류,0,미분류,미분류,미분류,0,0,,1
"MULTIPOLYGON (((234434.7301 411565.030099999,234434.1401 411562.1801,234427.8701 411563.470100001,234430.8201 411577.770099999,234437.0801 411576.4801,234436.2201 411572.290100001,234434.7301 411565.030099999)))",교량,877,대전광역시 중구 ,36710076,19742,BRG0877000,미분류,철근콘크리트교,,미분류,미분류,14.6,미분류,2,미분류,0,0,14.55,0,6.4,0,0,미분류,미분류,0,0,0,미분류,0,0,0,미분류,미분류,0,미분류,미분류,미분류,0,0,,1
"MULTIPOLYGON (((234533.9301 411556.780099999,234529.7501 411543.950099999,234516.2501 411548.3401,234520.4201 411561.1801,234533.9301 411556.780099999)))",교량,878,대전광역시 중구 ,36710076,19714,BRG0878000,미분류,철근콘크리트교,,미분류,미분류,13.5,미분류,2,미분류,0,0,13.51,0,14.2,0,0,미분류,미분류,0,0,0,미분류,0,0,0,미분류,미분류,0,미분류,미분류,미분류,0,0,,1
"MULTIPOLYGON (((234279.9801 411903.460100001,234280.3301 411901.5701,234281.6601 411901.6401,234321.7501 411904.040100001,234323.2301 411879.610099999,234281.6801 411877.1701,234281.1301 411874.520099999,234279.7101 411872.7601,234277.6301 411871.8401,234275.4401 411872.0601,234274.0001 411872.9201,234272.6301 411874.610099999,234272.1101 411876.610099999,234228.9301 411874.0701,234221.8901 411873.6801,234221.5601 411871.600099999,234220.6601 411870.050100001,234218.4801 411868.6601,234216.4601 411868.4001,234214.3601 411869.0101,234212.9001 411870.4301,234212.3001 411871.9201,234212.2301 411873.1401,234172.6701 411870.9201,234167.1409 411870.872500001,234166.2053 411895.6073,234178.6401 411896.050100001,234210.7901 411897.8201,234211.2101 411900.2501,234212.4301 411901.8201,234213.7401 411902.6501,234215.1901 411902.950099999,234216.8401 411902.780099999,234218.2901 411902.2601,234219.3201 411901.130100001,234219.9401 411900.1601,234220.4101 411898.350099999,234259.4401 411900.5001,234270.6501 411901.0701,234270.8801 411903.1501,234271.9601 411904.8401,234273.6301 411905.9301,234275.2201 411906.300100001,234276.9601 411906.100099999,234278.7201 411905.200099999,234279.9801 411903.460100001)))",교량,879,대전광역시 중구 ,36710076,18532,BRG0879000,미분류,철근콘크리트교,버드내다리,미분류,미분류,150,하천,4,미분류,0,0,152.2,0,25,0,0,미분류,미분류,0,0,6,미분류,0,0,0,미분류,미분류,0,미분류,미분류,미분류,0,0,버드내다리,1
"MULTIPOLYGON (((234311.2701 411920.120100001,234310.9401 411916.850099999,234307.9201 411918.0801,234308.3801 411921.2601,234311.2701 411920.120100001)))",교량,880,대전광역시 중구 ,36710076,18532,BRG0880000,미분류,철근콘크리트교,,미분류,미분류,3.2,미분류,1,미분류,0,0,3.26,0,3,0,0,미분류,미분류,0,0,0,미분류,0,0,0,미분류,미분류,0,미분류,미분류,미분류,0,0,,1
"MULTIPOLYGON (((234594.1101 412341.540100001,234584.2001 412328.710100001,234449.9701 412422.300100001,234457.1101 412433.9301,234594.1101 412341.540100001)))",교량,881,대전광역시 중구 ,36710076,20336,BRG0881000,미분류,강교,철도,미분류,미분류,165,철도,2,미분류,0,0,164.37,0,16.2,0,0,미분류,미분류,0,0,0,미분류,0,0,0,미분류,미분류,0,미분류,미분류,미분류,0,0,철도,1
"MULTIPOLYGON (((234560.5301 413558.8201,234559.5901 413550.7301,234556.4201 413551.1401,234557.5801 413559.2601,234560.5301 413558.8201)))",교량,882,대전광역시 중구 ,36710076,23157,BRG0882000,미분류,철근콘크리트교,,미분류,미분류,7.7,미분류,0,미분류,0,0,8.18,0,3.2,0,0,미분류,미분류,0,0,3.1,미분류,0,0,0,미분류,미분류,0,미분류,미분류,미분류,0,0,,1
"MULTIPOLYGON (((234596.9301 413757.710100001,234594.3301 413748.800100001,234591.2601 413749.5601,234593.8801 413758.6701,234596.9301 413757.710100001)))",교량,883,대전광역시 중구 ,36710076,23254,BRG0883000,미분류,철근콘크리트교,,미분류,미분류,8.9,미분류,0,미분류,0,0,9.4,0,3.2,0,0,미분류,미분류,0,0,3.19,미분류,0,0,0,미분류,미분류,0,미분류,미분류,미분류,0,0,,1
"MULTIPOLYGON (((234229.15 411058.0101,234332.72 410995.810000001,234334.13 410995.699999999,234336.22 410995.640000001,234337.56 410995.789999999,234338.68 410995.99,234339.36 410996.17,234341.55 410997.199999999,234342.8913 410997.0052,234322.2849 410964.8972,234321.9001 410968.050100001,234321.24 410970.8901,234320.7901 410971.960000001,234319.54 410973.960000001,234317.1401 410975.75,234216.1899 411036.2401,234214.66 411036.6502,234213.5702 411036.5601,234210.8635 411037.4286,234226.9281 411061.5496,234228.6301 411059.5801,234228.93 411058.5,234229.15 411058.0101)))",교량,884,대전광역시 중구 ,36710086,19496,BRG0884000,미분류,철근콘크리트교,사정교,미분류,미분류,131.33,일반도로,5,미분류,0,0,131.33,0,24.32,0,0,미분류,미분류,0,0,4,미분류,0,0,0,미분류,미분류,0,미분류,미분류,미분류,0,0,사정교,1
"MULTIPOLYGON (((235717.4501 410511.6601,235716.613 410508.6601,235692.6561 410517.932,235693.9501 410522.1801,235717.4501 410511.6601)))",교량,885,대전광역시 중구 ,36710086,19537,BRG0885000,미분류,철근콘크리트교,,미분류,미분류,25.78,일반도로,1,미분류,0,0,25.78,0,3.85,0,0,미분류,미분류,0,0,0,미분류,0,0,0,미분류,미분류,0,미분류,미분류,미분류,0,0,,1
"MULTIPOLYGON (((233885.558 409443.683,233884.8401 409437.77,233862.7001 409439.770099999,233863.525 409446.710000001,233864.405 409454.108100001,233864.4529 409454.5111,233865.043 409459.476,233865.75 409465.42,233887.86 409462.6302,233887.1921 409457.135,233886.585 409452.1371,233886.453 409451.049000001,233885.558 409443.683)))",교량,886,대전광역시 중구 ,36710086,13625,BRG0886000,미분류,철근콘크리트교,안영I.C램프2교,미분류,미분류,25.45,일반도로,4,미분류,0,0,25.45,0,22.21,0,0,미분류,미분류,0,0,0,미분류,0,0,0,미분류,미분류,0,미분류,미분류,미분류,0,0,안영I.C램프2교,1
"MULTIPOLYGON (((240333.1601 400268.549900001,240330.2301 400261.0099,240325.7001 400265.1899,240328.2301 400272.030099999,240333.1601 400268.549900001)))",교량,887,대전광역시 동구 ,36714028,52888,BRG0887000,미분류,철근콘크리트교,,미분류,미분류,6,하천,1,미분류,0,0,7.85,0,7,0,0,미분류,미분류,0,0,0,미분류,0,0,0,미분류,미분류,0,미분류,미분류,미분류,0,0,,1
"MULTIPOLYGON (((237778.2941 402200.614,237779.2381 402196.2721,237774.5181 402198.4991,237774.4241 402203.3091,237778.2941 402200.614)))",교량,888,대전광역시 중구 ,36714017,52193,BRG0888000,미분류,철근콘크리트교,,미분류,미분류,5.1,하천,1,미분류,0,0,4.79,0,4.3,0,0,미분류,미분류,0,0,0,미분류,0,0,0,미분류,미분류,0,미분류,미분류,미분류,0,0,,1
"MULTIPOLYGON (((237726.2061 402571.424900001,237723.7141 402569.720100001,237720.9861 402573.7859,237723.8021 402575.312899999,237726.2061 402571.424900001)))",교량,889,대전광역시 중구 ,36714017,52184,BRG0889000,미분류,철근콘크리트교,,미분류,미분류,4.7,하천,1,미분류,0,0,3.02,0,3.1,0,0,미분류,미분류,0,0,0,미분류,0,0,0,미분류,미분류,0,미분류,미분류,미분류,0,0,,1
"MULTIPOLYGON (((237513.8311 402761.5359,237500.6941 402753.678099999,237498.2611 402757.3081,237511.0491 402765.3719,237513.8311 402761.5359)))",교량,890,대전광역시 중구 ,36714017,52920,BRG0890000,미분류,철근콘크리트교,단재로,미분류,미분류,15,하천,1,미분류,0,0,15.04,0,5,0,0,미분류,미분류,0,0,0,미분류,0,0,0,미분류,미분류,0,미분류,미분류,미분류,0,0,단재로,1
"MULTIPOLYGON (((237452.1511 402100.252,237446.6691 402096.7491,237442.0201 402104.559900001,237447.8091 402108.316099999,237452.1511 402100.252)))",교량,891,대전광역시 중구 ,36714017,17930,BRG0891000,미분류,철근콘크리트교,,미분류,미분류,7,하천,2,미분류,0,0,6.62,0,9,0,0,미분류,미분류,0,0,0,미분류,0,0,0,미분류,미분류,0,미분류,미분류,미분류,0,0,,1
"MULTIPOLYGON (((238758.5901 402710.379899999,238754.4101 402709.0901,238754.0101 402712.100099999,238757.7901 402713.270099999,238758.5901 402710.379899999)))",교량,892,대전광역시 동구 ,36714018,51228,BRG0892000,미분류,철근콘크리트교,,미분류,미분류,4.5,하천,1,미분류,0,0,4.44,0,3,0,0,미분류,미분류,0,0,0,미분류,0,0,0,미분류,미분류,0,미분류,미분류,미분류,0,0,,1
"MULTIPOLYGON (((239454.0301 401499.199999999,239450.7801 401488.549900001,239444.6101 401493.030099999,239447.2801 401503.8599,239454.0301 401499.199999999)))",교량,893,대전광역시 동구 ,36714018,52909,BRG0893000,미분류,철근콘크리트교,먹티교,미분류,미분류,10,하천,1,미분류,0,0,11.12,0,6,0,0,미분류,미분류,0,0,0,미분류,0,0,0,미분류,미분류,0,미분류,미분류,미분류,0,0,먹티교,1
"MULTIPOLYGON (((239435.1711 401687.4231,239433.7471 401684.778100001,239426.4521 401689.213,239428.1161 401691.712099999,239435.1711 401687.4231)))",교량,894,대전광역시 동구 ,36714018,53279,BRG0894000,미분류,철근콘크리트교,,미분류,미분류,8.5,하천,1,미분류,0,0,8.54,0,3,0,0,미분류,미분류,0,0,0,미분류,0,0,0,미분류,미분류,0,미분류,미분류,미분류,0,0,,1
"MULTIPOLYGON (((239864.1461 402913.509099999,239862.2761 402908.1841,239842.1593 402916.578400001,239844.1076 402922.1424,239844.8311 402921.799900001,239864.1461 402913.509099999)))",교량,895,대전광역시 동구 ,36714018,53281,BRG0895000,미분류,철근콘크리트교,하소2교,미분류,미분류,18,하천,1,미분류,0,0,20.92,0,6,0,0,미분류,미분류,0,0,0,미분류,0,0,0,미분류,미분류,0,미분류,미분류,미분류,0,0,하소2교,1
"MULTIPOLYGON (((240280.6851 403089.1921,240276.2441 403084.3891,240272.1511 403087.5229,240276.2831 403093.0109,240280.6851 403089.1921)))",교량,896,대전광역시 동구 ,36714018,51263,BRG0896000,미분류,철근콘크리트교,,미분류,미분류,6.3,하천,1,미분류,0,0,6.67,0,5.8,0,0,미분류,미분류,0,0,0,미분류,0,0,0,미분류,미분류,0,미분류,미분류,미분류,0,0,,1
"MULTIPOLYGON (((239936.7701 403058.6798,239932.6101 403054.4899,239913.6017 403071.918,239917.3743 403076.9234,239936.7701 403058.6798)))",교량,897,대전광역시 동구 ,36714018,51238,BRG0897000,미분류,철근콘크리트교,절골교,미분류,미분류,21,하천,1,미분류,0,0,23.08,0,5,0,0,미분류,미분류,0,0,0,미분류,0,0,0,미분류,미분류,0,미분류,미분류,미분류,0,0,절골교,1
"MULTIPOLYGON (((239962.6801 403070.559900001,239956.9901 403066.6099,239953.7101 403069.7301,239960.0001 403073.6198,239962.6801 403070.559900001)))",교량,898,대전광역시 동구 ,36714018,51821,BRG0898000,미분류,철근콘크리트교,,미분류,미분류,7,하천,1,미분류,0,0,7.13,0,4,0,0,미분류,미분류,0,0,4.26,미분류,0,0,0,미분류,미분류,0,미분류,미분류,미분류,0,0,,1
"MULTIPOLYGON (((240084.4311 402829.171800001,240079.2071 402826.7139,240077.3851 402830.3828,240082.7041 402832.777100001,240084.4311 402829.171800001)))",교량,899,대전광역시 동구 ,36714018,7625,BRG0899000,미분류,철근콘크리트교,,미분류,미분류,5.8,하천,1,미분류,0,0,5.75,0,4.1,0,0,미분류,미분류,0,0,0,미분류,0,0,0,미분류,미분류,0,미분류,미분류,미분류,0,0,,1
"MULTIPOLYGON (((239560.1401 401405.8301,239559.0001 401398.699999999,239554.1501 401402.0901,239555.3601 401410.3401,239560.1401 401405.8301)))",교량,900,대전광역시 동구 ,36714018,51182,BRG0900000,미분류,철근콘크리트교,,미분류,미분류,8,하천,1,미분류,0,0,7.68,0,5.4,0,0,미분류,미분류,0,0,0,미분류,0,0,0,미분류,미분류,0,미분류,미분류,미분류,0,0,,1
"MULTIPOLYGON (((239593.5801 401256.4201,239592.4201 401243.449999999,239584.1401 401244.5099,239584.5701 401256.210100001,239593.5801 401256.4201)))",교량,901,대전광역시 동구 ,36714018,51206,BRG0901000,미분류,철근콘크리트교,,미분류,미분류,9,하천,1,미분류,0,0,8.76,0,12,0,0,미분류,미분류,0,0,0,미분류,0,0,0,미분류,미분류,0,미분류,미분류,미분류,0,0,,1
"MULTIPOLYGON (((239680.0901 402482.270099999,239677.7301 402476.6601,239667.5101 402484.1899,239669.9001 402490.379899999,239680.0901 402482.270099999)))",교량,902,대전광역시 동구 ,36714018,52981,BRG0902000,미분류,철근콘크리트교,,미분류,미분류,12.6,하천,1,미분류,0,0,12.81,0,6.2,0,0,미분류,미분류,0,0,0,미분류,0,0,0,미분류,미분류,0,미분류,미분류,미분류,0,0,,1
"MULTIPOLYGON (((239677.7401 401891.4899,239657.8301 401890.970100001,239662.1801 401905.7301,239682.1401 401906.949999999,239677.7401 401891.4899)))",교량,903,대전광역시 동구 ,36714018,17743,BRG0903000,미분류,철근콘크리트교,가목교,미분류,미분류,20,하천,2,미분류,0,0,15.42,0,20,0,0,미분류,미분류,0,0,0,미분류,0,0,0,미분류,미분류,0,미분류,미분류,미분류,0,0,가목교,1
"MULTIPOLYGON (((239714.7191 400907.7541,239714.6641 400905.4509,239710.8901 400910.121099999,239711.1171 400913.053099999,239710.5291 400920.600099999,239714.8851 400916.186100001,239715.1291 400913.054099999,239714.7191 400907.7541)))",교량,904,대전광역시 동구 ,36714018,51154,BRG0904000,미분류,철근콘크리트교,,미분류,미분류,10,하천,1,미분류,0,0,9.86,0,4,0,0,미분류,미분류,0,0,0,미분류,0,0,0,미분류,미분류,0,미분류,미분류,미분류,0,0,,1
"MULTIPOLYGON (((239909.0561 400686.9991,239905.0371 400686.790100001,239905.3241 400691.757099999,239909.3481 400692.0561,239909.0561 400686.9991)))",교량,905,대전광역시 동구 ,36714018,51161,BRG0905000,미분류,철근콘크리트교,,미분류,미분류,5,하천,1,미분류,0,0,5.04,0,4,0,0,미분류,미분류,0,0,0,미분류,0,0,0,미분류,미분류,0,미분류,미분류,미분류,0,0,,1
"MULTIPOLYGON (((240313.9101 400382.7499,240308.5401 400378.710100001,240305.6801 400382.299900001,240311.4001 400386.1501,240313.9101 400382.7499)))",교량,906,대전광역시 동구 ,36714018,322,BRG0906000,미분류,철근콘크리트교,,미분류,미분류,7,하천,0,미분류,0,0,6.77,0,4,0,0,미분류,미분류,0,0,0,미분류,0,0,0,미분류,미분류,0,미분류,미분류,미분류,0,0,,1
"MULTIPOLYGON (((240003.7521 400610.6899,240001.6831 400607.265900001,239997.5871 400609.793099999,239999.5071 400613.3081,240003.7521 400610.6899)))",교량,907,대전광역시 동구 ,36714018,52886,BRG0907000,미분류,철근콘크리트교,,미분류,미분류,5,하천,1,미분류,0,0,4.73,0,4,0,0,미분류,미분류,0,0,0,미분류,0,0,0,미분류,미분류,0,미분류,미분류,미분류,0,0,,1
"MULTIPOLYGON (((236770.4641 403900.1051,236770.0521 403899.632099999,236767.0171 403902.2838,236767.3581 403902.7301,236770.4641 403900.1051)))",교량,908,대전광역시 중구 ,36714007,48809,BRG0908000,인도교(Foot bridge),철근콘크리트교,,미분류,미분류,4,하천,1,미분류,0,0,4,0,2,0,0,미분류,미분류,0,0,0,미분류,0,0,0,미분류,미분류,0,미분류,미분류,미분류,0,0,,1
"MULTIPOLYGON (((236808.0901 403837.4001,236793.0201 403835.4001,236792.4701 403839.3599,236807.7701 403841.3901,236808.0901 403837.4001)))",교량,909,대전광역시 중구 ,36714007,51944,BRG0909000,미분류,철근콘크리트교,단재교,미분류,미분류,11,하천,1,미분류,0,0,15.31,0,6,0,0,미분류,미분류,0,0,0,미분류,0,0,0,미분류,미분류,0,미분류,미분류,미분류,0,0,단재교,1
"MULTIPOLYGON (((236954.9201 403900.4001,236951.5701 403895.460100001,236948.9901 403897.0099,236952.3201 403901.9101,236954.9201 403900.4001)))",교량,910,대전광역시 중구 ,36714007,51918,BRG0910000,미분류,철근콘크리트교,,미분류,미분류,6,하천,1,미분류,0,0,5.9,0,3,0,0,미분류,미분류,0,0,0,미분류,0,0,0,미분류,미분류,0,미분류,미분류,미분류,0,0,,1
"MULTIPOLYGON (((240110.9101 403233.6798,240105.6701 403228.059900001,240103.3901 403230.0099,240108.3401 403235.3301,240110.9101 403233.6798)))",교량,911,대전광역시 동구 ,36714008,51671,BRG0911000,미분류,철근콘크리트교,,미분류,미분류,7.5,하천,1,미분류,0,0,7.33,0,3,0,0,미분류,미분류,0,0,0,미분류,0,0,0,미분류,미분류,0,미분류,미분류,미분류,0,0,,1
"MULTIPOLYGON (((240093.3175 403212.410599999,240086.3301 403203.6899,240064.2251 403233.1362,240070.8698 403240.800000001,240093.3175 403212.410599999)))",교량,912,대전광역시 동구 ,36714008,17692,BRG0912000,미분류,철근콘크리트교,백자교,미분류,미분류,30,하천,2,미분류,0,0,33.01,0,11,0,0,미분류,미분류,0,0,2,미분류,0,0,0,미분류,미분류,0,미분류,미분류,미분류,0,0,백자교,1
"MULTIPOLYGON (((240310.6601 403860.642899999,240307.9891 403859.4571,240305.9141 403863.1379,240308.5061 403864.0351,240310.6601 403860.642899999)))",교량,913,대전광역시 동구 ,36714008,395,BRG0913000,미분류,철근콘크리트교,,미분류,미분류,4.1,하천,1,미분류,0,0,2.77,0,2.8,0,0,미분류,미분류,0,0,0,미분류,0,0,0,미분류,미분류,0,미분류,미분류,미분류,0,0,,1
"MULTIPOLYGON (((240176.7601 403531.280099999,240177.6001 403525.9899,240174.2401 403526.8401,240172.9101 403531.9399,240176.7601 403531.280099999)))",교량,914,대전광역시 동구 ,36714008,51678,BRG0914000,미분류,철근콘크리트교,,미분류,미분류,4,하천,1,미분류,0,0,3.63,0,5.3,0,0,미분류,미분류,0,0,0,미분류,0,0,0,미분류,미분류,0,미분류,미분류,미분류,0,0,,1
"MULTIPOLYGON (((240107.4701 403651.3599,240106.7741 403651.3389,240105.9721 403654.311100001,240107.2601 403654.350099999,240108.8371 403654.515900001,240109.5401 403651.5801,240107.4701 403651.3599)))",교량,915,대전광역시 동구 ,36714008,51658,BRG0915000,미분류,철근콘크리트교,,미분류,미분류,2.8,하천,1,미분류,0,0,2.79,0,3,0,0,미분류,미분류,0,0,0,미분류,0,0,0,미분류,미분류,0,미분류,미분류,미분류,0,0,,1
"MULTIPOLYGON (((239402.6341 401566.8511,239403.5993 401564.8518,239392.1209 401565.338400001,239390.8493 401567.1668,239402.6341 401566.8511)))",교량,916,대전광역시 동구 ,36714018,52899,BRG0916000,미분류,철근콘크리트교,,미분류,미분류,11.66,일반도로,0,미분류,0,0,11.66,0,2.05,0,0,미분류,미분류,0,0,0,미분류,0,0,0,미분류,미분류,0,미분류,미분류,미분류,0,0,,1
"MULTIPOLYGON (((239427.5733 401526.1634,239421.923 401522.2116,239420.9284 401523.470799999,239426.8266 401527.393200001,239427.5733 401526.1634)))",교량,917,대전광역시 동구 ,36714018,52897,BRG0917000,미분류,철근콘크리트교,,미분류,미분류,6.94,일반도로,0,미분류,0,0,6.94,0,1.47,0,0,미분류,미분류,0,0,0,미분류,0,0,0,미분류,미분류,0,미분류,미분류,미분류,0,0,,1
"MULTIPOLYGON (((240011.0478 403010.5414,240011.4935 403006.3156,240005.9744 403009.354,240005.6704 403013.3233,240011.0478 403010.5414)))",교량,918,대전광역시 동구 ,36714018,52932,BRG0918000,미분류,철근콘크리트교,,미분류,미분류,6.21,일반도로,0,미분류,0,0,6.21,0,4,0,0,미분류,미분류,0,0,0,미분류,0,0,0,미분류,미분류,0,미분류,미분류,미분류,0,0,,1
"MULTIPOLYGON (((240305.5417 400422.2552,240306.2318 400416.902100001,240301.7885 400419.1598,240301.3162 400424.470000001,240305.5417 400422.2552)))",교량,919,대전광역시 동구 ,36714018,52885,BRG0919000,미분류,철근콘크리트교,,미분류,미분류,4.79,일반도로,1,미분류,0,0,4.79,0,5.26,0,0,미분류,미분류,0,0,0,미분류,0,0,0,미분류,미분류,0,미분류,미분류,미분류,0,0,,1
"MULTIPOLYGON (((237067.0821 403627.379000001,237046.7263 403611.9618,237043.0916 403614.037599999,237063.2009 403629.3177,237067.0821 403627.379000001)))",교량,920,대전광역시 중구 ,36714007,18216,BRG0920000,미분류,철근콘크리트교,,미분류,미분류,25.28,일반도로,0,미분류,0,0,25.28,0,4.07,0,0,미분류,미분류,0,0,4.07,미분류,0,0,0,미분류,미분류,0,미분류,미분류,미분류,0,0,,1
"MULTIPOLYGON (((236119.5801 410013.460100001,236117.3201 410011.710100001,236112.5401 410019.0801,236115.0201 410020.6701,236119.5801 410013.460100001)))",교량,922,대전광역시 중구 ,36710087,7656,BRG0922000,미분류,철근콘크리트교,,미분류,미분류,8.5,미분류,1,미분류,0,0,8.89,0,2.9,0,0,미분류,미분류,0,0,0,미분류,0,0,0,미분류,미분류,0,미분류,미분류,미분류,0,0,,1
"MULTIPOLYGON (((236152.6001 410178.690099999,236159.1801 410175.690099999,236164.2301 410166.4301,236163.5601 410158.460100001,236159.2201 410152.7401,236155.8301 410151.4101,236151.2501 410151.2301,236150.5501 410148.860099999,236143.1401 410138.8301,236138.1601 410132.290100001,236136.1301 410133.800100001,236130.6601 410126.5101,236127.6801 410123.770099999,236123.9301 410123.0001,236119.7101 410122.860099999,236115.9701 410125.720100001,236114.8601 410129.880100001,236114.5101 410132.530099999,236117.2901 410132.9001,236117.6101 410130.4301,236118.4301 410127.360099999,236120.6201 410125.690099999,236123.6001 410125.790100001,236126.3601 410126.360099999,236128.5801 410128.4001,236137.5301 410140.290100001,236139.5701 410138.770099999,236140.9001 410140.5101,236148.0001 410150.130100001,236149.1301 410153.950099999,236155.2501 410154.190099999,236157.4601 410155.0601,236160.8401 410159.5001,236161.3701 410165.8301,236157.1701 410173.530099999,236151.8601 410175.950099999,236147.9701 410176.3301,236145.4301 410176.1801,236145.2701 410178.9801,236148.0301 410179.1401,236152.6001 410178.690099999)))",교량,923,대전광역시 중구 ,36710087,7896,BRG0923000,미분류,철근콘크리트교,,미분류,미분류,94.3,미분류,0,미분류,0,0,98.68,0,2.8,0,0,미분류,미분류,0,0,0,미분류,0,0,0,미분류,미분류,0,미분류,미분류,미분류,0,0,,1
"MULTIPOLYGON (((236483.7501 411261.3401,236480.3801 411261.3101,236480.0101 411262.380100001,236476.2301 411273.280099999,236475.5201 411275.3301,236478.5601 411276.3401,236479.2101 411274.470100001,236482.9501 411263.6501,236483.7501 411261.3401)))",교량,924,대전광역시 중구 ,36710087,7730,BRG0924000,미분류,철근콘크리트교,,미분류,미분류,15,미분류,0,미분류,0,0,15.27,0,3.2,0,0,미분류,미분류,0,0,3.25,미분류,0,0,0,미분류,미분류,0,미분류,미분류,미분류,0,0,,1
"MULTIPOLYGON (((236661.2001 411345.5601,236660.2001 411345.5601,236660.2501 411348.5801,236660.2901 411351.040100001,236660.4601 411354.550100001,236660.4901 411356.7401,236660.5201 411359.540100001,236661.8901 411359.5901,236661.5501 411356.6801,236661.5501 411356.6601,236661.4101 411354.0901,236661.2701 411348.5901,236661.2001 411345.5601)))",교량,925,대전광역시 중구 ,36710087,19358,BRG0925000,미분류,철근콘크리트교,,미분류,미분류,14,미분류,0,미분류,0,0,13.98,0,1,0,0,미분류,미분류,0,0,0,미분류,0,0,0,미분류,미분류,0,미분류,미분류,미분류,0,0,,1
"MULTIPOLYGON (((236723.3401 411338.8101,236723.3301 411338.7501,236721.5001 411339.0601,236721.5001 411339.0901,236721.7801 411340.780099999,236722.2501 411344.1501,236722.8901 411347.8101,236723.2901 411349.720100001,236723.3401 411349.950099999,236725.4601 411349.610099999,236725.4101 411349.270099999,236725.3301 411348.5601,236723.6301 411340.5101,236723.3401 411338.8101)))",교량,926,대전광역시 중구 ,36710087,19358,BRG0926000,미분류,철근콘크리트교,,미분류,미분류,11,미분류,0,미분류,0,0,11,0,2,0,0,미분류,미분류,0,0,2.22,미분류,0,0,0,미분류,미분류,0,미분류,미분류,미분류,0,0,,1
"MULTIPOLYGON (((236769.2301 411355.6501,236768.1301 411354.610099999,236767.9401 411354.8401,236767.8901 411354.880100001,236766.0101 411356.540100001,236763.6201 411358.520099999,236762.4301 411359.5101,236760.6501 411361.0001,236761.6101 411362.1501,236763.0701 411360.940099999,236764.5801 411359.6801,236766.9801 411357.690099999,236769.0201 411355.9001,236769.0301 411355.880100001,236769.2301 411355.6501)))",교량,927,대전광역시 중구 ,36710087,59334,BRG0927000,미분류,철근콘크리트교,,미분류,미분류,9.6,미분류,0,미분류,0,0,9.98,0,1.5,0,0,미분류,미분류,0,0,0,미분류,0,0,0,미분류,미분류,0,미분류,미분류,미분류,0,0,,1
"MULTIPOLYGON (((236261.3601 409944.8201,236252.3601 409938.850099999,236250.9401 409940.6601,236270.2301 409953.530099999,236281.4601 409960.5901,236287.7601 409964.8401,236289.0101 409963.0801,236280.8301 409957.4101,236261.3601 409944.8201)))",교량,928,대전광역시 중구 ,36710087,7919,BRG0928000,미분류,철근콘크리트교,,미분류,미분류,44,미분류,1,미분류,0,0,44.03,0,2.3,0,0,미분류,미분류,0,0,0,미분류,0,0,0,미분류,미분류,0,미분류,미분류,미분류,0,0,,1
"MULTIPOLYGON (((236001.6901 410020.550100001,235993.8001 410017.1401,235993.2701 410018.270099999,235997.5401 410020.0901,235993.4901 410031.050100001,236001.2201 410034.3401,236001.9201 410033.1601,235997.4001 410031.210100001,236001.6901 410020.550100001)))",교량,929,대전광역시 중구 ,36710087,7651,BRG0929000,미분류,철근콘크리트교,,미분류,미분류,12.9,미분류,1,미분류,0,0,25.18,0,4.2,0,0,미분류,미분류,0,0,0,미분류,0,0,0,미분류,미분류,0,미분류,미분류,미분류,0,0,,1
"MULTIPOLYGON (((235946.8901 410030.3301,235946.7801 410027.2501,235937.6601 410027.300100001,235937.6901 410030.3301,235946.8901 410030.3301)))",교량,930,대전광역시 중구 ,36710087,7651,BRG0930000,미분류,철근콘크리트교,,미분류,미분류,9.2,미분류,1,미분류,0,0,9.19,0,3,0,0,미분류,미분류,0,0,0,미분류,0,0,0,미분류,미분류,0,미분류,미분류,미분류,0,0,,1
"MULTIPOLYGON (((236075.4701 414274.380100001,236071.7101 414273.1801,236069.0401 414283.300100001,236071.0701 414284.0701,236072.5301 414284.5801,236078.1101 414286.600099999,236079.4201 414287.030099999,236079.5401 414287.0601,236079.7201 414287.110099999,236081.0501 414287.5001,236083.5601 414288.4101,236088.4501 414290.050100001,236089.3501 414290.360099999,236089.8901 414290.540100001,236091.4901 414291.0801,236092.4201 414291.4001,236095.6401 414280.850099999,236093.4801 414280.1601,236091.7601 414279.620100001,236087.9501 414278.3901,236086.6501 414277.970100001,236084.1001 414277.1501,236082.6501 414276.690099999,236081.7901 414276.4201,236080.3601 414275.940099999,236075.4701 414274.380100001)))",교량,931,대전광역시 중구 ,36710067,21267,BRG0931000,미분류,철근콘크리트교,철도,미분류,미분류,25.4,미분류,2,미분류,0,0,10.74,0,11,0,0,미분류,미분류,0,0,0,미분류,0,0,0,미분류,미분류,0,미분류,미분류,미분류,0,0,철도,1
"MULTIPOLYGON (((237616.1601 422434.8201,237613.4101 422430.8201,237608.7501 422433.720100001,237611.1501 422437.3201,237616.1601 422434.8201)))",교량,932,대전광역시 대덕구 ,36710047,116807,BRG0932000,미분류,철근콘크리트교,,미분류,미분류,5.6,미분류,1,미분류,0,0,5.52,0,4.3,0,0,미분류,미분류,0,0,0,미분류,0,0,0,미분류,미분류,0,미분류,미분류,미분류,0,0,,1
"MULTIPOLYGON (((237615.5601 422450.280099999,237605.3601 422434.1801,237588.0101 422445.790100001,237596.8901 422460.290100001,237615.5601 422450.280099999)))",교량,933,대전광역시 대덕구 ,36710047,116807,BRG0933000,미분류,철근콘크리트교,철도,미분류,미분류,21.2,미분류,1,미분류,0,0,17.84,0,17,0,0,미분류,미분류,0,0,0,미분류,0,0,0,미분류,미분류,0,미분류,미분류,미분류,0,0,철도,1
"MULTIPOLYGON (((237171.9401 420821.860099999,237166.4701 420819.130100001,237157.0201 420840.190099999,237155.2301 420844.9001,237143.8701 420874.700099999,237134.2201 420904.020099999,237126.9401 420929.790100001,237120.4901 420957.1501,237115.7201 420981.0901,237111.3301 421009.3201,237108.5901 421032.600099999,237106.9201 421052.5101,237105.8201 421075.9301,237105.0001 421098.350099999,237104.9701 421122.300100001,237105.6201 421150.280099999,237106.6601 421170.520099999,237107.6601 421189.8201,237118.1401 421367.370100001,237120.4501 421399.5901,237121.4201 421413.1401,237127.5401 421412.700099999,237126.7001 421399.620100001,237119.9301 421294.6601,237115.9501 421228.9801,237112.7001 421170.550100001,237112.4401 421165.9101,237110.9601 421123.600099999,237110.9801 421098.3401,237111.3801 421078.0701,237112.6901 421055.460100001,237114.6101 421032.3401,237117.7201 421006.2301,237120.8701 420985.4201,237128.7701 420947.720100001,237135.4801 420922.300100001,237141.6301 420901.530099999,237151.1201 420873.0901,237161.0001 420847.4201,237162.0701 420844.9301,237171.9401 420821.860099999)))",교량,934,대전광역시 대덕구 ,36710047,117249,BRG0934000,미분류,철근콘크리트교,철도,미분류,미분류,600,미분류,1,미분류,0,0,603.39,0,6.1,0,0,미분류,미분류,0,0,0,미분류,0,0,0,미분류,미분류,0,미분류,미분류,미분류,0,0,철도,1
"MULTIPOLYGON (((236848.2861 422196.6841,236851.2961 422196.5441,236850.3261 422189.9541,236847.2961 422190.074100001,236847.3661 422190.4541,236848.2861 422196.6841)))",교량,935,대전광역시 대덕구 ,36710047,117071,BRG0935000,미분류,철근콘크리트교,,미분류,미분류,6.7,미분류,1,미분류,0,0,6.67,0,3,0,0,미분류,미분류,0,0,3.02,미분류,0,0,0,미분류,미분류,0,미분류,미분류,미분류,0,0,,1
"MULTIPOLYGON (((236638.6481 421338.4921,236630.0281 421338.141100001,236629.5771 421358.0221,236637.6771 421358.2721,236638.6481 421338.4921)))",교량,936,대전광역시 유성구 ,36710047,10622,BRG0936000,미분류,철근콘크리트교,,미분류,미분류,19.8,미분류,1,미분류,0,0,19.83,0,8.1,0,0,미분류,미분류,0,0,0,미분류,0,0,0,미분류,미분류,0,미분류,미분류,미분류,0,0,,1
"MULTIPOLYGON (((237013.9331 421669.667099999,237012.8331 421662.417099999,237009.5731 421663.027100001,237010.6131 421670.2371,237013.9331 421669.667099999)))",교량,937,대전광역시 대덕구 ,36710047,39980,BRG0937000,미분류,철근콘크리트교,,미분류,미분류,7.3,미분류,1,미분류,0,0,7.33,0,3.3,0,0,미분류,미분류,0,0,3.35,미분류,0,0,0,미분류,미분류,0,미분류,미분류,미분류,0,0,,1
"MULTIPOLYGON (((236999.7461 421372.177100001,236999.5971 421366.3871,236996.0071 421366.6171,236996.1961 421372.4471,236999.7461 421372.177100001)))",교량,938,대전광역시 대덕구 ,36710047,39979,BRG0938000,미분류,철근콘크리트교,,미분류,미분류,5.8,미분류,0,미분류,0,0,5.75,0,3.6,0,0,미분류,미분류,0,0,3.53,미분류,0,0,0,미분류,미분류,0,미분류,미분류,미분류,0,0,,1
"MULTIPOLYGON (((236996.9881 421219.997099999,237000.1281 421218.3071,236999.8981 421214.837099999,236996.8581 421216.2271,236996.9881 421219.997099999)))",교량,939,대전광역시 대덕구 ,36710047,39981,BRG0939000,미분류,철근콘크리트교,,미분류,미분류,3.5,미분류,1,미분류,0,0,3.6,0,3.1,0,0,미분류,미분류,0,0,3.38,미분류,0,0,0,미분류,미분류,0,미분류,미분류,미분류,0,0,,1
"MULTIPOLYGON (((236799.3261 421420.255100001,236796.3261 421420.235099999,236796.0661 421428.1351,236799.0661 421428.2151,236799.3261 421420.255100001)))",교량,940,대전광역시 대덕구 ,36710047,117004,BRG0940000,미분류,철근콘크리트교,,미분류,미분류,8,미분류,1,미분류,0,0,7.94,0,3,0,0,미분류,미분류,0,0,2.98,미분류,0,0,0,미분류,미분류,0,미분류,미분류,미분류,0,0,,1
"MULTIPOLYGON (((236798.9751 421442.745100001,236795.6751 421442.9551,236795.7351 421444.315099999,236799.0051 421444.0551,236798.9751 421442.745100001)))",교량,941,대전광역시 대덕구 ,36710047,117003,BRG0941000,미분류,철근콘크리트교,,미분류,미분류,1.3,미분류,1,미분류,0,0,1.34,0,3.3,0,0,미분류,미분류,0,0,3.28,미분류,0,0,0,미분류,미분류,0,미분류,미분류,미분류,0,0,,1
"MULTIPOLYGON (((236804.9191 421107.7751,236804.9401 421097.9451,236801.9501 421097.5251,236801.9191 421107.5151,236804.9191 421107.7751)))",교량,942,대전광역시 대덕구 ,36710047,108921,BRG0942000,미분류,철근콘크리트교,,미분류,미분류,9.8,미분류,1,미분류,0,0,9.91,0,3,0,0,미분류,미분류,0,0,3.03,미분류,0,0,0,미분류,미분류,0,미분류,미분류,미분류,0,0,,1
"MULTIPOLYGON (((236800.7191 421172.876499999,236803.7191 421172.915100001,236803.7191 421169.225099999,236803.7223 421168.975,236800.7227 421168.935000001,236800.7191 421169.2151,236800.7191 421172.876499999)))",교량,943,대전광역시 대덕구 ,36710047,117001,BRG0943000,미분류,철근콘크리트교,,미분류,미분류,3.9,미분류,1,미분류,0,0,3.92,0,3,0,0,미분류,미분류,0,0,2.98,미분류,0,0,0,미분류,미분류,0,미분류,미분류,미분류,0,0,,1
"MULTIPOLYGON (((237195.1401 420833.9301,237189.5201 420831.5701,237185.2601 420845.030099999,237176.2801 420873.370100001,237171.1201 420892.720100001,237166.4001 420913.1601,237163.1201 420929.4201,237160.5201 420946.130100001,237157.8901 420964.860099999,237156.4901 420976.550100001,237155.4401 420987.300100001,237154.5901 420998.960100001,237153.2601 421021.2301,237152.5201 421044.8201,237152.6201 421080.780099999,237153.7201 421120.690099999,237154.6901 421170.7301,237155.2001 421197.220100001,237157.9801 421299.030099999,237158.8501 421340.800100001,237164.9601 421340.6701,237162.5301 421229.4301,237160.9201 421173.280099999,237160.8601 421170.7601,237159.7401 421120.380100001,237158.8101 421079.8901,237158.7101 421049.800100001,237159.1401 421027.0901,237160.4301 421001.0001,237162.1601 420978.5601,237164.8401 420955.4901,237168.6301 420932.790100001,237176.0501 420897.5601,237181.0701 420878.8101,237187.3501 420857.4801,237191.4601 420845.050100001,237195.1401 420833.9301)))",교량,944,대전광역시 대덕구 ,36710047,117254,BRG0944000,미분류,철근콘크리트교,철도,미분류,미분류,513.5,미분류,0,미분류,0,0,511.73,0,6.1,0,0,미분류,미분류,0,0,0,미분류,0,0,0,미분류,미분류,0,미분류,미분류,미분류,0,0,철도,1
"MULTIPOLYGON (((237526.5001 422281.9001,237519.9501 422269.9901,237517.7801 422281.870100001,237514.4001 422300.210100001,237511.6901 422318.100099999,237508.6501 422336.1501,237542.5401 422369.720100001,237545.9101 422343.1801,237550.0801 422318.4301,237526.5001 422281.9001)))",교량,945,대전광역시 대덕구 ,36710047,13824,BRG0945000,미분류,철근콘크리트교,신대철교,미분류,미분류,51.8,미분류,4,미분류,0,0,59.98,0,37.8,0,0,미분류,미분류,0,0,0,미분류,0,0,0,미분류,미분류,0,미분류,미분류,미분류,0,0,신대철교,1
"MULTIPOLYGON (((236048.0201 414451.439999999,236021.0701 414442.73,236019.5319 414447.146,236012.279 414467.965600001,236010.33 414473.5601,236038.5301 414482.9301,236040.132 414477.614499999,236046.4334 414456.7053,236048.0201 414451.439999999)))",교량,946,대전광역시 중구 ,36710067,27867,BRG0946000,미분류,강교,철도,미분류,미분류,32.48,철도,3,미분류,0,0,32.48,0,28.53,0,0,미분류,미분류,0,0,0,미분류,0,0,0,미분류,미분류,0,미분류,미분류,미분류,0,0,철도,1
"MULTIPOLYGON (((237998.955 423184.139,237999.416 423175.415100001,238002.58 423175.596100001,238002.727 423175.5711,238004.601 423160.6141,238007.727 423143.073000001,238011.059 423128.816099999,238015.6131 423110.2831,238020.7701 423089.471999999,238023.8121 423076.0602,238025.165 423066.755999999,238025.9311 423059.1601,238026.4821 423050.3181,238026.504 423042.421,238026.2271 423035.880999999,238025.434 423027.447000001,238023.75 423016.926000001,237990.312 423022.630100001,237991.173 423029.115,237992.086 423042.019099999,237991.9671 423053.433,237991.0171 423065.02,237989.2172 423075.1721,237986.4201 423087.732000001,237982.5151 423103.992000001,237978.576 423120.294,237974.7851 423135.369100001,237971.9311 423150.348200001,237970.795 423157.734099999,237969.112 423172.689999999,237969.1111 423173.097999999,237969.2791 423173.304099999,237972.855 423173.668,237972.459 423187.8561,237972.5181 423204.747,237973.327 423217.516100001,237974.467 423227.575200001,237976.3561 423240.9981,237979.007 423254.5381,237981.68 423265.2881,237985.6531 423278.234099999,237991.4601 423294.325099999,237999.3311 423315.733999999,238001.257 423320.5801,238013.8951 423351.3039,238031.8541 423397.4888,238053.7017 423452.996300001,238056.893 423451.847100001,238068.0216 423481.2936,238086.6393 423474.184699999,238074.6703 423442.6195,238077.0125 423441.3609,238051.1822 423373.7805,238030.0531 423321.411900001,238025.3931 423308.619100001,238017.445 423288.097100001,238012.7291 423276.198000001,238008.989 423264.136,238006.454 423255.313100001,238004.0961 423244.5341,238001.9931 423233.096999999,238000.7161 423224.134,237999.567 423214.1731,237999.2029 423204.917099999,237998.8541 423194.083000001,237998.955 423184.139)))",교량,947,대전광역시 대덕구 ,36710037,15916,BRG0947000,미분류,철근콘크리트교,회덕과선교,미분류,미분류,306.08,일반도로,6,미분류,0,0,306.08,0,34.29,0,0,미분류,미분류,0,0,8,미분류,0,0,0,미분류,미분류,0,미분류,미분류,미분류,0,0,회덕과선교,1
"MULTIPOLYGON (((234126.8021 412652.564099999,234121.9202 412603.8201,234115.12 412604.91,234117.6401 412632.360099999,234120.117 412653.9221,234126.8021 412652.564099999)))",교량,948,대전광역시 서구 ,36710076,62841,BRG0948000,미분류,철근콘크리트교,대신교,미분류,미분류,49.13,일반도로,0,미분류,0,0,49.13,0,7.12,0,0,미분류,미분류,0,0,7.12,미분류,0,0,0,미분류,미분류,0,미분류,미분류,미분류,0,0,대신교,1
"MULTIPOLYGON (((234825.4993 408045.1523,234815.3591 408032.878,234812.0761 408035.316099999,234823.2388 408048.8126,234844.0878 408074.020500001,234844.0879 408074.020500001,234889.7301 408129.205,234898.2481 408134.7271,234916.5871 408130.229,234918.4601 408123.093,234917.363 408123.369100001,234898.712 408128.069,234891.8201 408125.4301,234849.366 408074.0416,234849.366 408074.0416,234825.4993 408045.1523)))",교량,949,대전광역시 중구 ,36710096,61968,BRG0949000,미분류,철근콘크리트교,,미분류,미분류,138.3,하천,1,미분류,0,0,149.13,0,4,0,0,미분류,미분류,0,0,0,미분류,0,0,0,미분류,미분류,0,미분류,미분류,미분류,0,0,,1
"MULTIPOLYGON (((227251.0001 410899.8201,227248.8701 410897.720100001,227245.3801 410902.110099999,227247.2601 410904.0901,227251.0001 410899.8201)))",교량,950,대전광역시 유성구 ,36710083,101625,BRG0950000,미분류,철근콘크리트교,,미분류,미분류,6,하천,1,미분류,0,0,5.64,0,3,0,0,미분류,미분류,0,0,0,미분류,0,0,0,미분류,미분류,0,미분류,미분류,미분류,0,0,,1
"MULTIPOLYGON (((227104.3001 410807.01,227101.4701 410805.8301,227099.7901 410810.4901,227102.2501 410811.7401,227104.3001 410807.01)))",교량,951,대전광역시 유성구 ,36710083,101629,BRG0951000,미분류,철근콘크리트교,,미분류,미분류,5,하천,1,미분류,0,0,5.09,0,3,0,0,미분류,미분류,0,0,0,미분류,0,0,0,미분류,미분류,0,미분류,미분류,미분류,0,0,,1
"MULTIPOLYGON (((227272.1201 411026.530099999,227268.4401 411025.949999999,227267.7401 411028.449999999,227271.5701 411029.4001,227272.1201 411026.530099999)))",교량,952,대전광역시 유성구 ,36710083,101617,BRG0952000,미분류,철근콘크리트교,,미분류,미분류,4,하천,1,미분류,0,0,2.45,0,3,0,0,미분류,미분류,0,0,0,미분류,0,0,0,미분류,미분류,0,미분류,미분류,미분류,0,0,,1
"MULTIPOLYGON (((228715.2311 410580.9901,228726.6601 410611.020099999,228749.9701 410598.050100001,228779.7511 410581.461100001,228834.3823 410551.087099999,228824.6933 410520.3616,228779.8691 410545.211100001,228715.2311 410580.9901)))",교량,953,대전광역시 유성구 ,36710083,13758,BRG0953000,미분류,철근콘크리트교,원내교,미분류,미분류,123.3,미분류,6,미분류,0,0,126.55,0,31.8,0,0,미분류,미분류,0,0,0,미분류,0,0,0,미분류,미분류,0,미분류,미분류,미분류,0,0,원내교,1
"MULTIPOLYGON (((228347.5001 410603.6401,228345.3401 410603.300100001,228346.1701 410607.4001,228348.5601 410607.470100001,228347.5001 410603.6401)))",교량,954,대전광역시 유성구 ,36710083,99523,BRG0954000,미분류,철근콘크리트교,,미분류,미분류,4,미분류,1,미분류,0,0,4.02,0,2.3,0,0,미분류,미분류,0,0,0,미분류,0,0,0,미분류,미분류,0,미분류,미분류,미분류,0,0,,1
"MULTIPOLYGON (((228399.6301 410737.5001,228409.4501 410709.210100001,228379.3601 410711.0101,228369.3101 410739.460100001,228399.6301 410737.5001)))",교량,955,대전광역시 유성구 ,36710083,13746,BRG0955000,미분류,철근콘크리트교,,미분류,미분류,29.9,미분류,1,미분류,0,0,3.4,0,27.8,0,0,미분류,미분류,0,0,0,미분류,0,0,0,미분류,미분류,0,미분류,미분류,미분류,0,0,,1
"MULTIPOLYGON (((228724.1225 410181.155400001,228774.0821 410181.311100001,228774.0831 410166.311100001,228724.1236 410166.2805,228724.1225 410181.155400001)))",교량,956,대전광역시 서구 ,36710083,13741,BRG0956000,미분류,철근콘크리트교,서대전IC2교,미분류,미분류,50,미분류,1,미분류,0,0,49.34,0,15,0,0,미분류,미분류,0,0,0,미분류,0,0,0,미분류,미분류,0,미분류,미분류,미분류,0,0,서대전IC2교,1
"MULTIPOLYGON (((227746.9401 409439.1501,227594.0101 409342.1401,227589.3601 409350.1701,227741.4301 409447.4201,227746.9401 409439.1501)))",교량,957,대전광역시 유성구 ,36710083,100355,BRG0957000,미분류,철근콘크리트교,방동대교,미분류,미분류,200,미분류,1,미분류,0,0,180.48,0,9.5,0,0,미분류,미분류,0,0,0,미분류,0,0,0,미분류,미분류,0,미분류,미분류,미분류,0,0,방동대교,1
"MULTIPOLYGON (((227761.6133 409485.102600001,227585.4101 409371.8901,227570.7201 409393.600099999,227745.6878 409506.456900001,227761.6133 409485.102600001)))",교량,958,대전광역시 유성구 ,36710083,15564,BRG0958000,미분류,철근콘크리트교,방동대교,미분류,미분류,200,미분류,4,DB24,43.2,11,200.96,4,27,0,50,강박스형교,미분류,0,22,5,미분류,0,0,0,마게바(Mageba)죠인트,라멘식,0,미분류,역 T형,미분류,0,0,방동대교,1
"MULTIPOLYGON (((228858.6401 409792.040100001,228858.4301 409791.290100001,228856.8201 409791.7401,228856.9901 409792.5001,228858.6401 409792.040100001)))",교량,959,대전광역시 서구 ,36710083,101453,BRG0959000,미분류,철근콘크리트교,,미분류,미분류,1.7,미분류,0,미분류,0,0,1.67,0,0.8,0,0,미분류,미분류,0,0,0,미분류,0,0,0,미분류,미분류,0,미분류,미분류,미분류,0,0,,1
"MULTIPOLYGON (((228456.2601 409773.5701,228413.7401 409766.190099999,228433.3301 409822.4101,228475.0801 409831.280099999,228456.2601 409773.5701)))",교량,960,대전광역시 서구 ,36710083,13755,BRG0960000,미분류,철근콘크리트교,한천육교,미분류,미분류,60.7,미분류,6,미분류,0,0,60.39,0,36.9,0,0,미분류,미분류,0,0,0,미분류,0,0,0,미분류,미분류,0,미분류,미분류,미분류,0,0,한천육교,1
"MULTIPOLYGON (((228742.3801 409890.9801,228739.3301 409889.300100001,228738.6301 409890.600099999,228741.7601 409892.2501,228742.3801 409890.9801)))",교량,961,대전광역시 서구 ,36710083,101444,BRG0961000,미분류,철근콘크리트교,,미분류,미분류,1.4,미분류,0,미분류,0,0,1.49,0,3.5,0,0,미분류,미분류,0,0,0,미분류,0,0,0,미분류,미분류,0,미분류,미분류,미분류,0,0,,1
"MULTIPOLYGON (((229559.7301 410340.440099999,229559.5501 410338.8101,229552.7401 410340.030099999,229552.7401 410341.940099999,229559.7301 410340.440099999)))",교량,963,대전광역시 서구 ,36710084,104220,BRG0963000,미분류,철근콘크리트교,,미분류,미분류,6.9,미분류,1,미분류,0,0,6.97,0,1.6,0,0,미분류,미분류,0,0,0,미분류,0,0,0,미분류,미분류,0,미분류,미분류,미분류,0,0,,1
"MULTIPOLYGON (((229536.6801 410276.7501,229532.6701 410273.550100001,229531.4401 410279.690099999,229535.5001 410283.3901,229536.6101 410278.6401,229536.6801 410276.7501)))",교량,964,대전광역시 서구 ,36710084,104305,BRG0964000,미분류,철근콘크리트교,,미분류,미분류,6.3,미분류,1,미분류,0,0,6.07,0,4.8,0,0,미분류,미분류,0,0,0,미분류,0,0,0,미분류,미분류,0,미분류,미분류,미분류,0,0,,1
"MULTIPOLYGON (((229722.7001 410474.5701,229706.3901 410447.020099999,229680.0901 410447.0601,229660.6401 410447.0801,229676.6901 410474.610099999,229679.1001 410474.610099999,229722.7001 410474.5701)))",교량,965,대전광역시 서구 ,36710084,13688,BRG0965000,미분류,철근콘크리트교,관저1교,미분류,미분류,46,미분류,6,미분류,0,0,46.3,0,27.5,0,0,미분류,미분류,0,0,0,미분류,0,0,0,미분류,미분류,0,미분류,미분류,미분류,0,0,관저1교,1
"MULTIPOLYGON (((229740.8701 410488.600099999,229735.9701 410481.6401,229726.6101 410484.4901,229723.6501 410485.3901,229720.1301 410486.460100001,229704.0201 410492.370100001,229700.0301 410494.0701,229694.6101 410496.370100001,229699.7101 410503.2501,229710.4001 410498.5601,229724.7201 410493.4801,229729.5501 410491.970100001,229732.8701 410490.9301,229738.0601 410489.300100001,229740.8701 410488.600099999)))",교량,966,대전광역시 서구 ,36710084,13673,BRG0966000,미분류,철근콘크리트교,서대전IC교,미분류,미분류,43.9,미분류,2,미분류,0,0,44.44,0,7.9,0,0,미분류,미분류,0,0,0,미분류,0,0,0,미분류,미분류,0,미분류,미분류,미분류,0,0,서대전IC교,1
"MULTIPOLYGON (((229433.8901 410478.8201,229424.8901 410451.3401,229394.9401 410451.4101,229403.8401 410478.790100001,229433.8901 410478.8201)))",교량,967,대전광역시 서구 ,36710084,13770,BRG0967000,미분류,철근콘크리트교,,미분류,미분류,30,미분류,6,미분류,0,0,30.83,0,27.4,0,0,미분류,미분류,0,0,0,미분류,0,0,0,미분류,미분류,0,미분류,미분류,미분류,0,0,,1
"MULTIPOLYGON (((229892.313 410760.202,229891.5451 410756.788000001,229885.7181 410758.2051,229882.803 410758.9131,229871.2601 410761.720100001,229872.296 410765.6971,229883.632 410762.584899999,229886.5302 410761.789000001,229892.313 410760.202)))",교량,968,대전광역시 서구 ,36710084,104203,BRG0968000,미분류,철근콘크리트교,,미분류,미분류,14.5,미분류,6,미분류,0,0,20.99,0,3.7,0,0,미분류,미분류,0,0,0,미분류,0,0,0,미분류,미분류,0,미분류,미분류,미분류,0,0,,1
"MULTIPOLYGON (((229226.5291 410025.4801,229229.8621 410024.721100001,229229.2541 410019.7611,229225.9361 410020.130100001,229226.5291 410025.4801)))",교량,969,대전광역시 서구 ,36710084,100449,BRG0969000,미분류,철근콘크리트교,,미분류,미분류,5,미분류,1,미분류,0,0,4.93,0,3.3,0,0,미분류,미분류,0,0,0,미분류,0,0,0,미분류,미분류,0,미분류,미분류,미분류,0,0,,1
"MULTIPOLYGON (((230644.3833 410450.7223,230641.0891 410463.1241,230671.1402 410460.1877,230674.5161 410447.7971,230644.3833 410450.7223)))",교량,970,대전광역시 서구 ,36710084,13676,BRG0970000,미분류,철근콘크리트교,관저3교,미분류,미분류,30.2,미분류,1,미분류,0,0,30.63,0,12,0,0,미분류,미분류,0,0,0,미분류,0,0,0,미분류,미분류,0,미분류,미분류,미분류,0,0,관저3교,1
"MULTIPOLYGON (((229948.5351 410450.700099999,229932.4013 410478.116800001,229956.6561 410477.757099999,229973.1131 410450.665100001,229948.5351 410450.700099999)))",교량,971,대전광역시 서구 ,36710084,13689,BRG0971000,미분류,철근콘크리트교,관저2교,미분류,미분류,23.9,미분류,6,미분류,0,0,24.26,0,26.9,0,0,미분류,미분류,0,0,0,미분류,0,0,0,미분류,미분류,0,미분류,미분류,미분류,0,0,관저2교,1
"MULTIPOLYGON (((230651.308 410424.5953,230648.5141 410437.175100001,230678.7109 410433.099400001,230681.405 410420.3423,230651.308 410424.5953)))",교량,972,대전광역시 서구 ,36710084,13666,BRG0972000,미분류,철근콘크리트교,관저3교,미분류,미분류,30.5,미분류,1,미분류,0,0,29.77,0,12.3,0,0,미분류,미분류,0,0,0,미분류,0,0,0,미분류,미분류,0,미분류,미분류,미분류,0,0,관저3교,1
"MULTIPOLYGON (((227941.5405 411734.8715,227940.4099 411729.8817,227937.3236 411730.588199999,227938.5186 411735.482100001,227941.5405 411734.8715)))",교량,973,대전광역시 유성구 ,36710073,102819,BRG0973000,미분류,철근콘크리트교,,미분류,미분류,5,미분류,1,미분류,0,0,4.9,0,2.6,0,0,미분류,미분류,0,0,0,미분류,0,0,0,미분류,미분류,0,미분류,미분류,미분류,0,0,,1
"MULTIPOLYGON (((228216.9101 412420.0701,228214.8401 412417.8301,228207.6201 412422.1401,228209.1801 412424.800100001,228216.9101 412420.0701)))",교량,975,대전광역시 유성구 ,36710073,93870,BRG0975000,미분류,철근콘크리트교,,미분류,미분류,9.1,하천,1,미분류,0,0,8.07,0,3.1,0,0,미분류,미분류,0,0,0,미분류,0,0,0,미분류,미분류,0,미분류,미분류,미분류,0,0,,1
"MULTIPOLYGON (((228504.4522 413087.5165,228469.5401 413070.270099999,228457.7201 413098.8901,228493.6787 413116.4098,228504.4522 413087.5165)))",교량,977,대전광역시 유성구 ,36710073,30766,BRG0977000,미분류,철근콘크리트교,한우물교,미분류,미분류,31,하천,6,미분류,0,0,36.7,0,31,0,0,미분류,미분류,0,0,5.94,미분류,0,0,0,미분류,미분류,0,미분류,미분류,미분류,0,0,한우물교,1
"MULTIPOLYGON (((228290.5001 413100.270099999,228281.9001 413097.200099999,228281.0401 413103.3401,228289.5201 413106.880100001,228290.5001 413100.270099999)))",교량,978,대전광역시 유성구 ,36710073,93905,BRG0978000,미분류,철근콘크리트교,,미분류,미분류,6.2,미분류,2,미분류,0,0,7.74,0,9,0,0,미분류,미분류,0,0,0,미분류,0,0,0,미분류,미분류,0,미분류,미분류,미분류,0,0,,1
"MULTIPOLYGON (((228120.4501 412976.1501,228115.9501 412972.4201,228113.1201 412976.0101,228117.5501 412979.860099999,228120.4501 412976.1501)))",교량,979,대전광역시 유성구 ,36710073,93933,BRG0979000,미분류,철근콘크리트교,,미분류,미분류,4.6,미분류,1,미분류,0,0,4.96,0,5.9,0,0,미분류,미분류,0,0,0,미분류,0,0,0,미분류,미분류,0,미분류,미분류,미분류,0,0,,1
"MULTIPOLYGON (((228020.8501 412014.970100001,228020.5601 412013.600099999,228016.4401 412014.710100001,228016.7601 412016.0701,228020.8501 412014.970100001)))",교량,980,대전광역시 유성구 ,36710073,56756,BRG0980000,미분류,철근콘크리트교,,미분류,미분류,4.2,미분류,1,미분류,0,0,4.77,0,1.4,0,0,미분류,미분류,0,0,0,미분류,0,0,0,미분류,미분류,0,미분류,미분류,미분류,0,0,,1
"MULTIPOLYGON (((228010.7301 411974.350099999,228009.8101 411971.050100001,228005.5501 411972.3901,228006.4301 411975.6601,228010.7301 411974.350099999)))",교량,981,대전광역시 유성구 ,36710073,56756,BRG0981000,미분류,철근콘크리트교,,미분류,미분류,4.5,미분류,1,미분류,0,0,4.63,0,3.4,0,0,미분류,미분류,0,0,0,미분류,0,0,0,미분류,미분류,0,미분류,미분류,미분류,0,0,,1
"MULTIPOLYGON (((228058.0101 412147.2401,228057.5601 412145.770099999,228053.7501 412146.950099999,228054.1201 412148.470100001,228058.0101 412147.2401)))",교량,982,대전광역시 유성구 ,36710073,105330,BRG0982000,미분류,철근콘크리트교,,미분류,미분류,4.1,미분류,1,미분류,0,0,4.24,0,1.5,0,0,미분류,미분류,0,0,0,미분류,0,0,0,미분류,미분류,0,미분류,미분류,미분류,0,0,,1
"MULTIPOLYGON (((228087.5401 412212.690099999,228086.7301 412211.4001,228083.1101 412213.610099999,228083.8501 412214.940099999,228087.5401 412212.690099999)))",교량,983,대전광역시 유성구 ,36710073,4690,BRG0983000,미분류,철근콘크리트교,,미분류,미분류,4.3,미분류,1,미분류,0,0,4.37,0,1.5,0,0,미분류,미분류,0,0,0,미분류,0,0,0,미분류,미분류,0,미분류,미분류,미분류,0,0,,1
"MULTIPOLYGON (((227865.2501 412587.1801,227862.5201 412585.0801,227861.6001 412585.620100001,227864.3801 412588.190099999,227865.2501 412587.1801)))",교량,984,대전광역시 유성구 ,36710073,31327,BRG0984000,미분류,철근콘크리트교,,미분류,미분류,1.3,미분류,1,미분류,0,0,3.34,0,3.8,0,0,미분류,미분류,0,0,0,미분류,0,0,0,미분류,미분류,0,미분류,미분류,미분류,0,0,,1
"MULTIPOLYGON (((227960.3001 412732.2601,227959.7301 412731.790100001,227959.2601 412732.4101,227959.8501 412732.9001,227960.3001 412732.2601)))",교량,985,대전광역시 유성구 ,36710073,3011,BRG0985000,미분류,철근콘크리트교,,미분류,미분류,0.8,미분류,0,미분류,0,0,0.75,0,0.8,0,0,미분류,미분류,0,0,0,미분류,0,0,0,미분류,미분류,0,미분류,미분류,미분류,0,0,,1
"MULTIPOLYGON (((227894.4001 412884.1701,227890.4901 412881.380100001,227890.0901 412881.850099999,227894.0701 412884.690099999,227894.4001 412884.1701)))",교량,986,대전광역시 유성구 ,36710073,3058,BRG0986000,미분류,철근콘크리트교,,미분류,미분류,4.8,미분류,0,미분류,0,0,4.84,0,0.6,0,0,미분류,미분류,0,0,0,미분류,0,0,0,미분류,미분류,0,미분류,미분류,미분류,0,0,,1
"MULTIPOLYGON (((227932.6501 412827.190099999,227930.1101 412825.0901,227927.4001 412828.5901,227929.9601 412830.6501,227932.6501 412827.190099999)))",교량,987,대전광역시 유성구 ,36710073,93931,BRG0987000,미분류,철근콘크리트교,,미분류,미분류,4.4,미분류,1,미분류,0,0,4.39,0,3.3,0,0,미분류,미분류,0,0,0,미분류,0,0,0,미분류,미분류,0,미분류,미분류,미분류,0,0,,1
"MULTIPOLYGON (((227932.7901 412834.470100001,227930.2801 412832.4301,227926.1801 412836.8301,227928.8201 412838.9801,227932.7901 412834.470100001)))",교량,988,대전광역시 유성구 ,36710073,93931,BRG0988000,미분류,철근콘크리트교,,미분류,미분류,3.4,미분류,1,미분류,0,0,3.17,0,6,0,0,미분류,미분류,0,0,0,미분류,0,0,0,미분류,미분류,0,미분류,미분류,미분류,0,0,,1
"MULTIPOLYGON (((227761.7801 412692.4801,227757.2501 412689.0001,227754.5501 412692.300100001,227759.0201 412695.9001,227761.7801 412692.4801)))",교량,989,대전광역시 유성구 ,36710073,93515,BRG0989000,미분류,철근콘크리트교,,미분류,미분류,4.4,미분류,1,미분류,0,0,4.18,0,5.7,0,0,미분류,미분류,0,0,0,미분류,0,0,0,미분류,미분류,0,미분류,미분류,미분류,0,0,,1
"MULTIPOLYGON (((228547.8316 412676.015900001,228523.1626 412675.511299999,228509.3008 412708.6401,228548.147 412709.4735,228568.2797 412709.6808,228568.5301 412676.648600001,228547.8316 412676.015900001)))",교량,990,대전광역시 유성구 ,36710073,30764,BRG0990000,미분류,철근콘크리트교,대정교,미분류,미분류,33.2,미분류,6,미분류,0,0,33.34,0,35,0,0,미분류,미분류,0,0,6.35,미분류,0,0,0,미분류,미분류,0,미분류,미분류,미분류,0,0,대정교,1
"MULTIPOLYGON (((228419.1301 412569.210100001,228415.2201 412566.4801,228411.2801 412572.210100001,228415.1101 412574.620100001,228419.1301 412569.210100001)))",교량,991,대전광역시 유성구 ,36710073,93743,BRG0991000,미분류,철근콘크리트교,,미분류,미분류,6.7,미분류,1,미분류,0,0,7.12,0,4.8,0,0,미분류,미분류,0,0,0,미분류,0,0,0,미분류,미분류,0,미분류,미분류,미분류,0,0,,1
"MULTIPOLYGON (((228700.4801 412465.9801,228685.1401 412460.600099999,228675.1001 412467.6701,228692.0901 412473.629899999,228700.4801 412465.9801)))",교량,992,대전광역시 유성구 ,36710073,31194,BRG0992000,미분류,철근콘크리트교,,미분류,미분류,18,미분류,3,미분류,0,0,16.04,0,10,0,0,미분류,미분류,0,0,1.39,미분류,0,0,0,미분류,미분류,0,미분류,미분류,미분류,0,0,,1
"MULTIPOLYGON (((230989.9531 413256.4201,230989.9791 413256.224099999,231002.8241 413258.5821,231003.1581 413256.746099999,230988.5641 413254.1831,230988.4981 413254.179099999,230988.2661 413256.0221,230981.6301 413254.7881,230978.4161 413254.225099999,230977.6401 413259.111099999,230981.6111 413259.8531,231002.4411 413263.746099999,231021.9571 413267.393100001,231038.8951 413270.5581,231039.1411 413270.596100001,231112.3471 413284.143100001,231111.7121 413288.5381,231114.4571 413289.1251,231113.6191 413294.031099999,231120.1951 413295.223099999,231125.1031 413293.472100001,231127.3681 413281.940099999,231125.0141 413281.5811,231023.0001 413262.576099999,231003.4591 413258.936100001,230989.9531 413256.4201)))",교량,993,대전광역시 서구 ,36710074,31853,BRG0993000,인도교(Foot bridge),철근콘크리트교,육교,미분류,미분류,151,미분류,0,미분류,0,0,151.02,0,5,0,0,미분류,미분류,0,0,0,미분류,0,0,0,미분류,미분류,0,미분류,미분류,미분류,0,0,육교,1
"MULTIPOLYGON (((230998.1921 413142.642100001,230995.7911 413126.6711,230993.9751 413126.9311,230996.5701 413142.8891,230998.1921 413142.642100001)))",교량,994,대전광역시 서구 ,36710074,31853,BRG0994000,인도교(Foot bridge),목교,,미분류,미분류,16.2,미분류,0,미분류,0,0,16.1,0,1.7,0,0,미분류,미분류,0,0,0,미분류,0,0,0,미분류,미분류,0,미분류,미분류,미분류,0,0,,1
"MULTIPOLYGON (((231003.7351 413107.5571,231002.0661 413106.859099999,231002.0661 413106.8661,230996.5501 413122.2401,230998.1031 413122.859099999,231003.7351 413107.5571)))",교량,995,대전광역시 서구 ,36710074,31853,BRG0995000,인도교(Foot bridge),목교,,미분류,미분류,16.3,미분류,0,미분류,0,0,16.54,0,1.7,0,0,미분류,미분류,0,0,0,미분류,0,0,0,미분류,미분류,0,미분류,미분류,미분류,0,0,,1
"MULTIPOLYGON (((231337.2661 412036.6591,231321.7541 412019.0011,231304.9701 412073.985099999,231321.9111 412087.3421,231337.2661 412036.6591)))",교량,996,대전광역시 서구 ,36710074,34611,BRG0996000,스라브(RC콘크리트),철근콘크리트교,용소1교,A등급,1종,45.9,하천,2,DB24,43.2,0,53.68,1,20.9,20.9,0,RC슬래브교,미분류,0.2,12.16,6.25,알루미늄합금,1.1,0.2,1.07,미분류,미분류,0,미분류,미분류,미분류,0,2,용소1교,1
"MULTIPOLYGON (((231349.5841 412089.460100001,231347.9701 412086.257099999,231339.3631 412088.225099999,231340.5351 412090.8051,231349.5841 412089.460100001)))",교량,997,대전광역시 서구 ,36710074,4695,BRG0997000,미분류,철근콘크리트교,,미분류,미분류,8.6,미분류,0,미분류,0,0,3.66,0,3.2,0,0,미분류,미분류,0,0,0,미분류,0,0,0,미분류,미분류,0,미분류,미분류,미분류,0,0,,1
"MULTIPOLYGON (((231449.3541 412182.4231,231454.7667 412183.763499999,231451.0921 412174.0901,231446.8546 412164.3258,231444.9981 412170.6491,231434.5591 412174.221100001,231402.5181 412185.187100001,231397.628 412184.058800001,231404.8776 412200.8587,231407.5061 412196.9241,231434.5111 412187.566099999,231449.3541 412182.4231)))",교량,998,대전광역시 서구 ,36710074,30438,BRG0998000,스라브(RC콘크리트),철근콘크리트교,용소2교,A등급,1종,40.17,하천,1,DB24,43.2,0,45.01,1,12.9,12.9,0,RC슬래브교,미분류,0.2,8.03,2.22,철제,1.1,0.2,85.07,미분류,미분류,0,미분류,미분류,미분류,0,3,용소2교,1
"MULTIPOLYGON (((229369.11 410294.59,229353.7801 410265.1601,229334.6 410276.720100001,229348.0701 410302.189999999,229369.11 410294.59)))",교량,999,대전광역시 서구 ,36710084,13734,BRG0999000,미분류,철근콘크리트교,서대전IC1교,미분류,미분류,28.99,일반도로,4,미분류,0,0,28.99,0,22.18,0,0,미분류,미분류,0,0,0,미분류,0,0,0,미분류,미분류,0,미분류,미분류,미분류,0,0,서대전IC1교,1
"MULTIPOLYGON (((228638.4201 410659.290100001,228622.7601 410632.770099999,228622.3001 410633.041999999,228614.1 410637.884099999,228612.43 410638.870100001,228628.0901 410665.3901,228629.0741 410664.8091,228637.183 410660.021,228638.4201 410659.290100001)))",교량,1000,대전광역시 유성구 ,36710083,13757,BRG1000000,미분류,철근콘크리트교,서대전JCT1교,미분류,미분류,11.67,일반도로,4,미분류,0,0,11.67,0,30.17,0,0,미분류,미분류,0,0,0,미분류,0,0,0,미분류,미분류,0,미분류,미분류,미분류,0,0,서대전JCT1교,1
"MULTIPOLYGON (((228621.32 410631.0101,228616.91 410623.119999999,228616.83 410623.128,228606.4471 410624.124,228605.1401 410624.2501,228609.71 410632.350099999,228610.943 410632.208000001,228621.187 410631.025,228621.32 410631.0101)))",교량,1001,대전광역시 유성구 ,36710083,13706,BRG1001000,미분류,철근콘크리트교,서대전JCT2교,미분류,미분류,11.74,일반도로,1,미분류,0,0,11.74,0,9.23,0,0,미분류,미분류,0,0,0,미분류,0,0,0,미분류,미분류,0,미분류,미분류,미분류,0,0,서대전JCT2교,1
"MULTIPOLYGON (((230199.0392 411151.777899999,230185.8751 411135.755999999,230183.7041 411137.983100001,230157.1521 411137.210100001,230154.1011 411137.121099999,230166.6471 411151.9712,230171.6291 411151.941099999,230175.4401 411151.9191,230185.7629 411151.857000001,230189.5561 411151.835000001,230199.0392 411151.777899999)))",교량,1002,대전광역시 서구 ,36710084,35018,BRG1002000,미분류,철근콘크리트교,,미분류,미분류,32.01,일반도로,2,미분류,0,0,32.01,0,20.46,0,0,미분류,미분류,0,0,2.97,미분류,0,0,0,미분류,미분류,0,미분류,미분류,미분류,0,0,,1
"MULTIPOLYGON (((228329.96 413131.23,228302.6626 413110.7728,228301.4065 413114.698100001,228328.7101 413135.049900001,228329.96 413131.23)))",교량,1003,대전광역시 유성구 ,36710073,93005,BRG1003000,미분류,철근콘크리트교,,미분류,미분류,4.66,일반도로,9,미분류,0,0,4.66,0,36.39,0,0,미분류,미분류,0,0,4.8,미분류,0,0,0,미분류,미분류,0,미분류,미분류,미분류,0,0,,1
"MULTIPOLYGON (((227945.6101 413239.970000001,227945.06 413237.779999999,227939.23 413238.539999999,227939.1701 413240.65,227945.6101 413239.970000001)))",교량,1004,대전광역시 유성구 ,36710073,92406,BRG1004000,미분류,철근콘크리트교,,미분류,미분류,2.33,일반도로,1,미분류,0,0,2.33,0,5.71,0,0,미분류,미분류,0,0,0,미분류,0,0,0,미분류,미분류,0,미분류,미분류,미분류,0,0,,1
"MULTIPOLYGON (((229635.6701 410413.25,229632.4601 410410.0801,229627.43 410415.1801,229630.2701 410418.720000001,229635.6701 410413.25)))",교량,1005,대전광역시 서구 ,36710084,104226,BRG1005000,미분류,철근콘크리트교,,미분류,미분류,7.82,일반도로,1,미분류,0,0,7.82,0,4.58,0,0,미분류,미분류,0,0,0,미분류,0,0,0,미분류,미분류,0,미분류,미분류,미분류,0,0,,1
"MULTIPOLYGON (((229217.7458 410110.861,229217.366 410108.783399999,229208.2952 410110.730799999,229208.7787 410112.626599999,229217.7458 410110.861)))",교량,1006,대전광역시 서구 ,36710084,99401,BRG1006000,미분류,철근콘크리트교,,미분류,미분류,9.14,일반도로,0,미분류,0,0,9.14,0,2.04,0,0,미분류,미분류,0,0,0,미분류,0,0,0,미분류,미분류,0,미분류,미분류,미분류,0,0,,1
"MULTIPOLYGON (((229327.3932 410126.7313,229323.4382 410124.2678,229319.112 410131.1677,229322.838 410133.5671,229327.3932 410126.7313)))",교량,1007,대전광역시 서구 ,36710084,99095,BRG1007000,미분류,철근콘크리트교,,미분류,미분류,8.6,일반도로,1,미분류,0,0,8.6,0,4.71,0,0,미분류,미분류,0,0,0,미분류,0,0,0,미분류,미분류,0,미분류,미분류,미분류,0,0,,1
"MULTIPOLYGON (((228810.8001 410131.9001,228802.1602 410126.66,228801.9591 410126.883099999,228796.603 410132.824100001,228796.12 410133.360099999,228804.18 410139.5601,228804.6331 410139.036,228809.874 410132.971100001,228810.8001 410131.9001)))",교량,1008,대전광역시 서구 ,36710083,13445,BRG1008000,미분류,철근콘크리트교,서대전IC2교,미분류,미분류,9.4,일반도로,1,미분류,0,0,9.4,0,11.77,0,0,미분류,미분류,0,0,0,미분류,0,0,0,미분류,미분류,0,미분류,미분류,미분류,0,0,서대전IC2교,1
"MULTIPOLYGON (((232215.8101 410887.600099999,232213.8301 410882.7401,232212.4101 410883.460100001,232214.1701 410887.5901,232215.8001 410891.4101,232217.3101 410891.270099999,232215.8101 410887.600099999)))",교량,1009,대전광역시 서구 ,36710085,104884,BRG1009000,미분류,철근콘크리트교,,미분류,미분류,8.6,미분류,0,미분류,0,0,1.63,0,1.6,0,0,미분류,미분류,0,0,0,미분류,0,0,0,미분류,미분류,0,미분류,미분류,미분류,0,0,,1
"MULTIPOLYGON (((232153.2678 410536.7543,232152.7969 410535.018100001,232151.5711 410535.360400001,232152.0281 410537.1204,232153.2678 410536.7543)))",교량,1010,대전광역시 서구 ,36710085,4661,BRG1010000,미분류,철근콘크리트교,,미분류,미분류,1.8,미분류,1,미분류,0,0,1.88,0,1.3,0,0,미분류,미분류,0,0,0,미분류,0,0,0,미분류,미분류,0,미분류,미분류,미분류,0,0,,1
"MULTIPOLYGON (((232167.0491 409763.803099999,232160.6491 409758.8051,232165.7651 409799.517100001,232172.8611 409791.7071,232170.1941 409790.506100001,232167.0491 409763.803099999)))",교량,1011,대전광역시 서구 ,36710085,86413,BRG1011000,미분류,철근콘크리트교,,미분류,미분류,28.5,하천,1,미분류,0,0,40.41,0,6,0,0,미분류,미분류,0,0,0,미분류,0,0,0,미분류,미분류,0,미분류,미분류,미분류,0,0,,1
"MULTIPOLYGON (((232413.0101 411165.7501,232402.8901 411169.8901,232404.6301 411174.040100001,232424.8001 411165.800100001,232497.7501 411135.6601,232496.2101 411131.550100001,232413.0101 411165.7501)))",교량,1012,대전광역시 서구 ,36710085,105074,BRG1012000,미분류,철근콘크리트교,잠수교,미분류,미분류,100.7,미분류,1,미분류,0,0,100.88,0,4.4,0,0,미분류,미분류,0,0,0,미분류,0,0,0,미분류,미분류,0,미분류,미분류,미분류,0,0,잠수교,1
"MULTIPOLYGON (((232702.7001 408712.610099999,232698.0801 408710.440099999,232695.9501 408714.960100001,232700.5701 408717.130100001,232702.7001 408712.610099999)))",교량,1013,대전광역시 서구 ,36710085,56192,BRG1013000,미분류,철근콘크리트교,,미분류,미분류,5.1,하천,1,미분류,0,0,5.88,0,5,0,0,미분류,미분류,0,0,0,미분류,0,0,0,미분류,미분류,0,미분류,미분류,미분류,0,0,,1
"MULTIPOLYGON (((232494.8601 409420.699999999,232487.0501 409411.880100001,232483.9601 409413.949999999,232492.3701 409423.6801,232494.8601 409420.699999999)))",교량,1014,대전광역시 서구 ,36710085,105006,BRG1014000,미분류,철근콘크리트교,,미분류,미분류,11,하천,1,미분류,0,0,11.72,0,3.5,0,0,미분류,미분류,0,0,0,미분류,0,0,0,미분류,미분류,0,미분류,미분류,미분류,0,0,,1
"MULTIPOLYGON (((231568.1712 412477.8179,231544.5961 412443.4131,231525.7447 412499.582,231510.4394 412549.552999999,231535.2201 412576.459100001,231536.3141 412573.3541,231554.7531 412521.041099999,231562.0341 412500.157099999,231568.1712 412477.8179)))",교량,1015,대전광역시 서구 ,36710075,31599,BRG1015000,스라브(RC콘크리트),철근콘크리트교,용소교,A등급,1종,70.15,하천,7,DB24,43.2,0,91.61,2,35.9,35.9,0,RC슬래브교,미분류,0.2,40.6,7.42,철제,1.1,0.2,1.63,미분류,T형교각식,1,PC말뚝기초,역 T형,미분류,0,2,용소교,1
"MULTIPOLYGON (((231545.5211 413001.485099999,231542.3881 412999.3431,231540.0181 413002.608100001,231543.4031 413004.895099999,231545.5211 413001.485099999)))",교량,1016,대전광역시 서구 ,36710075,32485,BRG1016000,미분류,철근콘크리트교,,미분류,미분류,4,미분류,0,미분류,0,0,4.38,0,4,0,0,미분류,미분류,0,0,0,미분류,0,0,0,미분류,미분류,0,미분류,미분류,미분류,0,0,,1
"MULTIPOLYGON (((231680.8511 412985.926100001,231678.6961 412982.9541,231672.7281 412996.8671,231675.4301 412999.097100001,231680.8511 412985.926100001)))",교량,1017,대전광역시 서구 ,36710075,96296,BRG1017000,미분류,철근콘크리트교,,미분류,미분류,14.2,미분류,2,미분류,0,0,15.82,0,4.8,0,0,미분류,미분류,0,0,0,미분류,0,0,0,미분류,미분류,0,미분류,미분류,미분류,0,0,,1
"MULTIPOLYGON (((231515.4491 412357.2761,231458.8221 412337.5041,231466.2631 412356.3101,231522.4841 412375.857100001,231515.4491 412357.2761)))",교량,1018,대전광역시 서구 ,36710075,32037,BRG1018000,스라브(RC콘크리트),철근콘크리트교,용소3교,A등급,1종,50.26,하천,2,DB24,43.2,0,59,1,15.9,15.9,0,RC슬래브교,미분류,0.2,13.08,4.75,철제,1.1,0.2,1.15,미분류,미분류,0,미분류,미분류,미분류,0,2,용소3교,1
"MULTIPOLYGON (((232386.4901 412093.3301,232288.0401 411958.1801,232279.7701 411965.460100001,232375.2801 412096.5801,232386.4901 412093.3301)))",교량,1019,대전광역시 서구 ,36710075,104680,BRG1019000,미분류,강교,,미분류,미분류,162.2,철도,0,미분류,0,0,166.97,0,11,0,0,미분류,미분류,0,0,0,미분류,0,0,0,미분류,미분류,0,미분류,미분류,미분류,0,0,,1
"MULTIPOLYGON (((232349.5731 412104.5514,232263.2031 411994.4879,232259.8001 411999.1801,232343.0672 412107.131100001,232349.5731 412104.5514)))",교량,1020,대전광역시 서구 ,36710075,104680,BRG1020000,미분류,철근콘크리트교,,미분류,미분류,130,하천,1,미분류,0,0,139.23,0,4.4,0,0,미분류,미분류,0,0,0,미분류,0,0,0,미분류,미분류,0,미분류,미분류,미분류,0,0,,1
"MULTIPOLYGON (((232342.9244 412125.054400001,232167.7901 412069.210100001,232142.3801 412109.2301,232139.4601 412113.8301,232142.3601 412114.7301,232314.6043 412169.7744,232342.9244 412125.054400001)))",교량,1021,대전광역시 서구 ,36710075,15677,BRG1021000,미분류,강교,가수원교,B등급,2종,180,하천,6,DB24,0,0,180,5,51,22.5,36,강I형교,미분류,0,0,5.54,미분류,0,3,0,미분류,T형교각식,0,미분류,미분류,미분류,3,0,가수원교,1
"MULTIPOLYGON (((231907.8261 412384.042099999,231907.3551 412385.0111,231911.6191 412387.278100001,231911.9091 412386.209100001,231907.8261 412384.042099999)))",교량,1022,대전광역시 서구 ,36710075,91446,BRG1022000,미분류,철근콘크리트교,,미분류,미분류,4.6,미분류,1,미분류,0,0,4.64,0,1.1,0,0,미분류,미분류,0,0,0,미분류,0,0,0,미분류,미분류,0,미분류,미분류,미분류,0,0,,1
"MULTIPOLYGON (((232307.5401 411954.710100001,232304.2601 411951.100099999,232302.9301 411952.350099999,232306.1901 411956.0001,232307.5401 411954.710100001)))",교량,1023,대전광역시 서구 ,36710075,105167,BRG1023000,미분류,철근콘크리트교,,미분류,미분류,1.8,미분류,1,미분류,0,0,1.87,0,4.9,0,0,미분류,미분류,0,0,0,미분류,0,0,0,미분류,미분류,0,미분류,미분류,미분류,0,0,,1
"MULTIPOLYGON (((232931.3801 412338.190099999,232894.3701 412322.3101,232892.2301 412327.8901,232969.8001 412361.1401,233011.5201 412378.950099999,233037.6601 412390.1801,233039.3901 412390.9801,233039.4201 412384.5801,233036.5701 412383.3401,233036.4601 412383.280099999,233022.1001 412377.1801,232990.6101 412363.520099999,232959.2201 412349.8901,232959.1101 412349.8201,232931.3801 412338.190099999)))",교량,1024,대전광역시 서구 ,36710075,14087,BRG1024000,미분류,철근콘크리트교,,미분류,미분류,157.9,미분류,1,미분류,0,0,157.55,0,6,0,0,미분류,미분류,0,0,0,미분류,0,0,0,미분류,미분류,0,미분류,미분류,미분류,0,0,,1
"MULTIPOLYGON (((232882.6801 412436.8901,232880.2601 412435.3201,232879.7701 412436.1501,232882.3001 412437.610099999,232882.6801 412436.8901)))",교량,1025,대전광역시 서구 ,36710075,2642,BRG1025000,미분류,철근콘크리트교,,미분류,미분류,2.9,미분류,0,미분류,0,0,0.8,0,1,0,0,미분류,미분류,0,0,0,미분류,0,0,0,미분류,미분류,0,미분류,미분류,미분류,0,0,,1
"MULTIPOLYGON (((233218.79 412247.91,233196.54 412238.610099999,233085.1355 412510.3873,233108.7699 412517.66,233218.79 412247.91)))",교량,1026,대전광역시 서구 ,36710075,29612,BRG1026000,미분류,철근콘크리트교,불티구름다리,미분류,미분류,291.53,일반도로,4,미분류,0,0,291.53,0,23.92,0,0,미분류,미분류,0,0,0,미분류,0,0,0,미분류,미분류,0,미분류,미분류,미분류,0,0,불티구름다리,1
"MULTIPOLYGON (((232178.2301 410735.964,232199.112 410721.861,232226.57 410700.095000001,232265.916 410669.357100001,232306.3531 410639.492000001,232335.017 410619.9451,232341.966 410615.206,232344.748 410613.309,232341.9151 410603.694,232339.3261 410605.483999999,232332.545 410610.173,232314.672 410622.531199999,232289.6011 410640.216,232264.6601 410658.8982,232237.21 410679.781099999,232215.2491 410696.630999999,232188.0019 410717.038000001,232174.041 410727.616,232161.0691 410735.793099999,232160.4561 410734.968,232179.7331 410717.8741,232215.398 410687.594000001,232245.2161 410663.846100001,232274.029 410639.105900001,232296.671 410621.642999999,232324.5371 410601.905999999,232329.6501 410598.4671,232336.5341 410593.837099999,232351.0051 410584.1041,232357.752 410579.566,232370.3281 410571.387,232391.821 410557.407099999,232429.0701 410534.5811,232438.4951 410529.1121,232453.5021 410520.406099999,232457.454 410518.1131,232456.0601 410508.292099999,232451.992 410510.6851,232436.5951 410519.746099999,232412.1302 410534.142100001,232375.876 410557.142999999,232368.631 410561.864,232349.305 410574.456,232343.4919 410578.244000001,232334.3451 410584.431,232327.3491 410589.1631,232312.301 410599.3411,232285.337 410618.382099999,232253.5991 410641.834000001,232230.462 410659.32,232213.5541 410672.6601,232191.168 410690.517100001,232164.5261 410712.595100001,232148.0331 410726.313999999,232133.2811 410738.584000001,232122.6071 410747.462099999,232075.4511 410784.890000001,232082.5911 410806.2291,232122.798 410774.801000001,232139.1791 410762.1921,232147.0881 410756.683,232164.0631 410744.858999999,232178.2301 410735.964)))",교량,1027,대전광역시 서구 ,36710085,86418,BRG1027000,미분류,철근콘크리트교,정림대교,미분류,미분류,469.23,일반도로,4,미분류,0,0,469.23,0,21.45,0,0,미분류,미분류,0,0,0,미분류,0,0,0,미분류,미분류,0,미분류,미분류,미분류,0,0,정림대교,1
"MULTIPOLYGON (((232158.2 410715.1909,232177.2101 410699.419,232204.39 410676.7401,232233.099 410653.020099999,232260.7561 410629.9769,232288.3481 410607.0721,232324.71 410577.192,232325.3321 410576.681,232331.579 410571.7521,232346.6711 410559.846000001,232353.148 410554.736099999,232365.4081 410545.453,232373.46 410539.357000001,232402.276 410518.8101,232404.7291 410517.2061,232415.9021 410509.902100001,232434.1131 410497.997,232449.705 410487.802999999,232454.6211 410484.59,232452.726 410474.684,232449.015 410477.1261,232433.3941 410487.407,232419.5391 410496.526000001,232411.9931 410501.4921,232409.4771 410503.148,232376.503 410526.5561,232363.651 410536.045,232349.544 410546.462200001,232344.901 410550.062100001,232329.4591 410562.0331,232324.118 410566.174000001,232322.7531 410567.254000001,232288.1161 410594.652000001,232260.076 410614.872,232240.1821 410630.277000001,232211.0251 410654.67,232178.02 410681.937000001,232149.7141 410704.066,232149.0181 410703.3431,232166.204 410684.748,232208.187 410647.9241,232246.4296 410617.192500001,232290.6175 410582.3595,232323.0536 410555.1391,232330.3023 410549.4761,232334.3487 410546.144200001,232329.74 410540.494000001,232326.6581 410543.059900001,232323.3581 410545.8081,232319.763 410548.7392,232281.602 410579.846100001,232250.4971 410605.393100001,232217.307 410632.785,232196.473 410650.216,232170.7131 410672.743000001,232156.59 410687.031099999,232128.6231 410715.620999999,232084.8611 410752.8881,232090.7621 410770.448999999,232129.0899 410739.082,232146.335 410724.956,232153.783 410718.8551,232158.2 410715.1909)))",교량,1028,대전광역시 서구 ,36710085,86419,BRG1028000,미분류,철근콘크리트교,정림대교,미분류,미분류,459.35,일반도로,4,미분류,0,0,459.35,0,16.37,0,0,미분류,미분류,0,0,0,미분류,0,0,0,미분류,미분류,0,미분류,미분류,미분류,0,0,정림대교,1
"MULTIPOLYGON (((231905.0741 410906.6951,231895.6181 410892.1741,231859.4621 410912.758199999,231869.0621 410927.826099999,231905.0741 410906.6951)))",교량,1029,대전광역시 서구 ,36710085,56944,BRG1029000,미분류,철근콘크리트교,,미분류,미분류,40.19,일반도로,4,미분류,0,0,40.19,0,16.02,0,0,미분류,미분류,0,0,0,미분류,0,0,0,미분류,미분류,0,미분류,미분류,미분류,0,0,,1
"MULTIPOLYGON (((222364.6301 410047.01,222356.8401 410042.940099999,222355.0501 410048.800100001,222362.4701 410052.850099999,222364.6301 410047.01)))",교량,1032,대전광역시 유성구 ,36709090,53394,BRG1032000,미분류,철근콘크리트교,송정길,미분류,미분류,6,하천,1,미분류,0,0,6.44,0,8.5,0,0,미분류,미분류,0,0,0,미분류,0,0,0,미분류,미분류,0,미분류,미분류,미분류,0,0,송정길,1
"MULTIPOLYGON (((222324.2701 410027.880100001,222320.7001 410026.5901,222319.4001 410031.01,222322.8901 410032.280099999,222323.2501 410031.100099999,222324.1401 410028.290100001,222324.2701 410027.880100001)))",교량,1033,대전광역시 유성구 ,36709090,53412,BRG1033000,미분류,철근콘크리트교,,미분류,미분류,4.6,하천,1,미분류,0,0,4.59,0,5,0,0,미분류,미분류,0,0,0,미분류,0,0,0,미분류,미분류,0,미분류,미분류,미분류,0,0,,1
"MULTIPOLYGON (((223930.459358019 409202.484871507,223920.214891382 409202.294786222,223921.498023445 409208.774703233,223931.336049974 409208.923194425,223930.459358019 409202.484871507)))",교량,1034,대전광역시 유성구 ,36710081,102203,BRG1034000,미분류,철근콘크리트교,,미분류,미분류,5.5,하천,1,미분류,0,0,5.69,0,5.5,0,0,미분류,미분류,0,0,0,미분류,0,0,0,미분류,미분류,0,미분류,미분류,미분류,0,0,,1
"MULTIPOLYGON (((224292.6981 410119.675100001,224285.6942 410088.4538,224266.4713 410092.9541,224272.2051 410123.8331,224272.8291 410126.769099999,224282.2641 410170.2632,224302.4933 410165.3246,224302.4933 410165.334100001,224293.3201 410122.607100001,224292.6981 410119.675100001)))",교량,1035,대전광역시 유성구 ,36710081,15522,BRG1035000,미분류,철근콘크리트교,한당교,미분류,미분류,45,미분류,4,미분류,0,0,45.08,0,20,0,0,미분류,미분류,0,0,0,미분류,0,0,0,미분류,미분류,0,미분류,미분류,미분류,0,0,한당교,1
"MULTIPOLYGON (((224319.269020679 410602.474005444,224320.94202676 410585.642730528,224302.409273335 410584.619606942,224301.060581176 410601.775561456,224319.269020679 410602.474005444)))",교량,1036,대전광역시 유성구 ,36710081,18329,BRG1036000,미분류,철근콘크리트교,남선교,미분류,미분류,33.5,미분류,2,미분류,0,0,33.11,0,13,0,0,미분류,미분류,0,0,0,미분류,0,0,0,미분류,미분류,0,미분류,미분류,미분류,0,0,남선교,1
"MULTIPOLYGON (((222610.5301 410220.780099999,222605.2501 410218.9101,222602.3401 410222.0601,222607.5601 410223.8101,222610.5301 410220.780099999)))",교량,1038,대전광역시 유성구 ,36710081,56845,BRG1038000,미분류,철근콘크리트교,,미분류,미분류,4.3,하천,1,미분류,0,0,4.44,0,5.6,0,0,미분류,미분류,0,0,0,미분류,0,0,0,미분류,미분류,0,미분류,미분류,미분류,0,0,,1
"MULTIPOLYGON (((222500.0001 410125.4201,222495.5401 410123.01,222496.2301 410129.2301,222501.2301 410131.960100001,222500.0001 410125.4201)))",교량,1039,대전광역시 유성구 ,36710081,105478,BRG1039000,인도교(Foot bridge),철근콘크리트교,,미분류,미분류,6.7,하천,1,미분류,0,0,6.54,0,5.7,0,0,미분류,미분류,0,0,0,미분류,0,0,0,미분류,미분류,0,미분류,미분류,미분류,0,0,,1
"MULTIPOLYGON (((222465.8801 410107.610099999,222461.7601 410105.6401,222460.2101 410110.050100001,222464.4401 410112.5001,222465.8801 410107.610099999)))",교량,1040,대전광역시 유성구 ,36710081,105358,BRG1040000,미분류,철근콘크리트교,,미분류,미분류,5.1,하천,1,미분류,0,0,4.74,0,4.9,0,0,미분류,미분류,0,0,0,미분류,0,0,0,미분류,미분류,0,미분류,미분류,미분류,0,0,,1
"MULTIPOLYGON (((222935.5401 409154.699999999,222936.9101 409138.6501,222928.4701 409143.199999999,222916.3301 409150.360099999,222881.2901 409167.9301,222858.1001 409177.5001,222824.6201 409189.380100001,222821.8491 409190.3091,222818.9301 409191.2871,222771.3701 409207.2301,222770.2701 409222.0001,222745.3001 409230.9301,222749.5201 409243.76,222758.4401 409240.76,222767.8301 409237.26,222780.1701 409232.76,222833.4201 409214.9101,222867.7701 409202.710100001,222892.5101 409192.51,222920.1001 409178.6701,222914.2501 409166.51,222922.7901 409162.220100001,222935.5401 409154.699999999)))",교량,1041,대전광역시 유성구 ,36710081,15679,BRG1041000,미분류,철근콘크리트교,계룡대교,미분류,미분류,170,하천,4,미분류,0,0,182.52,0,27,0,0,미분류,미분류,0,0,0,미분류,0,0,0,미분류,미분류,0,미분류,미분류,미분류,0,0,계룡대교,1
"MULTIPOLYGON (((222830.6521 409269.644099999,222836.8601 409262.6701,222833.9161 409262.789100001,222726.9001 409267.120100001,222717.9901 409277.1501,222827.6901 409272.970100001,222830.6521 409269.644099999)))",교량,1042,대전광역시 유성구 ,36710081,35325,BRG1042000,미분류,철근콘크리트교,두계1교,미분류,미분류,102,하천,1,미분류,0,0,108.85,0,10,0,0,미분류,미분류,0,0,0,미분류,0,0,0,미분류,미분류,0,미분류,미분류,미분류,0,0,두계1교,1
"MULTIPOLYGON (((222710.5801 410261.380100001,222708.5901 410259.940099999,222706.2201 410262.600099999,222708.4101 410264.5001,222710.5801 410261.380100001)))",교량,1043,대전광역시 유성구 ,36710081,4702,BRG1043000,미분류,철근콘크리트교,,미분류,미분류,3.8,하천,1,미분류,0,0,2.4,0,2.9,0,0,미분류,미분류,0,0,0,미분류,0,0,0,미분류,미분류,0,미분류,미분류,미분류,0,0,,1
"MULTIPOLYGON (((223239.9001 409871.6601,223239.7801 409866.5601,223233.0401 409866.6501,223233.1601 409871.699999999,223239.9001 409871.6601)))",교량,1044,대전광역시 유성구 ,36710081,102376,BRG1044000,인도교(Foot bridge),철근콘크리트교,,미분류,미분류,6.7,하천,1,미분류,0,0,6.73,0,5,0,0,미분류,미분류,0,0,0,미분류,0,0,0,미분류,미분류,0,미분류,미분류,미분류,0,0,,1
"MULTIPOLYGON (((223309.9201 409617.8101,223305.9101 409613.6501,223305.7801 409620.1801,223309.4101 409622.3301,223309.9201 409617.8101)))",교량,1045,대전광역시 유성구 ,36710081,102386,BRG1045000,미분류,철근콘크리트교,,미분류,미분류,6.5,하천,1,미분류,0,0,6.55,0,4,0,0,미분류,미분류,0,0,0,미분류,0,0,0,미분류,미분류,0,미분류,미분류,미분류,0,0,,1
"MULTIPOLYGON (((226890.3817 410752.804,226863.5201 410746.530099999,226861.9464 410753.7786,226888.1129 410759.323799999,226890.3817 410752.804)))",교량,1046,대전광역시 유성구 ,36710082,101820,BRG1046000,미분류,철근콘크리트교,성북3교,미분류,미분류,22,하천,1,미분류,0,0,21.89,0,6,0,0,미분류,미분류,0,0,0,미분류,0,0,0,미분류,미분류,0,미분류,미분류,미분류,0,0,성북3교,1
"MULTIPOLYGON (((226560.0001 411222.860099999,226534.8801 411204.520099999,226532.6901 411207.5701,226557.6501 411225.710100001,226560.0001 411222.860099999)))",교량,1047,대전광역시 유성구 ,36710082,100127,BRG1047000,미분류,철근콘크리트교,성북로,미분류,미분류,15,하천,1,미분류,0,0,30.32,0,3.5,0,0,미분류,미분류,0,0,0,미분류,0,0,0,미분류,미분류,0,미분류,미분류,미분류,0,0,성북로,1
"MULTIPOLYGON (((226554.5681 410390.6121,226550.3331 410388.773,226549.0211 410392.773,226553.3911 410394.803099999,226554.5681 410390.6121)))",교량,1048,대전광역시 유성구 ,36710082,100138,BRG1048000,미분류,철근콘크리트교,,미분류,미분류,5.5,하천,1,미분류,0,0,4.69,0,2.5,0,0,미분류,미분류,0,0,0,미분류,0,0,0,미분류,미분류,0,미분류,미분류,미분류,0,0,,1
"MULTIPOLYGON (((226459.3701 410351.8401,226457.7301 410350.780099999,226454.3401 410354.8201,226456.1601 410356.199999999,226459.3701 410351.8401)))",교량,1049,대전광역시 유성구 ,36710082,100039,BRG1049000,미분류,철근콘크리트교,,미분류,미분류,5.5,하천,1,미분류,0,0,5.27,0,2.5,0,0,미분류,미분류,0,0,0,미분류,0,0,0,미분류,미분류,0,미분류,미분류,미분류,0,0,,1
"MULTIPOLYGON (((226437.8101 410348.540100001,226434.5101 410345.040100001,226432.8101 410346.4801,226436.2901 410350.0901,226437.8101 410348.540100001)))",교량,1050,대전광역시 유성구 ,36710082,100036,BRG1050000,미분류,철근콘크리트교,,미분류,미분류,5,하천,1,미분류,0,0,4.59,0,2.5,0,0,미분류,미분류,0,0,0,미분류,0,0,0,미분류,미분류,0,미분류,미분류,미분류,0,0,,1
"MULTIPOLYGON (((224952.4611 409347.449100001,224952.2921 409340.190099999,224927.8801 409354.127,224928.5571 409361.6151,224930.1631 409360.7291,224952.4611 409347.449100001)))",교량,1051,대전광역시 유성구 ,36710082,102011,BRG1051000,미분류,철근콘크리트교,비호교,미분류,미분류,29.5,하천,1,미분류,0,0,27.28,0,7,0,0,미분류,미분류,0,0,0,미분류,0,0,0,미분류,미분류,0,미분류,미분류,미분류,0,0,비호교,1
"MULTIPOLYGON (((224834.6551 409049.061100001,224825.8161 409036.907099999,224817.5753 409095.0502,224825.9357 409104.183,224834.6551 409049.061100001)))",교량,1052,대전광역시 유성구 ,36710082,101937,BRG1052000,미분류,철근콘크리트교,세동교,미분류,미분류,23,하천,1,미분류,0,0,41.28,0,9,0,0,미분류,미분류,0,0,0,미분류,0,0,0,미분류,미분류,0,미분류,미분류,미분류,0,0,세동교,1
"MULTIPOLYGON (((225002.0901 410488.300100001,224995.1601 410484.9001,224995.0701 410488.040100001,225002.0301 410490.600099999,225002.0901 410488.300100001)))",교량,1053,대전광역시 유성구 ,36710082,101875,BRG1053000,미분류,철근콘크리트교,,미분류,미분류,7.5,하천,1,미분류,0,0,7.48,0,3,0,0,미분류,미분류,0,0,0,미분류,0,0,0,미분류,미분류,0,미분류,미분류,미분류,0,0,,1
"MULTIPOLYGON (((224764.6901 410566.040100001,224763.9001 410560.5601,224737.7701 410564.0901,224738.5901 410569.970100001,224764.6901 410566.040100001)))",교량,1054,대전광역시 유성구 ,36710082,101910,BRG1054000,미분류,철근콘크리트교,양음교,미분류,미분류,26,하천,1,미분류,0,0,26.56,0,6,0,0,미분류,미분류,0,0,0,미분류,0,0,0,미분류,미분류,0,미분류,미분류,미분류,0,0,양음교,1
"MULTIPOLYGON (((224842.7971 410254.871099999,224818.7601 410250.020099999,224816.7901 410255.449999999,224841.7201 410260.540100001,224844.0801 410255.130100001,224842.7971 410254.871099999)))",교량,1055,대전광역시 유성구 ,36710082,102036,BRG1055000,미분류,철근콘크리트교,평수교,미분류,미분류,26,하천,1,미분류,0,0,25.33,0,6,0,0,미분류,미분류,0,0,0,미분류,0,0,0,미분류,미분류,0,미분류,미분류,미분류,0,0,평수교,1
"MULTIPOLYGON (((224867.7401 410342.280099999,224864.7801 410340.800100001,224863.2001 410343.9201,224865.8801 410345.6701,224867.7401 410342.280099999)))",교량,1056,대전광역시 유성구 ,36710082,101834,BRG1056000,미분류,철근콘크리트교,,미분류,미분류,4,하천,1,미분류,0,0,4.06,0,3,0,0,미분류,미분류,0,0,0,미분류,0,0,0,미분류,미분류,0,미분류,미분류,미분류,0,0,,1
"MULTIPOLYGON (((224773.5201 410829.550100001,224748.2401 410826.01,224747.9201 410828.780099999,224773.0301 410832.0001,224773.5201 410829.550100001)))",교량,1057,대전광역시 유성구 ,36710082,100433,BRG1057000,미분류,철근콘크리트교,,미분류,미분류,25.5,하천,1,미분류,0,0,25.7,0,3.5,0,0,미분류,미분류,0,0,0,미분류,0,0,0,미분류,미분류,0,미분류,미분류,미분류,0,0,,1
"MULTIPOLYGON (((224909.8421 410433.212099999,224907.3461 410431.654100001,224905.8311 410435.26,224908.3911 410436.540100001,224909.8421 410433.212099999)))",교량,1058,대전광역시 유성구 ,36710082,99625,BRG1058000,미분류,철근콘크리트교,,미분류,미분류,3.7,하천,1,미분류,0,0,3.93,0,2.5,0,0,미분류,미분류,0,0,0,미분류,0,0,0,미분류,미분류,0,미분류,미분류,미분류,0,0,,1
"MULTIPOLYGON (((225066.4801 410470.380100001,225064.8101 410470.3301,225064.6801 410473.020099999,225066.6301 410473.1801,225066.4801 410470.380100001)))",교량,1059,대전광역시 유성구 ,36710082,100206,BRG1059000,미분류,철근콘크리트교,,미분류,미분류,3,하천,0,미분류,0,0,2.68,0,2,0,0,미분류,미분류,0,0,0,미분류,0,0,0,미분류,미분류,0,미분류,미분류,미분류,0,0,,1
"MULTIPOLYGON (((225170.5201 410436.210100001,225166.9201 410429.710100001,225164.1501 410430.880100001,225167.5601 410437.280099999,225170.5201 410436.210100001)))",교량,1060,대전광역시 유성구 ,36710082,101885,BRG1060000,미분류,철근콘크리트교,,미분류,미분류,7.5,하천,1,미분류,0,0,7.29,0,3,0,0,미분류,미분류,0,0,0,미분류,0,0,0,미분류,미분류,0,미분류,미분류,미분류,0,0,,1
"MULTIPOLYGON (((224432.7601 411429.6401,224418.1101 411428.190099999,224417.8001 411431.6701,224432.6801 411433.1501,224432.7601 411429.6401)))",교량,1061,대전광역시 유성구 ,36710071,102979,BRG1061000,미분류,철근콘크리트교,,미분류,미분류,9,하천,1,미분류,0,0,14.52,0,3.5,0,0,미분류,미분류,0,0,0,미분류,0,0,0,미분류,미분류,0,미분류,미분류,미분류,0,0,,1
"MULTIPOLYGON (((223701.263 412773.478399999,223681.6143 412768.7205,223670.0721 412817.3391,223668.4761 412824.1501,223667.4101 412828.699999999,223656.6264 412877.6096,223676.2798 412880.546399999,223686.8801 412833.280099999,223687.8941 412828.9541,223689.4911 412822.141100001,223701.263 412773.478399999)))",교량,1062,대전광역시 유성구 ,36710071,15350,BRG1062000,미분류,철근콘크리트교,세동교,미분류,미분류,87,하천,4,미분류,0,0,87.15,0,20,0,0,미분류,미분류,0,0,0,미분류,0,0,0,미분류,미분류,0,미분류,미분류,미분류,0,0,세동교,1
"MULTIPOLYGON (((224160.0811 412599.3661,224155.0921 412592.394099999,224153.6141 412595.484099999,224159.0791 412603.122,224160.0811 412599.3661)))",교량,1063,대전광역시 유성구 ,36710071,91454,BRG1063000,미분류,철근콘크리트교,,미분류,미분류,9,하천,1,미분류,0,0,8.84,0,3,0,0,미분류,미분류,0,0,0,미분류,0,0,0,미분류,미분류,0,미분류,미분류,미분류,0,0,,1
"MULTIPOLYGON (((224251.5721 411936.7371,224240.4211 411934.529100001,224239.9701 411937.4981,224251.1151 411939.7051,224251.5721 411936.7371)))",교량,1064,대전광역시 유성구 ,36710071,102969,BRG1064000,미분류,철근콘크리트교,,미분류,미분류,11.4,하천,1,미분류,0,0,11.38,0,3,0,0,미분류,미분류,0,0,0,미분류,0,0,0,미분류,미분류,0,미분류,미분류,미분류,0,0,,1
"MULTIPOLYGON (((223779.2401 413275.9801,223775.3201 413274.7501,223773.9601 413277.460100001,223778.5601 413278.9001,223779.2401 413275.9801)))",교량,1065,대전광역시 유성구 ,36710071,92353,BRG1065000,미분류,철근콘크리트교,,미분류,미분류,4.3,하천,1,미분류,0,0,4.77,0,3,0,0,미분류,미분류,0,0,0,미분류,0,0,0,미분류,미분류,0,미분류,미분류,미분류,0,0,,1
"MULTIPOLYGON (((223896.0501 412856.7401,223892.7301 412852.690099999,223890.5301 412854.7401,223893.4501 412858.290100001,223896.0501 412856.7401)))",교량,1066,대전광역시 유성구 ,36710071,92357,BRG1066000,미분류,철근콘크리트교,,미분류,미분류,5,하천,1,미분류,0,0,5.58,0,3,0,0,미분류,미분류,0,0,0,미분류,0,0,0,미분류,미분류,0,미분류,미분류,미분류,0,0,,1
"MULTIPOLYGON (((223970.5701 412834.5901,223965.1001 412834.530099999,223965.0301 412837.520099999,223970.5601 412837.5901,223970.5701 412834.5901)))",교량,1067,대전광역시 유성구 ,36710071,94235,BRG1067000,미분류,철근콘크리트교,,미분류,미분류,5.5,하천,1,미분류,0,0,5.62,0,3,0,0,미분류,미분류,0,0,0,미분류,0,0,0,미분류,미분류,0,미분류,미분류,미분류,0,0,,1
"MULTIPOLYGON (((224093.061516256 412695.734398788,224086.202652579 412692.478476038,224059.191966191 412749.849719662,224066.299937328 412754.854966782,224070.573422332 412745.180168239,224093.061516256 412695.734398788)))",교량,1068,대전광역시 유성구 ,36710071,94175,BRG1068000,미분류,철근콘크리트교,,미분류,미분류,10.8,하천,1,미분류,0,0,13.82,0,3.8,0,0,미분류,미분류,0,0,0,미분류,0,0,0,미분류,미분류,0,미분류,미분류,미분류,0,0,,1
"MULTIPOLYGON (((226290.3001 411781.0001,226268.3801 411767.5701,226266.6201 411771.1801,226288.3201 411784.4801,226290.3001 411781.0001)))",교량,1069,대전광역시 유성구 ,36710072,102878,BRG1069000,미분류,철근콘크리트교,,미분류,미분류,25,하천,1,미분류,0,0,26,0,5,0,0,미분류,미분류,0,0,0,미분류,0,0,0,미분류,미분류,0,미분류,미분류,미분류,0,0,,1
"MULTIPOLYGON (((225691.5601 412926.1501,225688.6101 412918.710100001,225676.3201 412923.1501,225675.4381 412923.472100001,225678.3881 412930.9121,225679.0501 412930.6701,225691.5601 412926.1501)))",교량,1070,대전광역시 유성구 ,36710072,30362,BRG1070000,미분류,철근콘크리트교,,미분류,미분류,14,하천,2,미분류,0,0,13.65,0,12.5,0,0,미분류,미분류,0,0,0,미분류,0,0,0,미분류,미분류,0,미분류,미분류,미분류,0,0,,1
"MULTIPOLYGON (((226050.9401 413193.860099999,226047.8201 413193.8201,226049.0101 413198.520099999,226052.3801 413199.610099999,226050.9401 413193.860099999)))",교량,1071,대전광역시 유성구 ,36710072,91837,BRG1071000,미분류,철근콘크리트교,,미분류,미분류,4.8,하천,1,미분류,0,0,6.11,0,3.1,0,0,미분류,미분류,0,0,0,미분류,0,0,0,미분류,미분류,0,미분류,미분류,미분류,0,0,,1
"MULTIPOLYGON (((226021.9101 412592.949999999,226011.8401 412584.5701,226008.0801 412589.350099999,226018.7901 412596.710100001,226021.9101 412592.949999999)))",교량,1072,대전광역시 유성구 ,36710072,94062,BRG1072000,미분류,철근콘크리트교,,미분류,미분류,13,하천,1,미분류,0,0,12.49,0,5.5,0,0,미분류,미분류,0,0,0,미분류,0,0,0,미분류,미분류,0,미분류,미분류,미분류,0,0,,1
"MULTIPOLYGON (((226013.5301 412608.470100001,226009.4301 412607.9201,226008.8501 412610.9001,226013.3901 412611.4801,226013.5301 412608.470100001)))",교량,1073,대전광역시 유성구 ,36710072,94068,BRG1073000,미분류,철근콘크리트교,,미분류,미분류,4.6,하천,1,미분류,0,0,3.68,0,3,0,0,미분류,미분류,0,0,0,미분류,0,0,0,미분류,미분류,0,미분류,미분류,미분류,0,0,,1
"MULTIPOLYGON (((226004.4101 412605.9301,225998.9001 412601.530099999,225996.9501 412603.8101,226002.8901 412608.550100001,226004.4101 412605.9301)))",교량,1074,대전광역시 유성구 ,36710072,94068,BRG1074000,미분류,철근콘크리트교,,미분류,미분류,7.6,하천,1,미분류,0,0,7.36,0,3,0,0,미분류,미분류,0,0,0,미분류,0,0,0,미분류,미분류,0,미분류,미분류,미분류,0,0,,1
"MULTIPOLYGON (((226024.4401 412790.290100001,226022.3701 412785.949999999,226016.0201 412789.040100001,226017.3901 412791.8301,226023.4021 412790.517100001,226024.4401 412790.290100001)))",교량,1075,대전광역시 유성구 ,36710072,94151,BRG1075000,미분류,철근콘크리트교,,미분류,미분류,7.2,하천,1,미분류,0,0,7.04,0,4,0,0,미분류,미분류,0,0,0,미분류,0,0,0,미분류,미분류,0,미분류,미분류,미분류,0,0,,1
"MULTIPOLYGON (((226220.4301 411964.050100001,226196.2901 411958.380100001,226195.5801 411962.3201,226219.3901 411967.9201,226220.4301 411964.050100001)))",교량,1076,대전광역시 유성구 ,36710072,102891,BRG1076000,미분류,철근콘크리트교,,미분류,미분류,14,하천,1,미분류,0,0,24.59,0,3,0,0,미분류,미분류,0,0,0,미분류,0,0,0,미분류,미분류,0,미분류,미분류,미분류,0,0,,1
"MULTIPOLYGON (((226186.9392 412091.025599999,226164.2743 412088.1117,226163.6137 412092.359099999,226186.7747 412095.046800001,226186.9392 412091.025599999)))",교량,1077,대전광역시 유성구 ,36710072,91527,BRG1077000,미분류,철근콘크리트교,,미분류,미분류,16.4,하천,1,미분류,0,0,16.65,0,4,0,0,미분류,미분류,0,0,0,미분류,0,0,0,미분류,미분류,0,미분류,미분류,미분류,0,0,,1
"MULTIPOLYGON (((226014.2161 412687.9081,226007.8691 412687.6061,226007.5971 412693.187000001,226013.8871 412693.8191,226014.2161 412687.9081)))",교량,1078,대전광역시 유성구 ,36710072,94104,BRG1078000,미분류,철근콘크리트교,,미분류,미분류,6.4,하천,1,미분류,0,0,6.35,0,5.6,0,0,미분류,미분류,0,0,0,미분류,0,0,0,미분류,미분류,0,미분류,미분류,미분류,0,0,,1
"MULTIPOLYGON (((226263.3101 411744.0601,226258.4001 411743.4201,226257.8601 411749.790100001,226260.9701 411749.6801,226263.3101 411744.0601)))",교량,1079,대전광역시 유성구 ,36710072,102883,BRG1079000,미분류,철근콘크리트교,,미분류,미분류,6.4,하천,1,미분류,0,0,5.21,0,4,0,0,미분류,미분류,0,0,0,미분류,0,0,0,미분류,미분류,0,미분류,미분류,미분류,0,0,,1
"MULTIPOLYGON (((224989.179 409618.415999999,224960.5251 409636.7141,224960.955 409643.232999999,224989.5501 409624.983100001,224989.179 409618.415999999)))",교량,1080,대전광역시 유성구 ,36710082,102008,BRG1080000,미분류,철근콘크리트교,,미분류,미분류,10,하천,1,미분류,0,0,34.07,0,4,0,0,미분류,미분류,0,0,0,미분류,0,0,0,미분류,미분류,0,미분류,미분류,미분류,0,0,,1
"MULTIPOLYGON (((224813.766 409873.029999999,224811.0141 409878.386,224840.0251 409885.554,224842.8679 409880.5079,224813.766 409873.029999999)))",교량,1081,대전광역시 유성구 ,36710082,102015,BRG1081000,미분류,철근콘크리트교,,미분류,미분류,15,하천,1,미분류,0,0,29.98,0,4,0,0,미분류,미분류,0,0,0,미분류,0,0,0,미분류,미분류,0,미분류,미분류,미분류,0,0,,1
"MULTIPOLYGON (((232245.74 410162.27,232258.7895 410159.672,232274.0159 410155.8792,232308.1666 410148.265699999,232305.0568 410136.999299999,232243.4901 410150.790100001,231735.73 410239.709899999,231737.7501 410251.2401,232245.74 410162.27)))",교량,1082,대전광역시 서구 ,36710085,13779,BRG1082000,미분류,철근콘크리트교,모세골교,미분류,미분류,516.34,일반도로,2,미분류,0,0,516.34,0,11.74,0,0,미분류,미분류,0,0,0,미분류,0,0,0,미분류,미분류,0,미분류,미분류,미분류,0,0,모세골교,1
"MULTIPOLYGON (((232250.7501 410193.57,232249.05 410181.9901,231750.8401 410269.119999999,231752.7101 410280.67,232250.7501 410193.57)))",교량,1083,대전광역시 서구 ,36710085,13780,BRG1083000,미분류,철근콘크리트교,모세골교,미분류,미분류,504.53,일반도로,2,미분류,0,0,504.53,0,11.81,0,0,미분류,미분류,0,0,0,미분류,0,0,0,미분류,미분류,0,미분류,미분류,미분류,0,0,모세골교,1
"MULTIPOLYGON (((232442.7612 412147.501800001,232399.2 412140.710000001,232451.0401 412208.52,232477.706 412213.403999999,232492.4801 412216.109999999,232442.7612 412147.501800001)))",교량,1084,대전광역시 서구 ,36710075,15311,BRG1084000,미분류,철근콘크리트교,청림육교,미분류,미분류,43.02,철도,8,미분류,0,0,43.02,0,85.33,0,0,미분류,미분류,0,0,5.71,미분류,0,0,0,미분류,미분류,0,미분류,미분류,미분류,0,0,청림육교,1
"MULTIPOLYGON (((240610.9131 415353.5101,240604.4231 415353.9101,240606.6121 415389.1501,240613.1021 415388.7401,240610.9131 415353.5101)))",교량,1085,대전광역시 동구 ,36710069,9486,BRG1085000,미분류,철근콘크리트교,,미분류,미분류,35.3,미분류,1,미분류,0,0,35.23,0,6.5,0,0,미분류,미분류,0,0,0.7,미분류,0,0,0,미분류,미분류,0,미분류,미분류,미분류,0,0,,1
"MULTIPOLYGON (((241678.4841 415319.142100001,241678.0841 415316.6921,241674.5341 415315.2621,241675.0641 415317.812100001,241678.4841 415319.142100001)))",교량,1086,대전광역시 동구 ,36710069,55468,BRG1086000,미분류,철근콘크리트교,,미분류,미분류,2.5,미분류,1,미분류,0,0,2.72,0,3.2,0,0,미분류,미분류,0,0,0,미분류,0,0,0,미분류,미분류,0,미분류,미분류,미분류,0,0,,1
"MULTIPOLYGON (((241863.0341 415345.255100001,241860.9441 415345.134099999,241860.7441 415348.4241,241862.8441 415348.5551,241863.0341 415345.255100001)))",교량,1087,대전광역시 동구 ,36710069,2374,BRG1087000,미분류,철근콘크리트교,,미분류,미분류,3.3,미분류,1,미분류,0,0,3.26,0,2.1,0,0,미분류,미분류,0,0,0,미분류,0,0,0,미분류,미분류,0,미분류,미분류,미분류,0,0,,1
"MULTIPOLYGON (((244113.4601 415814.460100001,244110.7001 415811.5601,244099.6401 415821.870100001,244102.2901 415824.880100001,244113.4601 415814.460100001)))",교량,1088,대전광역시 동구 ,36710070,86019,BRG1088000,미분류,철근콘크리트교,원천교,미분류,미분류,15,하천,1,미분류,0,0,15.22,0,4,0,0,미분류,미분류,0,0,0,미분류,0,0,0,미분류,미분류,0,미분류,미분류,미분류,0,0,원천교,1
"MULTIPOLYGON (((244246.2101 416088.6701,244228.8301 416087.280099999,244228.1901 416091.2401,244245.6501 416092.6401,244246.2101 416088.6701)))",교량,1089,대전광역시 동구 ,36710070,86279,BRG1089000,미분류,철근콘크리트교,,미분류,미분류,17.5,하천,1,미분류,0,0,17.55,0,4,0,0,미분류,미분류,0,0,0,미분류,0,0,0,미분류,미분류,0,미분류,미분류,미분류,0,0,,1
"MULTIPOLYGON (((244184.9125 415901.752900001,244177.6457 415892.5568,244162.0483 415903.570699999,244168.2254 415913.557700001,244184.9125 415901.752900001)))",교량,1090,대전광역시 동구 ,36710070,86348,BRG1090000,미분류,철근콘크리트교,세천1교,미분류,미분류,11.6,하천,1,미분류,0,0,14.64,0,13,0,0,미분류,미분류,0,0,5.4,미분류,0,0,0,미분류,미분류,0,미분류,미분류,미분류,0,0,세천1교,1
"MULTIPOLYGON (((244248.62 416030.772700001,244247.9151 416026.016100001,244227.7426 416029.5997,244228.7464 416034.440300001,244248.62 416030.772700001)))",교량,1091,대전광역시 동구 ,36710070,86277,BRG1091000,미분류,철근콘크리트교,진은교,미분류,미분류,20,하천,1,미분류,0,0,20.01,0,4.5,0,0,미분류,미분류,0,0,0,미분류,0,0,0,미분류,미분류,0,미분류,미분류,미분류,0,0,진은교,1
"MULTIPOLYGON (((243982.0301 415719.530099999,243974.5001 415715.0001,243968.2901 415731.050100001,243961.8501 415732.7501,243977.2401 415742.8101,243975.3001 415736.360099999,243982.0301 415719.530099999)))",교량,1092,대전광역시 동구 ,36710070,28744,BRG1092000,미분류,철근콘크리트교,세천2교,미분류,미분류,20,하천,1,미분류,0,0,22.5,0,8,0,0,미분류,미분류,0,0,0,미분류,0,0,0,미분류,미분류,0,미분류,미분류,미분류,0,0,세천2교,1
"MULTIPOLYGON (((244235.3501 416133.880100001,244225.0001 416098.600099999,244204.3411 416111.739800001,244215.6101 416146.5701,244235.3501 416133.880100001)))",교량,1093,대전광역시 동구 ,36710070,15165,BRG1093000,미분류,철근콘크리트교,세천교,미분류,미분류,20,하천,4,미분류,0,0,36.91,0,18.5,0,0,미분류,미분류,0,0,4.2,미분류,0,0,0,미분류,미분류,0,미분류,미분류,미분류,0,0,세천교,1
"MULTIPOLYGON (((243892.4301 415663.370100001,243888.7201 415662.880100001,243894.7201 415673.6801,243898.4901 415674.280099999,243892.4301 415663.370100001)))",교량,1094,대전광역시 동구 ,36710070,15136,BRG1094000,미분류,철근콘크리트교,,미분류,미분류,12.5,하천,0,미분류,0,0,12.18,0,3,0,0,미분류,미분류,0,0,0,미분류,0,0,0,미분류,미분류,0,미분류,미분류,미분류,0,0,,1
"MULTIPOLYGON (((244069.9701 415067.9101,244058.1701 415056.5801,244056.4601 415059.0801,244067.6801 415069.870100001,244069.9701 415067.9101)))",교량,1095,대전광역시 동구 ,36710070,86260,BRG1095000,미분류,철근콘크리트교,,미분류,미분류,12,하천,1,미분류,0,0,16.25,0,3.2,0,0,미분류,미분류,0,0,0,미분류,0,0,0,미분류,미분류,0,미분류,미분류,미분류,0,0,,1
"MULTIPOLYGON (((244020.7901 415080.6701,244013.5401 415074.630100001,243991.2201 415081.5001,243998.5501 415087.949999999,244020.7901 415080.6701)))",교량,1096,대전광역시 동구 ,36710070,28803,BRG1096000,미분류,철근콘크리트교,새정2교,미분류,미분류,11.2,하천,1,미분류,0,0,24.05,0,9,0,0,미분류,미분류,0,0,1.8,미분류,0,0,0,미분류,미분류,0,미분류,미분류,미분류,0,0,새정2교,1
"MULTIPOLYGON (((244115.8101 415002.6401,244121.2501 415002.130100001,244125.4501 415002.3101,244129.9201 415003.2501,244133.7601 415004.3901,244139.2501 414997.770099999,244137.5401 414997.1701,244131.8801 414995.4901,244126.4501 414994.350099999,244121.0501 414994.110099999,244115.0041 414994.644099999,244109.9061 414995.9981,244102.5501 415008.0001,244104.6601 415006.8401,244107.1101 415005.710100001,244111.1701 415004.130100001,244115.8101 415002.6401)))",교량,1097,대전광역시 동구 ,36710070,28739,BRG1097000,미분류,철근콘크리트교,새정1교,미분류,미분류,17,하천,1,미분류,0,0,30.24,0,9,0,0,미분류,미분류,0,0,1.6,미분류,0,0,0,미분류,미분류,0,미분류,미분류,미분류,0,0,새정1교,1
"MULTIPOLYGON (((243622.2301 414895.870100001,243620.0601 414893.100099999,243607.7501 414894.600099999,243609.5801 414897.360099999,243622.2301 414895.870100001)))",교량,1098,대전광역시 동구 ,36710070,86087,BRG1098000,미분류,철근콘크리트교,,미분류,미분류,12,하천,1,미분류,0,0,13.01,0,3,0,0,미분류,미분류,0,0,0,미분류,0,0,0,미분류,미분류,0,미분류,미분류,미분류,0,0,,1
"MULTIPOLYGON (((243574.1201 414817.520099999,243561.4801 414814.2401,243568.4901 414828.1501,243572.5301 414836.2301,243583.5501 414837.520099999,243574.1201 414817.520099999)))",교량,1099,대전광역시 동구 ,36710070,28783,BRG1099000,미분류,철근콘크리트교,,미분류,미분류,10,하천,2,미분류,0,0,11.44,0,22,0,0,미분류,미분류,0,0,0,미분류,0,0,0,미분류,미분류,0,미분류,미분류,미분류,0,0,,1
"MULTIPOLYGON (((243924.4001 415049.4201,243904.2901 415037.5001,243894.7701 415041.7401,243915.3701 415053.110099999,243924.4001 415049.4201)))",교량,1100,대전광역시 동구 ,36710070,28769,BRG1100000,미분류,철근콘크리트교,,미분류,미분류,24.5,하천,1,미분류,0,0,23.46,0,9,0,0,미분류,미분류,0,0,0,미분류,0,0,0,미분류,미분류,0,미분류,미분류,미분류,0,0,,1
"MULTIPOLYGON (((243911.9401 415481.949999999,243898.1001 415475.940099999,243896.4401 415479.1701,243910.0801 415485.5001,243911.9401 415481.949999999)))",교량,1101,대전광역시 동구 ,36710070,86231,BRG1101000,미분류,철근콘크리트교,,미분류,미분류,15,하천,1,미분류,0,0,15.3,0,3.8,0,0,미분류,미분류,0,0,0,미분류,0,0,0,미분류,미분류,0,미분류,미분류,미분류,0,0,,1
"MULTIPOLYGON (((243090.8401 414867.1601,243088.8401 414862.6401,243066.8701 414872.3101,243068.8801 414876.850099999,243072.0801 414884.110099999,243082.8301 414909.620100001,243085.8801 414917.5701,243092.5601 414935.110099999,243098.9201 414952.600099999,243101.0201 414959.3101,243107.4401 414978.940099999,243107.9301 414980.4201,243114.2201 415000.5701,243116.1501 415007.190099999,243121.0501 415026.1601,243125.5701 415044.040100001,243126.1001 415046.4301,243149.4701 415040.949999999,243148.9201 415038.5001,243144.3001 415020.210100001,243139.2901 415000.850099999,243137.2101 414993.6401,243130.7801 414973.110099999,243130.2501 414971.4801,243123.8801 414951.9901,243121.6501 414944.9001,243115.0501 414926.7401,243108.3001 414908.9901,243105.0901 414900.6501,243094.1201 414874.610099999,243090.8401 414867.1601)))",교량,1102,대전광역시 동구 ,36710070,13554,BRG1102000,미분류,철근콘크리트교,세천2교,미분류,미분류,100,하천,4,미분류,0,0,183.73,0,22.8,0,0,미분류,미분류,0,0,0,미분류,0,0,0,미분류,미분류,0,미분류,미분류,미분류,0,0,세천2교,1
"MULTIPOLYGON (((243185.8201 415265.6401,243159.7901 415252.2501,243167.3701 415308.360099999,243192.9401 415318.370100001,243185.8201 415265.6401)))",교량,1103,대전광역시 동구 ,36710070,13554,BRG1103000,미분류,철근콘크리트교,세천3교,미분류,미분류,22.6,하천,4,미분류,0,0,56.88,0,55,0,0,미분류,미분류,0,0,0,미분류,0,0,0,미분류,미분류,0,미분류,미분류,미분류,0,0,세천3교,1
"MULTIPOLYGON (((240765.0601 409746.4201,240749.1301 409721.8101,240738.9101 409728.020099999,240729.4401 409711.790100001,240718.8401 409717.5001,240723.1101 409724.790100001,240732.3701 409740.020099999,240742.6601 409755.690099999,240748.6505 409764.170600001,240767.5801 409789.7601,240790.9301 409818.100099999,240810.3801 409839.4201,240810.6901 409839.7301,240819.0301 409831.780099999,240832.5301 409845.1401,240840.6801 409836.800100001,240828.5501 409824.6701,240816.3601 409811.6401,240802.8601 409796.440099999,240794.0699 409785.7501,240782.4801 409770.6701,240777.8701 409764.3101,240765.0601 409746.4201)))",교량,1104,대전광역시 동구 ,36710089,13437,BRG1104000,미분류,철근콘크리트교,산내JCT교,미분류,미분류,106.4,미분류,4,미분류,0,0,165.92,0,23.3,0,0,미분류,미분류,0,0,0,미분류,0,0,0,미분류,미분류,0,미분류,미분류,미분류,0,0,산내JCT교,1
"MULTIPOLYGON (((241268.6001 410379.970100001,241266.7401 410375.7401,241259.3701 410381.470100001,241256.3401 410384.270099999,241257.9201 410388.610099999,241258.2501 410387.870100001,241261.3701 410384.770099999,241268.6001 410379.970100001)))",교량,1105,대전광역시 동구 ,36710089,59139,BRG1105000,미분류,철근콘크리트교,,미분류,미분류,13,미분류,1,미분류,0,0,13.59,0,4.2,0,0,미분류,미분류,0,0,0,미분류,0,0,0,미분류,미분류,0,미분류,미분류,미분류,0,0,,1
"MULTIPOLYGON (((241071.7901 409994.700099999,241063.1601 409985.8301,241032.8401 409986.950099999,241041.6501 409995.470100001,241071.7901 409994.700099999)))",교량,1106,대전광역시 동구 ,36710089,60390,BRG1106000,미분류,철근콘크리트교,자라교,미분류,미분류,28,미분류,1,미분류,0,0,31.23,0,8.8,0,0,미분류,미분류,0,0,0,미분류,0,0,0,미분류,미분류,0,미분류,미분류,미분류,0,0,자라교,1
"MULTIPOLYGON (((240959.4601 409941.120100001,240911.1401 409899.9101,240889.4201 409927.360099999,240967.5101 409988.870100001,241002.1701 410016.870100001,241049.2301 410067.8201,241093.8901 410121.210100001,241150.0001 410192.470100001,241185.3601 410236.9801,241213.8601 410273.200099999,241235.4801 410255.8101,241193.3901 410202.8101,241154.6501 410153.710100001,241119.0601 410108.770099999,241085.8901 410067.780099999,241047.7701 410024.850099999,241014.5601 409990.6601,240959.4601 409941.120100001)))",교량,1107,대전광역시 동구 ,36710089,13533,BRG1107000,미분류,철근콘크리트교,대별1교,미분류,미분류,480,미분류,4,미분류,0,0,478.89,0,27.6,0,0,미분류,미분류,0,0,0,미분류,0,0,0,미분류,미분류,0,미분류,미분류,미분류,0,0,대별1교,1
"MULTIPOLYGON (((241038.6301 409915.120100001,241028.1401 409906.520099999,241020.4601 409916.970100001,241039.2301 409930.860099999,241062.6301 409951.190099999,241089.4101 409976.870100001,241109.8801 409999.020099999,241127.7201 410020.800100001,241137.4001 410012.8401,241097.7801 409968.3101,241063.1901 409935.440099999,241038.6301 409915.120100001)))",교량,1108,대전광역시 동구 ,36710089,13531,BRG1108000,미분류,철근콘크리트교,대별2교,미분류,미분류,150,미분류,2,미분류,0,0,151.15,0,12.6,0,0,미분류,미분류,0,0,0,미분류,0,0,0,미분류,미분류,0,미분류,미분류,미분류,0,0,대별2교,1
"MULTIPOLYGON (((241599.1401 410284.5699,241589.3401 410273.059900001,241586.4701 410275.4001,241596.3701 410287.050100001,241599.1401 410284.5699)))",교량,1109,대전광역시 동구 ,36710089,14214,BRG1109000,미분류,목교,,미분류,미분류,15,미분류,0,미분류,0,0,15.37,0,3.5,0,0,미분류,미분류,0,0,0,미분류,0,0,0,미분류,미분류,0,미분류,미분류,미분류,0,0,,1
"MULTIPOLYGON (((241589.8501 410335.7601,241595.0376 410339.168500001,241598.868 410324.6141,241600.8393 410316.223999999,241593.9201 410316.0901,241538.3801 410300.300100001,241534.8301 410297.7401,241529.1501 410320.3301,241533.1501 410319.860099999,241543.5601 410322.780099999,241589.8501 410335.7601)))",교량,1110,대전광역시 동구 ,36710089,18540,BRG1110000,미분류,철근콘크리트교,대별교,미분류,미분류,69,하천,4,미분류,0,0,67.11,0,20,0,0,미분류,미분류,0,0,5.2,미분류,0,0,0,미분류,미분류,0,미분류,미분류,미분류,0,0,대별교,1
"MULTIPOLYGON (((241633.4501 409880.290100001,241629.9601 409879.559900001,241627.0901 409893.5699,241630.6001 409894.379899999,241633.4501 409880.290100001)))",교량,1111,대전광역시 동구 ,36710089,14139,BRG1111000,미분류,목교,,미분류,미분류,14,미분류,0,미분류,0,0,14.32,0,4,0,0,미분류,미분류,0,0,0,미분류,0,0,0,미분류,미분류,0,미분류,미분류,미분류,0,0,,1
"MULTIPOLYGON (((241883.5501 409867.4101,241881.9401 409864.0699,241876.5201 409865.270099999,241878.9901 409868.629899999,241883.5501 409867.4101)))",교량,1112,대전광역시 동구 ,36710089,57793,BRG1112000,미분류,철근콘크리트교,,미분류,미분류,3.5,미분류,1,미분류,0,0,3.69,0,5.5,0,0,미분류,미분류,0,0,0,미분류,0,0,0,미분류,미분류,0,미분류,미분류,미분류,0,0,,1
"MULTIPOLYGON (((241915.6301 409860.9001,241915.4301 409860.4301,241910.4301 409862.710100001,241914.5301 409865.1401,241918.1701 409862.720100001,241915.6301 409860.9001)))",교량,1113,대전광역시 동구 ,36710089,53700,BRG1113000,미분류,철근콘크리트교,,미분류,미분류,4.5,미분류,1,미분류,0,0,4.72,0,4.5,0,0,미분류,미분류,0,0,0,미분류,0,0,0,미분류,미분류,0,미분류,미분류,미분류,0,0,,1
"MULTIPOLYGON (((241835.4501 409869.9101,241835.6001 409869.559900001,241828.7401 409870.1801,241829.1701 409870.559900001,241829.7901 409874.3301,241829.5701 409874.6501,241836.6601 409873.610099999,241835.9801 409873.129899999,241835.4501 409869.9101)))",교량,1114,대전광역시 동구 ,36710089,57286,BRG1114000,미분류,철근콘크리트교,,미분류,미분류,4,미분류,2,미분류,0,0,3.81,0,6,0,0,미분류,미분류,0,0,0,미분류,0,0,0,미분류,미분류,0,미분류,미분류,미분류,0,0,,1
"MULTIPOLYGON (((241418.2901 409601.7301,241413.7301 409598.9101,241407.8301 409608.550100001,241412.2101 409611.460100001,241418.2901 409601.7301)))",교량,1115,대전광역시 동구 ,36710089,60204,BRG1115000,미분류,철근콘크리트교,,미분류,미분류,11,미분류,1,미분류,0,0,11.48,0,5,0,0,미분류,미분류,0,0,0,미분류,0,0,0,미분류,미분류,0,미분류,미분류,미분류,0,0,,1
"MULTIPOLYGON (((241618.4801 409680.210100001,241610.5901 409675.9301,241608.7401 409679.129899999,241616.5901 409683.6701,241618.4801 409680.210100001)))",교량,1116,대전광역시 동구 ,36710089,18627,BRG1116000,미분류,철근콘크리트교,,미분류,미분류,4,미분류,2,미분류,0,0,3.97,0,9,0,0,미분류,미분류,0,0,0,미분류,0,0,0,미분류,미분류,0,미분류,미분류,미분류,0,0,,1
"MULTIPOLYGON (((241016.5401 411163.940099999,241013.3501 411163.630100001,241012.9001 411168.860099999,241015.9101 411169.1801,241016.5401 411163.940099999)))",교량,1117,대전광역시 동구 ,36710089,19331,BRG1117000,미분류,철근콘크리트교,,미분류,미분류,5.3,미분류,0,미분류,0,0,5.49,0,3,0,0,미분류,미분류,0,0,0,미분류,0,0,0,미분류,미분류,0,미분류,미분류,미분류,0,0,,1
"MULTIPOLYGON (((241084.1104 411099.7458,241084.084 411062.305299999,241010.0301 411089.530099999,241010.3199 411126.960100001,241084.1104 411099.7458)))",교량,1118,대전광역시 동구 ,36710089,14249,BRG1118000,미분류,철근콘크리트교,옥계교,미분류,미분류,69.6,하천,6,미분류,0,0,76.38,0,35.2,0,0,미분류,미분류,0,0,11,미분류,0,0,0,미분류,미분류,0,미분류,미분류,미분류,0,0,옥계교,1
"MULTIPOLYGON (((240799.0699 409954.9901,240792.8001 409952.870100001,240793.5001 409957.220100001,240792.2401 409966.210100001,240789.2901 409970.210100001,240797.0501 409972.5701,240795.6801 409967.3101,240797.2801 409958.4301,240799.0699 409954.9901)))",교량,1119,대전광역시 동구 ,36710089,60318,BRG1119000,미분류,철근콘크리트교,,미분류,미분류,17.7,미분류,1,미분류,0,0,17.57,0,4,0,0,미분류,미분류,0,0,0,미분류,0,0,0,미분류,미분류,0,미분류,미분류,미분류,0,0,,1
"MULTIPOLYGON (((242296.6601 409569.450099999,242299.6301 409565.8301,242290.1001 409566.1501,242291.6201 409566.780099999,242292.2601 409569.630100001,242292.2001 409572.3301,242292.2901 409572.7401,242296.5901 409572.9201,242296.6601 409569.450099999)))",교량,1120,대전광역시 동구 ,36710089,57782,BRG1120000,미분류,철근콘크리트교,,미분류,미분류,6.8,미분류,1,미분류,0,0,6.88,0,4.5,0,0,미분류,미분류,0,0,0,미분류,0,0,0,미분류,미분류,0,미분류,미분류,미분류,0,0,,1
"MULTIPOLYGON (((242062.4001 409933.550100001,242058.3401 409930.9999,242057.5901 409935.6401,242060.8601 409937.4399,242062.4001 409933.550100001)))",교량,1121,대전광역시 동구 ,36710089,53459,BRG1121000,미분류,철근콘크리트교,,미분류,미분류,4,미분류,1,미분류,0,0,4.85,0,4,0,0,미분류,미분류,0,0,0,미분류,0,0,0,미분류,미분류,0,미분류,미분류,미분류,0,0,,1
"MULTIPOLYGON (((242142.4201 409959.860099999,242142.0401 409959.3301,242139.3101 409961.1801,242139.7701 409961.6801,242142.4201 409959.860099999)))",교량,1122,대전광역시 동구 ,36710089,53677,BRG1122000,미분류,철근콘크리트교,,미분류,미분류,3.3,미분류,1,미분류,0,0,3.17,0,0.7,0,0,미분류,미분류,0,0,0,미분류,0,0,0,미분류,미분류,0,미분류,미분류,미분류,0,0,,1
"MULTIPOLYGON (((243724.2741 410336.614,243722.5731 410334.131100001,243718.6761 410336.3191,243720.2841 410338.861099999,243724.2741 410336.614)))",교량,1123,대전광역시 동구 ,36710090,62502,BRG1123000,미분류,철근콘크리트교,,미분류,미분류,4.5,하천,1,미분류,0,0,4.51,0,3,0,0,미분류,미분류,0,0,0,미분류,0,0,0,미분류,미분류,0,미분류,미분류,미분류,0,0,,1
"MULTIPOLYGON (((243645.2261 410160.9231,243644.9141 410157.937000001,243636.8651 410159.470100001,243637.6881 410162.3961,243645.2261 410160.9231)))",교량,1124,대전광역시 동구 ,36710090,62502,BRG1124000,미분류,철근콘크리트교,,미분류,미분류,8,하천,1,미분류,0,0,8.16,0,3.5,0,0,미분류,미분류,0,0,0,미분류,0,0,0,미분류,미분류,0,미분류,미분류,미분류,0,0,,1
"MULTIPOLYGON (((242707.7401 409765.530099999,242707.9501 409755.7301,242704.9701 409756.300100001,242704.7401 409765.449999999,242707.7401 409765.530099999)))",교량,1125,대전광역시 동구 ,36710090,60972,BRG1125000,미분류,철근콘크리트교,,미분류,미분류,9.8,하천,1,미분류,0,0,9.91,0,3,0,0,미분류,미분류,0,0,0,미분류,0,0,0,미분류,미분류,0,미분류,미분류,미분류,0,0,,1
"MULTIPOLYGON (((242857.9501 409742.370100001,242850.8401 409737.1401,242848.6001 409739.210100001,242855.8401 409744.540100001,242857.9501 409742.370100001)))",교량,1126,대전광역시 동구 ,36710090,60519,BRG1126000,미분류,철근콘크리트교,,미분류,미분류,8.8,하천,1,미분류,0,0,8.92,0,3,0,0,미분류,미분류,0,0,0,미분류,0,0,0,미분류,미분류,0,미분류,미분류,미분류,0,0,,1
"MULTIPOLYGON (((240743.9601 411715.540100001,240741.7701 411713.800100001,240738.9401 411717.770099999,240741.0601 411719.630100001,240743.9601 411715.540100001)))",교량,1127,대전광역시 동구 ,36710079,19557,BRG1127000,미분류,철근콘크리트교,,미분류,미분류,4.9,미분류,1,미분류,0,0,5.05,0,3,0,0,미분류,미분류,0,0,0,미분류,0,0,0,미분류,미분류,0,미분류,미분류,미분류,0,0,,1
"MULTIPOLYGON (((240519.6701 411991.460100001,240517.9801 411990.110099999,240513.7901 411995.8301,240515.4101 411997.0001,240519.6701 411991.460100001)))",교량,1128,대전광역시 동구 ,36710079,60139,BRG1128000,미분류,철근콘크리트교,,미분류,미분류,7.2,하천,1,미분류,0,0,7.19,0,2,0,0,미분류,미분류,0,0,0,미분류,0,0,0,미분류,미분류,0,미분류,미분류,미분류,0,0,,1
"MULTIPOLYGON (((241425.8301 412232.380100001,241419.4701 412214.1801,241383.2242 412037.3759,241378.7357 411955.601299999,241392.3734 411823.3215,241396.9759 411795.821900001,241373.4283 411789.638900001,241368.4079 411819.5648,241357.7488 411923.9331,241357.2365 412031.586200001,241372.2897 412114.219799999,241400.1701 412221.5001,241408.9101 412247.220100001,241417.0501 412268.450099999,241437.1201 412260.970100001,241425.8301 412232.380100001)))",교량,1129,대전광역시 동구 ,36710079,13447,BRG1129000,미분류,철근콘크리트교,,미분류,미분류,50,미분류,4,미분류,0,0,50.56,0,20.7,0,0,미분류,미분류,0,0,0,미분류,0,0,0,미분류,미분류,0,미분류,미분류,미분류,0,0,,1
"MULTIPOLYGON (((242099.5401 412576.360099999,242099.0601 412572.3201,242095.5699 412572.5101,242095.7701 412575.4101,242095.7801 412576.4901,242099.5401 412576.360099999)))",교량,1130,대전광역시 동구 ,36710079,70576,BRG1130000,미분류,철근콘크리트교,,미분류,미분류,3.8,미분류,1,미분류,0,0,3.76,0,4,0,0,미분류,미분류,0,0,0,미분류,0,0,0,미분류,미분류,0,미분류,미분류,미분류,0,0,,1
"MULTIPOLYGON (((242312.3101 413360.27,242290.49 413338.3101,242277.982 413342.522,242274.7821 413343.6011,242233.7401 413357.4301,242256.27 413378.9901,242297.2351 413365.3061,242300.443 413364.233999999,242312.3101 413360.27)))",교량,1131,대전광역시 동구 ,36710079,13576,BRG1131000,미분류,철근콘크리트교,판암철교,미분류,미분류,63.16,일반도로,4,미분류,0,0,63.16,0,33.26,0,0,미분류,미분류,0,0,0,미분류,0,0,0,미분류,미분류,0,미분류,미분류,미분류,0,0,판암철교,1
"MULTIPOLYGON (((242339.672 413251.7511,242337.219 413247.3191,242331.89 413252.449999999,242334.0111 413256.258099999,242334.8701 413257.800000001,242336.79 413263.199999999,242343.44 413259.460000001,242340.4701 413253.2301,242339.672 413251.7511)))",교량,1132,대전광역시 동구 ,36710079,13579,BRG1132000,미분류,철근콘크리트교,,미분류,미분류,13.06,일반도로,1,미분류,0,0,13.06,0,7.17,0,0,미분류,미분류,0,0,0,미분류,0,0,0,미분류,미분류,0,미분류,미분류,미분류,0,0,,1
"MULTIPOLYGON (((242418.1101 413304.8101,242408.64 413290.4801,242386.7101 413305.020099999,242392.625 413314.2411,242401.58 413328.200099999,242428.8689 413372.9406,242449.795 413415.5317,242461.273 413437.034399999,242482.8511 413429.350400001,242459.6953 413385.635600001,242426.8131 413318.6591,242421.7801 413310.380100001,242418.1101 413304.8101)))",교량,1133,대전광역시 동구 ,36710079,13561,BRG1133000,미분류,철근콘크리트교,판암IC교,미분류,미분류,48.44,일반도로,6,미분류,0,0,48.44,0,27.45,0,0,미분류,미분류,0,0,0,미분류,0,0,0,미분류,미분류,0,미분류,미분류,미분류,0,0,판암IC교,1
"MULTIPOLYGON (((242061.8871 413345.595699999,242061.1562 413338.712099999,242058.187 413339.1472,242058.25 413339.6251,242058.8931 413345.804099999,242061.8871 413345.595699999)))",교량,1134,대전광역시 동구 ,36710079,70104,BRG1134000,미분류,철근콘크리트교,,미분류,미분류,3.09,일반도로,1,미분류,0,0,3.09,0,6.96,0,0,미분류,미분류,0,0,0,미분류,0,0,0,미분류,미분류,0,미분류,미분류,미분류,0,0,,1
"MULTIPOLYGON (((242008.89 413267.67,242002.9801 413265.8901,242000.8501 413268.52,242007.19 413270.43,242008.89 413267.67)))",교량,1135,대전광역시 동구 ,36710079,69853,BRG1135000,미분류,철근콘크리트교,,미분류,미분류,6.78,일반도로,1,미분류,0,0,6.78,0,3.6,0,0,미분류,미분류,0,0,0,미분류,0,0,0,미분류,미분류,0,미분류,미분류,미분류,0,0,,1
"MULTIPOLYGON (((242274.056 413113.6731,242264.7071 413103.102,242261.3831 413103.8332,242208.3481 413114.3682,242195.308 413116.0974,242201.9801 413127.0077,242240.8812 413120.4991,242263.2271 413116.255000001,242274.056 413113.6731)))",교량,1136,대전광역시 동구 ,36710079,13447,BRG1136000,미분류,철근콘크리트교,,미분류,미분류,73.61,일반도로,0,미분류,0,0,73.61,0,13.19,0,0,미분류,미분류,0,0,0,미분류,0,0,0,미분류,미분류,0,미분류,미분류,미분류,0,0,,1
"MULTIPOLYGON (((240626.6901 411786.960100001,240627.41 411782.35,240599.5493 411808.7049,240606.4399 411810.23,240610.55 411813.460000001,240656.29 411869.8901,240656.7185 411876.4855,240681.8226 411854.140699999,240676.0801 411852.800100001,240627.2501 411794.600099999,240626.6901 411786.960100001)))",교량,1137,대전광역시 동구 ,36710079,19222,BRG1137000,미분류,철근콘크리트교,가오교,미분류,미분류,83.61,일반도로,4,미분류,0,0,83.61,0,38.73,0,0,미분류,미분류,0,0,7,미분류,0,0,0,미분류,미분류,0,미분류,미분류,미분류,0,0,가오교,1
"MULTIPOLYGON (((238057.9701 409615.520099999,238053.8301 409614.7401,238054.1701 409617.350099999,238058.3101 409618.130100001,238057.9701 409615.520099999)))",교량,1138,대전광역시 중구 ,36710087,53536,BRG1138000,미분류,철근콘크리트교,,미분류,미분류,4,미분류,1,미분류,0,0,4.4,0,4,0,0,미분류,미분류,0,0,0,미분류,0,0,0,미분류,미분류,0,미분류,미분류,미분류,0,0,,1
"MULTIPOLYGON (((239551.5301 409849.780099999,239547.7301 409846.440099999,239544.0701 409849.7301,239547.6001 409852.8401,239551.5301 409849.780099999)))",교량,1139,대전광역시 동구 ,36710088,57308,BRG1139000,미분류,철근콘크리트교,,미분류,미분류,4.7,미분류,1,미분류,0,0,5.2,0,4.9,0,0,미분류,미분류,0,0,0,미분류,0,0,0,미분류,미분류,0,미분류,미분류,미분류,0,0,,1
"MULTIPOLYGON (((238988.3801 410046.3401,238984.1501 410045.3901,238980.8501 410048.7401,238985.4101 410049.870100001,238988.3801 410046.3401)))",교량,1140,대전광역시 동구 ,36710088,58157,BRG1140000,미분류,철근콘크리트교,,미분류,미분류,4.5,미분류,1,미분류,0,0,4.69,0,4.5,0,0,미분류,미분류,0,0,0,미분류,0,0,0,미분류,미분류,0,미분류,미분류,미분류,0,0,,1
"MULTIPOLYGON (((239345.0101 409842.970100001,239341.9001 409840.5801,239340.6501 409841.520099999,239344.0301 409844.1501,239345.0101 409842.970100001)))",교량,1141,대전광역시 동구 ,36710088,58178,BRG1141000,미분류,철근콘크리트교,,미분류,미분류,3.9,미분류,0,미분류,0,0,4.04,0,1.5,0,0,미분류,미분류,0,0,0,미분류,0,0,0,미분류,미분류,0,미분류,미분류,미분류,0,0,,1
"MULTIPOLYGON (((239460.7001 409906.5701,239456.8201 409904.780099999,239452.6201 409907.950099999,239457.0801 409909.620100001,239460.7001 409906.5701)))",교량,1142,대전광역시 동구 ,36710088,58631,BRG1142000,미분류,철근콘크리트교,,미분류,미분류,4.3,미분류,1,미분류,0,0,4.66,0,4.3,0,0,미분류,미분류,0,0,0,미분류,0,0,0,미분류,미분류,0,미분류,미분류,미분류,0,0,,1
"MULTIPOLYGON (((239132.6201 410035.5001,239131.9601 410034.3901,239125.3701 410039.3301,239126.2901 410040.530099999,239132.6201 410035.5001)))",교량,1143,대전광역시 동구 ,36710088,58157,BRG1143000,미분류,철근콘크리트교,,미분류,미분류,8.1,미분류,1,미분류,0,0,8.28,0,1.5,0,0,미분류,미분류,0,0,0,미분류,0,0,0,미분류,미분류,0,미분류,미분류,미분류,0,0,,1
"MULTIPOLYGON (((240168.4101 411312.3401,240167.6801 411308.520099999,240164.3601 411311.1801,240164.1701 411311.1501,240165.0401 411315.110099999,240168.4101 411312.3401)))",교량,1144,대전광역시 중구 ,36710088,59462,BRG1144000,미분류,철근콘크리트교,,미분류,미분류,4.6,미분류,1,미분류,0,0,4.41,0,5,0,0,미분류,미분류,0,0,0,미분류,0,0,0,미분류,미분류,0,미분류,미분류,미분류,0,0,,1
"MULTIPOLYGON (((240291.9601 409908.0001,240290.1901 409904.4901,240278.9401 409908.2601,240280.7301 409912.4001,240291.9601 409908.0001)))",교량,1145,대전광역시 동구 ,36710088,60973,BRG1145000,미분류,철근콘크리트교,,미분류,미분류,11.8,미분류,1,미분류,0,0,11.94,0,3.8,0,0,미분류,미분류,0,0,0,미분류,0,0,0,미분류,미분류,0,미분류,미분류,미분류,0,0,,1
"MULTIPOLYGON (((240171.9201 409900.8401,240168.6501 409897.2501,240167.6501 409898.190099999,240170.8401 409901.720100001,240171.9201 409900.8401)))",교량,1146,대전광역시 동구 ,36710088,933,BRG1146000,미분류,철근콘크리트교,,미분류,미분류,4.8,미분류,1,미분류,0,0,4.89,0,1.4,0,0,미분류,미분류,0,0,0,미분류,0,0,0,미분류,미분류,0,미분류,미분류,미분류,0,0,,1
"MULTIPOLYGON (((240346.3601 409964.970100001,240341.1701 409962.9801,240338.0301 409973.350099999,240343.2301 409975.130100001,240346.3601 409964.970100001)))",교량,1147,대전광역시 동구 ,36710088,58762,BRG1147000,미분류,철근콘크리트교,,미분류,미분류,22,미분류,1,미분류,0,0,10.76,0,5.5,0,0,미분류,미분류,0,0,0,미분류,0,0,0,미분류,미분류,0,미분류,미분류,미분류,0,0,,1
"MULTIPOLYGON (((239867.7401 409512.0801,239859.2901 409502.6801,239857.6601 409510.3101,239862.3501 409515.4901,239867.7401 409512.0801)))",교량,1148,대전광역시 동구 ,36710088,58693,BRG1148000,미분류,철근콘크리트교,,미분류,미분류,6.3,미분류,1,미분류,0,0,12.79,0,7,0,0,미분류,미분류,0,0,0,미분류,0,0,0,미분류,미분류,0,미분류,미분류,미분류,0,0,,1
"MULTIPOLYGON (((239914.1201 409552.9301,239905.7101 409543.9001,239901.6301 409547.960100001,239909.7201 409556.5601,239914.1201 409552.9301)))",교량,1149,대전광역시 동구 ,36710088,58776,BRG1149000,미분류,철근콘크리트교,,미분류,미분류,12.3,미분류,1,미분류,0,0,12.49,0,5.7,0,0,미분류,미분류,0,0,0,미분류,0,0,0,미분류,미분류,0,미분류,미분류,미분류,0,0,,1
"MULTIPOLYGON (((239978.1401 409633.0101,239976.0501 409630.470100001,239967.7701 409637.0101,239969.8001 409639.630100001,239978.1401 409633.0101)))",교량,1150,대전광역시 동구 ,36710088,58753,BRG1150000,미분류,철근콘크리트교,무명교,미분류,미분류,10.8,미분류,1,미분류,0,0,10.6,0,3.2,0,0,미분류,미분류,0,0,0,미분류,0,0,0,미분류,미분류,0,미분류,미분류,미분류,0,0,무명교,1
"MULTIPOLYGON (((239827.2101 409632.7401,239826.0301 409628.100099999,239821.2801 409631.620100001,239822.5401 409636.3301,239827.2101 409632.7401)))",교량,1151,대전광역시 동구 ,36710088,57582,BRG1151000,미분류,철근콘크리트교,,미분류,미분류,4.8,미분류,1,미분류,0,0,4.93,0,5.6,0,0,미분류,미분류,0,0,0,미분류,0,0,0,미분류,미분류,0,미분류,미분류,미분류,0,0,,1
"MULTIPOLYGON (((240246.3201 409759.8301,240246.0801 409757.5601,240243.6701 409757.700099999,240243.9201 409759.7501,240246.3201 409759.8301)))",교량,1152,대전광역시 동구 ,36710088,58213,BRG1152000,미분류,철근콘크리트교,,미분류,미분류,2.3,미분류,1,미분류,0,0,2.05,0,2.4,0,0,미분류,미분류,0,0,0,미분류,0,0,0,미분류,미분류,0,미분류,미분류,미분류,0,0,,1
"MULTIPOLYGON (((236869.7322 412473.554300001,236858.0138 412469.2553,236850.4003 412498.892100001,236859.5663 412503.0285,236869.7322 412473.554300001)))",교량,1153,대전광역시 중구 ,36710077,22374,BRG1153000,미분류,철근콘크리트교,과례육교,미분류,미분류,20,미분류,6,미분류,0,0,25.4,0,11,0,0,미분류,미분류,0,0,1.8,미분류,0,0,0,미분류,미분류,0,미분류,미분류,미분류,0,0,과례육교,1
"MULTIPOLYGON (((240404.9601 412091.2601,240402.2801 412089.450099999,240400.2001 412092.620100001,240402.6001 412094.710100001,240404.9601 412091.2601)))",교량,1154,대전광역시 동구 ,36710078,19297,BRG1154000,미분류,철근콘크리트교,,미분류,미분류,4.5,미분류,1,미분류,0,0,4.26,0,2.9,0,0,미분류,미분류,0,0,0,미분류,0,0,0,미분류,미분류,0,미분류,미분류,미분류,0,0,,1
"MULTIPOLYGON (((240386.6301 412176.210100001,240384.766 412174.9825,240379.4987 412183.070900001,240381.5001 412184.3301,240386.6301 412176.210100001)))",교량,1155,대전광역시 동구 ,36710078,57007,BRG1155000,미분류,철근콘크리트교,,미분류,미분류,9.3,미분류,1,미분류,0,0,9.59,0,2,0,0,미분류,미분류,0,0,0,미분류,0,0,0,미분류,미분류,0,미분류,미분류,미분류,0,0,,1
"MULTIPOLYGON (((239538.7301 412890.110099999,239511.7701 412876.2301,239508.7901 412882.0001,239535.2201 412895.450099999,239538.7301 412890.110099999)))",교량,1156,대전광역시 동구 ,36710078,68729,BRG1156000,미분류,철근콘크리트교,,미분류,미분류,30.3,하천,1,미분류,0,0,30.51,0,6.5,0,0,미분류,미분류,0,0,2,미분류,0,0,0,미분류,미분류,0,미분류,미분류,미분류,0,0,,1
"MULTIPOLYGON (((239429.7401 413045.460100001,239428.5301 413044.3201,239419.8701 413066.880100001,239485.5501 413098.6401,239493.0901 413075.9301,239492.6701 413075.8901,239429.7401 413045.460100001)))",교량,1157,대전광역시 동구 ,36710078,20668,BRG1157000,미분류,철근콘크리트교,문창교,미분류,미분류,72,하천,4,미분류,0,0,72.9,0,25,0,0,미분류,미분류,0,0,5,미분류,0,0,0,미분류,미분류,0,미분류,미분류,미분류,0,0,문창교,1
"MULTIPOLYGON (((239191.0321 413808.1011,239210.8501 413776.437100001,239209.8561 413776.5151,239151.0291 413744.9101,239150.3671 413744.088099999,239149.6933 413741.649800001,239128.0567 413774.479599999,239130.2861 413773.6811,239131.0391 413773.641100001,239133.2481 413774.327099999,239189.4281 413804.6459,239190.3131 413805.743100001,239190.7921 413807.0151,239191.0321 413808.1011)))",교량,1158,대전광역시 동구 ,36710078,14740,BRG1158000,미분류,철근콘크리트교,보문교,미분류,미분류,72,하천,6,미분류,0,0,69.87,0,35,0,0,미분류,미분류,0,0,4.6,미분류,0,0,0,미분류,미분류,0,미분류,미분류,미분류,0,0,보문교,1
"MULTIPOLYGON (((239053.9312 414031.0254,238963.9196 413997.4483,238955.1782 414009.661599999,239045.8175 414043.4121,239053.9312 414031.0254)))",교량,1159,대전광역시 동구 ,36710078,23836,BRG1159000,미분류,철근콘크리트교,인창교,미분류,미분류,72.1,하천,2,미분류,0,0,75.51,0,15,0,0,미분류,미분류,0,0,6.3,미분류,0,0,0,미분류,미분류,0,미분류,미분류,미분류,0,0,인창교,1
"MULTIPOLYGON (((239811.5201 413600.720100001,239809.3401 413594.0001,239806.0201 413595.0001,239780.7901 413602.5801,239778.4501 413603.290100001,239782.6001 413609.630100001,239785.4101 413608.770099999,239809.2501 413601.4201,239811.5201 413600.720100001)))",교량,1160,대전광역시 동구 ,36710078,24098,BRG1160000,미분류,강교,,미분류,미분류,30.3,철도,0,미분류,0,0,32.3,0,7,0,0,미분류,미분류,0,0,0,미분류,0,0,0,미분류,미분류,0,미분류,미분류,미분류,0,0,,1
"MULTIPOLYGON (((239816.6501 413610.870100001,239813.6601 413604.7401,239811.2901 413605.460100001,239787.6101 413612.5701,239784.5101 413613.5001,239786.4101 413620.2301,239791.0701 413618.790100001,239814.3801 413611.5801,239816.6501 413610.870100001)))",교량,1161,대전광역시 동구 ,36710078,24098,BRG1161000,미분류,강교,,미분류,미분류,31.7,철도,0,미분류,0,0,31.62,0,7,0,0,미분류,미분류,0,0,0,미분류,0,0,0,미분류,미분류,0,미분류,미분류,미분류,0,0,,1
"MULTIPOLYGON (((240345.2301 412273.850099999,240268.3898 412228.8291,240259.1875 412241.0288,240337.1701 412286.5101,240347.2567 412292.329,240355.9482 412280.734099999,240345.2301 412273.850099999)))",교량,1162,대전광역시 동구 ,36710078,24106,BRG1162000,미분류,철근콘크리트교,석교,미분류,미분류,80,하천,2,미분류,0,0,82.51,0,15,0,0,미분류,미분류,0,0,4,미분류,0,0,0,미분류,미분류,0,미분류,미분류,미분류,0,0,석교,1
"MULTIPOLYGON (((240290.8001 412265.3101,240287.7301 412264.2601,240282.5101 412273.8401,240285.3401 412275.3301,240290.8001 412265.3101)))",교량,1163,대전광역시 동구 ,36710078,24106,BRG1163000,미분류,철근콘크리트교,,미분류,미분류,10.6,미분류,1,미분류,0,0,3.36,0,3,0,0,미분류,미분류,0,0,0,미분류,0,0,0,미분류,미분류,0,미분류,미분류,미분류,0,0,,1
"MULTIPOLYGON (((239762.8607 412657.177999999,239762.1505 412654.1262,239749.8804 412654.884,239750.0632 412658.1888,239762.8607 412657.177999999)))",교량,1164,대전광역시 동구 ,36710078,24197,BRG1164000,미분류,철근콘크리트교,,미분류,미분류,12.3,미분류,1,미분류,0,0,3.72,0,3.3,0,0,미분류,미분류,0,0,0,미분류,0,0,0,미분류,미분류,0,미분류,미분류,미분류,0,0,,1
"MULTIPOLYGON (((239882.6001 411872.8101,239880.8901 411870.3401,239875.0701 411874.600099999,239876.8701 411877.0001,239882.6001 411872.8101)))",교량,1165,대전광역시 중구 ,36710078,59941,BRG1165000,미분류,철근콘크리트교,,미분류,미분류,7,미분류,1,미분류,0,0,3.05,0,3,0,0,미분류,미분류,0,0,0,미분류,0,0,0,미분류,미분류,0,미분류,미분류,미분류,0,0,,1
"MULTIPOLYGON (((239814.6501 412647.0801,239774.9601 412643.8901,239782.2001 412652.2401,239775.7401 412697.350099999,239800.5901 412697.950099999,239807.0001 412653.440099999,239814.6501 412647.0801)))",교량,1166,대전광역시 동구 ,36710078,14865,BRG1166000,미분류,철근콘크리트교,천석교,미분류,미분류,50,하천,5,미분류,0,0,40.34,0,50,0,0,미분류,미분류,0,0,4.6,미분류,0,0,0,미분류,미분류,0,미분류,미분류,미분류,0,0,천석교,1
"MULTIPOLYGON (((239939.5401 413844.600099999,239935.4301 413836.6701,239931.9755 413830.125,239900.0901 413841.290100001,239913.9001 413866.8301,239942.2497 413849.4934,239939.5401 413844.600099999)))",교량,1167,대전광역시 동구 ,36710078,24162,BRG1167000,미분류,철근콘크리트교,제2치수교,미분류,미분류,27,하천,6,미분류,0,0,27.87,0,5.5,0,0,미분류,미분류,0,0,6,미분류,0,0,0,미분류,미분류,0,미분류,미분류,미분류,0,0,제2치수교,1
"MULTIPOLYGON (((239624.8411 414140.639900001,239599.3567 414139.8124,239598.3115 414151.794500001,239625.0425 414152.878900001,239624.8411 414140.639900001)))",교량,1168,대전광역시 동구 ,36710078,67006,BRG1168000,미분류,철근콘크리트교,대신교,미분류,미분류,22.4,하천,2,미분류,0,0,22.57,0,12.4,0,0,미분류,미분류,0,0,2.4,미분류,0,0,0,미분류,미분류,0,미분류,미분류,미분류,0,0,대신교,1
"MULTIPOLYGON (((240056.9001 413777.5001,240054.1101 413771.850099999,240051.2701 413773.4001,240054.2701 413778.940099999,240056.9001 413777.5001)))",교량,1169,대전광역시 동구 ,36710078,67030,BRG1169000,미분류,철근콘크리트교,,미분류,미분류,6.3,하천,1,미분류,0,0,6.42,0,3,0,0,미분류,미분류,0,0,0,미분류,0,0,0,미분류,미분류,0,미분류,미분류,미분류,0,0,,1
"MULTIPOLYGON (((240375.6072 413642.103499999,240366.2401 413626.4101,240354.6082 413606.340399999,240346.8686 413610.148600001,240358.2301 413627.720100001,240365.8301 413640.8301,240366.0901 413642.300100001,240365.8101 413643.210100001,240365.3601 413644.020099999,240364.7432 413645.947699999,240364.8176 413646.352700001,240376.8145 413643.3167,240376.2643 413642.8147,240375.6072 413642.103499999)))",교량,1170,대전광역시 동구 ,36710078,67082,BRG1170000,미분류,철근콘크리트교,판암2교,미분류,미분류,20,하천,2,미분류,0,0,17.84,0,8,0,0,미분류,미분류,0,0,0,미분류,0,0,0,미분류,미분류,0,미분류,미분류,미분류,0,0,판암2교,1
"MULTIPOLYGON (((240150.79 413720.8401,240148.67 413717.880000001,240134.6001 413727.600199999,240137.3 413731.6,240138.4191 413733.257099999,240150.79 413720.8401)))",교량,1171,대전광역시 동구 ,36710078,24120,BRG1171000,미분류,철근콘크리트교,,미분류,미분류,13.82,일반도로,2,미분류,0,0,13.82,0,9.8,0,0,미분류,미분류,0,0,2.8,미분류,0,0,0,미분류,미분류,0,미분류,미분류,미분류,0,0,,1
"MULTIPOLYGON (((239824.108 411766.699100001,239819.68 411757.741,239813.8781 411760.832,239818.375 411769.4681,239824.108 411766.699100001)))",교량,1172,대전광역시 중구 ,36710078,59969,BRG1172000,미분류,철근콘크리트교,,미분류,미분류,6.68,일반도로,2,미분류,0,0,6.68,0,9.78,0,0,미분류,미분류,0,0,0,미분류,0,0,0,미분류,미분류,0,미분류,미분류,미분류,0,0,,1
"MULTIPOLYGON (((239696.8451 411550.935000001,239695.953 411549.243000001,239690.384 411552.805,239691.286 411554.393200001,239696.8451 411550.935000001)))",교량,1173,대전광역시 중구 ,36710078,59981,BRG1173000,미분류,철근콘크리트교,,미분류,미분류,6.72,일반도로,0,미분류,0,0,6.72,0,1.85,0,0,미분류,미분류,0,0,0,미분류,0,0,0,미분류,미분류,0,미분류,미분류,미분류,0,0,,1
"MULTIPOLYGON (((239261.6121 410845.488,239257.0161 410844.5141,239256.2211 410849.3671,239260.7622 410850.585000001,239261.6121 410845.488)))",교량,1174,대전광역시 중구 ,36710088,60176,BRG1174000,미분류,철근콘크리트교,,미분류,미분류,5.44,일반도로,0,미분류,0,0,5.44,0,4.95,0,0,미분류,미분류,0,0,0,미분류,0,0,0,미분류,미분류,0,미분류,미분류,미분류,0,0,,1
"MULTIPOLYGON (((238624.369 411125.405099999,238620.0961 411123.7939,238617.892 411128.3541,238622.4441 411130.043,238624.369 411125.405099999)))",교량,1175,대전광역시 중구 ,36710088,57325,BRG1175000,미분류,철근콘크리트교,,미분류,미분류,4.63,일반도로,0,미분류,0,0,4.63,0,4.97,0,0,미분류,미분류,0,0,0,미분류,0,0,0,미분류,미분류,0,미분류,미분류,미분류,0,0,,1
"MULTIPOLYGON (((239734.6801 409721.5901,239731.4601 409717.600099999,239728.58 409720.0902,239732.1301 409724.470000001,239732.62 409726.59,239738.6101 409722.2301,239734.6801 409721.5901)))",교량,1176,대전광역시 동구 ,36710088,58792,BRG1176000,미분류,철근콘크리트교,,미분류,미분류,7.85,일반도로,1,미분류,0,0,7.85,0,7.45,0,0,미분류,미분류,0,0,0,미분류,0,0,0,미분류,미분류,0,미분류,미분류,미분류,0,0,,1
"MULTIPOLYGON (((239642.2961 409806.632099999,239646.0491 409799.398,239643.394 409799.973099999,239638.9621 409798.841,239637.155 409803.004000001,239641.2389 409804.4081,239642.2961 409806.632099999)))",교량,1177,대전광역시 동구 ,36710088,58848,BRG1177000,미분류,철근콘크리트교,,미분류,미분류,6.51,일반도로,1,미분류,0,0,6.51,0,8.36,0,0,미분류,미분류,0,0,0,미분류,0,0,0,미분류,미분류,0,미분류,미분류,미분류,0,0,,1
"MULTIPOLYGON (((236851.181099689 409922.359204417,236844.036511689 409918.914012857,236841.509126665 409924.350918815,236848.709186059 409927.552418467,236851.181099689 409922.359204417)))",교량,1178,대전광역시 중구 ,36710087,57362,BRG1178000,미분류,철근콘크리트교,,미분류,미분류,7.13,일반도로,1,미분류,0,0,7.13,0,3.74,0,0,미분류,미분류,0,0,0,미분류,0,0,0,미분류,미분류,0,미분류,미분류,미분류,0,0,,1
"MULTIPOLYGON (((236552.908 409733.056,236549.836 409731.167099999,236547.396 409734.573999999,236550.8341 409736.544,236552.908 409733.056)))",교량,1179,대전광역시 중구 ,36710087,59490,BRG1179000,미분류,철근콘크리트교,,미분류,미분류,4.09,일반도로,1,미분류,0,0,4.09,0,4.1,0,0,미분류,미분류,0,0,0,미분류,0,0,0,미분류,미분류,0,미분류,미분류,미분류,0,0,,1
"MULTIPOLYGON (((237759.6101 415658.770099999,237724.7501 415597.120100001,237714.5101 415602.9901,237749.2001 415664.3401,237759.6101 415658.770099999)))",교량,1180,대전광역시 동구 ,36710067,28003,BRG1180000,미분류,철근콘크리트교,,미분류,미분류,74.1,하천,2,미분류,0,0,70.98,0,11.8,0,0,미분류,미분류,0,0,5.2,미분류,0,0,0,미분류,미분류,0,미분류,미분류,미분류,0,0,,1
"MULTIPOLYGON (((237940.5601 415517.3201,237928.1601 415517.0001,237906.8701 415547.6701,237890.1901 415571.470100001,237902.7301 415571.710100001,237910.9301 415560.0001,237915.4001 415553.620100001,237937.9201 415521.1801,237940.5601 415517.3201)))",교량,1181,대전광역시 동구 ,36710067,28005,BRG1181000,미분류,철근콘크리트교,,미분류,미분류,66.4,하천,2,미분류,0,0,66.24,0,10.4,0,0,미분류,미분류,0,0,2.7,미분류,0,0,0,미분류,미분류,0,미분류,미분류,미분류,0,0,,1
"MULTIPOLYGON (((237156.2241 416023.949100001,237092.6511 416004.938100001,237089.0011 416016.1281,237153.1711 416035.1689,237156.2241 416023.949100001)))",교량,1182,대전광역시 동구 ,36710067,21266,BRG1182000,미분류,철근콘크리트교,없음,미분류,미분류,66.6,하천,2,미분류,0,0,66.27,0,11.7,0,0,미분류,미분류,0,0,4,미분류,0,0,0,미분류,미분류,0,미분류,미분류,미분류,0,0,없음,1
"MULTIPOLYGON (((236571.2481 415800.857100001,236568.9331 415800.188100001,236567.8801 415806.8069,236570.2131 415807.176899999,236571.2481 415800.857100001)))",교량,1183,대전광역시 중구 ,36710067,55372,BRG1183000,미분류,철근콘크리트교,없음,미분류,미분류,6.5,미분류,1,미분류,0,0,2.27,0,2.4,0,0,미분류,미분류,0,0,0,미분류,0,0,0,미분류,미분류,0,미분류,미분류,미분류,0,0,없음,1
"MULTIPOLYGON (((237544.0731 415637.293099999,237542.0162 415632.0821,237544.4499 415624.241800001,237490.0651 415640.7141,237594.1471 415740.327099999,237595.5271 415742.6471,237595.8171 415744.4869,237595.7071 415746.6281,237594.8371 415749.267899999,237593.6871 415750.697899999,237591.7571 415752.2381,237647.2921 415735.891100001,237646.7691 415735.5021,237644.1641 415733.1801,237544.0731 415637.293099999)))",교량,1184,대전광역시 동구 ,36710067,24798,BRG1184000,미분류,철근콘크리트교,현암교,미분류,미분류,156,하천,8,미분류,0,0,148.35,0,40,0,0,미분류,미분류,0,0,7.2,미분류,0,0,0,미분류,미분류,0,미분류,미분류,미분류,0,0,현암교,1
"MULTIPOLYGON (((237973.0901 415300.0101,237940.0151 415281.869100001,237924.9601 415308.710100001,237935.5301 415314.3401,237944.1801 415318.960100001,237965.9301 415330.550100001,237982.5601 415339.4201,238010.3901 415354.4101,238019.1101 415359.120100001,238039.4008 415370.8125,238057.0575 415344.662900001,238033.3701 415332.520099999,238024.7901 415327.9801,237974.4101 415300.7301,237973.0901 415300.0101)))",교량,1185,대전광역시 동구 ,36710067,21821,BRG1185000,미분류,철근콘크리트교,삼선교,미분류,미분류,128,하천,4,미분류,0,0,128.51,0,30,0,0,미분류,미분류,0,0,9.4,미분류,0,0,0,미분류,미분류,0,미분류,미분류,미분류,0,0,삼선교,1
"MULTIPOLYGON (((238993.8001 415863.1501,239023.1979 415880.815099999,239034.5601 415859.550100001,239035.5401 415858.6801,238999.8301 415837.0601,238988.7123 415864.091499999,238993.8001 415863.1501)))",교량,1186,대전광역시 동구 ,36710068,21823,BRG1186000,미분류,철근콘크리트교,성남교,미분류,미분류,41.6,하천,4,미분류,0,0,41.68,0,25,0,0,미분류,미분류,0,0,7.2,미분류,0,0,0,미분류,미분류,0,미분류,미분류,미분류,0,0,성남교,1
"MULTIPOLYGON (((238613.5601 415868.3301,238610.6501 415866.1501,238599.2201 415882.130100001,238595.6501 415887.130100001,238595.0801 415887.9301,238598.1801 415890.4001,238598.8001 415889.520099999,238602.3101 415884.4901,238613.5601 415868.3301)))",교량,1187,대전광역시 동구 ,36710068,76698,BRG1187000,미분류,강교,,미분류,미분류,27,철도,0,미분류,0,0,26.93,0,3.7,0,0,미분류,미분류,0,0,0,미분류,0,0,0,미분류,미분류,0,미분류,미분류,미분류,0,0,,1
"MULTIPOLYGON (((238798.2901 416004.790100001,238778.8301 416000.1601,238772.9701 416036.1401,238789.9201 416038.600099999,238798.2901 416004.790100001)))",교량,1188,대전광역시 동구 ,36710068,76995,BRG1188000,미분류,철근콘크리트교,삼선교,미분류,미분류,35,하천,1,미분류,0,0,34.76,0,20,0,0,미분류,미분류,0,0,5.4,미분류,0,0,0,미분류,미분류,0,미분류,미분류,미분류,0,0,삼선교,1
"MULTIPOLYGON (((238618.9801 415871.8901,238618.2601 415871.450099999,238606.9301 415888.020099999,238603.3401 415893.2601,238603.2501 415893.4001,238603.8101 415893.8301,238605.0101 415894.7601,238605.9101 415895.460100001,238605.9501 415895.4001,238609.4001 415890.2401,238620.8901 415873.0701,238620.2501 415872.6701,238618.9801 415871.8901)))",교량,1189,대전광역시 동구 ,36710068,76698,BRG1189000,미분류,강교,,미분류,미분류,26.7,철도,0,미분류,0,0,26.95,0,3.2,0,0,미분류,미분류,0,0,0,미분류,0,0,0,미분류,미분류,0,미분류,미분류,미분류,0,0,,1
"MULTIPOLYGON (((238622.4101 415874.2401,238621.9001 415873.870100001,238610.0501 415890.9001,238606.5601 415895.9101,238606.2501 415896.360099999,238606.9301 415896.8101,238608.1801 415897.6401,238609.1001 415898.2501,238609.2101 415898.0901,238612.5001 415893.360099999,238624.6601 415875.860099999,238623.7601 415875.210100001,238622.4101 415874.2401)))",교량,1190,대전광역시 동구 ,36710068,76698,BRG1190000,미분류,강교,,미분류,미분류,27.3,철도,0,미분류,0,0,27.38,0,3.4,0,0,미분류,미분류,0,0,0,미분류,0,0,0,미분류,미분류,0,미분류,미분류,미분류,0,0,,1
"MULTIPOLYGON (((238638.9601 415881.940099999,238637.4301 415880.6601,238619.6601 415901.860099999,238615.8401 415906.4201,238613.0201 415909.780099999,238614.5501 415911.0701,238617.1601 415907.960100001,238621.0301 415903.3401,238638.9601 415881.940099999)))",교량,1191,대전광역시 동구 ,36710068,66474,BRG1191000,미분류,철근콘크리트교,,미분류,미분류,38,하천,1,미분류,0,0,37.84,0,2,0,0,미분류,미분류,0,0,0,미분류,0,0,0,미분류,미분류,0,미분류,미분류,미분류,0,0,,1
"MULTIPOLYGON (((238353.8001 415742.850099999,238341.8801 415741.1501,238321.3301 415784.290100001,238333.2601 415786.0101,238353.8001 415742.850099999)))",교량,1192,대전광역시 동구 ,36710068,85663,BRG1192000,미분류,철근콘크리트교,삼성교,미분류,미분류,47.8,하천,2,미분류,0,0,47.57,0,11.5,0,0,미분류,미분류,0,0,3.2,미분류,0,0,0,미분류,미분류,0,미분류,미분류,미분류,0,0,삼성교,1
"MULTIPOLYGON (((238463.6301 415761.6701,238433.5618 415748.083900001,238390.7501 415785.790100001,238426.0801 415794.6801,238463.6301 415761.6701)))",교량,1193,대전광역시 동구 ,36710068,14085,BRG1193000,미분류,철근콘크리트교,제1삼성교,미분류,미분류,50,하천,6,미분류,0,0,49.03,0,30,0,0,미분류,미분류,0,0,5.7,미분류,0,0,0,미분류,미분류,0,미분류,미분류,미분류,0,0,제1삼성교,1
"MULTIPOLYGON (((238718.8901 415699.610099999,238691.1501 415687.700099999,238679.6901 415715.9001,238707.0001 415728.370100001,238718.8901 415699.610099999)))",교량,1194,대전광역시 동구 ,36710068,21824,BRG1194000,미분류,철근콘크리트교,,미분류,미분류,31.1,철도,1,미분류,0,0,30.28,0,30,0,0,미분류,미분류,0,0,0,미분류,0,0,0,미분류,미분류,0,미분류,미분류,미분류,0,0,,1
"MULTIPOLYGON (((239282.0071 415573.572899999,239244.0021 415559.2499,239242.9451 415562.0569,239281.0261 415576.4089,239282.0071 415573.572899999)))",교량,1195,대전광역시 동구 ,36710068,66336,BRG1195000,미분류,철근콘크리트교,가제교,미분류,미분류,40,하천,1,미분류,0,0,40.84,0,3,0,0,미분류,미분류,0,0,0,미분류,0,0,0,미분류,미분류,0,미분류,미분류,미분류,0,0,가제교,1
"MULTIPOLYGON (((239555.9601 414579.850099999,239554.5501 414577.3401,239550.4601 414577.4101,239540.4201 414600.0801,239580.7601 414617.710100001,239591.5414 414594.136,239591.2301 414591.520099999,239582.8301 414591.450099999,239575.1601 414588.110099999,239555.9601 414579.850099999)))",교량,1196,대전광역시 동구 ,36710068,20859,BRG1196000,미분류,철근콘크리트교,대동교,미분류,미분류,44,하천,4,미분류,0,0,44.27,0,28.2,0,0,미분류,미분류,0,0,3.4,미분류,0,0,0,미분류,미분류,0,미분류,미분류,미분류,0,0,대동교,1
"MULTIPOLYGON (((238561.2191 414769.7311,238575.1771 414747.814099999,238580.1371 414740.085899999,238552.0951 414726.5931,238551.4571 414725.7729,238550.4201 414724.834100001,238548.6941 414723.4571,238546.7461 414722.2381,238545.0701 414721.416099999,238542.8821 414720.519099999,238541.3971 414720.2381,238539.9441 414720.0569,238538.3911 414719.975099999,238538.1501 414719.9311,238512.941 414707.582900001,238495.3301 414738.2411,238514.4491 414747.5461,238523.0771 414751.745100001,238523.4711 414752.0439,238524.6501 414753.200099999,238526.0741 414754.358100001,238527.5221 414755.3959,238529.7151 414756.5811,238531.2271 414757.2239,238532.9671 414757.777100001,238534.1421 414757.941099999,238534.8821 414757.983899999,238536.1981 414757.9561,238561.1271 414769.621099999,238561.2191 414769.7311)))",교량,1197,대전광역시 동구 ,36710068,21782,BRG1197000,미분류,철근콘크리트교,목척교,미분류,미분류,72.8,하천,6,미분류,0,0,74.1,0,35.8,0,0,미분류,미분류,0,0,10.2,미분류,0,0,0,미분류,미분류,0,미분류,미분류,미분류,0,0,목척교,1
"MULTIPOLYGON (((238609.0551 414584.462099999,238600.807 414580.8387,238594.1507 414587.0109,238609.0131 414593.9761,238624.5251 414601.452099999,238662.8815 414619.278100001,238666.0746 414611.227299999,238628.4191 414593.008099999,238609.0551 414584.462099999)))",교량,1198,대전광역시 동구 ,36710068,66230,BRG1198000,미분류,철근콘크리트교,은행교,미분류,미분류,58.8,하천,2,미분류,0,0,59.51,0,9.3,0,0,미분류,미분류,0,0,0,미분류,0,0,0,미분류,미분류,0,미분류,미분류,미분류,0,0,은행교,1
"MULTIPOLYGON (((239336.1721 415306.072899999,239325.0821 415299.8199,239322.17 415305.758199999,239322.6511 415306.0111,239362.8621 415328.5551,239363.7721 415321.6361,239336.1721 415306.072899999)))",교량,1199,대전광역시 동구 ,36710068,20853,BRG1199000,미분류,철근콘크리트교,철갑교,미분류,미분류,45.2,하천,2,미분류,0,0,44.29,0,6.5,0,0,미분류,미분류,0,0,0,미분류,0,0,0,미분류,미분류,0,미분류,미분류,미분류,0,0,철갑교,1
"MULTIPOLYGON (((239234.9651 414440.9999,239215.6141 414432.5721,239203.1091 414462.584100001,239222.7821 414470.3631,239234.9651 414440.9999)))",교량,1200,대전광역시 동구 ,36710068,20725,BRG1200000,미분류,철근콘크리트교,,미분류,미분류,32.1,철도,2,미분류,0,0,32.44,0,21.1,0,0,미분류,미분류,0,0,2.3,미분류,0,0,0,미분류,미분류,0,미분류,미분류,미분류,0,0,,1
"MULTIPOLYGON (((238729.7541 414516.6609,238654.8462 414484.311799999,238642.562 414496.660700001,238720.6152 414530.5349,238729.7541 414516.6609)))",교량,1201,대전광역시 동구 ,36710068,25475,BRG1201000,미분류,철근콘크리트교,중교,미분류,미분류,76.3,하천,2,미분류,0,0,76.68,0,15.7,0,0,미분류,미분류,0,0,5.2,미분류,0,0,0,미분류,미분류,0,미분류,미분류,미분류,0,0,중교,1
"MULTIPOLYGON (((238867.7001 414306.8901,238887.3885 414277.960899999,238883.0411 414278.881100001,238881.6611 414279.291099999,238881.1911 414279.2611,238880.6311 414279.210899999,238822.4721 414250.300100001,238821.4321 414244.780099999,238798.7101 414277.8891,238867.7001 414306.8901)))",교량,1202,대전광역시 동구 ,36710068,25139,BRG1202000,미분류,철근콘크리트교,대흥교,미분류,미분류,72,하천,6,미분류,0,0,73.74,0,16.2,0,0,미분류,미분류,0,0,8.8,미분류,0,0,0,미분류,미분류,0,미분류,미분류,미분류,0,0,대흥교,1
"MULTIPOLYGON (((239506.0151 414792.5471,239483.9781 414785.368100001,239482.9481 414788.418099999,239506.0011 414795.7731,239523.5081 414801.358100001,239524.4081 414798.5381,239506.0151 414792.5471)))",교량,1203,대전광역시 동구 ,36710068,64592,BRG1203000,미분류,철근콘크리트교,,미분류,미분류,23.7,하천,1,미분류,0,0,42.9,0,3,0,0,미분류,미분류,0,0,0,미분류,0,0,0,미분류,미분류,0,미분류,미분류,미분류,0,0,,1
"MULTIPOLYGON (((239422.5021 415124.2751,239384.8011 415112.631100001,239376.2941 415141.006100001,239414.2741 415152.4059,239422.5021 415124.2751)))",교량,1204,대전광역시 동구 ,36710068,20857,BRG1204000,미분류,철근콘크리트교,동서교,미분류,미분류,40,하천,6,미분류,0,0,40.47,0,30,0,0,미분류,미분류,0,0,4.8,미분류,0,0,0,미분류,미분류,0,미분류,미분류,미분류,0,0,동서교,1
"MULTIPOLYGON (((239506.1781 414869.417300001,239460.4371 414856.777100001,239458.1571 414865.687100001,239502.5946 414878.3334,239506.1781 414869.417300001)))",교량,1205,대전광역시 동구 ,36710068,25452,BRG1205000,미분류,철근콘크리트교,소제교,미분류,미분류,44,하천,2,미분류,0,0,44.65,0,8,0,0,미분류,미분류,0,0,0,미분류,0,0,0,미분류,미분류,0,미분류,미분류,미분류,0,0,소제교,1
"MULTIPOLYGON (((239594.1401 414380.1401,239593.3901 414379.790100001,239593.3501 414384.200099999,239608.9501 414391.8401,239616.0901 414395.3301,239616.2301 414390.9201,239608.9501 414387.370100001,239594.1401 414380.1401)))",교량,1206,대전광역시 동구 ,36710068,76799,BRG1206000,미분류,철근콘크리트교,,미분류,미분류,25.4,하천,1,미분류,0,0,25.13,0,4,0,0,미분류,미분류,0,0,0,미분류,0,0,0,미분류,미분류,0,미분류,미분류,미분류,0,0,,1
"MULTIPOLYGON (((239593.9801 414540.5101,239570.0801 414533.050100001,239569.3901 414535.4901,239593.6201 414542.9101,239593.9801 414540.5101)))",교량,1207,대전광역시 동구 ,36710068,77074,BRG1207000,미분류,철근콘크리트교,동광교,미분류,미분류,25.5,하천,1,미분류,0,0,25.22,0,2,0,0,미분류,미분류,0,0,0,미분류,0,0,0,미분류,미분류,0,미분류,미분류,미분류,0,0,동광교,1
"MULTIPOLYGON (((238181.2901 415551.5601,238165.0601 415546.960100001,238155.8201 415557.270099999,238124.1101 415591.380100001,238122.9159 415592.5438,238133.2049 415604.649599999,238140.6701 415595.600099999,238155.7201 415579.4001,238181.2901 415551.5601)))",교량,1208,대전광역시 동구 ,36710067,21780,BRG1208000,미분류,철근콘크리트교,북부교,미분류,미분류,60,하천,2,미분류,0,0,60.24,0,15,0,0,미분류,미분류,0,0,7.4,미분류,0,0,0,미분류,미분류,0,미분류,미분류,미분류,0,0,북부교,1
"MULTIPOLYGON (((238246.0451 415083.280099999,238165.7145 415022.274700001,238154.6382 415033.149499999,238155.3783 415033.7786,238158.1161 415035.6971,238236.4561 415094.8291,238246.0451 415083.280099999)))",교량,1209,대전광역시 동구 ,36710068,21779,BRG1209000,미분류,철근콘크리트교,선화교,미분류,미분류,98.2,하천,3,미분류,0,0,98.36,0,16,0,0,미분류,미분류,0,0,4.4,미분류,0,0,0,미분류,미분류,0,미분류,미분류,미분류,0,0,선화교,1
"MULTIPOLYGON (((238606.055 415846.0799,238596.886 415841.027000001,238575.3509 415864.594599999,238573.3161 415866.8213,238567.874 415872.777100001,238575.799 415879.395099999,238581.6256 415872.979499999,238583.6529 415870.747400001,238606.055 415846.0799)))",교량,1210,대전광역시 동구 ,36710068,74865,BRG1210000,미분류,철근콘크리트교,대동천1교,미분류,미분류,44.82,일반도로,2,미분류,0,0,44.82,0,10.59,0,0,미분류,미분류,0,0,2.4,미분류,0,0,0,미분류,미분류,0,미분류,미분류,미분류,0,0,대동천1교,1
"MULTIPOLYGON (((238653.6349 415889.3772,238645.468 415881.984999999,238621.685 415921.017999999,238629.745 415928.232999999,238653.6349 415889.3772)))",교량,1211,대전광역시 동구 ,36710068,66474,BRG1211000,미분류,철근콘크리트교,대동천2교,미분류,미분류,45.42,일반도로,2,미분류,0,0,45.42,0,10.54,0,0,미분류,미분류,0,0,2.7,미분류,0,0,0,미분류,미분류,0,미분류,미분류,미분류,0,0,대동천2교,1
"MULTIPOLYGON (((239171.5996 415682.5813,239185.6674 415682.4526,239195.5311 415683.2689,239206.6933 415687.7849,239215.0308 415689.206800001,239245.1052 415659.6272,239234.1895 415656.3927,239222.2627 415656.8149,239212.9861 415654.872099999,239200.5512 415652.935900001,239188.191 415651.8278,239176.5001 415651.3389,239165.2308 415651.519200001,239150.782 415653.755899999,239119.481 415689.131999999,239140.0606 415687.6952,239151.3311 415683.651000001,239171.5996 415682.5813)))",교량,1212,대전광역시 동구 ,36710068,64650,BRG1212000,미분류,철근콘크리트교,대동천교,미분류,미분류,90.47,일반도로,6,미분류,0,0,90.47,0,50.78,0,0,미분류,미분류,0,0,10,미분류,0,0,0,미분류,미분류,0,미분류,미분류,미분류,0,0,대동천교,1
"MULTIPOLYGON (((241403.5601 410463.870100001,241403.2215 410464.1379,241391.2901 410448.939999999,241370.67 410465.58,241382.4379 410480.573899999,241382.0001 410480.9201,241415.7101 410523.6401,241446.0501 410562.6501,241467.3601 410590.120100001,241487.9001 410615.9801,241509.6601 410643.970100001,241526.1001 410666.7501,241544.6701 410693.0701,241555.4701 410710.620100001,241560.9401 410719.520099999,241561.7696 410719.0318,241572.72 410738.780099999,241585.42 410765.530099999,241602.58 410806.76,241607.48 410819.800000001,241633.8005 410925.731699999,241636.7109 410954.6865,241637.8433 410972.906500001,241639.386 410990.3188,241639.5554 410997.403000001,241669.4527 410993.9034,241668.2864 410982.7667,241666.5589 410961.508199999,241663.2236 410936.396600001,241661.3074 410912.101299999,241659.5381 410899.5449,241632.59 410811.2601,241627.23 410797.0101,241609.64 410754.7501,241596.3 410726.66,241582.06 410700.9901,241565.5566 410675.5955,241563.2201 410671.8201,241544.1901 410644.5601,241544.0407 410644.359999999,241539.1601 410637.3201,241531.37 410627.390000001,241531.2398 410627.224199999,241526.0001 410620.210100001,241506.4201 410594.880100001,241476.2201 410556.190099999,241437.6801 410507.770099999,241403.5601 410463.870100001)))",교량,1213,대전광역시 동구 ,36710089,13535,BRG1213000,미분류,철근콘크리트교,대별3교,미분류,미분류,300,하천,4,미분류,0,0,461.86,0,27.8,0,0,미분류,미분류,0,0,0,미분류,0,0,0,미분류,미분류,0,미분류,미분류,미분류,0,0,대별3교,1
"MULTIPOLYGON (((238944.1171 415955.153100001,238942.2321 415957.508099999,238946.5681 415961.778999999,238971.7929 415986.620100001,238973.8071 415984.392999999,238944.1171 415955.153100001)))",교량,1214,대전광역시 동구 ,36710068,76998,BRG1214000,미분류,철근콘크리트교,인도교,미분류,미분류,35,하천,1,미분류,0,0,42.09,0,3,0,0,미분류,미분류,0,0,0,미분류,0,0,0,미분류,미분류,0,미분류,미분류,미분류,0,0,인도교,1
"MULTIPOLYGON (((239726.4901 413946.610099999,239725.46 413938.960100001,239690.7198 413956.005899999,239717.3001 413966.1,239718.85 413971.7401,239748.592 413957.004000001,239726.4901 413946.610099999)))",교량,1215,대전광역시 동구 ,36710078,24176,BRG1215000,미분류,철근콘크리트교,제1치수교,미분류,미분류,28.45,일반도로,4,미분류,0,0,28.45,0,35.55,0,0,미분류,미분류,0,0,4,미분류,0,0,0,미분류,미분류,0,미분류,미분류,미분류,0,0,제1치수교,1
"MULTIPOLYGON (((239632.344 411443.471000001,239628.1961 411435.471100001,239622.6071 411438.527000001,239627.5209 411446.131100001,239632.344 411443.471000001)))",교량,1216,대전광역시 중구 ,36710078,59950,BRG1216000,미분류,철근콘크리트교,,미분류,미분류,6.3,일반도로,2,미분류,0,0,6.3,0,9.15,0,0,미분류,미분류,0,0,0,미분류,0,0,0,미분류,미분류,0,미분류,미분류,미분류,0,0,,1
"MULTIPOLYGON (((239435.3411 413855.518999999,239423.188 413877.061100001,239469.0231 413890.596999999,239482.064 413868.967,239435.3411 413855.518999999)))",교량,1217,대전광역시 동구 ,36710078,14723,BRG1217000,미분류,철근콘크리트교,,미분류,미분류,48.1,철도,2,미분류,0,0,48.1,0,17.9,0,0,미분류,미분류,0,0,1.8,미분류,0,0,0,미분류,미분류,0,미분류,미분류,미분류,0,0,,1
"MULTIPOLYGON (((239732.2477 402656.6832,239764.9195 402666.960200001,239757.3624 402642.814999999,239723.7647 402635.7839,239732.2477 402656.6832)))",교량,1218,대전광역시 동구 ,36714018,51175,BRG1218000,미분류,미분류,하소1교,미분류,기타,30,일반도로,6,DB24,0,0,30,0,20,0,0,라멘교,미분류,0,0,4,미분류,0,0,0,미분류,미분류,0,미분류,미분류,미분류,0,0,하소1교,1
"MULTIPOLYGON (((239674.7077 402622.7871,239693.9347 402668.2239,239714.297 402664.386399999,239693.7002 402619.699100001,239674.7077 402622.7871)))",교량,1219,대전광역시 동구 ,36714018,53001,BRG1219000,미분류,미분류,산직1교,미분류,기타,11,일반도로,5,DB24,0,0,11,0,24.6,0,0,기타,미분류,0,0,7.3,미분류,0,0,0,미분류,미분류,0,미분류,미분류,미분류,0,0,산직1교,1
"MULTIPOLYGON (((242555.7025 405160.055299999,242527.108 405172.156500001,242538.7102 405189.5921,242564.723 405177.7806,242555.7025 405160.055299999)))",교량,1220,대전광역시 동구 ,36714009,17785,BRG1220000,미분류,미분류,삼괴교,미분류,기타,8,하천,2,DB18,0,0,8,0,8.5,0,0,RC슬래브교,미분류,0,0,0,미분류,0,0,0,미분류,미분류,0,미분류,미분류,미분류,0,0,삼괴교,1
"MULTIPOLYGON (((242628.6797 406184.879699999,242654.327 406180.5504,242650.1592 406159.4706,242625.5258 406164.4123,242628.6797 406184.879699999)))",교량,1221,대전광역시 동구 ,36710099,13469,BRG1221000,미분류,미분류,공주교(통영),미분류,2종,240,일반도로,2,DB24,0,0,240,0,12.2,0,0,PC I형교,미분류,0,0,0.8,미분류,0,0,0,미분류,미분류,0,미분류,미분류,미분류,0,0,공주교(통영),1
"MULTIPOLYGON (((242735.2903 407181.7435,242764.9501 407187.963300001,242769.1246 407166.116900001,242773.3469 407134.551999999,242778.4383 407091.652799999,242785.3994 406999.3587,242782.4323 406941.030999999,242760.4735 406940.1132,242761.5604 406967.250399999,242758.8973 407012.5919,242755.8315 407057.121200001,242752.4128 407090.7151,242747.748 407129.5669,242735.2903 407181.7435)))",교량,1222,대전광역시 동구 ,36710100,13488,BRG1222000,미분류,미분류,남대전IC교(통영),미분류,3종,30,일반도로,3,DB24,0,0,30,0,15.7,0,0,라멘교,미분류,0,0,0.7,미분류,0,0,0,미분류,미분류,0,미분류,미분류,미분류,0,0,남대전IC교(통영),1
"MULTIPOLYGON (((240530.0854 412267.076300001,240537.304 412266.3005,240543.289 412268.554300001,240546.6641 412263.915999999,240539.3576 412261.757200001,240530.721 412261.5145,240530.0854 412267.076300001)))",교량,1223,대전광역시 동구 ,36710079,69815,BRG1223000,미분류,미분류,가오교,미분류,기타,5.4,일반도로,1,"DB13,5",0,0,5.4,0,4.5,0,0,RC슬래브교,미분류,0,0,0,미분류,0,0,0,미분류,미분류,0,미분류,미분류,미분류,0,0,가오교,1
"MULTIPOLYGON (((235944.8421 408710.8661,235953.4296 408711.5342,235958.1933 408714.995200001,235975.0263 408725.287699999,235983.0313 408731.5962,235993.164 408739.634199999,235999.3426 408745.125499999,236004.0198 408751.0406,236006.7373 408751.5074,236011.7936 408751.806600001,236015.9098 408752.0514,236022.2126 408752.077500001,235981.298 408720.531199999,235963.6539 408709.7292,235959.0926 408706.4715,235957.1699 408704.338,235956.0596 408702.4103,235955.8701 408699.0693,235957.5151 408694.6226,235944.8421 408710.8661)))",교량,1224,대전광역시 중구 ,36710087,13456,BRG1224000,미분류,미분류,무수5교,미분류,기타,34.4,하천,2,기타,0,0,34.4,0,8.9,0,0,RC슬래브교,미분류,0,0,0.9,미분류,0,0,0,미분류,미분류,0,미분류,미분류,미분류,0,0,무수5교,1
"MULTIPOLYGON (((233753.3629 409329.145199999,233770.1584 409329.792400001,233770.25 409325.8456,233771.1997 409316.867000001,233771.519 409313.1741,233771.9336 409311.1009,233772.0447 409308.6723,233772.4095 409306.345899999,233772.7783 409303.0074,233774.0739 409296.5856,233775.2168 409290.2139,233776.4553 409285.4112,233777.3605 409281.3411,233778.089 409276.991900001,233779.3714 409273.9606,233780.6655 409267.943600001,233784.4276 409254.5985,233794.856 409226.148399999,233802.9174 409205.128,233816.6494 409170.213,233828.531 409140.6044,233842.5984 409104.4254,233848.4576 409087.748199999,233864.641 409030.322699999,233867.3612 409010.4956,233870.7135 408985.003,233874.1422 408939.8752,233873.883 408902.020300001,233873.303 408894.3257,233872.5244 408885.415899999,233871.1501 408872.8599,233869.8924 408856.4583,233854.0293 408857.611099999,233854.506 408865.710100001,233855.0892 408872.595000001,233856.5311 408893.906199999,233857.0556 408902.815099999,233857.0207 408911.772399999,233857.5093 408916.835000001,233857.5335 408923.666999999,233857.5229 408926.399700001,233857.6927 408935.0035,233857.151 408943.604599999,233856.7109 408952.206,233855.9489 408965.158399999,233854.4631 408981.2455,233853.0963 408992.879699999,233851.4214 409005.3223,233848.7177 409020.898600001,233844.3655 409042.136299999,233836.9405 409069.3335,233828.5004 409096.1724,233821.7232 409113.6557,233809.6086 409144.376800001,233795.8498 409179.646,233788.2552 409198.2393,233783.4324 409209.8598,233778.3042 409221.5803,233775.0104 409232.0933,233771.5193 409241.0875,233769.4651 409246.5448,233764.6259 409262.3654,233760.905 409278.190300001,233758.7876 409286.8355,233757.0088 409299.8846,233753.3629 409329.145199999)))",교량,1225,대전광역시 중구 ,36710086,16709,BRG1225000,미분류,미분류,안영고가교,미분류,기타,90,일반도로,4,DB24,0,0,90,0,17.4,0,0,강박스형교,미분류,0,0,1.9,미분류,0,0,0,미분류,미분류,0,미분류,미분류,미분류,0,0,안영고가교,1
"MULTIPOLYGON (((239249.3707 415717.7324,239242.1257 415727.8259,239272.3511 415740.592,239283.416 415719.706900001,239308.6352 415677.153999999,239284.8126 415663.620200001,239280.447 415668.7205,239270.6086 415671.065400001,239266.2713 415669.908,239252.6733 415694.991599999,239254.9336 415700.577,239256.5179 415703.997500001,239256.8381 415709.0052,239254.6433 415714.2291,239252.2332 415716.493799999,239249.3707 415717.7324)))",교량,1226,대전광역시 동구 ,36710068,20740,BRG1226000,미분류,미분류,가양교,미분류,3종,44,일반도로,8,DB24,0,0,44,0,35,0,0,강판형교,미분류,0,0,10.3,미분류,0,0,0,미분류,미분류,0,미분류,미분류,미분류,0,0,가양교,1
"MULTIPOLYGON (((241918.2149 419907.3464,241921.4111 419907.7599,241921.7318 419906.3968,241922.256 419904.295399999,241922.3573 419901.0547,241922.253 419899.007200001,241919.3101 419899.362600001,241919.5597 419900.8991,241919.5759 419903.457900001,241918.8502 419905.899499999,241918.2149 419907.3464)))",교량,1228,대전광역시 동구 ,36710049,109262,BRG1228000,미분류,미분류,추동새마을교,미분류,기타,4,미분류,1,DB18,0,0,4,0,4,0,0,라멘교,미분류,0,0,0,미분류,0,0,0,미분류,미분류,0,미분류,미분류,미분류,0,0,추동새마을교,1
"MULTIPOLYGON (((235992.1728 412882.178099999,236252.9011 412987.1362,236259.6554 412975.6313,236071.8139 412899.7323,235996.7212 412869.601500001,235992.1728 412882.178099999)))",교량,1229,대전광역시 중구 ,36710077,22332,BRG1229000,미분류,미분류,문화육교,미분류,2종,277,일반도로,4,DB24,0,0,277,0,19,0,0,프리플렉스교,미분류,0,0,5,미분류,0,0,0,미분류,미분류,0,미분류,미분류,미분류,0,0,문화육교,1
"MULTIPOLYGON (((236063.908 413574.213099999,236386.7186 413679.197699999,236393.8046 413661.170399999,236068.5569 413555.720000001,236063.908 413574.213099999)))",교량,1230,대전광역시 중구 ,36710077,14387,BRG1230000,미분류,미분류,서대전육교,미분류,2종,337.5,일반도로,6,DB18,0,0,337.5,0,23.5,0,0,PC I형교,미분류,0,0,5,미분류,0,0,0,미분류,미분류,0,미분류,미분류,미분류,0,0,서대전육교,1
"MULTIPOLYGON (((234743.5455 414240.1439,234746.9258 414242.7368,234751.0188 414248.139599999,234809.7977 414335.315099999,234842.8578 414394.4694,234851.2867 414420.600099999,234852.9432 414425.537799999,234861.2965 414451.5164,234864.6908 414460.102499999,234892.9137 414452.402000001,234891.331 414448.0715,234885.7585 414431.662699999,234880.375 414415.634,234876.4944 414404.808,234871.6674 414392.4988,234863.6955 414375.890699999,234858.3989 414366.652000001,234852.2689 414356.234099999,234843.8613 414343.7588,234833.0267 414328.466700001,234815.453 414302.602600001,234786.2193 414258.1808,234783.6226 414259.6877,234772.9077 414242.9925,234762.5715 414226.867900001,234743.5455 414240.1439)))",교량,1231,대전광역시 중구 ,36710066,21034,BRG1231000,미분류,미분류,유등천좌안2교,미분류,2종,350,일반도로,4,DB24,0,0,350,0,18,0,0,라멘교,미분류,0,0,6,미분류,0,0,0,미분류,미분류,0,미분류,미분류,미분류,0,0,유등천좌안2교,1
"MULTIPOLYGON (((234933.7757 414570.0956,234933.7775 414569.6405,234981.5996 414614.287799999,235146.7279 414779.2685,235326.8631 414962.0612,235380.7532 415012.346899999,235417.8462 415052.475099999,235452.5935 415088.5733,235512.2394 415146.9235,235554.4112 415193.065099999,235576.8704 415178.441,235551.376 415152.8488,235514.3052 415126.1472,235491.3872 415103.903200001,235457.4705 415069.7048,235379.6226 414990.6469,235317.0968 414928.036900001,235263.5285 414873.352499999,235217.8446 414828.2585,235169.8978 414777.389900001,235116.4726 414724.526799999,235121.6689 414720.754799999,235081.9024 414681.6018,235008.4484 414607.113299999,234954.8817 414551.0634,234933.7757 414570.0956)))",교량,1232,대전광역시 중구 ,36710066,27341,BRG1232000,미분류,미분류,유등천좌안1교,미분류,1종,800,일반도로,4,DB24,0,0,800,0,18,0,0,라멘교,미분류,0,0,6,미분류,0,0,0,미분류,미분류,0,미분류,미분류,미분류,0,0,유등천좌안1교,1
"MULTIPOLYGON (((235820.6644 415144.672599999,235880.1117 415084.460100001,235933.5092 415031.884099999,236143.4478 414821.7925,236136.9258 414814.482799999,236129.5713 414805.804199999,236078.3121 414856.568700001,236013.896 414920.0228,235964.4704 414969.8846,235917.8007 415016.7234,235844.3524 415090.912,235806.854 415131.1132,235820.6644 415144.672599999)))",교량,1233,대전광역시 중구 ,36710066,14075,BRG1233000,미분류,미분류,계룡육교,미분류,1종,207.4,일반도로,1,DB24,0,0,207.4,0,7,0,0,강박스형교,미분류,0,0,2.5,미분류,0,0,0,미분류,미분류,0,미분류,미분류,미분류,0,0,계룡육교,1
"MULTIPOLYGON (((235831.0484 415102.3115,235954.9229 414975.610200001,236007.7121 414923.031500001,236001.0408 414914.9628,235924.9954 414990.354599999,235930.0063 414994.623400001,235886.3995 415037.833699999,235834.2222 415090.1874,235826.7239 415097.8939,235831.0484 415102.3115)))",교량,1234,대전광역시 중구 ,36710066,14459,BRG1234000,미분류,미분류,계룡육교 램프B,미분류,2종,207.4,일반도로,1,DB24,0,0,207.4,0,7,0,0,강박스형교,미분류,0,0,2.5,미분류,0,0,0,미분류,미분류,0,미분류,미분류,미분류,0,0,계룡육교 램프B,1
"MULTIPOLYGON (((235860.1735 415115.706700001,236001.7887 414973.4528,235998.0747 414968.8101,235967.0142 414999.555600001,235928.6099 415037.477299999,235896.6325 415068.977600001,235864.5747 415101.5396,235855.394 415110.7563,235860.1735 415115.706700001)))",교량,1235,대전광역시 중구 ,36710066,14458,BRG1235000,미분류,미분류,계룡육교램프A,미분류,2종,207.4,일반도로,1,DB24,0,0,207.4,0,7,0,0,PC박스형교,미분류,0,0,2.5,미분류,0,0,0,미분류,미분류,0,미분류,미분류,미분류,0,0,계룡육교램프A,1
"MULTIPOLYGON (((231730.7955 409531.7041,231729.4118 409530.862199999,231701.5187 409573.6908,231680.4701 409606.5858,231665.6563 409635.402899999,231660.6563 409646.682,231655.0536 409661.892100001,231651.9139 409670.081700001,231649.8691 409677.6894,231647.8178 409687.054500001,231645.6426 409695.8334,231643.6729 409705.8682,231643.0326 409708.5856,231642.0813 409715.9463,231641.2661 409720.5459,231640.1823 409729.6634,231639.4856 409736.3555,231638.6107 409745.808499999,231638.6707 409752.4197,231638.3939 409759.197000001,231638.2688 409770.4937,231638.3894 409783.548699999,231663.3525 409783.388499999,231663.5535 409774.351500001,231663.0989 409760.7095,231663.0485 409751.462400001,231663.3648 409745.396500001,231663.9373 409738.2018,231664.5112 409730.6306,231665.1192 409725.235300001,231666.1568 409717.247300001,231667.2726 409710.8914,231667.9669 409704.868799999,231670.6976 409693.5814,231673.2462 409686.142899999,231675.458 409678.8705,231677.4999 409672.0995,231680.5555 409663.909700001,231684.3719 409654.551000001,231687.6775 409646.947799999,231690.3863 409641.6856,231695.9766 409629.906500001,231700.8822 409621.4723,231704.9386 409615.4618,231712.9721 409602.101600001,231722.3596 409586.2358,231734.6974 409568.0375,231750.5881 409543.659600001,231730.7955 409531.7041)))",교량,1236,대전광역시 서구 ,36710085,33929,BRG1236000,미분류,미분류,고릿골구름다리,미분류,1종,255,일반도로,4,DB24,0,0,255,0,25,0,0,강박스형교,미분류,0,0,6.5,미분류,0,0,0,미분류,미분류,0,미분류,미분류,미분류,0,0,고릿골구름다리,1
"MULTIPOLYGON (((231663.5882 414978.210100001,231663.4431 414940.245300001,231611.9885 414940.198899999,231584.9159 414939.8182,231573.5762 414939.776900001,231577.1148 414980.1533,231587.4669 414978.920700001,231605.047 414977.9968,231663.5882 414978.210100001)))",교량,1237,대전광역시 서구 ,36710065,31577,BRG1237000,미분류,미분류,도안호수교,미분류,기타,45,일반도로,8,DB24,0,0,45,0,40,0,0,PC 슬래브교,미분류,0,0,7.8,미분류,0,0,0,미분류,미분류,0,미분류,미분류,미분류,0,0,도안호수교,1
"MULTIPOLYGON (((233595.5893 416120.796800001,233617.2906 416116.5064,233613.9329 416105.204299999,233609.044 416086.6996,233601.0949 416053.2248,233582.9372 415984.149599999,233566.747 415919.3149,233565.0163 415908.7245,233563.0056 415897.2158,233560.7115 415885.7059,233558.013 415868.832,233555.6799 415849.0666,233554.86 415841.1609,233553.4787 415831.841800001,233552.3749 415824.076099999,233548.4244 415782.713300001,233547.0627 415768.313899999,233545.1384 415752.783399999,233542.1086 415729.910499999,233529.0799 415616.9641,233528.9469 415614.705700001,233506.261 415616.7349,233507.9079 415630.712200001,233513.3861 415680.2666,233517.9162 415718.386399999,233519.9916 415731.5185,233525.6702 415784.1776,233532.1916 415838.815400001,233533.6978 415852.5096,233537.5665 415878.3489,233538.6687 415886.538000001,233543.9411 415915.910499999,233549.788 415943.309599999,233595.5893 416120.796800001)))",교량,1238,대전광역시 서구 ,36710065,18310,BRG1238000,미분류,미분류,괴정육교,미분류,1종,350,일반도로,6,DB24,0,0,350,0,25,0,0,RC슬래브교,미분류,0,0,3.3,미분류,0,0,0,미분류,미분류,0,미분류,미분류,미분류,0,0,괴정육교,1
"MULTIPOLYGON (((226479.2371 418067.1811,226584.3456 418077.096000001,226650.0747 418082.9409,226718.6403 418087.9486,226763.9749 418090.627800001,226795.9918 418092.7017,226834.5328 418092.820900001,226833.211 418062.0614,226763.7855 418060.153899999,226700.5954 418057.984099999,226641.3806 418053.2874,226572.2462 418048.843,226481.3079 418038.689200001,226479.2371 418067.1811)))",교량,1239,대전광역시 유성구 ,36710052,16162,BRG1239000,미분류,미분류,현충원앞복개교,미분류,2종,238.4,일반도로,4,DB24,0,0,238.4,0,14.4,0,0,라멘교,미분류,0,0,0,미분류,0,0,0,미분류,미분류,0,미분류,미분류,미분류,0,0,현충원앞복개교,1
"MULTIPOLYGON (((229495.1618 417910.500499999,229503.6042 417928.023499999,229594.1335 417891.368100001,229738.0256 417830.629799999,229768.1104 417817.7532,229756.8557 417794.0123,229740.9544 417802.987199999,229719.3677 417817.0217,229628.2616 417856.2137,229495.1618 417910.500499999)))",교량,1240,대전광역시 유성구 ,36710054,16308,BRG1240000,미분류,미분류,유성천변교,미분류,2종,294,일반도로,4,DB24,0,0,294,0,12,0,0,RC슬래브교,미분류,0,0,0,미분류,0,0,0,미분류,미분류,0,미분류,미분류,미분류,0,0,유성천변교,1
"MULTIPOLYGON (((229426.5122 417705.712200001,229430.8691 417716.3084,229459.0724 417714.9933,229454.1498 417704.1129,229426.5122 417705.712200001)))",교량,1241,대전광역시 유성구 ,36710054,14046,BRG1241000,미분류,미분류,유성천교(논산),미분류,기타,75.6,일반도로,2,DB24,0,0,75.6,0,11.7,0,0,RC슬래브교,미분류,0,0,0.7,미분류,0,0,0,미분류,미분류,0,미분류,미분류,미분류,0,0,유성천교(논산),1
"MULTIPOLYGON (((237520.1179 416964.8588,237512.7219 416971.0352,237556.3947 417014.612299999,237610.0842 417068.4978,237682.2035 417145.1094,237690.2773 417137.842700001,237644.5685 417090.235400001,237530.8451 416974.888,237520.1179 416964.8588)))",교량,1242,대전광역시 대덕구 ,36710057,35401,BRG1242000,미분류,미분류,한남육교(오거리방향),미분류,2종,170,일반도로,2,DB24,0,0,170,0,11.3,0,0,PC I형교,미분류,0,0,2.6,미분류,0,0,0,미분류,미분류,0,미분류,미분류,미분류,0,0,한남육교(오거리방향),1
"MULTIPOLYGON (((237691.3081 417137.0711,237699.4863 417130.2634,237651.0183 417081.656400001,237526.4903 416957.796,237521.0801 416963.557800001,237691.3081 417137.0711)))",교량,1243,대전광역시 대덕구 ,36710057,35401,BRG1243000,미분류,미분류,한남육교(한남대방향),미분류,2종,173,일반도로,2,DB24,0,0,173,0,10.7,0,0,PC I형교,미분류,0,0,2.9,미분류,0,0,0,미분류,미분류,0,미분류,미분류,미분류,0,0,한남육교(한남대방향),1
"MULTIPOLYGON (((235988.5299 418275.8279,235904.1597 418359.137399999,235917.439 418368.785700001,236000.3876 418286.598999999,235988.5299 418275.8279)))",교량,1244,대전광역시 대덕구 ,36710057,36794,BRG1244000,미분류,미분류,구만교,미분류,2종,360,일반도로,1,DB24,0,0,360,0,4.7,0,0,라멘교,미분류,0,0,0,미분류,0,0,0,미분류,미분류,0,미분류,미분류,미분류,0,0,구만교,1
"MULTIPOLYGON (((235361.2512 418571.949999999,235340.9837 418625.510600001,235343.3253 418624.6031,235345.3475 418623.8355,235348.1491 418623.035700001,235350.9138 418622.6238,235355.4172 418621.443,235358.1463 418621.066199999,235361.5822 418621.0802,235368.2397 418621.5306,235373.7234 418623.2105,235380.0574 418624.8234,235440.7023 418641.717700001,235494.042 418660.557399999,235512.1357 418670.9297,235523.4405 418678.311799999,235537.5721 418687.3983,235551.6991 418697.613399999,235566.9526 418709.525900001,235573.1555 418717.169199999,235700.4483 418840.9879,235750.8229 418891.275,235774.5418 418911.686699999,235785.9744 418922.313999999,235799.8115 418933.9387,235818.4622 418946.4297,235835.5608 418957.362500001,235854.3584 418968.5846,235869.6344 418974.854699999,235888.0191 418983.1127,235912.6342 418992.242900001,235925.5091 418996.669299999,235944.6132 419002.2501,235959.3311 419006.402100001,235973.0612 419009.5625,235975.0026 418985.589199999,235939.0606 418974.5779,235921.5155 418968.862500001,235907.6529 418963.444599999,235891.8114 418956.889900001,235868.9103 418944.381100001,235856.4726 418936.994200001,235840.9249 418927.9015,235828.7717 418920.2336,235808.149 418904.9131,235789.7897 418890.4483,235777.3647 418879.957900001,235764.942 418868.9033,235749.1316 418854.7312,235731.0694 418836.881999999,235717.5224 418823.5656,235586.2786 418695.780200001,235566.3732 418678.0645,235537.4078 418658.3367,235522.5695 418648.824100001,235498.5405 418634.6184,235480.0159 418625.654999999,235465.7286 418619.9537,235375.313 418589.535800001,235369.7345 418585.0692,235367.6959 418581.181399999,235363.4688 418575.380100001,235361.2512 418571.949999999)))",교량,1245,대전광역시 서구 ,36710057,36679,BRG1245000,미분류,미분류,한샘대교,미분류,1종,420,하천,4,기타,0,0,420,0,23,0,0,아치교,미분류,0,0,7,미분류,0,0,0,미분류,미분류,0,미분류,미분류,미분류,0,0,한샘대교,1
"MULTIPOLYGON (((236127.7754 419656.5503,236129.9386 419647.3906,236107.858 419642.502699999,236092.2931 419637.9241,236072.2005 419631.916099999,236053.9484 419626.197899999,236037.2518 419621.191500001,236024.2363 419616.764599999,236014.0529 419612.6316,236000.3319 419607.4966,235987.1817 419601.376499999,235966.8932 419591.3478,235952.3338 419583.3882,235939.2616 419575.5053,235926.7573 419567.342599999,235921.1791 419563.017200001,235897.174 419543.804400001,235887.7921 419551.3827,235910.9574 419568.123500001,235922.2596 419575.7874,235935.8285 419583.4608,235951.088 419593.3981,235964.0949 419599.9407,235984.1677 419610.7443,236010.7585 419621.293,236027.17 419626.7213,236050.089 419634.433599999,236127.7754 419656.5503)))",교량,1246,대전광역시 대덕구 ,36710057,37161,BRG1246000,미분류,미분류,대화대교(RAMP-B),미분류,1종,500,하천,2,DB24,0,0,500,0,10,0,0,라멘교,미분류,0,0,0,미분류,0,0,0,미분류,미분류,0,미분류,미분류,미분류,0,0,대화대교(RAMP-B),1
"MULTIPOLYGON (((227009.233 423640.905400001,227044.8776 423653.705800001,227069.146 423591.1819,227034.057 423581.766799999,227009.233 423640.905400001)))",교량,1247,대전광역시 유성구 ,36710033,45728,BRG1247000,미분류,미분류,안산1교,미분류,기타,15,일반도로,6,DB24,0,0,15,0,36.9,0,0,기타,미분류,0,0,0,미분류,0,0,0,미분류,미분류,0,미분류,미분류,미분류,0,0,안산1교,1
"MULTIPOLYGON (((230761.3022 420946.688200001,230786.6668 420944.0986,230786.1337 420934.647399999,230785.6032 420924.491,230785.2184 420913.206900001,230785.6982 420897.7652,230787.4706 420877.3214,230788.7871 420865.620100001,230790.8223 420850.9596,230797.1496 420824.326300001,230807.6566 420777.5394,230825.501 420698.974400001,230845.6541 420608.640000001,230847.8083 420600.3968,230848.1072 420596.025699999,230850.2752 420583.903899999,230851.2888 420577.7018,230852.0197 420571.3576,230853.1941 420559.796399999,230853.2258 420550.911,230853.5643 420535.397700001,230853.3282 420522.139,230852.6528 420512.898399999,230851.9721 420505.138699999,230851.1448 420498.788799999,230849.6265 420487.570599999,230847.8864 420478.960899999,230846.7049 420472.6098,230842.1721 420452.6362,230820.0849 420349.807700001,230812.5517 420317.058599999,230789.0168 420322.4757,230793.7339 420350.419199999,230799.2325 420377.730699999,230812.9599 420441.319399999,230819.6511 420471.8083,230822.0864 420484.0876,230823.8968 420492.8387,230825.281 420501.9408,230825.9625 420509.4889,230826.7082 420518.8708,230827.3844 420527.899900001,230827.4585 420536.9268,230827.5102 420552.2651,230826.6179 420564.1799,230823.852 420585.114499999,230817.5098 420615.8387,230796.6442 420707.4399,230778.3714 420787.0612,230770.4594 420821.163899999,230766.425 420840.330499999,230763.9674 420854.284399999,230761.0608 420875.0063,230759.7189 420893.9003,230758.8004 420913.218800001,230759.0302 420928.3104,230760.4003 420941.3609,230761.3022 420946.688200001)))",교량,1248,대전광역시 유성구 ,36710044,17268,BRG1248000,미분류,미분류,신성육교,미분류,1종,160,일반도로,6,DB24,0,0,160,0,27,0,0,강박스형교,미분류,0,0,0,미분류,0,0,0,미분류,미분류,0,미분류,미분류,미분류,0,0,신성육교,1
"MULTIPOLYGON (((236026.4385 423331.960899999,236029.1273 423349.420499999,236033.5489 423358.850400001,236050.8238 423393.290200001,236051.6945 423394.615700001,236053.5408 423397.5843,236056.1033 423400.714500001,236065.256 423396.205499999,236061.7895 423386.991,236059.1546 423382.115700001,236055.0412 423375.225,236051.4587 423368.3365,236048.6149 423362.6143,236041.0441 423344.2884,236038.9179 423338.410599999,236037.478 423333.487299999,236035.7708 423328.9859,236026.4385 423331.960899999)))",교량,1249,대전광역시 유성구 ,36710037,13823,BRG1249000,미분류,미분류,전민육교,미분류,3종,45.2,일반도로,2,기타,0,0,45.2,0,13,0,0,강박스형교,미분류,0,0,0,미분류,0,0,0,미분류,미분류,0,미분류,미분류,미분류,0,0,전민육교,1
"MULTIPOLYGON (((236538.6922 419772.796399999,236581.7289 419822.170600001,236620.8527 419841.907,236670.8803 419871.104900001,236699.7024 419889.634299999,236752.9932 419925.9343,236785.9443 419947.866599999,236821.1134 419972.8763,236831.7015 419981.595899999,236841.6542 419989.7839,236848.1084 419996.1587,236856.4674 420004.3399,236867.4673 420016.1292,236879.7798 420031.5737,236886.7532 420040.754000001,236893.6173 420050.6744,236902.0637 420063.246200001,236913.9711 420086.464400001,236922.9232 420105.0152,236931.6435 420128.1139,236937.9255 420149.932800001,236944.2106 420171.011,236973.3113 420173.674000001,236968.7212 420153.7666,236955.5146 420111.3956,236943.0973 420083.203299999,236931.0951 420057.34,236906.7076 420020.6335,236888.8426 419999.188200001,236857.5307 419966.683700001,236843.6633 419954.5649,236806.1625 419928.1699,236720.4487 419870.68,236685.2703 419847.680400001,236626.7578 419814.8496,236598.3469 419799.4957,236538.6922 419772.796399999)))",교량,1250,대전광역시 대덕구 ,36710047,36231,BRG1250000,미분류,미분류,원촌육교,미분류,1종,130,일반도로,6,DB24,0,0,130,0,28.5,0,0,기타,미분류,0,0,0,미분류,0,0,0,미분류,미분류,0,미분류,미분류,미분류,0,0,원촌육교,1
"MULTIPOLYGON (((238327.6575 420324.694700001,238358.211 420334.985200001,238434.6649 420057.317500001,238458.3492 419987.602299999,238513.6568 419879.0962,238481.4281 419862.873,238410.1597 420024.6262,238327.6575 420324.694700001)))",교량,1251,대전광역시 대덕구 ,36710048,13851,BRG1251000,미분류,미분류,"읍내교, 연축교",미분류,기타,13.6,일반도로,3,DB24,0,0,13.6,0,16.7,0,0,라멘교,미분류,0,0,0.7,미분류,0,0,0,미분류,미분류,0,미분류,미분류,미분류,0,0,"읍내교, 연축교",1
"MULTIPOLYGON (((238134.4835 421016.7577,238182.1155 421032.410700001,238186.9465 421021.008199999,238138.8866 421005.9879,238134.4835 421016.7577)))",교량,1252,대전광역시 대덕구 ,36710048,117624,BRG1252000,미분류,미분류,연축육교,미분류,3종,45,일반도로,2,DB24,0,0,45,0,11,0,0,강박스형교,미분류,0,0,3,미분류,0,0,0,미분류,미분류,0,미분류,미분류,미분류,0,0,연축육교,1
"MULTIPOLYGON (((237711.7061 423932.568299999,237716.8747 423965.053200001,237723.626 423987.711100001,237736.3669 424012.827,237740.6406 424019.1372,237751.9945 424033.5144,237759.6081 424041.0551,237769.2905 424049.080700001,237775.7998 424054.1317,237780.8277 424057.9603,237786.1745 424061.6845,237792.0538 424065.093800001,237803.6558 424071.2774,237813.5138 424075.550000001,237824.8623 424078.983200001,237833.3452 424081.981000001,237843.7384 424085.304300001,237859.3223 424091.611099999,237867.6939 424095.771500001,237879.3461 424102.5898,237889.5116 424109.4016,237901.3618 424119.498600001,237915.009 424131.506899999,237919.1788 424137.234999999,237925.9772 424149.001700001,237930.5662 424156.000600001,237934.9857 424165.324899999,237938.0284 424173.7973,237941.0082 424184.4899,237943.3116 424192.0074,237943.9257 424197.297,237944.0119 424201.8441,237954.5352 424199.6697,237953.6044 424193.955800001,237952.8852 424188.454299999,237949.4367 424175.6448,237945.8705 424165.478399999,237941.2414 424155.5187,237936.6044 424147.3565,237928.2724 424134.1556,237922.0946 424126.198100001,237915.9086 424120.091,237894.0094 424100.8564,237881.9384 424092.661699999,237868.906 424085.7316,237857.7769 424080.713199999,237848.0201 424077.6041,237813.0826 424064.8685,237800.0432 424059.524499999,237787.8626 424052.069599999,237777.0686 424043.246099999,237766.8088 424033.684800001,237761.5224 424028.268999999,237752.6505 424017.0219,237748.7985 424011.4537,237744.1028 424004.507300001,237733.9869 423986.275900001,237731.4612 423980.9779,237728.1033 423971.6581,237725.5987 423961.496099999,237724.1783 423946.2632,237722.648 423931.875800001,237711.7061 423932.568299999)))",교량,1253,대전광역시 대덕구 ,36710037,15686,BRG1253000,미분류,미분류,와동육교(하),미분류,1종,320,일반도로,2,DB24,0,0,320,0,10.5,0,0,강박스형교,미분류,0,0,1,미분류,0,0,0,미분류,미분류,0,미분류,미분류,미분류,0,0,와동육교(하),1
"MULTIPOLYGON (((237823.764 423990.0514,237813.7619 423994.4487,237822.4194 424006.118000001,237831.511 424015.6743,237844.6381 424025.248299999,237864.7605 424038.025,237876.4146 424044.420399999,237891.8929 424050.620999999,237906.3118 424056.182600001,237926.8811 424063.8859,237939.1798 424068.592399999,237952.1138 424073.7245,237961.6485 424079.053300001,237974.7744 424088.8389,237987.2632 424098.6217,237999.5172 424113.4789,238009.6491 424127.9038,238013.8608 424136.1699,238018.9174 424145.497099999,238022.6904 424156.9334,238025.8262 424168.366900001,238027.8962 424180.6416,238028.4898 424190.5836,238028.2049 424207.077400001,238038.1846 424207.7557,238038.1529 424202.8916,238038.0347 424193.533299999,238037.8628 424184.3334,238036.9372 424177.4563,238035.1862 424165.077299999,238032.9909 424157.1373,238028.3192 424144.7982,238024.22 424135.1052,238018.3759 424123.7126,238015.6906 424118.5196,238011.6806 424112.6864,238003.0209 424101.5986,237997.5765 424095.9177,237984.3511 424084.5985,237973.4479 424076.5144,237966.2482 424071.5131,237951.9442 424063.9429,237940.0745 424058.286699999,237929.4718 424054.3279,237919.292 424050.7939,237909.8546 424047.4746,237893.5277 424041.058700001,237881.869 424035.720699999,237870.0024 424029.3244,237861.5287 424024.2119,237849.4543 424016.757300001,237841.1957 424011.0112,237833.3753 424002.2006,237823.764 423990.0514)))",교량,1254,대전광역시 대덕구 ,36710037,15891,BRG1254000,미분류,미분류,와동육교(상),미분류,1종,275,일반도로,2,DB24,0,0,275,0,10.5,0,0,강박스형교,미분류,0,0,1,미분류,0,0,0,미분류,미분류,0,미분류,미분류,미분류,0,0,와동육교(상),1
"MULTIPOLYGON (((237577.4851 425696.8036,237592.4838 425690.525599999,237588.9663 425620.312200001,237576.006 425621.736,237578.0894 425679.891100001,237577.4851 425696.8036)))",교량,1255,대전광역시 대덕구 ,36710027,35392,BRG1255000,미분류,미분류,상서육교,미분류,3종,42,일반도로,2,DB24,0,0,42,0,13,0,0,강박스형교,미분류,0,0,0,미분류,0,0,0,미분류,미분류,0,미분류,미분류,미분류,0,0,상서육교,1
"MULTIPOLYGON (((237472.6017 428034.584000001,237511.6374 428041.094799999,237530.5617 427936.542099999,237543.7857 427873.6066,237568.522 427750.897700001,237528.8546 427742.903999999,237472.6017 428034.584000001)))",교량,1256,대전광역시 대덕구 ,36710027,13850,BRG1256000,미분류,미분류,석봉육교,미분류,3종,31.9,일반도로,3,DB24,0,0,31.9,0,15.5,0,0,라멘교,미분류,0,0,0.3,미분류,0,0,0,미분류,미분류,0,미분류,미분류,미분류,0,0,석봉육교,1
"MULTIPOLYGON (((240560.583720801 427820.896193848,240583.069728143 427845.278027402,240588.773810501 427839.853425875,240565.295710167 427815.360066486,240560.583720801 427820.896193848)))",교량,1257,대전광역시 대덕구 ,36710029,112201,,미분류,철근콘크리트교,,미분류,미분류,33.6,하천,1,미분류,0,0,33.6,0,6.7,0,0,미분류,미분류,0,0,0,미분류,0,0,0,미분류,미분류,0,미분류,미분류,미분류,0,0,,1
"MULTIPOLYGON (((239290.643085824 422558.435170872,239293.739842555 422555.862546788,239308.820039005 422560.376820019,239310.916167625 422563.619673274,239314.365553047 422554.905310502,239312.093111989 422554.733328606,239295.634231662 422549.889457264,239294.432227967 422546.408158384,239290.643085824 422558.435170872)))",교량,1258,대전광역시 대덕구 ,36710038,106045,,미분류,철근콘크리트교,,미분류,미분류,21.1,하천,1,미분류,0,0,21.1,0,6,0,0,미분류,미분류,0,0,0,미분류,0,0,0,미분류,미분류,0,미분류,미분류,미분류,0,0,,1
"MULTIPOLYGON (((239191.28344059 422815.799664774,239191.765779495 422816.852652079,239193.492191353 422812.0914281,239207.036870994 422806.009566796,239210.319636908 422807.156066067,239205.130937953 422796.62451255,239204.219268894 422800.742780908,239190.796539655 422806.784786653,239186.82536608 422805.271439332,239191.28344059 422815.799664774)))",교량,1259,대전광역시 대덕구 ,36710038,122968,,미분류,철근콘크리트교,,미분류,미분류,20.4,하천,1,미분류,0,0,20.4,0,6,0,0,미분류,미분류,0,0,0,미분류,0,0,0,미분류,미분류,0,미분류,미분류,미분류,0,0,,1
"MULTIPOLYGON (((243863.473595449 415047.082996164,243902.733357778 415060.711432833,243911.542490926 415054.121881691,243872.606916621 415040.65684095,243863.473595449 415047.082996164)))",교량,1260,대전광역시 동구 ,36710070,28769,,미분류,철근콘크리트교,,미분류,미분류,42.4,하천,1,미분류,0,0,42.4,0,9,0,0,미분류,미분류,0,0,0,미분류,0,0,0,미분류,미분류,0,미분류,미분류,미분류,0,0,,1
"MULTIPOLYGON (((231771.416981332 418105.889772227,231775.217137647 418107.853237224,231819.489148548 418049.095778606,231816.013729136 418047.566707443,231771.416981332 418105.889772227)))",교량,1261,대전광역시 유성구 ,36710055,43912,,미분류,철근콘크리트교,,미분류,미분류,73.5,하천,1,미분류,0,0,73.5,0,3.9,0,0,미분류,미분류,0,0,0,미분류,0,0,0,미분류,미분류,0,미분류,미분류,미분류,0,0,,1
"MULTIPOLYGON (((238184.344244869 428916.186792177,238193.421685059 428918.165488311,238248.409632884 428665.09621424,238241.930875073 428662.482689331,238184.344244869 428916.186792177)))",교량,1262,대전광역시 대덕구 ,36710018,35799,,미분류,철교,,미분류,미분류,258,하천,0,미분류,0,0,258,0,8.1,0,0,미분류,미분류,0,0,0,미분류,0,0,0,미분류,미분류,0,미분류,미분류,미분류,0,0,,1
"MULTIPOLYGON (((238216.60773229 428921.822055174,238224.39001754 428923.148860654,238264.453552899 428669.529171236,238257.807543042 428668.04577047,238216.60773229 428921.822055174)))",교량,1263,대전광역시 대덕구 ,36710018,35799,,미분류,철교,,미분류,미분류,258,하천,0,미분류,0,0,258,0,8.1,0,0,미분류,미분류,0,0,0,미분류,0,0,0,미분류,미분류,0,미분류,미분류,미분류,0,0,,1
