LINK_ID,ROAD_NAME,ADM_CD,ADM_NM
1840198902,-,25020670,문화1동
1840001900,대둔산로,25020690,산성동
1850062701,도산로,25030560,용문동
1860012703,대덕대로,25040610,구즉동
1870500901,대전로1331번길,25050520,대화동
1830007409,옥천로,25010550,판암1동
1860430206,관평1로,25040630,관평동
1840056700,어덕마을로,25020540,중촌동
1860122501,신성로,25040550,신성동
1850305900,청사서로54번길,25030670,월평2동
1830454403,산내로,25010750,산내동
1870023001,동춘당로,25050620,송촌동
1830038601,동대전로,25010630,가양1동
1850048100,도산로,25030520,도마1동
1860131904,유성대로1312번길,25040550,신성동
1870002009,계족로,25050570,법2동
1840027604,보문로,25020580,대사동
1870031300,계족산로43번길,25050550,중리동
1860645502,-,25040550,신성동
1860004800,유성대로,25040540,온천2동
1850305200,유등로,25030510,복수동
1860200200,학하복용로,25040690,학하동
1850036702,정림로24번길,25030540,정림동
1870067902,문평서로17번안길,25050610,목상동
1860194602,지족동로,25040670,노은3동
1870067600,문평서로17번길,25050610,목상동
1830015401,대전로448번길,25010530,효동
1830469502,대전로,25010750,산내동
1860207103,상대서로,25040700,상대동
1830039803,홍도로,25010680,홍도동
1860380700,학하로,25040690,학하동
1840173000,대전남부순환고속도로,25020690,산성동
1830019706,중앙로200번길,25010760,중앙동
1850003608,계백로,25030730,관저2동
1870052500,대전로1331번길,25050530,회덕동
1830014600,산내로1305번길,25010750,산내동
1850041700,계백로1286번길,25030540,정림동
1860600403,대덕대로541번길,25040550,신성동
1860659701,-,25040640,온천1동
1840189103,보문산로,25020690,산성동
1850020902,벌곡로,25030511,가수원동
1860150501,금남구즉로,25040610,구즉동
1840058301,대전천서로,25020540,중촌동
1860655201,은구비로155번길,25040660,노은2동
1860615200,문지로315번길,25040570,전민동
1860063600,온천북로33번길,25040640,온천1동
1860087201,노은로,25040590,노은1동
1860123608,문지로,25040570,전민동
1870060902,덕암로203번길,25050600,덕암동
1860164101,갑천로,25040630,관평동
1830018202,새울로,25010570,용운동
1870483400,신탄진로190번길,25050530,회덕동
1870087000,문평동로48번길,25050610,목상동
1870064400,대덕대로1448번길,25050610,목상동
1850145701,둔산대로117번길,25030690,만년동
1870086400,덕암북로,25050590,석봉동
1850111700,둔산서로,25030600,둔산2동
1840054100,대전천서로,25020510,은행선화동
1840042302,선화서로,25020510,은행선화동
1850123400,둔산북로,25030600,둔산2동
1840036306,중앙로,25020600,용두동
1850061902,괴정로,25030610,괴정동
1850025903,관저중로64번길,25030730,관저2동
1860079600,한밭대로,25040540,온천2동
1830023203,용운로,25010570,용운동
1860602500,지족동로142번길,25040670,노은3동
1860096301,엑스포로,25040550,신성동
1840186002,중앙로122번길,25020550,대흥동
1840181700,대전천서로,25020540,중촌동
1860059201,온천북로,25040640,온천1동
1840061803,어덕마을로,25020540,중촌동
1860167000,당진영덕고속도로,25040550,신성동
1840030700,문화로,25020580,대사동
1850029804,복수동로52번길,25030510,복수동
1840049701,계룡로771번길,25020530,목동
1860365202,학하서로,25040690,학하동
1840045704,중앙로,25020510,은행선화동
1850010201,계룡로,25030660,월평1동
1840014200,산서로,25020690,산성동
1860601001,반석로12번길,25040670,노은3동
1870054301,공단4길,25050520,대화동
1870048400,대화로32번길,25050520,대화동
1860151802,와룡로136번길,25040610,구즉동
1850037200,-,25030540,정림동
1870066901,신일동로67번길,25050610,목상동
1850294301,관저남로,25030730,관저2동
1870489207,송촌남로,25050620,송촌동
1870501100,천변도시고속도로,25050530,회덕동
1860131201,유성대로,25040570,전민동
1850045901,도솔로,25030530,도마2동
1860117701,신성로68번길,25040550,신성동
1840047401,동서대로,25020620,오류동
1860655401,은구비로155번길,25040660,노은2동
1860684701,박산로,25040640,온천1동
1860113507,가정로,25040550,신성동
1860132001,유성대로1312번길,25040550,신성동
1830347509,충무로209번길,25010770,신인동
1850034700,정림서로,25030540,정림동
1840049901,선화로,25020510,은행선화동
1860105802,과학로,25040550,신성동
1870040800,계족로663번길,25050560,법1동
1860387502,도안대로,25040680,진잠동
1860610200,문지로,25040570,전민동
1860335900,대전남부순환고속도로,25040680,진잠동
1830053602,동구청로,25010530,효동
1870489205,송촌남로,25050620,송촌동
1870046502,대화로132번길,25050520,대화동
1850108201,둔산서로,25030600,둔산2동
1830026406,대전로,25010760,중앙동
1860042801,계룡로141번길,25040640,온천1동
1870068601,신탄진로,25050600,덕암동
1860217400,도안대로,25040700,상대동
1860111602,노은서로266번길,25040660,노은2동
1830461100,은어송로51번길,25010530,효동
1860044400,계룡로123번길,25040640,온천1동
1860123507,문지로,25040570,전민동
1860095003,엑스포로97번길,25040550,신성동
1860625200,송림로53번길,25040660,노은2동
1850208701,도안동로,25030512,도안동
1850287700,도안북로93번길,25030512,도안동
1860436900,테크노중앙로,25040630,관평동
1850029802,복수동로52번길,25030510,복수동
1850056002,도산로,25030630,내동
1860599000,문지로299번길,25040570,전민동
1850030301,복수동로51번길,25030510,복수동
1830021400,용운동길,25010570,용운동
1870078502,신탄진동로24번길,25050580,신탄진동
1860115503,가정로,25040550,신성동
1860435700,테크노2로,25040630,관평동
1840126701,운남로,25020690,산성동
1840033106,대흥로,25020670,문화1동
1830053003,신기로,25010530,효동
1860200501,유성대로,25040680,진잠동
1870441501,-,25050590,석봉동
1850265300,계백로,25040680,진잠동
1860437501,배울2로,25040630,관평동
1850080901,계룡로553번안길,25030570,탄방동
1860101200,노은서로,25040660,노은2동
1860051400,계룡로52번길,25040640,온천1동
1860088203,대학로,25040540,온천2동
1850069300,계룡로583번길,25030570,탄방동
1830478101,-,25010760,중앙동
1850310400,계백로,25030512,도안동
1850083901,대덕대로168번길,25030650,갈마2동
1850145301,둔산대로,25030600,둔산2동
1850206401,도안중로,25030512,도안동
1860084601,한밭대로,25040590,노은1동
1870026201,쌍청당로,25050550,중리동
1860139601,-,25040550,신성동
1850024400,유등로,25030510,복수동
1870493200,천변도시고속도로,25050520,대화동
1840192201,유등천동로,25020640,태평2동
1840047000,동서대로,25020620,오류동
1870011000,대전로,25050510,오정동
1860374900,학하남로,25040690,학하동
1860143901,테크노9로,25040630,관평동
1860671101,유성대로680번길,25040640,온천1동
1870479200,신일동로17번길,25050610,목상동
1850059500,가장로,25030620,가장동
1860088600,노은동로99번길,25040590,노은1동
1860106101,대덕대로512번길,25040550,신성동
1850310000,도안중로,25030512,도안동
1860062900,문화원로146번길,25040640,온천1동
1870086801,문평동로72번길,25050610,목상동
1850147003,갑천도시고속도로,25030690,만년동
1850147601,만년로68번길,25030690,만년동
1830449000,은어송로51번길,25010530,효동
1850045704,도산로,25030520,도마1동
1840053703,우암로,25020510,은행선화동
1860017702,원내로,25040680,진잠동
1840031601,유천로,25020660,유천2동
1840120401,사정공원로,25020690,산성동
1870492202,우암동로,25050540,비래동
1850082501,문정로48번길,25030570,탄방동
1850089400,둔산서로,25030600,둔산2동
1870048401,대화로32번길,25050520,대화동
1850035601,복수동로,25030510,복수동
1860004501,현충원로,25040640,온천1동
1850054400,동서대로,25030550,변동
1840042706,대흥로165번길,25020550,대흥동
1860229500,농대로,25040540,온천2동
1850233101,도안남로,25030720,관저1동
1860429000,테크노1로,25040630,관평동
1860098302,-,25040550,신성동
1870017603,비래동로23번길,25050540,비래동
1860205001,동서대로,25040690,학하동
1850047802,조달청길,25030530,도마2동
1850003901,계백로,25030720,관저1동
1860410601,봉명로,25040710,원신흥동
1850123701,둔산서로,25030600,둔산2동
1870151806,신탄진로756번안길,25050580,신탄진동
1860072200,어은로,25040640,온천1동
1830465001,은어송로,25010530,효동
1840002501,대둔산로,25020690,산성동
1830042101,동서대로,25010630,가양1동
1850143607,월평북로,25030670,월평2동
1860132702,엑스포로466번길,25040570,전민동
1850130600,둔산서로,25030600,둔산2동
1870001500,계족로,25050550,중리동
1830032307,길티길,25010630,가양1동
1860598102,관용로,25040630,관평동
1860434302,테크노1로,25040630,관평동
1860125203,반석서로,25040670,노은3동
1830023900,동대전로,25010780,대동
1840001908,대둔산로,25020690,산성동
1860673501,계룡로38번길,25040640,온천1동
1860081700,한밭대로,25040540,온천2동
1850156401,유등로,25030740,둔산3동
1860430801,갑천로,25040610,구즉동
1830180800,대전남부순환고속도로,25010750,산내동
1870044101,대화로32번길,25050520,대화동
1860597600,계백로801번길,25040680,진잠동
1860662602,-,25040550,신성동
1850324803,유등로,25030560,용문동
1850105704,둔산로,25030590,둔산1동
1830285301,한남로,25010680,홍도동
1860010812,유성대로,25040550,신성동
1850075403,갈마로,25030640,갈마1동
1870059302,산업단지로,25050610,목상동
1860654503,장대로,25040640,온천1동
1850045001,도솔로,25030530,도마2동
1830046502,한밭대로,25010650,용전동
1850065100,괴정로76번길,25030610,괴정동
1840049002,선화서로,25020510,은행선화동
1870011804,오정로,25050510,오정동
1850128401,한밭대로,25030740,둔산3동
1850049307,도마로,25030550,변동
1860148100,와룡로,25040610,구즉동
1860107900,노은로,25040660,노은2동
1850318503,복수동로,25030510,복수동
1860193700,한밭대로,25040640,온천1동
1830019906,계족로140번길,25010780,대동
1870026601,계족산로17번길,25050550,중리동
1860220200,봉명로,25040710,원신흥동
1850003509,계백로,25030730,관저2동
1870489001,동서대로,25010640,가양2동
1850139001,청사로,25030600,둔산2동
1870490307,우암로,25050540,비래동
1830021203,용운로,25010780,대동
1860222701,농대로,25040540,온천2동
1860125803,반석동로,25040670,노은3동
1870495601,신일서로126번길,25050610,목상동
1850046908,도마5길,25030520,도마1동
1840032805,문창로,25020560,문창동
1850109003,둔산로,25030600,둔산2동
1850074100,대덕대로162번길,25030650,갈마2동
1850289501,관저동로,25030730,관저2동
1830454800,산내로,25010750,산내동
1850123900,둔산북로,25030600,둔산2동
1850131101,한밭대로,25030670,월평2동
1860619102,문지로316번길,25040570,전민동
1850100700,-,25030600,둔산2동
1860624701,지족동로143번길,25040670,노은3동
1860068301,문화원로,25040640,온천1동
1870498001,대덕대로,25050590,석봉동
1850024401,유등로,25020690,산성동
1840033103,대흥로,25020670,문화1동
1830469100,옥천로106번길,25010550,판암1동
1830130601,동부로,25010570,용운동
1860378901,복용로40번길,25040690,학하동
1860429701,테크노중앙로,25040630,관평동
1850066601,용문로,25030610,괴정동
1850045303,도산로,25030520,도마1동
1860213201,자운로97번길,25040550,신성동
1840051502,어덕마을로,25020600,용두동
1830001927,산내로,25010750,산내동
1860601101,반석동로,25040670,노은3동
1860069300,문화원로,25040640,온천1동
1850266900,구봉산북로21번길,25030730,관저2동
1860331606,덕명로,25040690,학하동
1850110401,둔산중로58번길,25030590,둔산1동
1860497601,구즉세종로,25040610,구즉동
1830129300,동부로,25050540,비래동
1860050101,계룡로141번길,25040640,온천1동
1830057800,이사로,25010750,산내동
1840187100,계룡로918번길,25020670,문화1동
1860052700,유성대로694번길,25040640,온천1동
1870504100,경부고속도로,25050600,덕암동
1870022501,중리남로,25050550,중리동
1870015201,오정로78번길,25050510,오정동
1860622801,지족북로66번길,25040670,노은3동
1840050200,보문로,25020510,은행선화동
1860674601,문화원로6번길,25040540,온천2동
1860002600,계룡로,25040640,온천1동
1870489904,신상로,25050540,비래동
1860668301,용산2로,25040630,관평동
1850264901,계백로828번길,25030730,관저2동
1830455601,산내로1327번길,25010750,산내동
1860102000,엑스포로151번길,25040550,신성동
1860627400,-,25040550,신성동
1860031800,월드컵대로275번길,25040640,온천1동
1850038500,혜천로,25030510,복수동
1860018001,진잠로,25040680,진잠동
1860037801,계룡로26번길,25040640,온천1동
1850266700,구봉산북로21번길,25030730,관저2동
1860240700,테크노10로,25040630,관평동
1860211900,도안대로,25040700,상대동
1860137203,자운로,25040550,신성동
1860151000,와룡로136번길,25040610,구즉동
1860002803,계룡로,25040640,온천1동
1860116101,노은로,25040660,노은2동
1830467800,옥천로106번길,25010550,판암1동
1850063800,신갈마로,25030630,내동
1850092200,둔산남로,25030600,둔산2동
1860059001,온천서로,25040640,온천1동
1860432500,테크노5로,25040630,관평동
1830036703,동대전로,25010640,가양2동
1860168801,노은로410번길,25040660,노은2동
1850088200,둔산중로,25030570,탄방동
1850148900,만년로67번길,25030690,만년동
1830044101,우암로,25010640,가양2동
1860106503,은구비로155번길,25040660,노은2동
1840122906,사정공원로,25020690,산성동
1860661901,자운로97번길,25040550,신성동
1850058501,도솔로,25030630,내동
1860619900,대덕대로577번길,25040550,신성동
1860034500,월드컵대로289번길,25040640,온천1동
1850032305,관저중로96번길,25030730,관저2동
1860391101,죽동로,25040540,온천2동
1860010616,대덕대로,25040550,신성동
1830023100,용운로,25010570,용운동
1860621301,반석로12번길,25040670,노은3동
1860230103,농대로,25040540,온천2동
1860104500,노은서로210번길,25040660,노은2동
1860352805,탑립로,25040630,관평동
1860372100,복용북로,25040690,학하동
1830003509,대전로,25010750,산내동
1870017600,비래동로23번길,25050540,비래동
1870082503,대덕대로1470번길,25050610,목상동
1840183302,계백로1686번길,25020670,문화1동
1850151500,둔산대로117번길,25030690,만년동
1860388700,죽동로,25040540,온천2동
1870489107,송촌남로,25050620,송촌동
1850090902,문정로9번길,25030600,둔산2동
1850035201,복수동로,25030510,복수동
1850041403,정림로,25030540,정림동
1860427400,테크노3로,25040630,관평동
1850125802,월평중로,25030660,월평1동
1850012103,대덕대로,25030690,만년동
1830121002,계족로,25010530,효동
1870030408,송촌북로12번길,25050620,송촌동
1850028901,구봉로147번길,25030730,관저2동
1830466800,대전로542번길,25010530,효동
1860663001,자운로97번길,25040550,신성동
1860630704,유성대로298번길,25040680,진잠동
1860065602,온천북로59번길,25040640,온천1동
1830036401,우암로,25010630,가양1동
1830004946,대전로,25010750,산내동
1860063100,문화원로,25040640,온천1동
1850022303,복수남로11번길,25030510,복수동
1860085001,한밭대로,25040590,노은1동
1850045602,도산로,25030530,도마2동
1870073402,신일동로17번길,25050610,목상동
1860379400,복용로,25040690,학하동
1860155801,테크노4로,25040630,관평동
1850089101,계룡로491번길,25030600,둔산2동
1860333700,박산로,25040640,온천1동
1870061700,신일서로,25050610,목상동
1860012711,대덕대로,25040610,구즉동
1830034100,동서대로,25010800,삼성동
1860398900,죽동로,25040540,온천2동
1860405600,유성대로935번길,25040540,온천2동
1850134600,둔산중로134번길,25030600,둔산2동
1860014905,금남구즉로,25040610,구즉동
1850027000,유성대로,25040680,진잠동
1850318201,도안동로11번길,25030512,도안동
1840064902,유등천동로,25020690,산성동
1850072700,탄방로,25030570,탄방동
1830040808,충정로,25010640,가양2동
1830031404,우암로,25010800,삼성동
1860431700,테크노3로,25040630,관평동
1860216300,월드컵대로,25040700,상대동
1860109900,은구비로156번길,25040660,노은2동
1850095401,남선로60번길,25030570,탄방동
1830453901,길티길,25010630,가양1동
1870063301,신일서로85번길,25050610,목상동
1830463200,은어송로51번길,25010530,효동
1850100500,둔산로74번길,25030600,둔산2동
1870151805,신탄진로756번안길,25050580,신탄진동
1860438000,배울2로,25040630,관평동
1870048201,선비마을로,25050570,법2동
1860633900,도안북로,25040680,진잠동
1860184706,반석로,25040670,노은3동
1860212501,자운로97번길,25040550,신성동
1870501900,천변도시고속화도로,25050530,회덕동
1850103301,둔산남로91번길,25030590,둔산1동
1860609700,문지로,25040570,전민동
1840026207,보문로,25020590,부사동
1870064901,신일동로,25050610,목상동
1830036502,합내로,25010630,가양1동
1840027500,보문로,25020580,대사동
1850075100,-,25030570,탄방동
1860144000,테크노9로,25040630,관평동
1830460601,대전로,25010530,효동
1850155501,유등로,25030520,도마1동
1860436600,테크노6로,25040630,관평동
1830029601,동대전로,25010600,자양동
1860037303,계룡로32번길,25040640,온천1동
1840021805,대종로,25020590,부사동
1870203400,경부고속도로,25050620,송촌동
1850094000,대덕대로176번길,25030600,둔산2동
1870016600,오정로78번길,25050510,오정동
1840015601,대종로,25020570,석교동
1870482802,벚꽃길,25050600,덕암동
1870027702,송촌북로5번길,25050550,중리동
1870010503,대전로1033번길,25050510,오정동
1830122600,대전로542번길,25010530,효동
1850068703,계룡로562번길,25030610,괴정동
1870052000,계족로663번길,25050560,법1동
1850046103,제비네1길,25030530,도마2동
1860210802,상대로,25040700,상대동
1860684802,박산로,25040640,온천1동
1860118201,송림로,25040660,노은2동
1830492102,우암로,25010800,삼성동
1860354400,엑스포로625번길,25040630,관평동
1860380301,진잠옛로265번길,25040690,학하동
1830012703,계족로,25010650,용전동
1840189201,보문산로,25020690,산성동
1840016407,보문산로,25020690,산성동
1850120701,월평동로,25030640,갈마1동
1840046800,중교로,25020550,대흥동
1850265401,계백로,25030730,관저2동
1840040001,선화로22번길,25020600,용두동
1860408202,봉명서로,25040710,원신흥동
1870089009,평촌2길,25050600,덕암동
1860422901,테크노4로,25040630,관평동
1860378900,복용로40번길,25040690,학하동
1860003807,계룡로,25040640,온천1동
1860392200,유성대로877번길,25040540,온천2동
1870033401,계족산로5번길,25050570,법2동
1870483901,한밭대로1009번길,25050510,오정동
1870073501,신일동로17번길,25050610,목상동
1870071902,문평서로,25050610,목상동
1830023202,용운로,25010570,용운동
1850201300,원도안로,25030512,도안동
1840193801,계룡로,25020620,오류동
1830457403,석천로,25010750,산내동
1850047805,조달청길,25030530,도마2동
1840034801,대종로,25020550,대흥동
1860680502,원계산로,25040680,진잠동
1850115801,대덕대로234번길,25030600,둔산2동
1850053902,동서대로,25030620,가장동
1860099401,엑스포로,25040570,전민동
1840032707,문창로,25020560,문창동
1830026000,태전로,25010760,중앙동
1860004601,현충원로,25040540,온천2동
1860058400,대학로,25040640,온천1동
1860339100,호남고속도로지선,25040640,온천1동
1860068102,-,25040640,온천1동
1860094903,엑스포로97번길,25040550,신성동
1860632803,유성대로,25040680,진잠동
1830465202,은어송로77번길,25010530,효동
1840055801,동서대로,25020540,중촌동
1870078201,대덕대로1448번길,25050610,목상동
1870081901,3공단3길,25050610,목상동
1860428700,테크노중앙로,25040630,관평동
1850206800,원도안로,25030512,도안동
1850267303,관저로,25030730,관저2동
1860192501,지족동로,25040670,노은3동
1830025802,중앙로,25010760,중앙동
1840052504,대종로550번길,25020510,은행선화동
1850091303,둔산서로10번길,25030570,탄방동
1870068602,신탄진로,25050600,덕암동
1850115901,대덕대로234번길,25030600,둔산2동
1850266400,구봉산북로21번길,25030730,관저2동
1860093500,은구비남로7번길,25040590,노은1동
1860663203,자운로221번길,25040550,신성동
1870481100,신탄진로583번길,25050600,덕암동
1830023001,용운로,25010570,용운동
1830017703,대전로,25010770,신인동
1860110203,북유성대로,25040660,노은2동
1850307602,배재로233번길,25030550,변동
1840030501,계백로1565번길,25020650,유천1동
1830055311,천개동로,25010730,대청동
1870301400,신탄진로,25050580,신탄진동
1860599901,문지로316번길,25040570,전민동
1860036601,유성대로654번길,25040640,온천1동
1850023500,복수동로,25030510,복수동
1860110204,북유성대로,25040660,노은2동
1870065804,덕암로,25050600,덕암동
1860597900,테크노2로,25040630,관평동
1860025200,대정북로,25040680,진잠동
1860117101,신성남로,25040550,신성동
1830467400,토천1길,25010770,신인동
1870027400,동춘당로44번길,25050620,송촌동
1830463800,은어송로51번길,25010530,효동
1850030600,복수동로51번길,25030510,복수동
1860002702,계룡로,25040640,온천1동
1850208904,도안동로,25030512,도안동
1870042201,동춘당로,25050570,법2동
1850061404,갈마로,25030630,내동
1840057700,목중로54번길,25020540,중촌동
1860029800,월드컵대로,25040700,상대동
1870074202,대덕대로1454번길,25050610,목상동
1840011000,뿌리공원로,25020690,산성동
1830008001,계족로,25010770,신인동
1850074302,신갈마로,25030650,갈마2동
1860003003,계룡로,25040640,온천1동
1840043901,선화로,25020600,용두동
1860605606,구즉로58번길,25040610,구즉동
1870080901,대덕대로1486번길,25050610,목상동
1850334901,-,25030690,만년동
1850033401,유등로,25030510,복수동
1850021401,유등로,25030510,복수동
1850310800,대덕대로167번길,25030650,갈마2동
1850327601,대덕대로175번길,25030600,둔산2동
1840035801,유천로,25020660,유천2동
1830007005,옥천로,25010550,판암1동
1870056701,덕암로,25050600,덕암동
1860115500,가정로,25040550,신성동
1850043703,복수중로,25030510,복수동
1860107600,북유성대로,25040660,노은2동
1850083800,대덕대로168번길,25030650,갈마2동
1830475600,대전천동로,25010770,신인동
1860033001,월드컵대로299번길,25040640,온천1동
1870077100,덕암북로58번길,25050590,석봉동
1850056203,변동중로,25030550,변동
1860201101,학하로,25040690,학하동
1870052501,대전로1331번길,25050530,회덕동
1860648902,금남구즉로,25040610,구즉동
1870058800,산업단지로87번길,25050610,목상동
1840017600,신기로,25020570,석교동
1830020201,대동복개길,25010780,대동
1850265701,구봉산북로21번길,25030730,관저2동
1850306300,둔산로31번길,25030600,둔산2동
1860672501,계룡로74번길,25040640,온천1동
2830023002,양지시목로,33042320,현도면
1840025001,산성로,25020680,문화2동
1860650803,-,25040690,학하동
1860038900,도안대로577번길,25040640,온천1동
1870008006,대덕대로,25050610,목상동
1860126501,신성남로,25040550,신성동
1830491101,소랑길,25010800,삼성동
1860030000,월드컵대로299번길,25040640,온천1동
1850334102,-,25030730,관저2동
1850085800,갈마로,25030640,갈마1동
1870491601,오정로,25050510,오정동
1870044303,동춘당로126번길,25050620,송촌동
1840013202,안영로,25020690,산성동
1870490302,우암로,25050540,비래동
1850118802,대덕대로242번길,25030600,둔산2동
1860433100,테크노5로,25040630,관평동
1840046702,중교로,25020510,은행선화동
1830015302,대전로448번길,25010530,효동
1870055100,천변도시고속도로,25050520,대화동
1870484100,대화로,25050520,대화동
1850025304,복수남로12번길,25030510,복수동
1830040506,흥룡로,25010640,가양2동
1860009202,대덕대로,25040550,신성동
1830021101,용운로,25010570,용운동
1860630904,진잠로42번길,25040680,진잠동
1850147800,둔산대로117번길,25030690,만년동
1860221701,계룡로,25040640,온천1동
1860049101,계룡로123번길,25040640,온천1동
1860206500,동서대로,25040680,진잠동
1860131401,유성대로1689번길,25040570,전민동
1870052801,대전로1291번길,25050520,대화동
1830474700,신기로,25010530,효동
1870081302,문평동로,25050610,목상동
1840011201,뿌리공원로,25020690,산성동
1840163400,대전남부순환고속도로,25020690,산성동
1860611801,문지로,25040570,전민동
1860380802,진잠옛로,25040690,학하동
1860605400,계백로,25030730,관저2동
1830127701,동부로,25010570,용운동
1860080603,노은서로,25040590,노은1동
1870010701,한남로149번길,25050510,오정동
1830454202,동중앙로,25010760,중앙동
1850049309,도마로,25030550,변동
1850086201,대덕대로176번길,25030650,갈마2동
1860669602,유성대로626번길,25040640,온천1동
1860177101,진잠로139번길,25040680,진잠동
1870480301,대화로,25050520,대화동
1860054101,온천서로,25040640,온천1동
1870038702,계족산로81번길,25050620,송촌동
1860399500,죽동로,25040540,온천2동
1870071100,덕암북로60번길,25050600,덕암동
1860018000,진잠로,25040680,진잠동
1860007407,호남고속도로지선,25040550,신성동
1830472501,동서대로1572번길,25010790,성남동
1860078900,유성대로783번길,25040540,온천2동
1860364603,학하남로65번길,25040690,학하동
1870479501,대화로161번길,25050520,대화동
1850319001,봉우로8번길,25030720,관저1동
1830045201,한밭대로,25010650,용전동
1860233101,금남구즉로,25040610,구즉동
1830005504,옥천로,25010550,판암1동
1860096601,은구비남로7번길,25040590,노은1동
1850315700,신갈마로86번길,25030640,갈마1동
1870084603,신탄진동로,25050580,신탄진동
1840026402,보문로,25020590,부사동
1870441801,-,25050530,회덕동
1860050100,계룡로141번길,25040640,온천1동
1860423200,관평1로,25040630,관평동
1830467500,-,25010550,판암1동
1840192204,유등천동로,25020640,태평2동
1870490807,홍도로,25050550,중리동
1860188203,지족북로,25040670,노은3동
1870039302,중리북로,25050550,중리동
1870020801,중리로,25050550,중리동
1830467501,-,25010550,판암1동
1850317902,도마3길,25030520,도마1동
1860672903,계룡로74번길,25040640,온천1동
1850048801,배재로,25030530,도마2동
1860663501,자운로221번길,25040550,신성동
1850091000,유등로669번길,25030570,탄방동
1840054603,동서대로,25020540,중촌동
1860625500,유성대로1366번길,25040550,신성동
1870082102,-,25050610,목상동
1870497602,남경마을로,25050580,신탄진동
1850207100,원도안로,25030512,도안동
1850048202,조달청길,25030530,도마2동
1830469402,신기로101번길,25010550,판암1동
1850050000,도솔로,25030520,도마1동
1860105005,노은동로,25040660,노은2동
1840005107,계백로,25020660,유천2동
1850043603,복수중로,25030510,복수동
1850035000,벌곡로,25030511,가수원동
1830038809,우암로,25010640,가양2동
1840185503,대전천서로,25020510,은행선화동
1870013503,한남로88번길,25050510,오정동
1860663901,자운로97번길,25040550,신성동
1860078503,어은로,25040540,온천2동
1840166900,대전남부순환고속도로,25020690,산성동
1860113901,지족로364번길,25040670,노은3동
1850045300,도산로,25030520,도마1동
1840013001,사정공원로,25020690,산성동
1860120401,노은로,25040660,노은2동
1850306002,청사서로54번길,25030670,월평2동
1850143903,갈마역로,25030670,월평2동
1830448800,은어송로51번길,25010530,효동
1860435300,테크노중앙로,25040630,관평동
1860673002,계룡로74번길,25040640,온천1동
1870074900,대덕대로1454번길,25050610,목상동
1840196001,유등로,25020640,태평2동
1870021200,우암로486번길,25050540,비래동
1850051906,변동로,25030550,변동
1830036910,동대전로248번길,25010640,가양2동
1860173600,용계로94번길,25040710,원신흥동
1860415901,유성대로1184번길,25040550,신성동
1870081902,3공단3길,25050610,목상동
1860087100,노은로,25040590,노은1동
1860611901,문지로299번길,25040570,전민동
1860601601,지족북로,25040670,노은3동
1870036301,동춘당로94번길,25050620,송촌동
1860672402,계룡로18번길,25040640,온천1동
1850040400,관저동로,25030720,관저1동
1870015002,오정로76번길,25050510,오정동
1860062601,온천북로13번길,25040640,온천1동
1860214901,원신흥남로,25040710,원신흥동
1870482600,상서로,25050600,덕암동
1850310201,용소로,25030512,도안동
1860141500,테크노8로,25040630,관평동
1860106803,엑스포로,25040570,전민동
1850321701,구봉로131번길,25030730,관저2동
1840036801,대흥로,25020550,대흥동
1870015901,대전로,25050510,오정동
1860371800,학하중앙로,25040690,학하동
1850064702,괴정로,25030610,괴정동
1850022202,복수남로11번길,25030510,복수동
1850025200,복수남로12번길,25030510,복수동
1850094301,둔산중로14번길,25030570,탄방동
1860009807,신성서로,25040550,신성동
1850206601,원도안로,25030512,도안동
1860625800,노은서로266번길,25040660,노은2동
1860162000,테크노중앙로,25040630,관평동
1860434300,테크노1로,25040630,관평동
1830022101,용운로,25010570,용운동
1860214100,원신흥로,25040710,원신흥동
1870496500,문평서로17번길,25050610,목상동
1870196300,경부고속도로,25050600,덕암동
1870009000,대청로,25050580,신탄진동
1850308700,-,25030730,관저2동
1830123502,대전로542번길,25010530,효동
1830039705,홍도로,25010680,홍도동
1830124400,은어송로,25010530,효동
1860672101,유성대로668번길,25040640,온천1동
1850135900,대덕대로290번길,25030670,월평2동
1850023201,관저중로,25030730,관저2동
1860401302,죽동로279번길,25040540,온천2동
1860726400,도안대로,25040680,진잠동
1860598501,문지로,25040570,전민동
1860058200,온천로,25040640,온천1동
1860376001,복용로,25040690,학하동
1870013508,한남로88번길,25050510,오정동
1860364100,학하동로,25040690,학하동
1850063400,유등로,25030560,용문동
1840052102,보문로,25020510,은행선화동
1850058900,괴정로,25030620,가장동
1860691202,-,25040700,상대동
1870076401,대덕대로1448번길,25050610,목상동
1830033405,태전로,25010800,삼성동
1860002801,계룡로,25040640,온천1동
1850040102,혜천로,25030510,복수동
1870480101,대화로,25050520,대화동
1860017701,원내로,25040680,진잠동
1840047300,동서대로,25020620,오류동
1860094500,엑스포로,25040550,신성동
1850304201,복수중로,25030510,복수동
1860035901,계룡로52번길,25040640,온천1동
1860373500,복용북로18번길,25040690,학하동
1860046000,온천동로,25040640,온천1동
1870006211,신탄진로,25050580,신탄진동
1860130500,엑스포로466번길,25040570,전민동
1850145101,둔산대로,25030690,만년동
1860433001,테크노1로,25040630,관평동
1850103100,둔산중로46번길,25030590,둔산1동
1850027203,정림서로138번길,25030540,정림동
1850330504,계룡로342번길,25030640,갈마1동
1850330902,계룡로314번길,25030660,월평1동
1830029902,우암로,25010800,삼성동
1840186900,계백로1685번길,25020620,오류동
1850318901,봉우로8번길,25030720,관저1동
1860050301,계룡로141번길,25040640,온천1동
1870049700,대전로1291번길,25050520,대화동
1830463600,은어송로51번길,25010530,효동
1830028900,우암로,25010800,삼성동
1840191603,유등천동로,25020690,산성동
1830465900,신기로101번길,25010530,효동
1860078800,대학로,25040540,온천2동
1870075200,대덕대로1486번길,25050610,목상동
1860194603,지족동로,25040670,노은3동
1860104402,노은서로210번길,25040660,노은2동
1850028900,구봉로147번길,25030730,관저2동
1870298402,대덕대로1527번길,25050610,목상동
1860010708,유성대로,25040550,신성동
1860403301,원신흥남로28번길,25040710,원신흥동
1860414901,유성대로1184번길,25040550,신성동
1870031600,선비마을로23번길,25050620,송촌동
1850307200,계룡로416번길,25030650,갈마2동
1860430200,관평1로,25040630,관평동
1850113000,갑천도시고속도로,25030660,월평1동
1850308402,관저북로13번길,25030720,관저1동
1840039801,선화로22번길,25020510,은행선화동
2830022500,신문로,33042320,현도면
1850237000,계룡로,25030660,월평1동
1870000900,계족로,25050550,중리동
1860665302,자운로97번길,25040550,신성동
1830283500,동산초교로23번길,25010680,홍도동
1870028702,동춘당로54번길,25050620,송촌동
1870060800,덕암로203번길,25050600,덕암동
1840038801,대흥로121번길,25020550,대흥동
1850132400,한밭대로707번길,25030670,월평2동
1850007705,계룡로,25030610,괴정동
1870006901,대덕대로,25050610,목상동
1840196302,-,25020640,태평2동
1870489212,송촌남로,25050620,송촌동
1860076502,대학로,25040540,온천2동
1860401600,유성대로877번길,25040540,온천2동
1860611301,문지로,25040570,전민동
1850334703,-,25030512,도안동
1850029803,복수동로52번길,25030510,복수동
1870013808,옛신탄진로,25050510,오정동
1850303203,구봉로,25030540,정림동
1860090900,은구비남로,25040590,노은1동
1860440301,테크노중앙로,25040630,관평동
1870026505,계족산로17번길,25050550,중리동
1860024400,대정북로,25040680,진잠동
1840032300,보문로,25020550,대흥동
1840199603,충무로,25020580,대사동
1850317301,배재로197번길,25030530,도마2동
1850011803,대덕대로,25030670,월평2동
1860131604,유성대로,25040550,신성동
1860198501,북유성대로,25040660,노은2동
1860082801,왕가봉로24번길,25040590,노은1동
1860097501,노은서로,25040590,노은1동
1870075002,덕암북로,25050600,덕암동
1860023901,대정북로,25040680,진잠동
1830011218,계족로,25010790,성남동
1860120800,노은로426번길,25040660,노은2동
1860636902,동서대로735번길,25040710,원신흥동
1860409402,봉명서로,25040710,원신흥동
1860366100,학하동로,25040690,학하동
1850154602,변동중로45번길,25030550,변동
1860444400,갑천로,25040630,관평동
1830011112,계족로,25010790,성남동
1850309301,관저중로95번길,25030730,관저2동
1830285302,한남로,25010680,홍도동
1860047801,유성대로694번길,25040640,온천1동
1850083401,계룡로571번길,25030570,탄방동
1840048502,대종로,25020510,은행선화동
1830024601,동대전로,25010780,대동
1860025703,진잠옛로,25040680,진잠동
1830474303,산서로,25010750,산내동
1860193100,학하로,25040690,학하동
1870301901,-,25050580,신탄진동
1850026402,복수남로,25030510,복수동
1860071402,대학로75번길,25040540,온천2동
1860133804,엑스포로539번길,25040630,관평동
1840047801,오류로,25020620,오류동
1850281105,관저남로25번길,25030730,관저2동
1870497801,석봉로37번길,25050590,석봉동
1850143105,월평북로,25030670,월평2동
1840044302,태평로,25020630,태평1동
1860424400,테크노4로,25040630,관평동
1850040001,혜천로,25030510,복수동
1870026305,계족산로5번길,25050550,중리동
1860611101,문지로,25040570,전민동
1870047301,계족로664번길,25050570,법2동
1860005805,유성대로,25040540,온천2동
1860398701,죽동로280번길,25040540,온천2동
1840030204,보문로,25020580,대사동
1870492600,계족로,25050550,중리동
1840194802,중앙로,25020550,대흥동
2830004104,중척길,33042320,현도면
1830044805,홍도로,25010650,용전동
1870045400,대전로1331번길,25050520,대화동
1860618500,문지로316번길,25040570,전민동
1850025802,관저중로64번길,25030730,관저2동
1860064502,장대로,25040540,온천2동
1830042005,대청호수로,25010730,대청동
1860224204,도안대로590번길,25040710,원신흥동
1860638100,엑스포로123번길,25040550,신성동
1860629400,왕가봉로,25040590,노은1동
1860056500,온천로,25040640,온천1동
1830028402,정보길,25010630,가양1동
1830008002,계족로,25010780,대동
1870053503,아리랑로,25050530,회덕동
1860100002,은구비로,25040590,노은1동
1860194901,북유성대로,25040660,노은2동
1830284602,동산초교로23번길,25010680,홍도동
1840121901,사정공원로,25020690,산성동
1870019601,중리서로,25050550,중리동
1830476001,대전천동로,25010770,신인동
1860043201,유성대로668번길,25040640,온천1동
1860430301,갑천로,25040630,관평동
1860632200,유성대로,25040680,진잠동
1840024102,천근로,25020680,문화2동
1850104301,갑천도시고속도로,25030660,월평1동
1850090203,문정로,25030570,탄방동
1870485801,동춘당로44번길,25050620,송촌동
1860034402,유성대로646번길,25040640,온천1동
1830028310,정보길,25010760,중앙동
1860144802,테크노2로,25040630,관평동
1830028601,선화로,25010800,삼성동
1830489501,동서대로,25010680,홍도동
1870037202,송촌북로,25050620,송촌동
1860068800,온천북로33번길,25040640,온천1동
1840165200,대전남부순환고속도로,25020690,산성동
1860685702,유성대로671번길,25040640,온천1동
1850012002,대덕대로,25030670,월평2동
1860614801,엑스포로446번길,25040570,전민동
1850071300,문정로2번길,25030570,탄방동
1860612500,문지로299번길,25040570,전민동
1860394500,죽동로,25040540,온천2동
1850010900,계룡로,25030660,월평1동
1860431500,테크노중앙로,25040630,관평동
1860648203,구룡달전로,25040610,구즉동
1860075100,문화원로37번길,25040540,온천2동
1840003301,대둔산로,25020650,유천1동
1860200401,유성대로,25040680,진잠동
1860433801,테크노5로,25040630,관평동
1840025609,계백로1566번길,25020650,유천1동
1850109700,둔산중로58번길,25030590,둔산1동
1850068804,도솔로,25030570,탄방동
1830037203,우암로,25010630,가양1동
1870007301,대청로,25050580,신탄진동
1860392801,유성대로877번길,25040540,온천2동
1830450300,토천1길,25010550,판암1동
1870038301,대화로132번길,25050520,대화동
1850289502,관저동로,25030730,관저2동
1860683503,구룡달전로,25040610,구즉동
1860033400,유성대로654번길,25040640,온천1동
1860621606,반석로11번길,25040670,노은3동
1840198001,-,25020620,오류동
1850124901,둔지로,25030670,월평2동
1860130600,엑스포로466번길,25040570,전민동
1860155700,테크노4로,25040630,관평동
1850117703,대덕대로233번길,25030600,둔산2동
1850007003,계룡로,25030560,용문동
1870079400,-,25050610,목상동
1860128201,자운로,25040550,신성동
1830019201,용운로,25010570,용운동
1850319401,봉우로30번길,25030720,관저1동
1840037701,중앙로,25020510,은행선화동
1870079500,-,25050610,목상동
1870488200,동산초교로,25050510,오정동
1830127500,동부로,25010640,가양2동
1870044701,매봉길,25050570,법2동
1860661409,자운로97번길,25040550,신성동
1870030402,송촌북로12번길,25050620,송촌동
1860030700,월드컵대로253번안길,25040640,온천1동
1850197800,도안중로,25030720,관저1동
1860008605,대덕대로,25040550,신성동
1850063702,탄방로,25030570,탄방동
1850231800,대전남부순환고속도로,25030730,관저2동
1850075900,문정로48번길,25030570,탄방동
1860657404,신성남로,25040550,신성동
1860141801,테크노9로,25040630,관평동
1870048801,계족로663번길,25050560,법1동
1840020702,산성로,25020680,문화2동
1860723700,도안대로,25040680,진잠동
1840036407,중앙로,25020670,문화1동
1870054002,아리랑로,25050570,법2동
1870492103,우암동로,25050540,비래동
1850322301,관저로129번길,25030730,관저2동
1840006201,계룡로,25020600,용두동
1860001406,계백로,25030730,관저2동
1850124001,둔산북로,25030600,둔산2동
1860120501,반석서로,25040670,노은3동
1860609902,문지로,25040570,전민동
1850307700,원도안로224번길,25030512,도안동
1860019700,대정남로,25040680,진잠동
1860133803,엑스포로539번길,25040630,관평동
1830489404,한남로67번길,25010680,홍도동
1860083004,왕가봉로,25040590,노은1동
1850159502,구봉로,25030540,정림동
1870020701,중리로,25050550,중리동
1840182301,목동로22번길,25020530,목동
1870047101,계족로664번길,25050570,법2동
1860671501,유성대로654번길,25040640,온천1동
1830018702,대전로,25010760,중앙동
1860628901,과학로,25040550,신성동
1850053000,배재로,25030550,변동
1850111300,둔지로,25030600,둔산2동
1850091305,둔산서로10번길,25030570,탄방동
1850314701,갈마중로37번길,25030650,갈마2동
1870073901,덕암북로4번길,25050600,덕암동
1850137901,문정로,25030600,둔산2동
1840189505,산성로57번길,25020690,산성동
1840021202,당디로,25020690,산성동
1850105800,둔산로,25030740,둔산3동
1840000201,대둔산로,25020690,산성동
1860632704,유성대로,25040680,진잠동
1870005802,대덕대로,25050610,목상동
1860616200,문지로316번길,25040570,전민동
1870025100,계족산로17번길,25050550,중리동
1850054600,유등로,25030620,가장동
1860081702,한밭대로,25040540,온천2동
1860064900,대학로,25040640,온천1동
1870085100,대덕대로1447번길,25050610,목상동
1850234601,구봉로,25030730,관저2동
1860137600,자운로221번길,25040550,신성동
1840044400,태평로,25020640,태평2동
1830460501,대전로,25010530,효동
1850307404,갈마중로37번길,25030650,갈마2동
1830007507,옥천로,25010560,판암2동
1840065100,유등천동로,25020690,산성동
1860092802,노은서로,25040590,노은1동
1850054100,유등로,25030620,가장동
1860440101,테크노중앙로,25040630,관평동
1860612101,문지로,25040570,전민동
1860654502,장대로,25040640,온천1동
1860004608,현충원로,25040640,온천1동
1840043802,대전천서로,25020550,대흥동
1860088407,과학로,25040540,온천2동
1830009502,계족로,25010780,대동
1860178701,관평천변로,25040630,관평동
1840036600,대흥로,25020550,대흥동
1860046101,계룡로141번길,25040640,온천1동
1860423701,관평2로,25040630,관평동
1860668401,용산2로,25040630,관평동
1830466700,대전로542번길,25010530,효동
1850012504,대덕대로,25030690,만년동
1860232500,구룡고개길,25040610,구즉동
1830040605,흥룡로,25010640,가양2동
1850091204,둔산서로10번길,25030570,탄방동
1860004002,유성대로,25040540,온천2동
1870063801,대덕대로1284번길,25050610,목상동
1860087602,한밭대로,25040590,노은1동
1870493601,유등로,25040550,신성동
1840026102,보문로,25020590,부사동
1860626201,노은동로240번길,25040660,노은2동
1850061306,도솔로,25030610,괴정동
1850149800,만년로67번길,25030690,만년동
1870005301,경부고속도로,25050600,덕암동
1860616001,문지로315번길,25040570,전민동
1850005401,계백로,25030540,정림동
1870012900,오정로,25050510,오정동
1870155300,신탄진로756번안길,25050580,신탄진동
1840050700,대종로,25020510,은행선화동
1830468307,옥천로106번길,25010550,판암1동
1860370800,학하중앙로127번길,25040690,학하동
1860680304,원계산로,25040680,진잠동
1860146801,테크노2로,25040630,관평동
1830043700,한밭대로,25010640,가양2동
1870007907,대덕대로,25050600,덕암동
1840196905,-,25020690,산성동
1850311202,도안동로,25030512,도안동
1860125502,반석로,25040670,노은3동
1830041204,동서대로,25010650,용전동
1860672902,계룡로74번길,25040640,온천1동
1870030700,계족산로,25050620,송촌동
1860430400,테크노5로,25040630,관평동
1860049000,유성대로,25040640,온천1동
1850108900,둔산로51번길,25030600,둔산2동
1870055603,산디로,25050530,회덕동
1830025003,대전로,25010760,중앙동
1860203101,외삼로,25040660,노은2동
1870054600,대전로1291번길,25050520,대화동
1850006602,계백로,25030520,도마1동
1850082300,계룡로509번길,25030570,탄방동
1850276400,동서대로656번길,25030512,도안동
1850102202,둔산남로9번길,25030600,둔산2동
1840126611,운남로,25020690,산성동
1860626501,은구비로155번길,25040660,노은2동
1830035602,대전로,25010800,삼성동
1840003100,대둔산로,25020690,산성동
1840184500,유등천동로,25020540,중촌동
1850047706,조달청길,25030520,도마1동
1830034603,충정로,25010600,자양동
1850120301,월평로,25030660,월평1동
1850025203,복수남로12번길,25030510,복수동
1870057101,산업단지로,25050600,덕암동
1870035100,계족산로81번길,25050620,송촌동
1860113603,가정로,25040550,신성동
1850095500,남선로60번길,25030570,탄방동
1870089702,대전천북로,25050510,오정동
1850069102,도산로,25030560,용문동
1840195602,보문로,25020510,은행선화동
1850040703,혜천로,25030510,복수동
1850081701,문정로60번길,25030570,탄방동
1850336800,계백로,25030540,정림동
1850075402,갈마로,25030640,갈마1동
1860431402,테크노중앙로,25040630,관평동
1840049904,선화로,25020510,은행선화동
1870056000,장동로,25050530,회덕동
1850048501,배재로,25030530,도마2동
1830450900,대동천우안3길,25010780,대동
1860142002,-,25040630,관평동
1870037900,동춘당로94번길,25050620,송촌동
1840053901,목동로,25020530,목동
1860438701,테크노2로,25040630,관평동
1860406801,원신흥남로28번길,25040710,원신흥동
1840006200,계룡로,25020670,문화1동
1850091207,둔산서로10번길,25030570,탄방동
1860371300,학하동로,25040690,학하동
1850147200,둔산대로117번길,25030690,만년동
1830007314,옥천로,25010550,판암1동
1860650801,-,25040690,학하동
1830490904,수향길,25010760,중앙동
1850136400,둔산서로,25030600,둔산2동
1860415200,유성대로,25040550,신성동
1870088400,-,25050510,오정동
1840048601,대종로,25020550,대흥동
1830456902,석천로,25010750,산내동
1860194601,지족동로,25040670,노은3동
1840065602,유등천동로,25020690,산성동
1850113900,갑천도시고속도로,25030660,월평1동
1850051802,변동로,25030550,변동
1830284401,동산초교로,25010680,홍도동
1870196001,경부고속도로,25050600,덕암동
1850070300,대덕대로,25030650,갈마2동
1850322401,관저로129번길,25030730,관저2동
1860442402,테크노11로,25040630,관평동
1830456201,산내로1305번길,25010750,산내동
1870153700,장동로278번길,25050530,회덕동
1870044602,매봉길,25050570,법2동
1860124702,신성로,25040550,신성동
1850321201,관저중로64번길,25030730,관저2동
1860132504,자운로97번길,25040550,신성동
1840024500,대전천서로,25020570,석교동
1860652801,원신흥남로12번길,25040710,원신흥동
1840014707,대종로,25020570,석교동
1860722701,유성대로653번길,25040640,온천1동
1870067700,문평서로17번길,25050610,목상동
1870203402,경부고속도로,25050530,회덕동
1860032101,월드컵대로289번길,25040640,온천1동
1830024104,새둑길,25010760,중앙동
1860018601,진잠로149번길,25040680,진잠동
1840037704,중앙로,25020510,은행선화동
1830042700,동서대로,25010630,가양1동
1860622300,지족북로66번길,25040670,노은3동
1860404400,죽동로279번길,25040540,온천2동
1860241100,배울1로,25040570,전민동
1850118402,신갈마로230번길,25030640,갈마1동
1850047001,도산로,25030530,도마2동
1850234100,대전남부순환고속도로,25030730,관저2동
1840042101,중앙로,25020550,대흥동
1850237300,계룡로,25030660,월평1동
1850305300,유등로,25030510,복수동
1860338100,호남고속도로지선,25040640,온천1동
1870019000,한밭대로,25050510,오정동
1870083300,석봉로,25050590,석봉동
1850316100,갈마로117번길,25030650,갈마2동
1850201101,원도안로,25030512,도안동
1870074701,대덕대로1486번길,25050610,목상동
1830463400,대전로,25010530,효동
1860070400,문화원로,25040640,온천1동
1840017400,송리로,25020680,문화2동
1870072701,석봉로58번길,25050590,석봉동
1860081300,프란치스코교황로,25040590,노은1동
1860078101,한밭대로,25040540,온천2동
1860078201,한밭대로,25040540,온천2동
1870005303,경부고속도로,25050600,덕암동
1830041601,신상로,25010730,대청동
1850334301,구봉산북로,25030730,관저2동
1850092517,갈마중로,25030650,갈마2동
1850312200,대덕대로335번길,25030670,월평2동
1850125603,월평로,25030660,월평1동
1860062500,온천북로13번길,25040640,온천1동
1830126801,동구청로,25010750,산내동
1850098103,둔산남로,25030570,탄방동
1850333601,구봉산북로94번길,25030730,관저2동
1830038701,우암로,25010640,가양2동
1850009308,계룡로,25030650,갈마2동
1850201502,원도안로,25030512,도안동
1860393800,죽동로,25040540,온천2동
1850028500,관저중로,25030730,관저2동
1850045102,도솔로,25030530,도마2동
1870026805,중리서로,25050550,중리동
1870026502,계족산로17번길,25050550,중리동
1870486002,-,25050510,오정동
1840045100,오류로,25020620,오류동
1870082501,대덕대로1470번길,25050610,목상동
1860137300,-,25040550,신성동
1860040301,계룡로16번길,25040640,온천1동
1840192400,평촌로,25020640,태평2동
1870022900,동춘당로,25050620,송촌동
1870494500,아리랑로,25050530,회덕동
1860443502,테크노2로,25040630,관평동
1860017800,원내로,25040680,진잠동
1870051201,-,25050560,법1동
1840031602,유천로,25020660,유천2동
1860090100,은구비남로,25040590,노은1동
1850157400,대전남부순환고속도로,25030730,관저2동
1830467302,토천1길,25010770,신인동
1870013104,오정로38번길,25050510,오정동
1830055901,세천공원로,25010550,판암1동
1830471602,옛신탄진로,25010680,홍도동
1860196600,학하복용서로,25040690,학하동
1840061700,어덕마을로,25020540,중촌동
1850003905,계백로,25030511,가수원동
1850095100,둔산남로9번길,25030600,둔산2동
1860598700,문지로299번길,25040570,전민동
1850036202,계백로1300번길,25030540,정림동
1860201601,유성대로,25040680,진잠동
1860132002,유성대로1312번길,25040550,신성동
1850313901,계룡로416번길,25030650,갈마2동
1840018202,산성로,25020680,문화2동
1840186600,-,25020670,문화1동
1830025900,태전로,25010760,중앙동
1850094601,둔산중로,25030570,탄방동
1840026105,보문로,25020590,부사동
1850043805,배재로,25030530,도마2동
1860622500,지족북로66번길,25040670,노은3동
1850268101,관저로,25030730,관저2동
1840045302,중교로,25020510,은행선화동
1840021403,송리로,25020680,문화2동
1860366706,학하중앙로128번길,25040690,학하동
1850118002,둔산로31번길,25030600,둔산2동
1860061900,온천북로,25040640,온천1동
1870020304,한밭대로1129번길,25050550,중리동
1850020600,구억뜸길,25030511,가수원동
1830025602,새울로,25010570,용운동
1860103700,엑스포로123번길,25040550,신성동
1860105300,노은서로,25040660,노은2동
1870010504,대전로1033번길,25050510,오정동
1860674808,문화원로6번길,25040540,온천2동
1830129500,동부로,25010640,가양2동
1840043301,중교로,25020550,대흥동
1840021201,당디로,25020690,산성동
1870066301,대덕대로1448번길,25050610,목상동
1840028301,문화로,25020670,문화1동
1850333104,구봉산북로94번길,25030730,관저2동
1870080801,대덕대로1486번길,25050610,목상동
1860372300,복용북로,25040690,학하동
1870088913,평촌2길,25050600,덕암동
1840006102,계룡로,25020670,문화1동
1870046301,대전로1331번길,25050520,대화동
1860005704,유성대로,25040540,온천2동
1860093900,은구비남로7번길,25040590,노은1동
1830055310,천개동로,25010730,대청동
1830018201,새울로,25010570,용운동
1840020800,산성로,25020680,문화2동
1870002305,계족로,25050530,회덕동
1870494900,아리랑로,25050530,회덕동
1870478100,한밭대로1009번길,25050510,오정동
1840067610,문창로,25020560,문창동
1860597501,계백로801번길,25040680,진잠동
1860180101,성북로,25040680,진잠동
1850032306,관저중로96번길,25030730,관저2동
1870071500,대덕대로1448번길,25050610,목상동
1830460800,대전로,25010530,효동
1860133701,엑스포로539번길,25040570,전민동
1870489103,송촌남로,25050620,송촌동
1860022200,대정로28번길,25040680,진잠동
1850152600,갑천도시고속도로,25030690,만년동
1860624601,지족동로142번길,25040670,노은3동
1860021900,유성대로,25040680,진잠동
1830034610,충정로,25010640,가양2동
1860373900,학하중앙로168번길,25040690,학하동
1850206000,도안동로,25030512,도안동
1850206300,원도안로,25030512,도안동
1830051400,중앙로,25010760,중앙동
1870010901,대전로,25050510,오정동
1840026706,보문산공원로,25020580,대사동
1830030301,태전로,25010800,삼성동
1850156605,하상도로,25030600,둔산2동
1860104100,엑스포로97번길,25040550,신성동
1870072702,석봉로58번길,25050590,석봉동
1860628700,대덕대로,25040550,신성동
1850136501,둔산서로,25030600,둔산2동
1860306903,북유성대로400번길,25040660,노은2동
1830005050,대전로,25010530,효동
1860613400,문지로299번길,25040570,전민동
1830453200,동서대로1683번길,25010650,용전동
1840126101,문화로,25020670,문화1동
1840003305,대둔산로,25020690,산성동
1840000104,대둔산로,25020690,산성동
1860653202,원신흥남로12번길,25040710,원신흥동
1870451000,한남로,25050510,오정동
1830031101,가양로,25010630,가양1동
1850088802,문정로,25030570,탄방동
1860196700,한밭대로,25040640,온천1동
1860378100,복용로40번길,25040690,학하동
1850120501,월평서로,25030660,월평1동
1850318102,도안동로11번길,25030512,도안동
1870049802,-,25050520,대화동
1860202500,북유성대로,25040670,노은3동
1860049501,계룡로26번길,25040640,온천1동
1830020800,용운로,25010570,용운동
1870037100,송촌북로36번길,25050620,송촌동
1830039004,옛신탄진로,25050510,오정동
1850077900,문정로90번길,25030570,탄방동
1850093300,대덕대로,25030650,갈마2동
1850292001,관저남로,25030730,관저2동
1850044202,복수서로,25030530,도마2동
1850006906,계룡로,25030560,용문동
1850049800,도산로,25030550,변동
1870072601,석봉로58번길,25050590,석봉동
1870043702,대화로,25050520,대화동
1870055706,산디로,25050530,회덕동
1870477402,방두말5길,25050600,덕암동
1850099500,둔산남로,25030570,탄방동
1850052412,중반5길,25030550,변동
1850070601,계룡로571번길,25030570,탄방동
1840121300,사정공원로,25020690,산성동
1860155301,배울1로,25040630,관평동
1870499501,대화로,25050520,대화동
1870026306,계족산로5번길,25050550,중리동
1860684202,유성대로671번길,25040640,온천1동
1850100001,둔산남로,25030600,둔산2동
1870078801,덕암북로,25050590,석봉동
1860724200,-,25040680,진잠동
1860664501,자운로97번길,25040550,신성동
1840067609,문창로,25020560,문창동
1830020105,대동복개길,25010780,대동
1850281301,도안북로,25030512,도안동
1840023301,문화로,25020690,산성동
1850058102,갈마로,25030610,괴정동
1840052601,대종로550번길,25020510,은행선화동
1850052900,변동중로,25030550,변동
1860606700,유성대로1689번길,25040570,전민동
1870063000,신일서로,25050610,목상동
1860086802,노은동로87번길,25040590,노은1동
1860138200,자운로221번길,25040550,신성동
1850235900,구봉로,25030730,관저2동
1850116901,대덕대로234번길,25030600,둔산2동
1860093600,은구비남로7번길,25040590,노은1동
1830034508,충정로,25010600,자양동
1840047503,동서대로,25020620,오류동
1830036603,합내로,25010630,가양1동
1830033802,가양로,25010630,가양1동
1860099306,엑스포로,25040570,전민동
1840026007,유천로,25020660,유천2동
1860670301,월드컵대로300번길,25040700,상대동
1870039500,대화로,25050520,대화동
1860650401,복용북로,25040690,학하동
1860688403,-,25040630,관평동
1860018503,진잠로149번길,25040680,진잠동
1860099003,엑스포로97번길,25040550,신성동
1860032201,월드컵대로289번길,25040640,온천1동
1860634800,동서대로656번길,25040680,진잠동
1850061304,도솔로,25030610,괴정동
1840044300,태평로,25020630,태평1동
1850056101,도산로,25030620,가장동
1860378702,복용로40번길,25040690,학하동
1860218300,월드컵대로,25040710,원신흥동
1860238801,테크노2로,25040630,관평동
1870023405,중리동로,25050550,중리동
1860176803,진잠로140번길,25040680,진잠동
1860003902,유성대로,25040540,온천2동
1840038400,수침로,25020630,태평1동
1860648402,-,25040610,구즉동
1830038501,동대전로,25010640,가양2동
1870030800,계족산로,25050620,송촌동
1830018000,동부로,25010570,용운동
1850114500,둔산중로78번길,25030590,둔산1동
1850264900,계백로828번길,25030730,관저2동
1860377001,복용로,25040690,학하동
1860137700,자운로,25040550,신성동
1860663903,자운로97번길,25040550,신성동
1860333600,박산로,25040640,온천1동
1870035203,대화로,25050520,대화동
1870073701,덕암북로70번길,25050600,덕암동
1860117301,지족로,25040670,노은3동
1870065600,신일동로,25050610,목상동
1830465702,신기로,25010530,효동
1870033101,계족산로81번길,25050620,송촌동
1840016410,보문산로,25020690,산성동
1860132003,유성대로1312번길,25040550,신성동
1840010706,산서로,25020690,산성동
1850002900,계백로,25030730,관저2동
1870055704,산디로,25050530,회덕동
1860155701,테크노4로,25040630,관평동
1840185701,선화로43번길,25020600,용두동
1870020600,한밭대로,25050550,중리동
1860362103,학하중앙로67번길,25040690,학하동
1840196904,-,25020690,산성동
1840040500,유천로132번길,25020630,태평1동
1840006001,계백로,25020620,오류동
1870485506,계족로574번길,25050550,중리동
1860055100,온천로,25040640,온천1동
1870480201,대화로,25050520,대화동
1860442300,테크노11로,25040630,관평동
1840040900,선화로,25020600,용두동
1850131600,한밭대로,25030670,월평2동
1830020001,계족로140번길,25010570,용운동
1860439901,배울1로,25040630,관평동
1860234600,배울1로,25040630,관평동
1860065000,대학로,25040640,온천1동
1830016601,옥천로,25010550,판암1동
1860119102,반석동로,25040670,노은3동
1870073802,덕암북로4번길,25050600,덕암동
1860229200,농대로,25040540,온천2동
1830126403,대학로,25010570,용운동
1860023801,유성대로217번길,25040680,진잠동
1850119800,유등로,25030740,둔산3동
1870083205,석봉로,25050590,석봉동
1870035600,송촌북로,25050620,송촌동
1850326301,월드컵대로484번안길,25030660,월평1동
1860610500,문지로,25040570,전민동
1870079602,신탄진남로,25050580,신탄진동
1840020302,당디로6번길,25020680,문화2동
1860200801,북유성대로,25040670,노은3동
1860639701,테크노중앙로,25040630,관평동
1850298900,별곡로,25030511,가수원동
1840048204,동서대로,25020530,목동
1860688302,-,25040630,관평동
1860012805,대덕대로,25040610,구즉동
1850064800,도산로,25030570,탄방동
1860167200,당진영덕고속도로,25040550,신성동
1850237901,계룡로,25030660,월평1동
1850306101,대덕대로335번길,25030670,월평2동
1830014500,산내로1305번길,25010750,산내동
1870196100,경부고속도로,25050610,목상동
1870052203,대화로52번안길,25050520,대화동
1870441404,-,25050590,석봉동
1870055801,신탄진로232번길,25050530,회덕동
1830028303,정보길,25010780,대동
1840185002,목동로8번길,25020530,목동
1850112500,둔산로51번길,25030600,둔산2동
1870036501,동춘당로,25050620,송촌동
1850047709,조달청길,25030520,도마1동
1870039800,동춘당로114번길,25050620,송촌동
1860030003,월드컵대로299번길,25040700,상대동
1840196601,대둔산로,25020690,산성동
1860178800,관평천변로,25040630,관평동
1860354402,엑스포로625번길,25040630,관평동
1830474701,신기로,25010530,효동
1850328802,갈마로85번길,25030650,갈마2동
1850318300,복수동로,25030510,복수동
1860057100,계룡로18번길,25040640,온천1동
1850337600,도안중로,25030720,관저1동
1870479601,대화로161번길,25050520,대화동
1840193701,계룡로,25020600,용두동
1860045201,계룡로16번길,25040640,온천1동
1860129902,전민로,25040570,전민동
1830012823,계족로,25010650,용전동
1850285601,도안북로93번길,25030512,도안동
1860092800,노은서로,25040590,노은1동
1860067300,문화원로,25040640,온천1동
1850265504,계백로860번길,25030730,관저2동
1830123401,대전로542번길,25010530,효동
1860007410,호남고속도로지선,25040590,노은1동
1870052800,대전로1291번길,25050520,대화동
1870499005,대화로32번길,25050520,대화동
1830489602,동서대로,25010790,성남동
1860123609,문지로,25040570,전민동
1860604200,과학로,25040540,온천2동
1830468902,옥천로,25010550,판암1동
1860614002,문지로299번길,25040570,전민동
1860634601,도안북로,25040680,진잠동
1850147702,만년로68번길,25030690,만년동
1850048700,도솔로,25030520,도마1동
1860112500,가정로,25040550,신성동
1850066800,도산로,25030570,탄방동
1870065002,신일동로93번길,25050610,목상동
1860132101,-,25040550,신성동
1860017401,원내로,25040680,진잠동
1830473302,계족로,25010790,성남동
1860006400,호남고속도로지선,25040540,온천2동
1830453702,-,25010790,성남동
1860100502,은구비로,25040590,노은1동
1860611700,문지로,25040570,전민동
1850063101,갈마로203번길,25030610,괴정동
1850034901,정림서로,25030540,정림동
1870009103,신탄진로,25050580,신탄진동
1860014002,대덕대로,25040610,구즉동
1860690701,-,25040700,상대동
1830005229,대전로,25010530,효동
1830040700,충정로,25010640,가양2동
1860199700,학하복용로,25040690,학하동
1860636600,동서대로,25040710,원신흥동
1850133204,한밭대로,25030640,갈마1동
1860021001,대정로,25040680,진잠동
1870066200,대덕대로1448번길,25050610,목상동
1870066700,신탄진로,25050600,덕암동
1850047607,조달청길,25030520,도마1동
1870503600,덕암로,25050600,덕암동
1860385900,용계로94번길,25040680,진잠동
1850058104,갈마로,25030610,괴정동
1830452802,한밭대로1237번길,25010650,용전동
1860109401,은구비로156번길,25040660,노은2동
1840045403,중교로,25020550,대흥동
1850151401,둔산대로117번길,25030690,만년동
1830017304,동부로,25010560,판암2동
1860672401,계룡로18번길,25040640,온천1동
1860167801,당진영덕고속도로,25040550,신성동
1830052504,신기로,25010530,효동
1840059500,중촌로,25020540,중촌동
1860621100,반석동로,25040670,노은3동
1830191600,경부고속도로,25010730,대청동
1850314901,대덕대로161번길,25030650,갈마2동
1850088700,문정로,25030570,탄방동
1850049310,도마로,25030550,변동
1870057603,덕암로,25050600,덕암동
1850023600,유등로17번길,25030510,복수동
1860056400,계룡로123번길,25040640,온천1동
1840028302,문화로,25020670,문화1동
1830473401,계족로,25010790,성남동
1860002907,계룡로,25040640,온천1동
1870026301,계족산로5번길,25050550,중리동
1860150700,와룡로136번길,25040610,구즉동
1830046002,비래서로,25050540,비래동
1830474216,산서로,25010750,산내동
1860040401,계룡로16번길,25040640,온천1동
1860123502,문지로,25040570,전민동
1860624900,지족동로142번길,25040670,노은3동
1830466900,천동초등4길,25010530,효동
1860684401,복합환승로,25040640,온천1동
1830003505,대전로,25010750,산내동
1830037900,동서대로,25010790,성남동
1860430001,테크노5로,25040630,관평동
1850058301,동서대로,25030630,내동
1860035900,계룡로52번길,25040640,온천1동
1870489304,비래동로,25050540,비래동
1850108402,월평새뜸로,25030660,월평1동
1860237601,테크노2로,25040630,관평동
1870006701,신탄진로,25050580,신탄진동
1830347504,충무로209번길,25010770,신인동
1840053301,대종로593번길,25020510,은행선화동
1860727500,도안대로,25040680,진잠동
1870018002,우암로412번길,25050540,비래동
1830015301,대전로448번길,25010530,효동
1840021200,당디로,25020690,산성동
1870081202,문평동로,25050610,목상동
1860722001,박산로,25040640,온천1동
1840021401,송리로,25020680,문화2동
1850091308,둔산서로10번길,25030570,탄방동
1860622901,지족북로66번길,25040670,노은3동
1850315300,신갈마로141번길,25030640,갈마1동
1860115001,노은로,25040660,노은2동
1850136301,-,25030600,둔산2동
1860018602,진잠로149번길,25040680,진잠동
1840026205,보문로,25020590,부사동
1860068000,온천동로,25040640,온천1동
1850052600,배재로197번길,25030530,도마2동
1840035000,대흥로,25020550,대흥동
1860654602,장대로,25040640,온천1동
1850055101,변동중로,25030550,변동
1860009708,신성서로,25040550,신성동
1830040901,동서대로,25010790,성남동
1830191000,통영대전고속도로,25010730,대청동
1860176901,진잠로140번길,25040680,진잠동
1860367901,학하남로90번길,25040690,학하동
1850035501,유등로,25030510,복수동
1850068600,계룡로562번길,25030610,괴정동
1850099600,유등로,25030740,둔산3동
1860133704,엑스포로539번길,25040630,관평동
1850311501,갑천도시고속도로,25030690,만년동
1850105900,둔산로,25030740,둔산3동
1860141102,테크노9로,25040630,관평동
1840185100,유등천동로,25020600,용두동
1850140901,청사로,25030670,월평2동
1830040801,충정로,25010640,가양2동
1850066600,용문로,25030610,괴정동
1860047500,계룡로105번길,25040640,온천1동
1870070801,덕암북로10번길,25050600,덕암동
1830005900,통영대전고속도로,25010550,판암1동
1860239000,갑천로,25040630,관평동
1860068602,온천북로33번길,25040640,온천1동
1860619000,문지로316번길,25040570,전민동
1850047700,조달청길,25030520,도마1동
1870002517,신탄진로,25050530,회덕동
1850322302,관저로129번길,25030730,관저2동
1840121500,산서로,25020690,산성동
1860337500,계백로,25030730,관저2동
1860163901,테크노4로,25040630,관평동
1840197602,오류로,25020620,오류동
1840189300,보문산공원로497번길,25020580,대사동
1850100101,둔산남로,25030600,둔산2동
1860673103,계룡로26번길,25040640,온천1동
1870002501,신탄진로,25050530,회덕동
1850038400,혜천로,25030510,복수동
1870031200,송촌북로16번길,25050620,송촌동
1830010305,계족로,25010790,성남동
1850149205,만년로,25030690,만년동
1840053602,대종로,25020510,은행선화동
1870074000,덕암북로70번길,25050600,덕암동
1830469000,옥천로,25010550,판암1동
1850209902,동서대로,25030550,변동
1850067000,탄방로,25030570,탄방동
1860011901,대덕대로,25040550,신성동
1870037500,대전로1331번길,25050520,대화동
1830024103,새둑길,25010760,중앙동
1840045603,대종로,25020510,은행선화동
1830127200,동구청로,25010750,산내동
1830183300,통영대전고속도로,25010530,효동
1840126700,운남로,25020690,산성동
1840057703,목중로54번길,25020540,중촌동
1870298302,대덕대로1527번길,25050590,석봉동
1870477104,대덕대로1486번길,25050610,목상동
1850143606,월평북로,25030670,월평2동
1840001704,대둔산로,25020690,산성동
1860056302,계룡로123번길,25040640,온천1동
1850110901,둔산중로,25030590,둔산1동
1870075606,신일동로5번길,25050610,목상동
1850096401,남선로,25030570,탄방동
1860140002,대덕대로989번길,25040550,신성동
1860184602,반석로,25040670,노은3동
1850079001,문정로10번길,25030570,탄방동
1830470404,동부로,25010560,판암2동
2830004204,중척길,33042320,현도면
1850023203,관저중로,25030730,관저2동
1830038901,옛신탄진로,25050510,오정동
1840194002,계룡로,25020620,오류동
1860612601,문지로299번길,25040570,전민동
1860335400,진잠로,25040680,진잠동
1840129001,보문산로,25020580,대사동
1870026501,계족산로17번길,25050550,중리동
1860167900,당진영덕고속도로,25040550,신성동
1850045400,도솔로,25030530,도마2동
1830016702,천동초등동길,25010530,효동
1830284701,동산초교로23번길,25010680,홍도동
1860667202,테크노8로,25040630,관평동
1870061201,대덕대로1284번길,25050610,목상동
1860078803,대학로,25040540,온천2동
1860612600,문지로299번길,25040570,전민동
1850315100,대덕대로161번길,25030650,갈마2동
1850148500,둔산대로117번길,25030690,만년동
1840050800,대종로,25020510,은행선화동
1830476705,대전천북로,25010800,삼성동
1860405900,원신흥북로,25040710,원신흥동
1860205200,유성대로,25040640,온천1동
1870025900,계족산로,25050550,중리동
1840011105,뿌리공원로,25020690,산성동
1850141500,월평중로,25030680,월평3동
1850058001,갈마로,25030630,내동
1840121902,사정공원로,25020690,산성동
1840054501,동서대로,25020510,은행선화동
1860669802,월드컵대로275번길,25040640,온천1동
1850039601,도안남로,25030720,관저1동
1870028800,동춘당로54번길,25050620,송촌동
1860632701,유성대로,25040680,진잠동
1830452101,동중앙로,25010760,중앙동
1830458900,물류로14번길,25010750,산내동
1860084301,북유성대로,25040590,노은1동
1850089803,문정로89번길,25030570,탄방동
1840048205,동서대로,25020600,용두동
1860201103,학하로,25040690,학하동
1830347406,충무로209번길,25010760,중앙동
1830005202,대전로,25010530,효동
1860208001,도안대로,25040680,진잠동
1850325002,유등로,25030560,용문동
1870057606,덕암로,25050600,덕암동
1850110002,둔산중로58번길,25030590,둔산1동
1860090401,노은서로,25040590,노은1동
1830462003,동구청로,25010530,효동
1830005037,대전로,25010530,효동
1870490701,홍도로,25050550,중리동
1860435701,테크노2로,25040630,관평동
1840126708,운남로,25020690,산성동
1860119101,반석동로,25040670,노은3동
1850132201,한밭대로,25030670,월평2동
1860045800,계룡로155번길,25040640,온천1동
1860380801,진잠옛로,25040690,학하동
1850099000,둔산남로105번길,25030570,탄방동
1860662301,자운로221번길,25040550,신성동
1830044104,우암로,25010640,가양2동
1830004503,대전로,25010750,산내동
1860650301,복용북로,25040690,학하동
1850312801,둔산서로10번길,25030570,탄방동
1840065801,대둔산로,25020690,산성동
1870076501,대덕대로1448번길,25050610,목상동
1860147903,구즉로,25040610,구즉동
1850022700,구봉로,25030730,관저2동
1850149500,만년로67번길,25030690,만년동
1860091102,은구비서로,25040590,노은1동
1860604201,과학로,25040540,온천2동
1850203200,원도안로,25030512,도안동
1870078600,대덕대로1470번길,25050610,목상동
1830030600,대성길,25010630,가양1동
1860084402,북유성대로,25040590,노은1동
1850077901,문정로90번길,25030570,탄방동
1830053502,동구청로,25010530,효동
1860123000,노은로426번길,25040660,노은2동
1860640201,-,25040550,신성동
1830125800,동구청로,25010530,효동
1860106903,은구비로,25040660,노은2동
1860075902,대학로,25040540,온천2동
1850074601,문정로60번길,25030570,탄방동
1860042602,계룡로26번길,25040640,온천1동
1860101601,엑스포로123번길,25040550,신성동
1840024806,문화로,25020650,유천1동
1860681402,대정로42번길,25040680,진잠동
1850092414,갈마중로,25030650,갈마2동
1860430101,테크노2로,25040630,관평동
1850037101,계백로1286번길,25030540,정림동
1860366700,학하중앙로128번길,25040690,학하동
1830019601,대흥로,25010770,신인동
1870057800,대덕대로1284번길,25050610,목상동
1860415500,유성대로,25040550,신성동
1830187500,경부고속도로,25010730,대청동
1850266100,구봉산북로,25030730,관저2동
1850328101,둔지로,25030650,갈마2동
1830464901,은어송로,25010530,효동
1830008904,계족로,25010780,대동
1860019900,대정로,25040680,진잠동
1830020204,대동복개길,25010780,대동
1870484901,-,25050570,법2동
1840014802,대종로,25020570,석교동
1840054101,대전천서로,25020510,은행선화동
1860114405,가정북로,25040550,신성동
1850004500,계백로,25030512,도안동
1860395500,죽동로,25040540,온천2동
1850100301,둔산서로,25030600,둔산2동
1850026800,유등로17번길,25030510,복수동
1860637200,온천동로,25040640,온천1동
1850145401,둔산대로,25030600,둔산2동
1860020601,대정로28번안길,25040680,진잠동
1840030901,계룡로920번길,25020580,대사동
1870034703,계족산로43번길,25050550,중리동
1860216701,동서대로,25040710,원신흥동
1850018605,괴곡길,25030540,정림동
1850203801,원도안로,25030512,도안동
1850131400,-,25030600,둔산2동
1840035101,테미로,25020550,대흥동
1850018618,괴곡길,25030540,정림동
1860395702,원신흥남로27번길,25040710,원신흥동
1840023501,대전천서로,25020570,석교동
1830034501,충정로,25010640,가양2동
1860414400,유성대로1184번길,25040550,신성동
1850316602,도솔로388번길,25030610,괴정동
1840042702,대흥로165번길,25020550,대흥동
1850153200,갑천도시고속도로,25030690,만년동
1870487702,오정로37번길,25050510,오정동
1860160102,관평1로,25040630,관평동
1830023804,백룡로,25010570,용운동
1860133302,엑스포로539번길,25040570,전민동
1860669601,유성대로626번길,25040640,온천1동
1840048604,대종로,25020510,은행선화동
1860025301,대정로,25040680,진잠동
1870005100,신탄진로681번길,25050600,덕암동
1850067108,탄방로,25030570,탄방동
1830465802,신기로,25010530,효동
1860202401,외삼로,25040660,노은2동
1840197101,대둔산로,25020690,산성동
1860622201,지족북로,25040670,노은3동
1860598800,문지로299번길,25040570,전민동
1850307601,배재로233번길,25030550,변동
1830042401,동서대로1695번길,25010650,용전동
1860048800,계룡로155번길,25040640,온천1동
1860388802,죽동로,25040540,온천2동
1860669606,유성대로626번길,25040640,온천1동
1830041603,신상로,25010730,대청동
1860223000,계룡로,25040640,온천1동
1850202706,원도안로,25030512,도안동
1860409401,봉명서로,25040710,원신흥동
1840047700,오류로,25020620,오류동
1850009000,계룡로,25030600,둔산2동
1830037013,동대전로248번길,25010640,가양2동
1860081103,-,25040540,온천2동
1830032403,길티길,25010630,가양1동
1860438100,용산2로,25040630,관평동
1830052805,은어송로,25010530,효동
1850021602,유등로17번길,25030510,복수동
1860051101,유성대로694번길,25040640,온천1동
1850119401,둔산로51번길,25030600,둔산2동
1870084204,신탄진동로,25050580,신탄진동
1840192801,동서대로,25020640,태평2동
1860378300,복용로40번길,25040690,학하동
1840180700,대천서로,25020540,중촌동
1860122500,신성로,25040550,신성동
1840026009,유천로,25020660,유천2동
1850096100,갑천도시고속도로,25030660,월평1동
1860424101,테크노3로,25040630,관평동
1850098000,둔산남로,25030590,둔산1동
1850087600,문정로,25030570,탄방동
1840034003,평촌로,25020660,유천2동
1860668001,용산2로,25040630,관평동
1860400700,죽동2길,25040540,온천2동
1860431600,테크노4로,25040630,관평동
1850008900,계룡로,25030650,갈마2동
1850325902,-,25030511,가수원동
1860087304,노은동로87번길,25040590,노은1동
1850123101,유등로,25030740,둔산3동
1850080701,탄방로,25030570,탄방동
1870489800,신상로,25050540,비래동
1860116601,신성남로,25040550,신성동
1860124701,신성로,25040550,신성동
1840197402,계룡로904번길,25020670,문화1동
1860636901,동서대로735번길,25040710,원신흥동
1850210501,배재로,25030530,도마2동
1850091901,신갈마로,25030640,갈마1동
1860682502,대정로42번길,25040680,진잠동
1830007904,계족로,25010770,신인동
1860023401,대정로,25040680,진잠동
1860094001,은구비남로7번길,25040590,노은1동
1850084201,탄방로,25030570,탄방동
1850047101,도산로,25030520,도마1동
1870196003,경부고속도로,25050600,덕암동
1860063502,온천북로33번길,25040640,온천1동
1870067001,신일동로,25050610,목상동
1830460600,대전로,25010530,효동
1850110300,둔산로137번길,25030590,둔산1동
1870074601,대덕대로1486번길,25050610,목상동
1860335800,호남고속도로지선,25040690,학하동
1840015602,대종로,25020570,석교동
1850305400,유등로,25030510,복수동
1860012803,대덕대로,25040610,구즉동
1830474000,-,25010750,산내동
1840189203,보문산로,25020690,산성동
1850210300,-,25030530,도마2동
1830467802,옥천로106번길,25010550,판암1동
1850325201,구봉로,25030511,가수원동
1850134402,월평중로,25030680,월평3동
1830037100,우암로,25010630,가양1동
1830057708,이사로,25010750,산내동
1840199305,솔밭로,25020550,대흥동
1830029100,대전천동로,25010800,삼성동
1840055200,대전천서로,25020510,은행선화동
1870493400,천변도시고속도로,25050520,대화동
1850332601,관저중로95번길,25030730,관저2동
1860204102,학하로,25040690,학하동
1860037201,유성대로654번길,25040640,온천1동
1850317406,배재로197번길,25030530,도마2동
1840190102,보문산로35번길,25020690,산성동
1870481902,방두말5길,25050600,덕암동
1860434201,테크노중앙로,25040630,관평동
1860090500,은구비남로,25040590,노은1동
1850234501,구봉로,25030730,관저2동
1830471301,대학로,25010570,용운동
1860205103,동서대로,25040680,진잠동
1840162300,대전남부순환고속도로,25020690,산성동
1830035710,대전로,25050510,오정동
1850199800,원도안로,25030512,도안동
1860119106,반석동로,25040670,노은3동
1860401500,유성대로877번길,25040540,온천2동
1830454902,산내로1327번길,25010750,산내동
1840053501,대종로,25020510,은행선화동
1860364802,학하중앙로128번길,25040690,학하동
1830019100,용운로,25010570,용운동
1840013100,안영로,25020690,산성동
1860009811,신성서로,25040550,신성동
1870008204,대덕대로,25050590,석봉동
1850105700,둔산로,25030590,둔산1동
1870045600,대전로1291번길,25050520,대화동
1870157301,신상로,25050540,비래동
1860036200,유성대로654번길,25040640,온천1동
1860071205,노은로,25040640,온천1동
1840001802,대둔산로,25020690,산성동
1850056201,변동중로,25030550,변동
1850007801,계룡로,25030570,탄방동
1850333901,구봉산북로94번길,25030730,관저2동
1850052201,유등로,25030550,변동
1850150101,갑천도시고속도로,25030690,만년동
1830056500,하상도로,25010760,중앙동
1850210102,동서대로,25030660,월평1동
1850074301,신갈마로,25030640,갈마1동
1840016702,당디로,25020690,산성동
1870057702,덕암로,25050600,덕암동
1860381201,계백로,25040680,진잠동
1860131509,유성대로,25040550,신성동
1830001920,산내로,25010750,산내동
1850011306,대덕대로,25030600,둔산2동
1850020500,벌곡로,25030511,가수원동
1860106901,은구비로,25040660,노은2동
1860655002,은구비로155번길,25040660,노은2동
1860201600,유성대로,25040680,진잠동
1870085400,문평동로48번길,25050610,목상동
1850089800,문정로89번길,25030570,탄방동
1830490203,새둑길,25010760,중앙동
1860404402,죽동로279번길,25040540,온천2동
1840026400,보문로,25020590,부사동
1850051000,변동로,25030550,변동
1860117201,신성남로,25040550,신성동
1840015600,대종로,25020570,석교동
1860390803,죽동로,25040540,온천2동
1830462801,대전로,25010530,효동
1830032600,우암로,25010790,성남동
1850061401,갈마로,25030630,내동
1830052610,신기로,25010530,효동
1870157902,신상로,25050540,비래동
1860040400,계룡로16번길,25040640,온천1동
1870085800,덕암북로4번길,25050590,석봉동
1850109901,문예로,25030590,둔산1동
1840046900,동서대로,25020620,오류동
1860003804,계룡로,25040640,온천1동
1860607600,유성대로1628번길,25040570,전민동
1860684702,박산로,25040640,온천1동
1860030901,월드컵대로289번길,25040640,온천1동
1850302700,벌곡로,25030511,가수원동
1870057300,대덕대로1284번길,25050610,목상동
1860061301,온천북로,25040640,온천1동
1860109400,은구비로156번길,25040660,노은2동
1850265603,계백로860번길,25030730,관저2동
1830125000,대학로,25010570,용운동
1850113307,신갈마로,25030640,갈마1동
1870026802,중리서로,25050550,중리동
1850052501,중반5길,25030550,변동
1870065401,덕암북로104번길,25050600,덕암동
1860370002,학하남로100번길,25040690,학하동
1840041004,선화로,25020600,용두동
1850107200,둔산로,25030600,둔산2동
1860226700,도안동로,25040710,원신흥동
1840188900,대종로,25020550,대흥동
1830038805,우암로,25010640,가양2동
1860088100,대학로,25040540,온천2동
1850061703,도산로,25030560,용문동
1850061907,괴정로,25030620,가장동
1840033302,수도산로,25020550,대흥동
1860070901,문화원로,25040540,온천2동
1850092300,둔산남로,25030600,둔산2동
1870014403,오정로77번길,25050510,오정동
1850007600,계룡로,25030610,괴정동
1860100601,은구비로,25040590,노은1동
1870002503,신탄진로,25050530,회덕동
1860615800,문지로315번길,25040570,전민동
1860202201,외삼로,25040660,노은2동
1840067504,문창로,25020590,부사동
1860396102,원신흥남로27번길,25040710,원신흥동
1860065601,온천북로59번길,25040640,온천1동
1840064300,대종로334번길,25020590,부사동
1850078700,도산로,25030560,용문동
1850026401,복수남로,25030510,복수동
1860071203,노은로,25040590,노은1동
1860174800,은구비남로7번길,25040590,노은1동
1840030101,보문로,25020550,대흥동
1870482400,방두말1길,25050600,덕암동
1860661304,자운로97번길,25040550,신성동
1860087300,노은동로87번길,25040590,노은1동
1840045303,중교로,25020510,은행선화동
1870077801,대덕대로1486번길,25050610,목상동
1830012807,계족로,25010650,용전동
1870051202,-,25050560,법1동
1850147001,갑천도시고속도로,25030690,만년동
1860092907,과학로,25040540,온천2동
1870008107,대덕대로,25050590,석봉동
1830122702,대전로542번길,25010530,효동
1830015505,옥천로180번길,25010550,판암1동
1840191100,보문산로,25020690,산성동
1870042803,대화로,25050520,대화동
1870002519,신탄진로,25050530,회덕동
1850318100,도안동로11번길,25030512,도안동
1860052100,온천동로,25040640,온천1동
1840189500,산성로57번길,25020690,산성동
1840017601,신기로,25020570,석교동
1860418300,유성대로,25040550,신성동
1870018400,동춘당로15번길,25050620,송촌동
1860113902,지족로364번길,25040670,노은3동
1860079000,유성대로783번길,25040540,온천2동
1860108001,노은로,25040660,노은2동
1830016003,옥천로180번길,25010550,판암1동
1870002008,계족로,25050570,법2동
1830036511,합내로,25010630,가양1동
1870050808,선비마을로,25050530,회덕동
1850135500,-,25030600,둔산2동
1870203403,경부고속도로,25050530,회덕동
1850280902,관저남로25번길,25030730,관저2동
1860173602,용계로94번길,25040680,진잠동
1860130300,엑스포로,25040570,전민동
1840023402,문화로,25020690,산성동
1850099001,둔산남로105번길,25030590,둔산1동
1850066203,괴정로,25030610,괴정동
1860388901,도안북로,25040680,진잠동
1850236600,월드컵대로,25030660,월평1동
1830457000,석천로,25010750,산내동
1870085501,문평동로48번길,25050610,목상동
1870047601,대전로1331번길,25050520,대화동
1850086800,유등로669번길,25030570,탄방동
1860087801,노은동로,25040590,노은1동
1830020701,용운로,25010570,용운동
1860688502,-,25030690,만년동
1840042604,대흥로,25020550,대흥동
1830492002,삼가로,25010800,삼성동
1860661701,자운로97번길,25040550,신성동
1860101400,엑스포로123번길,25040550,신성동
1870022502,중리남로,25050550,중리동
1850125501,월평로,25030660,월평1동
1850049312,도마로,25030550,변동
1860106200,대덕대로512번길,25040550,신성동
1860388701,죽동로,25040540,온천2동
1860619201,문지로316번길,25040570,전민동
1870489901,신상로,25050540,비래동
1860721900,유성대로653번길,25040640,온천1동
1830471600,옛신탄진로,25050510,오정동
1830491401,-,25010800,삼성동
1860599501,문지로315번길,25040570,전민동
1860106603,은구비로155번길,25040660,노은2동
1850068402,도솔로,25030570,탄방동
1860635901,동서대로656번길,25040680,진잠동
1860155800,테크노4로,25040630,관평동
1860060500,장대로,25040540,온천2동
1870042100,동춘당로,25050620,송촌동
1860037000,월드컵대로253번길,25040640,온천1동
1870011900,대전로,25050510,오정동
1860364602,학하남로65번길,25040690,학하동
1840196401,유등로,25030560,용문동
1840192901,동서대로,25020640,태평2동
1850124601,둔산북로,25030600,둔산2동
1850102200,둔산남로9번길,25030600,둔산2동
1870085702,문평동로,25050610,목상동
1860408802,유성대로,25040540,온천2동
1860366801,학하북로,25040690,학하동
1840067605,문창로,25020560,문창동
1850072702,탄방로,25030570,탄방동
1860665503,자운로245번길,25040550,신성동
1840024601,대전천서로,25020570,석교동
1870479900,대화로161번길,25050520,대화동
1870038703,계족산로81번길,25050620,송촌동
1840016701,당디로,25020690,산성동
1840186300,중앙로,25020600,용두동
1860099201,대덕대로512번길,25040550,신성동
1860009000,가정로,25040550,신성동
1860084501,한밭대로,25040590,노은1동
1870050802,선비마을로,25050570,법2동
1830053903,은어송로,25010530,효동
1870029102,선비마을로23번길,25050620,송촌동
1850086401,월드컵대로484번길,25030660,월평1동
1840024801,문화로,25020650,유천1동
1840192803,동서대로,25020640,태평2동
1850018602,괴곡길,25030540,정림동
1860392800,유성대로877번길,25040540,온천2동
1850205900,도안동로,25030512,도안동
1870493000,중리동로,25050550,중리동
1840023000,과례로,25020670,문화1동
1840051904,보문로337번길,25020510,은행선화동
1860013601,대덕대로,25040610,구즉동
1860047200,계룡로38번길,25040640,온천1동
1850003507,계백로,25030730,관저2동
1840032500,수침로,25020660,유천2동
1850012301,대덕대로,25030690,만년동
1830020302,동대전로,25010760,중앙동
1830025102,동대전로,25010780,대동
1840021301,송리로,25020680,문화2동
1850063301,갈마로,25030610,괴정동
1840051000,선화로,25020510,은행선화동
1860371600,학하중앙로,25040690,학하동
1840031204,테미로,25020550,대흥동
1860067502,한밭대로492번길,25040640,온천1동
1850141003,청사서로,25030670,월평2동
1860498601,구즉세종로,25050610,목상동
1850092408,갈마중로,25030650,갈마2동
1850292803,도안북로,25030512,도안동
1860219303,도안대로590번길,25040710,원신흥동
1870020005,송촌로,25050620,송촌동
1850315704,신갈마로86번길,25030640,갈마1동
1830451104,옛신탄진로74번길,25010680,홍도동
1840063801,당디로,25020690,산성동
1850067201,괴정로,25030570,탄방동
1860013702,봉산로,25040610,구즉동
1870055613,산디로,25050530,회덕동
1840021703,대종로,25020560,문창동
1860667601,테크노8로,25040630,관평동
1870019600,중리서로,25050550,중리동
1840021602,대전로,25020570,석교동
1860133100,엑스포로,25040570,전민동
1860113609,가정로,25040550,신성동
1850047002,도산로,25030530,도마2동
1860665301,자운로97번길,25040550,신성동
1870019903,송촌로,25050620,송촌동
1860127000,자운로,25040550,신성동
1840121600,산서로,25020690,산성동
1870006800,신탄진로,25050580,신탄진동
1850208101,도안동로,25030512,도안동
1870499209,한남로67번길,25050510,오정동
1860171002,대덕대로556번길,25040550,신성동
1870011400,한남로150번길,25050510,오정동
1860025300,대정로,25040680,진잠동
1840035502,평촌로,25020630,태평1동
1850090602,갑천도시고속도로,25030660,월평1동
1870054900,천변도시고속도로,25050520,대화동
1860610701,문지로,25040570,전민동
1870009104,신탄진로,25050580,신탄진동
1840037402,평촌로105번길,25020630,태평1동
1850022101,유등로17번길,25030510,복수동
1850210201,동서대로,25030660,월평1동
1830476600,대전천동로,25010760,중앙동
1850156701,하상도로,25030740,둔산3동
1860422702,관평1로,25040630,관평동
1860174501,은구비남로33번길,25040590,노은1동
1840032701,문창로,25020560,문창동
1830011116,계족로,25010790,성남동
1840022207,천근로,25020680,문화2동
1840024300,대전로,25010530,효동
1840016106,보문산로,25020690,산성동
1830470901,열두칸1길,25010760,중앙동
1830123810,백룡로,25010600,자양동
1840042306,선화서로,25020510,은행선화동
1860132900,엑스포로,25040570,전민동
1870055709,산디로,25050530,회덕동
1870076901,문평동로,25050610,목상동
1860088903,노은동로99번길,25040590,노은1동
1850133501,갈마역로,25030670,월평2동
1870497501,남경마을로,25050580,신탄진동
1840063000,대전천서로,25020540,중촌동
1840038800,대흥로121번길,25020550,대흥동
1870003901,신탄진로,25050530,회덕동
1870481900,방두말5길,25050600,덕암동
1850130700,둔산서로,25030600,둔산2동
1830053503,동구청로,25010530,효동
1830286100,동산초교로,25010680,홍도동
1870032106,송촌북로20번길,25050620,송촌동
1830053403,대전로448번길,25010530,효동
1860072801,대학로76번길,25040540,온천2동
1850311300,둔산로31번길,25030600,둔산2동
1850036901,정림로,25030540,정림동
1870153300,장동로,25050530,회덕동
1860644901,대덕대로,25040550,신성동
1830465700,신기로,25010530,효동
1860398201,죽동로280번길,25040540,온천2동
1860057301,장대로,25040640,온천1동
1840001901,대둔산로,25020690,산성동
1830034701,현암로,25010800,삼성동
1830052000,대전천동로,25010760,중앙동
1860379301,복용로39번길,25040690,학하동
1850066901,도산로,25030560,용문동
1850006907,계룡로,25030560,용문동
1860667401,-,25040630,관평동
1860439101,테크노중앙로,25040630,관평동
1840023910,문화로234번길,25020670,문화1동
1860120901,하기로,25040660,노은2동
1830019703,중앙로200번길,25010760,중앙동
1850313804,계룡로394번길,25030650,갈마2동
1850068803,도솔로,25030570,탄방동
1870006702,신탄진로,25050580,신탄진동
1870029300,선비마을로,25050620,송촌동
1830021000,계족로140번길,25010570,용운동
1870001904,계족로,25050570,법2동
1840040701,유천로,25020630,태평1동
1850112200,대덕대로220번길,25030600,둔산2동
1870060909,덕암로203번길,25050600,덕암동
1860067700,문화원로,25040640,온천1동
1870484200,대화로,25050520,대화동
1850120807,신갈마로,25030640,갈마1동
1850237501,계룡로,25030660,월평1동
1830003503,대전로,25010750,산내동
1830471502,옛신탄진로,25010680,홍도동
1830011205,계족로,25010790,성남동
1860363801,학하남로,25040690,학하동
1840041303,대종로,25020550,대흥동
1850060002,가장로,25030620,가장동
1860409801,원신흥로55번길,25040710,원신흥동
1860680903,대정로42번길,25040680,진잠동
1860417802,유성대로1184번길,25040550,신성동
1860184701,반석로,25040670,노은3동
1830190800,통영대전고속도로,25010550,판암1동
1830460900,대전로,25010530,효동
1850022201,복수남로11번길,25030510,복수동
1860125401,신성서로,25040550,신성동
1850041801,정림로,25030540,정림동
1850079501,문정로,25030600,둔산2동
1850333003,구봉산북로94번길,25030730,관저2동
1850063603,탄방로,25030560,용문동
1860654601,장대로,25040640,온천1동
1860364500,학하중앙로128번길,25040690,학하동
1830454900,산내로1327번길,25010750,산내동
1850063500,유등로,25030560,용문동
1870207700,경부고속도로,25050540,비래동
1850089200,문정로,25030570,탄방동
1850322200,구봉로147번길,25030730,관저2동
1830024102,새둑길,25010760,중앙동
1860644602,대덕대로512번길,25040550,신성동
1840032301,보문로,25020550,대흥동
1830445901,삼가로,25010800,삼성동
1830008400,충무로,25010770,신인동
1850064801,도산로,25030560,용문동
1860610101,문지로,25040570,전민동
1860663801,자운로221번길,25040550,신성동
1870064402,대덕대로1448번길,25050610,목상동
1860193101,학하로,25040690,학하동
1860202100,유성대로,25040680,진잠동
1870022703,중리로,25050550,중리동
1850066101,갈마로,25030610,괴정동
1850147901,둔산대로117번길,25030690,만년동
1830036200,옛신탄진로,25010800,삼성동
1860409807,원신흥로55번길,25040710,원신흥동
1850091401,둔산중로,25030570,탄방동
1860109402,은구비로156번길,25040660,노은2동
1860189700,지족로,25040670,노은3동
1860016501,진잠로42번길,25040680,진잠동
1860434100,테크노5로,25040630,관평동
1840015101,과례로22번길,25020670,문화1동
1870496702,갑천도시고속도로,25050610,목상동
1860441401,테크노10로,25040630,관평동
1860187800,지족로190번길,25040670,노은3동
1860174401,은구비남로33번길,25040590,노은1동
1860029501,월드컵대로307번길,25040640,온천1동
1830030401,태전로,25010800,삼성동
1850064505,도솔로,25030610,괴정동
1840182601,-,25020510,은행선화동
1830489803,-,25010800,삼성동
1860032701,월드컵대로307번길,25040640,온천1동
1850140402,청사로,25030680,월평3동
1850316800,동서대로,25030550,변동
1840057300,목중로,25020540,중촌동
1870359000,구즉세종로,25050610,목상동
1860332403,호남고속도로지선,25040680,진잠동
1830456901,석천로,25010750,산내동
1850304901,유등로,25030510,복수동
1870040300,대화로150번길,25050520,대화동
1860627101,유성대로1366번길,25040550,신성동
1850156601,하상도로,25030600,둔산2동
1860628000,유성대로1312번길,25040550,신성동
1870069201,대덕대로1448번길,25050610,목상동
1870067501,신일서로17번길,25050610,목상동
1860010806,유성대로,25040550,신성동
1850012003,대덕대로,25030670,월평2동
1840063703,당디로,25020650,유천1동
1870013802,옛신탄진로,25050510,오정동
1850081101,탄방로,25030570,탄방동
1860645801,엑스포로,25040550,신성동
1860233201,테크노2로,25040630,관평동
1850144800,둔산대로,25030600,둔산2동
1850308302,관저북로13번길,25030720,관저1동
1870032103,송촌북로20번길,25050620,송촌동
1850049202,도마로,25030520,도마1동
1840180600,대천서로,25020540,중촌동
1860437700,테크노2로,25040630,관평동
1870008203,대덕대로,25050590,석봉동
1860122801,노은로426번길,25040660,노은2동
1840013700,안영로,25020690,산성동
1860661301,자운로97번길,25040550,신성동
1850232005,도안남로,25030720,관저1동
1860070101,문화원로,25040640,온천1동
1830003608,대전로,25010750,산내동
1860408204,봉명서로,25040710,원신흥동
1850115600,둔산중로78번길,25030590,둔산1동
1860040900,계룡로74번길,25040640,온천1동
1860217001,도안대로,25040700,상대동
1840011602,대둔산로199번길,25020690,산성동
1850077100,문정로2번길,25030570,탄방동
1860633901,도안북로,25040680,진잠동
1870049300,계족로663번길,25050560,법1동
1850091206,둔산서로10번길,25030600,둔산2동
1830031009,대전로,25010800,삼성동
1860626001,노은서로266번길,25040660,노은2동
1830026809,대청호수로,25010730,대청동
1870489106,송촌남로,25050620,송촌동
1860064200,온천북로,25040640,온천1동
1850319600,봉우로30번길,25030720,관저1동
1850139700,청사로,25030600,둔산2동
1850307204,계룡로416번길,25030650,갈마2동
1860172701,봉산북로,25040610,구즉동
1860132601,자운로97번길,25040550,신성동
1860411401,봉명로,25040710,원신흥동
1860104603,노은서로210번길,25040660,노은2동
1830184300,통영대전고속도로,25010530,효동
1860092200,은구비남로7번길,25040590,노은1동
1850019500,벌곡로,25030511,가수원동
1830042310,동서대로1695번길,25010650,용전동
1850333502,-,25030730,관저2동
1850205702,도안동로,25030512,도안동
1830028702,태전로,25010800,삼성동
1830012723,계족로,25010650,용전동
1870035900,송촌북로35번길,25050570,법2동
1840014902,모암로,25020570,석교동
1860386400,도안대로,25040680,진잠동
1860098901,엑스포로97번길,25040550,신성동
1830003604,대전로,25010750,산내동
1840004305,충무로,25020580,대사동
1860125504,반석로,25040670,노은3동
1850045407,도솔로,25030530,도마2동
1850193900,도안북로,25040680,진잠동
1840054401,목중로,25020540,중촌동
1870018404,동춘당로15번길,25050620,송촌동
1840066800,산서로,25020690,산성동
1860648501,금남구즉로,25040610,구즉동
1870009105,신탄진로,25050580,신탄진동
1860143801,테크노2로,25040630,관평동
1860376803,복용로11번길,25040690,학하동
1830491602,삼가로,25010800,삼성동
1840016200,보문산로,25020690,산성동
1830023300,계족로140번길,25010570,용운동
1850143201,월평북로,25030670,월평2동
1860434700,테크노2로,25040630,관평동
1870199801,경부고속도로,25050530,회덕동
1850090701,갑천도시고속도로,25030660,월평1동
1850052800,변동중로,25030520,도마1동
1860096501,은구비남로7번길,25040590,노은1동
1850046805,도마5길,25030520,도마1동
1870060914,덕암로203번길,25050600,덕암동
1860200400,유성대로,25040680,진잠동
1860226701,도안동로,25040640,온천1동
1850067101,탄방로,25030570,탄방동
1860619901,대덕대로577번길,25040550,신성동
1830018002,동부로,25010570,용운동
1840054801,대종로,25020510,은행선화동
1850008701,계룡로,25030650,갈마2동
1860224501,원신흥로,25040710,원신흥동
1840127302,보문산로,25020670,문화1동
1840051600,어덕마을로,25020600,용두동
1830008004,계족로,25010770,신인동
1860046200,계룡로141번길,25040640,온천1동
1860443801,배울1로,25040570,전민동
1850320302,관저중로64번길,25030730,관저2동
1860367402,학하중앙로127번길,25040690,학하동
1850053002,배재로,25030530,도마2동
1850070001,계룡로571번길,25030570,탄방동
1860080304,왕가봉로,25040590,노은1동
1830026500,동부로,25010570,용운동
1850142200,유등로,25030600,둔산2동
1860023501,교촌대정로,25040680,진잠동
1850074101,대덕대로162번길,25030650,갈마2동
1840185903,중앙로122번길,25020550,대흥동
1860091500,은구비남로33번길,25040590,노은1동
1850061801,괴정로,25030610,괴정동
1860399701,죽동로,25040540,온천2동
1870026800,중리서로,25050550,중리동
1860097500,노은서로,25040590,노은1동
1850089201,문정로,25030570,탄방동
1860442600,테크노2로,25040630,관평동
1840188201,보문산공원로497번안길,25020580,대사동
1830019900,계족로140번길,25010570,용운동
1860661404,자운로97번길,25040550,신성동
1860436202,테크노2로,25040630,관평동
1850009504,대덕대로,25030600,둔산2동
1850003700,계백로,25030720,관저1동
1870074802,대덕대로1454번길,25050610,목상동
1870052901,대전로1291번길,25050520,대화동
1850019501,벌곡로,25030511,가수원동
1850063703,탄방로,25030560,용문동
1850101501,둔산남로91번길,25030590,둔산1동
1850141002,청사서로,25030670,월평2동
1860095600,대학로,25040550,신성동
1860372902,학하중앙로149번길,25040690,학하동
1860087501,한밭대로,25040590,노은1동
1860188000,신촌1길,25040670,노은3동
1860026600,진잠옛로,25040690,학하동
1850124201,갈마역로,25030670,월평2동
1840194001,계룡로,25020630,태평1동
1830492402,우암로,25010800,삼성동
1860388500,죽동로,25040540,온천2동
1870032201,송촌북로,25050620,송촌동
1860674703,문화원로6번길,25040540,온천2동
1850335700,-,25030660,월평1동
1830015602,옥천로180번길,25010550,판암1동
1830057702,이사로,25010750,산내동
1830041302,우암로,25010640,가양2동
1850005301,계백로,25030540,정림동
1850004801,계백로,25030512,도안동
1860496100,구즉세종로,25040610,구즉동
1840190401,보훈로,25020690,산성동
1860030701,월드컵대로253번안길,25040640,온천1동
1830009901,옥천로,25010550,판암1동
1860126601,신성남로,25040550,신성동
1850305100,유등로,25030510,복수동
1860094200,은구비남로33번길,25040590,노은1동
1860125100,반석서로,25040670,노은3동
1830128101,동부로,25010640,가양2동
1860211706,자운로97번길,25040550,신성동
1860193500,지족동로,25040670,노은3동
1850092701,갈마로,25030650,갈마2동
1860142201,테크노중앙로,25040630,관평동
1850072901,문정로2번길,25030570,탄방동
1830450401,토천1길,25010550,판암1동
1860387100,죽동로,25040540,온천2동
1860149705,송강로42번길,25040610,구즉동
1850267400,계백로860번길,25030730,관저2동
1870042902,대화로,25050520,대화동
1850146702,둔산대로,25030670,월평2동
1860009001,가정로,25040550,신성동
1830005014,대전로,25010530,효동
1840001501,대둔산로,25020690,산성동
1860042500,계룡로26번길,25040640,온천1동
1850136801,갑천도시고속도로,25030660,월평1동
1870069300,대덕대로1448번길,25050610,목상동
1830452900,동서대로1695번길,25010650,용전동
1850024800,관저로,25030730,관저2동
1860617600,문지로316번길,25040570,전민동
1850081601,문정로60번길,25030570,탄방동
1860674901,문화원로,25040540,온천2동
1840121200,사정공원로,25020690,산성동
1850103800,둔산남로105번길,25030590,둔산1동
1840028500,유등천동로,25020650,유천1동
1860017104,진잠로42번길,25040680,진잠동
1870081501,대덕대로1470번길,25050610,목상동
1840007402,계룡로,25020640,태평2동
1860439700,테크노중앙로,25040630,관평동
1840188700,수도산로47번길,25020550,대흥동
1870088907,평촌2길,25050600,덕암동
1850093401,둔산중로14번길,25030570,탄방동
1870002507,신탄진로,25050530,회덕동
1870499701,대화로,25050520,대화동
1870060500,벚꽃길,25050600,덕암동
1860174801,은구비남로7번길,25040590,노은1동
1870048000,계족로664번길,25050620,송촌동
1840043100,수침로,25020630,태평1동
1830474118,산서로,25010750,산내동
1870087302,신탄진북로,25050580,신탄진동
1870027100,계족산로,25050620,송촌동
1870055604,산디로,25050530,회덕동
1870480600,신일동로,25050610,목상동
1870067203,신일서로,25050610,목상동
1830015601,옥천로180번길,25010550,판암1동
1850056202,변동중로,25030550,변동
1860024701,대정로42번길,25040680,진잠동
1860653101,원신흥남로12번길,25040710,원신흥동
1860666002,자운로245번길,25040550,신성동
1840051206,목동로,25020530,목동
1850155201,유등로,25030520,도마1동
1870030301,송촌북로12번길,25050550,중리동
1860362000,학하중앙로67번길,25040690,학하동
1860056800,계룡로113번길,25040640,온천1동
1860662904,자운로97번길,25040550,신성동
1850208400,동서대로,25030512,도안동
1840024608,대전천서로,25020570,석교동
1870089501,대전천북로,25050510,오정동
1850127500,갑천도시고속도로,25030660,월평1동
1870085301,대덕대로1417번길,25050610,목상동
1870040001,동춘당로,25050620,송촌동
1830126401,대학로,25010570,용운동
1860339500,호남고속도로지선,25040640,온천1동
1850003001,계백로,25040680,진잠동
1830044701,홍도로,25010680,홍도동
1850037103,계백로1286번길,25030540,정림동
1860041400,계룡로38번길,25040640,온천1동
1860038600,계룡로52번길,25040640,온천1동
1860223001,계룡로,25040640,온천1동
1860009102,대덕대로,25040550,신성동
1870014402,오정로77번길,25050510,오정동
1850308100,-,25030720,관저1동
1830018108,새울로,25010570,용운동
1840196501,유등로,25030560,용문동
1870055612,산디로,25050530,회덕동
1840037300,평촌로105번길,25020630,태평1동
1860647801,-,25040610,구즉동
1860608802,문지로,25040570,전민동
1850093200,대덕대로,25030650,갈마2동
1860600500,대덕대로541번길,25040550,신성동
1860049400,유성대로680번길,25040640,온천1동
1830033400,태전로,25010800,삼성동
1830028401,정보길,25010760,중앙동
1860059500,온천북로,25040640,온천1동
1830001924,산내로,25010750,산내동
1870496801,갑천도시고속도로,25050610,목상동
1830046603,한밭대로,25010650,용전동
1840196701,대둔산로,25020690,산성동
1850124100,둔산북로,25030600,둔산2동
1850058802,괴정로,25030560,용문동
1870089011,평촌2길,25050600,덕암동
1860058901,온천서로,25040640,온천1동
1850115700,둔산중로78번길,25030590,둔산1동
1870035901,송촌북로35번길,25050570,법2동
1830472901,성남로,25010800,삼성동
1870089900,석봉로38번길,25050590,석봉동
1850022200,복수남로11번길,25030510,복수동
1830011109,계족로,25010790,성남동
1830453402,동서대로1705번길,25010650,용전동
1860688101,엑스포로539번길,25040630,관평동
1840186005,중앙로122번길,25020550,대흥동
1830036802,동대전로,25010630,가양1동
1850061600,도산로,25030560,용문동
1850018615,괴곡길,25030540,정림동
1860013300,대덕대로,25040610,구즉동
1830027100,대전천동로,25010800,삼성동
1860598100,관용로,25040550,신성동
1850018609,괴곡길,25030540,정림동
1870074800,대덕대로1454번길,25050610,목상동
1830044801,홍도로,25050550,중리동
1850125400,월평로,25030660,월평1동
1870036100,쌍청당로,25050570,법2동
1850063700,탄방로,25030560,용문동
1850098601,둔산남로,25030570,탄방동
1870061102,덕암로148번길,25050600,덕암동
1860416101,유성대로1184번길,25040550,신성동
1860162001,테크노중앙로,25040630,관평동
1870475600,대청로,25050580,신탄진동
1850124003,둔산북로,25030600,둔산2동
1850018506,괴곡길,25030540,정림동
1830041700,신상로,25010730,대청동
1860235902,배울1로,25040630,관평동
1860147906,구즉로,25040610,구즉동
1870490303,우암로,25050540,비래동
1860112302,노은서로,25040660,노은2동
1860353703,엑스포로,25040570,전민동
1850132801,청사서로,25030600,둔산2동
1870152801,장동로278번길,25050530,회덕동
1840037202,평촌로,25020630,태평1동
1860171801,은구비남로33번길,25040590,노은1동
1870085801,덕암북로4번길,25050600,덕암동
1860056802,계룡로113번길,25040640,온천1동
1860430900,테크노5로,25040630,관평동
1860686001,복합환승로26번길,25040640,온천1동
1840197601,오류로,25020620,오류동
1860412600,유성대로,25040550,신성동
1840026011,유천로,25020660,유천2동
1850155700,유등로,25030520,도마1동
1860648205,구룡달전로,25040610,구즉동
1850003504,계백로,25030730,관저2동
1860104502,노은서로210번길,25040660,노은2동
1870019400,한밭대로,25050550,중리동
1850108800,둔산로51번길,25030600,둔산2동
1840054404,목중로,25020540,중촌동
1840051300,동서대로,25020530,목동
1860067000,문화원로146번길,25040640,온천1동
1860224300,도안대로590번길,25040710,원신흥동
1870014101,오정로75번길,25050510,오정동
1840024605,대전천서로,25020560,문창동
1840016904,산성로,25020690,산성동
1850266903,구봉산북로21번길,25030730,관저2동
1850153500,갑천도시고속도로,25030690,만년동
1860670803,월드컵대로321번길,25040640,온천1동
1860109200,노은서로,25040660,노은2동
1870049900,-,25050520,대화동
1870061601,신일서로,25050610,목상동
1850062301,도솔로,25030610,괴정동
1870020404,한밭대로1129번길,25050550,중리동
1860166700,호남고속도로지선,25040550,신성동
1860073301,대학로76번길,25040540,온천2동
1860426301,관평2로,25040630,관평동
1850232700,도안대로,25030720,관저1동
1840196902,-,25020690,산성동
1860429501,테크노5로,25040630,관평동
1860188900,지족로,25040670,노은3동
1850113601,문정로,25030590,둔산1동
1860043900,유성대로680번길,25040640,온천1동
1850066501,도솔로,25030610,괴정동
1860432700,테크노1로,25040630,관평동
1840195201,-,25020550,대흥동
1850125200,갑천도시고속도로,25030660,월평1동
1840193102,유등천동로,25020640,태평2동
1860335000,진잠로,25040680,진잠동
1830033301,태전로,25010800,삼성동
1860151801,와룡로136번길,25040610,구즉동
1840063804,당디로,25020690,산성동
1860192601,지족동로,25040670,노은3동
1840013102,안영로,25020690,산성동
1860051801,계룡로123번길,25040640,온천1동
1860682101,대정로42번길,25040680,진잠동
1870041501,선비마을로,25050620,송촌동
1850035301,복수동로,25030510,복수동
1860684101,유성대로671번길,25040640,온천1동
1850143008,월평북로,25030670,월평2동
1830003506,대전로,25010750,산내동
1830016002,옥천로180번길,25010550,판암1동
1850058604,유등로,25030560,용문동
1850092502,갈마중로,25030650,갈마2동
1860083300,한밭대로,25040540,온천2동
1850003102,계백로,25040680,진잠동
1860435901,테크노6로,25040630,관평동
1860118302,신성로72번길,25040550,신성동
1850029600,관저동로90번길,25030730,관저2동
1860669401,유성대로626번길,25040640,온천1동
1860430402,테크노5로,25040630,관평동
1860428000,관평2로,25040630,관평동
1830474217,산서로,25010750,산내동
1860336603,박산로,25040640,온천1동
1860430205,관평1로,25040630,관평동
1840198101,-,25020620,오류동
1860426701,배울2로,25040630,관평동
1860331602,덕명로,25040690,학하동
1850148701,만년로,25030690,만년동
1870084102,석봉로,25050590,석봉동
1850086301,대덕대로176번길,25030600,둔산2동
1860039301,유성대로668번길,25040640,온천1동
1850039600,도안남로,25030720,관저1동
1870021103,우암로486번길,25050540,비래동
1840017901,당디로,25020690,산성동
1840065200,유등천동로,25020690,산성동
1870013713,옛신탄진로,25050510,오정동
1860114500,가정로,25040550,신성동
1870040801,계족로663번길,25050560,법1동
1860197701,학하복용서로,25040690,학하동
1860352809,탑립로,25040630,관평동
1840017102,보문산로,25020680,문화2동
1860213500,자운로97번길,25040550,신성동
1860191100,반석로,25040670,노은3동
1850062908,용문로,25030610,괴정동
1860654603,장대로,25040640,온천1동
1850143703,월평북로,25030670,월평2동
1840192001,유등천동로,25020690,산성동
1840018100,산성로,25020680,문화2동
1860212001,자운로97번길,25040550,신성동
1870031500,선비마을로23번길,25050620,송촌동
1860114308,가정북로,25040550,신성동
1850094400,둔산중로14번길,25030570,탄방동
1870045100,대화로50번길,25050520,대화동
1830031005,대전로,25010800,삼성동
1870477500,덕암로,25050600,덕암동
1830039304,대전로1020번길,25050510,오정동
1860004701,유성대로,25040540,온천2동
1860088701,노은동로,25040590,노은1동
1850018611,괴곡길,25030540,정림동
1860336000,대전남부순환고속도로,25040680,진잠동
1850313700,계룡로394번길,25030650,갈마2동
1870084001,석봉로,25050590,석봉동
1830031202,가양로,25010800,삼성동
1860682002,대정로42번길,25040680,진잠동
1860065101,온천북로33번길,25040640,온천1동
1840198604,오류로,25020620,오류동
1860440702,테크노11로,25040630,관평동
1850118300,둔지로,25030600,둔산2동
1860638700,당진영덕고속도로,25040660,노은2동
1840025700,문화로,25020680,문화2동
1870071901,문평서로,25050610,목상동
1830179300,대전남부순환고속도로,25010750,산내동
1830476901,대전천북로,25020510,은행선화동
1860107701,노은로,25040660,노은2동
1860125101,반석서로,25040670,노은3동
1870029801,계족산로,25050620,송촌동
1860428900,테크노5로,25040630,관평동
1860214702,자운로97번길,25040550,신성동
1860123600,문지로,25040570,전민동
1830010302,계족로,25010790,성남동
1860432800,테크노1로,25040630,관평동
1840020405,당디로6번길,25020680,문화2동
1870051301,-,25050560,법1동
1870054601,대전로1291번길,25050530,회덕동
1830012816,계족로,25010650,용전동
1860412601,유성대로,25040550,신성동
1870050300,대전로1331번길,25050520,대화동
1830474116,산서로,25010750,산내동
1860368300,학하동로,25040690,학하동
1850285702,관저남로,25030730,관저2동
1860605100,반석로11번길,25040670,노은3동
1870072705,석봉로58번길,25050590,석봉동
1870478601,대덕대로1585번길,25050590,석봉동
1830048901,한밭대로,25010650,용전동
1840126709,운남로,25020690,산성동
1850106700,둔산로,25030590,둔산1동
1870070401,신일동로,25050610,목상동
1860062801,온천동로65번길,25040640,온천1동
1860240602,테크노10로,25040630,관평동
1860141100,테크노9로,25040630,관평동
1870086501,덕암북로,25050590,석봉동
1860363200,학하서로10번길,25040690,학하동
1840187000,계백로1685번길,25020620,오류동
1870005804,대덕대로,25050610,목상동
1860071103,노은로,25040640,온천1동
1870501600,천변도시고속화도로,25050530,회덕동
1840024904,산성로,25020680,문화2동
1850324802,유등로,25030560,용문동
1860428401,테크노4로,25040630,관평동
1850058000,갈마로,25030630,내동
1860022201,대정로28번길,25040680,진잠동
1850301901,괴곡1길,25030511,가수원동
1860131507,유성대로,25040570,전민동
1850004700,계백로,25030512,도안동
1840036403,중앙로,25020670,문화1동
1830029001,우암로,25010800,삼성동
1840005304,충무로,25020560,문창동
1860137500,자운로221번길,25040550,신성동
1870496100,대덕대로1277번길,25050610,목상동
1850097903,둔산남로,25030570,탄방동
1850146100,둔산대로,25030690,만년동
1850057503,가장로,25030620,가장동
1860626200,노은동로240번길,25040660,노은2동
1850285901,구봉로,25030730,관저2동
1860163500,테크노2로,25040630,관평동
1870298800,한남로,25050510,오정동
1870015304,오정로,25050510,오정동
1840045503,대종로,25020550,대흥동
1860429600,테크노2로,25040630,관평동
1870011300,한남로150번길,25050510,오정동
1860137601,자운로221번길,25040550,신성동
1840190202,보문산로35번길,25020690,산성동
1830456000,산내로1315번길,25010750,산내동
1840183600,대흥로10번길,25020670,문화1동
1860374702,복용북로,25040690,학하동
1840032703,문창로,25020590,부사동
1860057300,장대로,25040640,온천1동
1840005108,계백로,25020660,유천2동
1860331604,덕명로,25040690,학하동
1860118901,지족로,25040670,노은3동
1850033303,복수동로,25030510,복수동
1840030900,계룡로920번길,25020580,대사동
1860648802,금남구즉로,25040610,구즉동
1860064603,장대로,25040540,온천2동
1830011103,계족로,25010790,성남동
1870047901,대화로106번길,25050520,대화동
1870499003,대화로32번길,25050520,대화동
1860416700,유성대로1205번길,25040550,신성동
1850049201,도마로,25030520,도마1동
1870054701,대전로1291번길,25050520,대화동
1830454302,산내로,25010750,산내동
1870020009,송촌로,25050620,송촌동
1870074702,대덕대로1486번길,25050610,목상동
1840002201,대둔산로,25020690,산성동
1840192902,동서대로,25020640,태평2동
1840029500,대종로,25020590,부사동
1870042601,송촌북로,25050570,법2동
1850313100,대덕대로249번길,25030600,둔산2동
1830031109,가양로,25010630,가양1동
1850057400,가장로,25030620,가장동
1830042202,동서대로,25010650,용전동
1870080001,대덕대로1486번길,25050610,목상동
1830477301,천동초등동길,25010530,효동
1860427600,테크노4로,25040630,관평동
1870028101,송촌북로,25050620,송촌동
1850046800,도마5길,25030520,도마1동
1870501700,천변도시고속화도로,25050530,회덕동
1870062202,신일서로68번길,25050610,목상동
1860030502,월드컵대로351번길,25040640,온천1동
1860624300,지족동로142번길,25040670,노은3동
1860606901,유성대로1628번길,25040570,전민동
1860048300,계룡로32번길,25040640,온천1동
1860214900,원신흥남로,25040710,원신흥동
1860067602,한밭대로492번길,25040640,온천1동
1860077204,장대로,25040540,온천2동
1850051511,변동로,25030550,변동
1840038603,대흥로,25020550,대흥동
1860691402,-,25040700,상대동
1870018201,동서대로,25050540,비래동
1860412801,유성대로1205번길,25040550,신성동
1850008901,계룡로,25030650,갈마2동
1870002303,계족로,25050530,회덕동
1860379101,복용로40번길,25040690,학하동
1850198700,도안중로,25030512,도안동
1850091800,신갈마로,25030640,갈마1동
1850105904,둔산로,25030740,둔산3동
1860069500,온천동로,25040640,온천1동
1850339000,도안대로,25030720,관저1동
1850204401,원도안로,25030512,도안동
1870076200,대덕대로1454번길,25050610,목상동
1860616300,문지로316번길,25040570,전민동
1850082601,문정로40번길,25030570,탄방동
1850073801,계룡로500번길,25030650,갈마2동
1850009702,계룡로,25030660,월평1동
1860684501,-,25040640,온천1동
1860621800,반석동로40번길,25040670,노은3동
1860636300,동서대로,25040680,진잠동
1850138700,청사로,25030600,둔산2동
1850088800,문정로,25030570,탄방동
1850054200,동서대로,25030620,가장동
1870024301,선비마을로,25050620,송촌동
1860025102,대정북로,25040680,진잠동
1850057203,유등로,25030620,가장동
1830129401,동부로,25010640,가양2동
1860364403,학하남로65번길,25040690,학하동
1860219201,도안대로590번길,25040710,원신흥동
1870008103,대덕대로,25050590,석봉동
1860634102,도안대로,25030512,도안동
1860221200,봉명로,25040710,원신흥동
1850232400,도안대로,25030720,관저1동
1860659702,-,25040640,온천1동
1830041104,동서대로,25010630,가양1동
1850074400,신갈마로,25030640,갈마1동
1860011902,대덕대로,25040550,신성동
1860363600,학하서로,25040690,학하동
1870070602,신일동로33번길,25050610,목상동
1860362401,학하서로,25040690,학하동
1850135101,한밭대로,25030660,월평1동
1850037201,-,25030540,정림동
1870052700,대전로,25050530,회덕동
1850306600,대덕대로217번길,25030600,둔산2동
1850032903,가수원로,25030511,가수원동
1870045701,대전로1291번길,25050530,회덕동
1870006501,대덕대로,25050610,목상동
1860093001,과학로,25040550,신성동
1840048100,동서대로,25020600,용두동
1850110201,둔산로137번길,25030590,둔산1동
1840127204,보문산로,25020670,문화1동
1850053501,동서대로,25030620,가장동
1840123200,서문로,25020670,문화1동
1850333702,구봉산북로94번길,25030730,관저2동
1850120200,월평로,25030660,월평1동
1860662504,-,25040550,신성동
1860113506,가정로,25040550,신성동
1870038104,대화로,25050520,대화동
1860118403,신성로72번길,25040550,신성동
1850237700,대전남부순환고속도로,25030540,정림동
1870037600,동춘당로94번길,25050620,송촌동
1860372501,학하중앙로149번길,25040690,학하동
1860688801,-,25040550,신성동
1870489301,비래동로,25050540,비래동
1840022901,과례로,25020670,문화1동
1830055409,천개동로,25010730,대청동
1870044400,동춘당로,25050570,법2동
1850051100,변동로,25030550,변동
1850004200,계백로,25030512,도안동
1870078403,신탄진동로24번길,25050580,신탄진동
1860169901,은구비남로7번길,25040590,노은1동
1860037300,계룡로32번길,25040640,온천1동
1840011104,뿌리공원로,25020690,산성동
1860137000,-,25040550,신성동
1860137400,-,25040550,신성동
1860723600,도안대로,25040680,진잠동
1860432501,테크노5로,25040630,관평동
1860026300,진잠옛로,25040690,학하동
1860239002,갑천로,25040630,관평동
1860072000,한밭대로,25040540,온천2동
1860680508,원계산로,25040680,진잠동
1850085601,문정로60번길,25030570,탄방동
1860085802,한밭대로,25040590,노은1동
1840043401,중교로,25020550,대흥동
1860090300,노은서로,25040590,노은1동
1850123401,둔산북로,25030600,둔산2동
1860092102,은구비남로7번길,25040590,노은1동
1860665402,자운로97번길,25040550,신성동
1870047700,대전로1331번길,25050520,대화동
1870041800,동춘당로126번길,25050620,송촌동
1870036201,동춘당로94번길,25050620,송촌동
1850038000,혜천로,25030510,복수동
1840002602,대둔산로,25020690,산성동
1870042301,동춘당로,25050570,법2동
1850056906,배재로,25030630,내동
1860097301,노은서로142번길,25040590,노은1동
1860622202,지족북로,25040670,노은3동
1850141601,월평동로,25030680,월평3동
1850303801,복수중로,25030510,복수동
1850024801,관저로,25030730,관저2동
1850114400,둔산중로78번길,25030590,둔산1동
1870065102,신일동로93번길,25050610,목상동
1870011102,한남로,25050510,오정동
1850085102,신갈마로,25030650,갈마2동
1860034201,월드컵대로275번길,25040640,온천1동
1870083100,문평동로18번길,25050610,목상동
1860122700,노은로426번길,25040660,노은2동
1850121901,문예로,25030590,둔산1동
1870059101,신일서로126번길,25050610,목상동
1830469604,대전로,25010750,산내동
1850125901,월평중로,25030660,월평1동
1830454200,동중앙로,25010630,가양1동
1860434900,테크노2로,25040630,관평동
1860615301,문지로315번길,25040570,전민동
1860155400,배울1로,25040630,관평동
1840196702,대둔산로,25020690,산성동
1850209901,동서대로,25030660,월평1동
1830036702,동대전로,25010640,가양2동
1850307101,계룡로416번길,25030650,갈마2동
1860408903,유성대로,25040550,신성동
1860061100,온천북로33번길,25040640,온천1동
1830016301,동부로,25010550,판암1동
1860121002,하기로,25040660,노은2동
1850306802,둔산로31번길,25030600,둔산2동
1840042300,선화서로,25020510,은행선화동
1850080601,탄방로,25030570,탄방동
1860043701,도안대로,25040640,온천1동
1860237300,테크노10로,25040630,관평동
1860078502,어은로,25040540,온천2동
1840185905,중앙로122번길,25020550,대흥동
1860147000,테크노7로,25040630,관평동
1870034700,계족산로43번길,25050550,중리동
1850306202,대덕대로335번길,25030670,월평2동
1860210601,상대로,25040700,상대동
1870490202,-,25050540,비래동
1830032201,가양남로,25010630,가양1동
1840005003,계룡로,25020580,대사동
1840033202,대흥로,25020670,문화1동
1860619700,대덕대로578번길,25040550,신성동
1870154201,장동로228번길,25050530,회덕동
1870005201,신탄진로681번길,25050600,덕암동
1830008101,옥천로,25010770,신인동
1860046701,계룡로155번길,25040640,온천1동
1850135201,둔산중로134번길,25030600,둔산2동
1830005128,대전로,25010530,효동
1870487600,대전천북로,25050510,오정동
1860211003,상대로,25040700,상대동
1830449101,대전로448번길,25010530,효동
1860131309,유성대로1689번길,25040570,전민동
1830033601,우암로,25010630,가양1동
1860161701,테크노중앙로,25040630,관평동
1860144900,테크노2로,25040630,관평동
1830454702,산내로,25010750,산내동
1870003100,경부고속도로,25050530,회덕동
1850105902,둔산로,25030590,둔산1동
1850136100,대덕대로290번길,25030600,둔산2동
1850294500,동서대로,25040710,원신흥동
1860147500,-,25040630,관평동
1830049001,한밭대로,25010650,용전동
1850111501,대덕대로220번길,25030600,둔산2동
1830347404,충무로209번길,25010770,신인동
1860401401,죽동로279번길,25040540,온천2동
1860379000,복용북로,25040690,학하동
1850140201,청사로,25030670,월평2동
1830464501,은어송로51번길,25010530,효동
1840055301,목중로,25020530,목동
1860671203,유성대로680번길,25040640,온천1동
1850330101,계룡로342번길,25030640,갈마1동
1850151900,둔산대로117번길,25030690,만년동
1870040502,대화로150번길,25050520,대화동
1850265602,계백로860번길,25030730,관저2동
1850137602,청사로,25030600,둔산2동
1870486501,대전로1019번길,25050510,오정동
1860106807,엑스포로,25040570,전민동
1860037800,계룡로26번길,25040640,온천1동
1850061503,갈마로,25030610,괴정동
1860424601,테크노4로,25040630,관평동
1860003004,계룡로,25040640,온천1동
1850101000,둔산중로32번길,25030590,둔산1동
1860065301,온천서로,25040540,온천2동
1850080201,계룡로491번길,25030600,둔산2동
1870026504,계족산로17번길,25050550,중리동
1850127803,한밭대로570번길,25030660,월평1동
1850028204,관저로,25030730,관저2동
1860088704,노은동로,25040590,노은1동
1850234800,대전남부순환고속도로,25030730,관저2동
1860366800,학하북로,25040690,학하동
1860066800,문화원로146번길,25040640,온천1동
1860138102,자운로221번길,25040550,신성동
1860131503,유성대로,25040570,전민동
1850026101,관저동로,25030730,관저2동
1830456100,산내로1305번길,25010750,산내동
1850330801,계룡로314번길,25030660,월평1동
1860650101,복용북로,25040690,학하동
1850040603,혜천로,25030540,정림동
1860660302,송림로54번길,25040660,노은2동
1830057807,이사로,25010750,산내동
1860080000,프란치스코교황로,25040590,노은1동
1860147802,와룡로,25040610,구즉동
1850150100,갑천도시고속도로,25030690,만년동
1860426900,테크노4로,25040630,관평동
1860370201,학하남로90번길,25040690,학하동
1830490801,수향길,25010760,중앙동
1830016703,천동초등동길,25010530,효동
1830022500,용운로,25010570,용운동
1850237800,계룡로,25030660,월평1동
1860605000,갑천도시고속도로,25040540,온천2동
1860203000,외삼로,25040660,노은2동
1870062900,신일서로,25050610,목상동
1860668503,용산2로,25040630,관평동
1860431801,테크노중앙로,25040630,관평동
1860614201,아리랑로21번길,25040570,전민동
1860196901,학하복용서로,25040690,학하동
1850126100,한밭대로570번길,25030660,월평1동
1850063000,갈마로203번길,25030610,괴정동
1850133500,갈마역로,25030670,월평2동
1860103600,엑스포로123번길,25040550,신성동
1860652303,-,25040710,원신흥동
1860635600,동서대로656번길,25040680,진잠동
1830039902,동서대로1668번길,25010790,성남동
1860633101,계백로,25040680,진잠동
1850054402,동서대로,25030550,변동
1830056801,대전천북로,25010800,삼성동
1850311901,갈마역로,25030670,월평2동
1840024707,문화로,25020690,산성동
1860688501,-,25030690,만년동
1860112501,가정로,25040550,신성동
1840046300,동서대로,25020630,태평1동
1860662501,-,25040550,신성동
1830005223,대전로,25010530,효동
1870490400,우암로,25050540,비래동
1830464102,은어송로51번길,25010530,효동
1830452702,한밭대로1237번길,25010650,용전동
1840047101,중교로,25010760,중앙동
1830014901,대전로,25010750,산내동
1830453805,-,25010790,성남동
1850062404,가장로,25030610,괴정동
1830026402,대전로,25010760,중앙동
1870054300,공단4길,25050520,대화동
1860100501,은구비로,25040590,노은1동
1860024301,대정북로,25040680,진잠동
1870049201,계족로663번길,25050560,법1동
1850304900,유등로,25030510,복수동
1850037000,계백로1286번길,25030540,정림동
1860111800,지족로364번길,25040660,노은2동
1850310200,용소로,25030512,도안동
1850068905,도솔로,25030570,탄방동
1850045801,도솔로,25030530,도마2동
1850123601,둔산서로,25030600,둔산2동
1840019301,보문산로,25020680,문화2동
1870070102,덕암북로,25050590,석봉동
1830053004,신기로,25010530,효동
1860605800,배울1로,25040550,신성동
1860439801,배울1로,25040630,관평동
1860645101,대덕대로512번길,25040550,신성동
1870059702,덕암로118번길,25050600,덕암동
1850051601,유등로,25030550,변동
1840000702,대둔산로,25020690,산성동
1850117802,대덕대로233번길,25030600,둔산2동
1870016602,오정로78번길,25050510,오정동
1860395902,원신흥남로11번길,25040710,원신흥동
1830125201,동구청로,25010530,효동
1840196002,유등로,25020640,태평2동
1840049601,대전천서로,25020510,은행선화동
1850119502,둔산로51번길,25030600,둔산2동
1860106001,아리랑로,25040570,전민동
1870004504,신탄진로,25050600,덕암동
1860090200,은구비남로,25040590,노은1동
1860368602,학하북로,25040690,학하동
1860040300,계룡로16번길,25040640,온천1동
1860668702,용산2로,25040630,관평동
1860069100,문화원로,25040640,온천1동
1860370601,학하북로,25040690,학하동
1830057400,대전로987번길,25010800,삼성동
1850103102,둔산중로46번길,25030590,둔산1동
1860662201,자운로97번길,25040550,신성동
1870497903,대덕대로,25050590,석봉동
1840054402,목중로,25020540,중촌동
1850128001,월평중로,25030660,월평1동
1860082103,대학로,25040540,온천2동
1840037302,평촌로105번길,25020630,태평1동
1870481600,방두말1길,25050600,덕암동
1860366704,학하중앙로128번길,25040690,학하동
1860113101,노은로,25040660,노은2동
1860201401,학하중앙로,25040690,학하동
1850056903,배재로,25030630,내동
1850037301,-,25030540,정림동
1860632802,유성대로,25040680,진잠동
1870008801,대청로,25050580,신탄진동
1860085101,한밭대로,25040590,노은1동
1860220500,봉명로,25040710,원신흥동
1850050401,배재로,25030530,도마2동
1850122900,둔산북로,25030600,둔산2동
1860031801,월드컵대로275번길,25040640,온천1동
1830052601,신기로,25010530,효동
1860621900,반석동로40번길,25040670,노은3동
1870041202,동춘당로114번길,25050620,송촌동
1870020501,한밭대로,25050550,중리동
1860084100,한밭대로,25040590,노은1동
1860069701,문화원로,25040640,온천1동
1860430505,관평1로,25040630,관평동
1860417804,유성대로1184번길,25040550,신성동
1850055202,도솔로,25030550,변동
1860675002,문화원로,25040540,온천2동
1850009703,계룡로,25030660,월평1동
1860003005,계룡로,25040640,온천1동
1860630300,유성대로,25040700,상대동
1850004501,계백로,25030512,도안동
1850123402,둔산북로,25030600,둔산2동
1860038603,계룡로52번길,25040640,온천1동
1840180400,대전천서로,25020540,중촌동
1850048005,도산로,25030520,도마1동
1850327402,갈마역로,25030640,갈마1동
1850032500,관저동로,25030730,관저2동
1860415601,유성대로1184번길,25040550,신성동
1830121000,계족로,25010530,효동
1850046902,도마5길,25030520,도마1동
1830459000,물류로14번길,25010750,산내동
1840032606,수침로,25020660,유천2동
1870153001,장동로278번길,25050530,회덕동
1870038701,계족산로81번길,25050570,법2동
1830036609,합내로,25010630,가양1동
1850266200,구봉산북로,25030730,관저2동
1860201800,학하복용로,25040690,학하동
1850118103,둔산로31번길,25030600,둔산2동
1860661803,자운로97번길,25040550,신성동
1850086001,계룡로571번길,25030570,탄방동
1830123400,대전로542번길,25010530,효동
1830021301,용운동길,25010570,용운동
1850232001,도안남로,25030720,관저1동
1860016800,진잠로62번길,25040680,진잠동
1860611200,문지로,25040570,전민동
1860233302,테크노2로,25040630,관평동
1830468204,옥천로96번길,25010550,판암1동
1870076001,대덕대로1277번길,25050610,목상동
1840031203,테미로,25020550,대흥동
1850321200,관저중로64번길,25030730,관저2동
1860003806,계룡로,25040640,온천1동
1850304401,복수중로34번길,25030510,복수동
1850066000,갈마로,25030610,괴정동
1870088919,평촌2길,25050600,덕암동
1860004405,현충원로,25040540,온천2동
1860723800,도안대로,25040680,진잠동
1860015010,금남구즉로,25040610,구즉동
1870064801,신일동로,25050610,목상동
1870025303,선비마을로5번길,25050620,송촌동
1860205002,동서대로,25040690,학하동
1860078300,어은로,25040540,온천2동
1850139300,청사로,25030600,둔산2동
1830037012,동대전로248번길,25010640,가양2동
1860386000,도안대로,25040680,진잠동
1860206801,상대서로,25040700,상대동
1850027101,유성대로,25040680,진잠동
1860438101,용산2로,25040630,관평동
1870007704,신탄진로,25050580,신탄진동
1860056600,온천로,25040640,온천1동
1840195101,보문로,25020510,은행선화동
1850306000,청사서로54번길,25030670,월평2동
1860672803,유성대로668번길,25040640,온천1동
1860667501,테크노8로,25040630,관평동
1860009208,대덕대로,25040550,신성동
1830014207,산내로1257번길,25010750,산내동
1860660903,자운로97번길,25040550,신성동
1850032800,가수원로,25030511,가수원동
1870002516,신탄진로,25050530,회덕동
1860114301,가정북로,25040550,신성동
1850082900,계룡로553번안길,25030570,탄방동
1840194702,보문로,25020550,대흥동
1850133400,갈마역로,25030680,월평3동
1860683802,박산로,25040640,온천1동
1860423101,테크노1로,25040630,관평동
1840054306,목중로,25020530,목동
1850041301,정림서로,25030540,정림동
1860688301,-,25040630,관평동
1860439200,테크노중앙로,25040630,관평동
1850047602,조달청길,25030520,도마1동
1870484602,대전로1185번길,25050510,오정동
1830034608,충정로,25010640,가양2동
1860081200,-,25040540,온천2동
1870028502,동춘당로44번길,25050620,송촌동
1850333703,구봉산북로94번길,25030730,관저2동
1840022000,천근로,25020680,문화2동
1850229800,관저서로,25030730,관저2동
1850143107,월평북로,25030670,월평2동
1870015401,오정로,25050510,오정동
1860039500,계룡로46번길,25040640,온천1동
1850049401,유등로,25030550,변동
1870015103,오정로78번길,25050510,오정동
1870492200,우암동로,25050540,비래동
1860132602,자운로97번길,25040550,신성동
1850081100,탄방로,25030570,탄방동
1870012401,한남로150번길,25050510,오정동
1870298407,대덕대로1527번길,25050610,목상동
1830459200,안골로28번길,25010750,산내동
1860005702,유성대로,25040540,온천2동
1870501400,천변도시고속도로,25050530,회덕동
1840191001,보문산로,25020690,산성동
1850070500,문정로2번길,25030570,탄방동
1840036404,중앙로,25020670,문화1동
1860031600,월드컵대로253번안길,25040640,온천1동
1840191202,유등천동로,25020690,산성동
1870072102,대덕대로1454번길,25050610,목상동
1850061905,괴정로,25030610,괴정동
1870074600,대덕대로1486번길,25050610,목상동
1860053500,유성대로,25040640,온천1동
1860365600,학하중앙로,25040690,학하동
1860602002,지족북로66번길,25040670,노은3동
1850267101,구봉산북로21번길,25030730,관저2동
1870494201,천변도시고속도로,25050520,대화동
1870065905,덕암로,25050600,덕암동
1860198100,학하복용로,25040690,학하동
1860050200,계룡로141번길,25040640,온천1동
1870018602,한밭대로,25050510,오정동
1860669701,월드컵대로275번길,25040640,온천1동
1870302001,-,25050580,신탄진동
1870476801,문평동로,25050610,목상동
1870001701,계족로,25050570,법2동
1870195200,경부고속도로,33042320,현도면
1860132202,-,25040550,신성동
1860047800,유성대로694번길,25040640,온천1동
1870065903,덕암로,25050600,덕암동
1860098800,엑스포로123번길,25040550,신성동
1840052103,보문로,25020510,은행선화동
1830032303,길티길,25010630,가양1동
1870043800,대화로52번길,25050520,대화동
1850053800,동서대로,25030620,가장동
1850051905,변동로,25030550,변동
1840162100,대전남부순환고속도로,25020690,산성동
1830042404,동서대로1695번길,25010650,용전동
1830036701,동대전로,25010640,가양2동
1860120303,노은로,25040660,노은2동
1870152000,장동로228번길,25050530,회덕동
1850076300,문정로40번길,25030570,탄방동
1830027402,중앙로,25010760,중앙동
1860092502,노은서로142번길,25040590,노은1동
1870039400,대화로,25050520,대화동
1850315000,대덕대로161번길,25030650,갈마2동
1850292002,관저남로,25030730,관저2동
1850336601,계백로,25030540,정림동
1870301700,신탄진로,25050580,신탄진동
1870020800,중리로,25050550,중리동
1870039700,대화로106번길,25050520,대화동
1840061702,어덕마을로,25020540,중촌동
1870033500,계족산로5번길,25050570,법2동
1860144200,테크노8로,25040630,관평동
1860362500,학하서로,25040690,학하동
1850307203,계룡로416번길,25030650,갈마2동
1850052701,배재로197번길,25030530,도마2동
1870158800,동부로,25050540,비래동
1830475900,대전천동로,25010760,중앙동
1850315404,신갈마로141번길,25030640,갈마1동
1860205603,유성대로,25040640,온천1동
1850156301,하상도로,25030740,둔산3동
1870298305,대덕대로1527번길,25050590,석봉동
1870161501,신상로,25050540,비래동
1860035801,유성대로654번길,25040640,온천1동
1850052404,중반5길,25030550,변동
1860427601,테크노4로,25040630,관평동
1860440900,테크노11로,25040630,관평동
1870003200,호남고속도로지선,25050530,회덕동
1860657305,신성남로,25040550,신성동
1860192702,지족로,25040670,노은3동
1860216601,동서대로,25030512,도안동
1830037003,동대전로248번길,25010640,가양2동
1830039700,홍도로,25010680,홍도동
1840195601,보문로,25020510,은행선화동
1840125802,계백로,25020620,오류동
1850317300,배재로197번길,25030530,도마2동
1860371301,학하동로,25040690,학하동
1860052500,온천로107번길,25040640,온천1동
1870022808,중리로,25050550,중리동
1870088502,-,25050510,오정동
1860683201,구룡달전로,25040610,구즉동
1830009201,계족로,25010780,대동
1850155800,유등로,25030520,도마1동
1860055700,온천로101번길,25040640,온천1동
1860620200,가정로,25040550,신성동
1860598901,문지로299번길,25040570,전민동
1870022105,계족산로52번길,25050620,송촌동
1860012809,대덕대로,25040550,신성동
1840126601,운남로,25020690,산성동
1850117201,대덕대로234번길,25030600,둔산2동
1860133201,엑스포로,25040570,전민동
1870046300,대전로1331번길,25050520,대화동
1830451300,대전로900번길,25010800,삼성동
1830008301,충무로,25010770,신인동
1850111801,대덕대로220번길,25030600,둔산2동
1850232204,도안중로,25030720,관저1동
1830026801,대청호수로,25010550,판암1동
1870480200,대화로,25050520,대화동
1860232501,구룡고개길,25040610,구즉동
1860071101,노은로,25040640,온천1동
1870151501,장동로,25050530,회덕동
1830474500,대종로,25010750,산내동
1860238601,테크노2로,25040570,전민동
1850042400,도안중로,25030720,관저1동
1850267002,구봉로28번길,25030730,관저2동
1870007905,대덕대로,25050610,목상동
1870046101,선비마을로,25050620,송촌동
1870015101,오정로78번길,25050510,오정동
1840055900,대종로,25020540,중촌동
1830477501,-,25010530,효동
1870089007,평촌2길,25050600,덕암동
1860423000,관평1로,25040630,관평동
1840054002,목동로,25020530,목동
1850094700,둔산중로,25030570,탄방동
1850052409,중반5길,25030550,변동
1860414000,신성로,25040550,신성동
1860388801,죽동로,25040540,온천2동
1840030902,계룡로920번길,25020670,문화1동
1830040003,동서대로1668번길,25010790,성남동
1870060100,신일서로104번길,25050610,목상동
1840185502,대전천서로,25020510,은행선화동
1830020300,동대전로,25010760,중앙동
1870033901,계족산로81번길,25050620,송촌동
1830006800,옥천로,25010550,판암1동
1870488000,대전천북로,25050510,오정동
1840001904,대둔산로,25020690,산성동
1830028302,정보길,25010630,가양1동
1830053002,신기로,25010530,효동
1850058804,괴정로,25030560,용문동
1850058506,도솔로,25030630,내동
1840035102,테미로,25020550,대흥동
1850156000,하상도로,25050510,오정동
1860657801,신성남로,25040550,신성동
1830041403,우암로,25010640,가양2동
1870030406,송촌북로12번길,25050620,송촌동
1840184103,계백로1660번길,25020670,문화1동
1840032804,문창로,25020560,문창동
1850124000,둔산북로,25030600,둔산2동
1860121900,문지로,25040550,신성동
1860616101,문지로316번길,25040570,전민동
1830467600,-,25010550,판암1동
1860130501,엑스포로466번길,25040570,전민동
1830465500,신기로101번길,25010530,효동
1860443200,테크노2로,25040630,관평동
1860124302,신성남로111번길,25040550,신성동
1870038600,계족산로81번길,25050620,송촌동
1830016205,동구청로204번길,25010550,판암1동
1860685302,복합환승로26번길,25040640,온천1동
1850054601,유등로,25030620,가장동
1870012203,오정로37번길,25050510,오정동
1860049201,계룡로123번길,25040640,온천1동
1850135401,-,25030600,둔산2동
1850292003,관저남로,25030730,관저2동
1850265203,구봉산북로,25030730,관저2동
1830455400,산내로,25010750,산내동
1860067200,박산로,25040640,온천1동
1840066700,산서로,25020690,산성동
1850114700,문예로,25030590,둔산1동
1840040000,선화로22번길,25020600,용두동
1860147800,와룡로,25040610,구즉동
1860147901,구즉로,25040610,구즉동
1860402002,죽동로279번길,25040540,온천2동
1870481402,방두말4길,25050600,덕암동
1870042600,송촌북로,25050570,법2동
1850302702,벌곡로,25030511,가수원동
1860066601,온천북로33번길,25040640,온천1동
1870044802,매봉길,25050570,법2동
1860633701,동서대로656번길,25040680,진잠동
1850316600,도솔로388번길,25030610,괴정동
1860685201,복합환승로26번길,25040640,온천1동
1840129000,보문산로,25020580,대사동
1870073204,신일동로,25050610,목상동
1830023502,용운로151번길,25010570,용운동
1840024604,대전천서로,25020570,석교동
1860089400,노은로,25040590,노은1동
1840024602,대전천서로,25020570,석교동
1860007304,호남고속도로지선,25040550,신성동
1860390801,죽동로,25040540,온천2동
1850097301,둔산남로,25030570,탄방동
1870058900,산업단지로87번길,25050610,목상동
1860091204,은구비서로,25040590,노은1동
1850129300,한밭대로,25030590,둔산1동
1870053301,아리랑로,25050560,법1동
1840193401,대종로,25020540,중촌동
1860129301,엑스포로466번길,25040570,전민동
1860409805,원신흥로55번길,25040710,원신흥동
1870486801,한남로149번길,25050510,오정동
1860125900,유성대로,25040550,신성동
1830471102,백룡로57번길,25010600,자양동
1860691002,-,25040700,상대동
1860091801,은구비남로,25040590,노은1동
1840030407,서문로,25020670,문화1동
1850032201,관저중로96번길,25030730,관저2동
1860369001,학하중앙로127번길,25040690,학하동
1860111001,노은로,25040660,노은2동
1860221400,계룡로132번길,25040710,원신흥동
1860644601,대덕대로512번길,25040550,신성동
1830016112,동구청로204번길,25010550,판암1동
1850042001,복수북로,25030540,정림동
1840191901,문화로,25020690,산성동
1870075602,신일동로5번길,25050610,목상동
1870068800,신탄진로,25050580,신탄진동
1850097405,둔산남로,25030570,탄방동
1850041201,정림서로,25030540,정림동
1870483700,한밭대로1003번길,25050510,오정동
1870044402,동춘당로,25050570,법2동
1870007703,신탄진로,25050580,신탄진동
1830038710,우암로,25010640,가양2동
1860123800,신성로,25040550,신성동
1840194201,계룡로,25020630,태평1동
1860672801,유성대로668번길,25040640,온천1동
1850006801,계백로,25020650,유천1동
1840022201,천근로,25020680,문화2동
1830054001,은어송로,25010530,효동
1860619800,대덕대로578번길,25040550,신성동
1860624901,지족동로142번길,25040670,노은3동
1860046300,계룡로141번길,25040640,온천1동
1860621502,반석로11번길,25040670,노은3동
1860048600,계룡로141번길,25040640,온천1동
1860238900,테크노2로,25040630,관평동
1830036700,동대전로,25010640,가양2동
1850267202,구봉로28번길,25030730,관저2동
1850138600,청사로,25030600,둔산2동
1830026701,대청호수로,25010550,판암1동
1830449701,동부로33번길,25010560,판암2동
1830455402,산내로,25010750,산내동
1870488801,옛신탄진로,25050510,오정동
1840019002,당디로,25020690,산성동
1850135502,-,25030600,둔산2동
1830475009,대전로,25010770,신인동
1840003802,계백로,25020650,유천1동
1860012003,대덕대로,25040550,신성동
1860210804,상대로,25040700,상대동
1850209500,동서대로,25030660,월평1동
1840054301,목중로,25020530,목동
1850060004,가장로,25030610,괴정동
1850080900,계룡로553번안길,25030570,탄방동
1860060900,온천북로,25040640,온천1동
1870065100,신일동로93번길,25050610,목상동
1830463201,은어송로51번길,25010530,효동
1860653901,계룡로,25040640,온천1동
1850076100,문정로10번길,25030570,탄방동
1860189901,지족북로,25040670,노은3동
1850047903,조달청길,25030520,도마1동
1870028701,동춘당로54번길,25050620,송촌동
1860337501,계백로,25030730,관저2동
1850054800,갈마로,25030620,가장동
1860087401,노은동로87번길,25040590,노은1동
1860613601,문지로299번길,25040570,전민동
1860036000,계룡로52번길,25040640,온천1동
1850237101,월드컵대로484번길,25030660,월평1동
1850105100,둔산로,25030590,둔산1동
1860403101,원신흥남로28번길,25040710,원신흥동
1870494000,천변도시고속도로,25050520,대화동
1870026605,계족산로17번길,25050550,중리동
1860091901,노은로,25040590,노은1동
1870086301,신탄진북로,25050580,신탄진동
1830039001,옛신탄진로,25010680,홍도동
1850071600,계룡로553번길,25030570,탄방동
1860617100,문지로,25040570,전민동
1860042200,계룡로32번길,25040640,온천1동
1870491600,오정로,25050510,오정동
1860681501,대정로42번길,25040680,진잠동
1870080506,대덕대로1486번길,25050610,목상동
1860045900,온천동로,25040640,온천1동
1870298406,대덕대로1527번길,25050590,석봉동
1830026301,대전로,25010800,삼성동
1870026200,쌍청당로,25050550,중리동
1830031603,동서대로,25010800,삼성동
1870017704,비래서로9번길,25050540,비래동
1860671401,계룡로18번길,25040640,온천1동
1850098401,둔산남로,25030740,둔산3동
1870024002,계족산로,25050550,중리동
1860639601,테크노중앙로,25040630,관평동
1860607001,유성대로1628번길,25040570,전민동
1850130601,둔산서로,25030600,둔산2동
1850330202,신갈마로181번길,25030640,갈마1동
1860091300,은구비남로,25040590,노은1동
1830475302,인창로,25010770,신인동
1870000901,계족로,25050550,중리동
1870028602,동춘당로44번길,25050620,송촌동
1830032406,길티길,25010630,가양1동
1870029700,계족산로,25050620,송촌동
1860118300,신성로72번길,25040550,신성동
1840182800,선화로22번길,25020510,은행선화동
1860052600,온천로107번길,25040640,온천1동
1840067500,문창로,25020590,부사동
1850025801,관저중로64번길,25030730,관저2동
1870020409,한밭대로1129번길,25050550,중리동
1860203800,유성대로,25040690,학하동
1850118700,갈마역로,25030640,갈마1동
1850143901,갈마역로,25030670,월평2동
1830026600,동부로,25010570,용운동
1830469501,대전로,25010750,산내동
1850327302,신갈마로,25030640,갈마1동
1860624600,지족동로142번길,25040670,노은3동
1850042601,도안중로,25030720,관저1동
2830023000,양지시목로,33042320,현도면
1860411701,봉명로,25040710,원신흥동
1860199900,한밭대로,25040590,노은1동
1830040809,충정로,25010640,가양2동
1830038707,우암로,25010640,가양2동
1860116901,신성남로,25040550,신성동
1860085000,한밭대로,25040590,노은1동
1840185704,선화로43번길,25020600,용두동
1860442002,테크노11로,25040630,관평동
1840191103,보문산로,25020690,산성동
1860419103,유성대로1184번길,25040550,신성동
1830126701,동구청로,25010750,산내동
1850204700,동서대로,25040710,원신흥동
1850232004,도안남로,25030720,관저1동
1830128800,동부로,25010570,용운동
1850322303,관저로129번길,25030730,관저2동
1860430202,관평1로,25040630,관평동
1840001905,대둔산로,25020690,산성동
1840183300,계백로1686번길,25020670,문화1동
1830285502,동산초교로34번길,25010680,홍도동
1870490404,우암로,25050540,비래동
1860090600,은구비남로,25040590,노은1동
1870481802,방두말2길,25050600,덕암동
1860003801,계룡로,25040640,온천1동
1860131609,유성대로,25040550,신성동
1860011909,대덕대로,25040550,신성동
1830019800,중앙로200번길,25010760,중앙동
1860413300,유성대로1205번길,25040550,신성동
1850031100,원내로,25040680,진잠동
1860396700,죽동로,25040540,온천2동
1840195002,보문로,25020510,은행선화동
1850028700,관저로,25030730,관저2동
1860138000,자운로221번길,25040550,신성동
1830130702,동부로,25010570,용운동
1860629101,과학로,25040550,신성동
1860107101,은구비로138번길,25040660,노은2동
1830034402,동대전로,25010630,가양1동
1870500702,대전로1331번길,25050520,대화동
1860691801,-,25040700,상대동
1860067600,한밭대로492번길,25040640,온천1동
1840024902,산성로,25020670,문화1동
1860070200,문화원로,25040640,온천1동
1870359001,구즉세종로,25050610,목상동
1860064801,대학로,25040640,온천1동
1860616301,문지로316번길,25040570,전민동
1860605201,반석로11번길,25040670,노은3동
1860200800,북유성대로,25040670,노은3동
1830025801,중앙로,25010760,중앙동
1850153400,갑천도시고속도로,25030690,만년동
1840003801,계백로,25020640,태평2동
1830454500,산내로,25010750,산내동
1860654001,계룡로,25040640,온천1동
1830468903,옥천로,25010550,판암1동
1850061501,갈마로,25030610,괴정동
1860423600,관평2로,25040630,관평동
1850232500,도안대로,25030720,관저1동
1850045000,도솔로,25030530,도마2동
1840061403,대전천북로,25010800,삼성동
1860113508,가정로,25040550,신성동
1840126609,운남로,25020690,산성동
1860191105,반석로,25040670,노은3동
1850130301,둔산중로,25030600,둔산2동
1850069104,도산로,25030560,용문동
1840198102,-,25020620,오류동
1850329302,신갈마로155번길,25030640,갈마1동
1850019700,구억뜸길,25030511,가수원동
1840053802,우암로,25020510,은행선화동
1850068906,도솔로,25030570,탄방동
1850105601,둔산로,25030590,둔산1동
1860054701,-,25040640,온천1동
1840042102,중앙로,25020550,대흥동
1830013705,산내로1257번길,25010750,산내동
1860600802,가정북로,25040550,신성동
1860117904,신성로62번길,25040550,신성동
1850042801,관저북로,25030720,관저1동
1870086300,신탄진북로,25050580,신탄진동
1840005112,계백로,25020660,유천2동
1860496600,대덕대로,25040550,신성동
1860608501,문지로,25040570,전민동
1870489201,송촌남로,25010640,가양2동
1850315401,신갈마로141번길,25030640,갈마1동
1850049803,도산로,25030550,변동
1830005040,대전로,25010750,산내동
1860192800,지족로,25040670,노은3동
1840067106,산서로,25020690,산성동
1870038202,대화로132번길,25050520,대화동
1870362302,구즉세종로,25050600,덕암동
1870084302,신탄진동로,25050580,신탄진동
1870039001,중리서로,25050560,법1동
1860626800,-,25040590,노은1동
1850307202,계룡로416번길,25030650,갈마2동
1830054003,은어송로,25010530,효동
1850273901,관저중로,25030730,관저2동
1840190200,보문산로35번길,25020690,산성동
1850330608,신갈마로,25030640,갈마1동
1830025303,용운로147번길,25010570,용운동
1850052301,유등로,25030620,가장동
1860009703,신성서로,25040550,신성동
1840033401,수도산로,25020550,대흥동
1840017800,대종로,25020570,석교동
1830475200,대전천동로,25010770,신인동
1860194301,지족동로,25040670,노은3동
1850067402,계룡로562번길,25030610,괴정동
1870052301,대화로52번안길,25050520,대화동
1850267302,관저로,25030730,관저2동
1850156603,하상도로,25030600,둔산2동
1870006400,대덕대로,25050610,목상동
1860608901,문지로,25040570,전민동
1860662903,자운로97번길,25040550,신성동
1870064004,신일서로18번길,25050610,목상동
1840042004,보문로,25020550,대흥동
1860651301,복용북로33번길,25040690,학하동
1860123602,문지로,25040570,전민동
1840032303,보문로,25020550,대흥동
1840038000,인창로,25010770,신인동
1860367802,학하중앙로128번길,25040690,학하동
1830057703,이사로,25010750,산내동
1830037001,동대전로248번길,25010640,가양2동
1850007301,계룡로,25030570,탄방동
1840004409,충무로,25020580,대사동
1860010808,유성대로,25040550,신성동
1850056802,배재로,25030630,내동
1870019906,송촌로,25050620,송촌동
1850235601,구봉산북로,25030730,관저2동
1850098900,둔산남로,25030570,탄방동
1830026810,대청호수로,25010730,대청동
1860117400,지족로,25040670,노은3동
1830056304,하상도로,25010770,신인동
1860082602,한밭대로,25040590,노은1동
1860427900,관평2로,25040630,관평동
1870485200,중리동로56번길,25050550,중리동
1860081900,월드컵대로,25040590,노은1동
1860113000,북유성대로,25040660,노은2동
1830053104,동구청로,25010530,효동
1830022701,백룡로,25010570,용운동
1850053001,배재로,25030530,도마2동
1840022403,천근로69번길,25020670,문화1동
1860201301,북유성대로316번길,25040660,노은2동
1860033201,월드컵대로289번길,25040640,온천1동
1840058503,대전천북로,25010800,삼성동
1860649402,도안동로,25040710,원신흥동
1860132901,엑스포로,25040570,전민동
1850045503,도솔로,25030530,도마2동
1830455301,산내로,25010750,산내동
1850006009,계백로,25030540,정림동
1870048101,계족로664번길,25050570,법2동
1830469101,옥천로106번길,25010550,판암1동
1850112000,둔산로73번길,25030600,둔산2동
1860411500,봉명로,25040710,원신흥동
1850134101,월평동로,25030680,월평3동
1830347502,충무로209번길,25010770,신인동
1850227900,대전남부순환고속도로,25030730,관저2동
1850063803,신갈마로,25030630,내동
1840059400,어덕마을로,25020540,중촌동
1860377800,복용북로,25040690,학하동
1840042100,중앙로,25020550,대흥동
1830469001,옥천로,25010550,판암1동
1860174701,은구비남로7번길,25040590,노은1동
1860364800,학하중앙로128번길,25040690,학하동
1860086903,노은서로96번길,25040590,노은1동
1860371001,학하북로,25040690,학하동
1850319400,봉우로30번길,25030720,관저1동
1860079200,한밭대로,25040540,온천2동
1830461400,대전로,25010530,효동
1830004949,대전로,25010530,효동
1860372201,학하남로99번길,25040690,학하동
1860208700,도안대로,25040700,상대동
1850032400,관저동로,25030730,관저2동
1840003601,계백로,25020640,태평2동
1840030906,계룡로920번길,25020580,대사동
1840066304,문창로,25020560,문창동
1850318000,도마3길,25030520,도마1동
1850020601,구억뜸길,25030511,가수원동
1860663601,자운로221번길,25040550,신성동
1850073301,문정로2번길,25030570,탄방동
1840015701,대종로,25020570,석교동
1860608801,문지로,25040570,전민동
1860436800,배울2로,25040630,관평동
1860368500,학하중앙로,25040690,학하동
1870006603,대덕대로,25050610,목상동
1870030801,계족산로,25050620,송촌동
1830466103,신기로,25010530,효동
1860095101,은구비남로7번길,25040590,노은1동
1870047204,계족로664번길,25050570,법2동
1860085900,한밭대로,25040590,노은1동
1840033104,대흥로,25020670,문화1동
1830002010,산내로,25010750,산내동
1860608401,문지로,25040570,전민동
1850319701,봉우로8번길,25040680,진잠동
1870060907,덕암로203번길,25050600,덕암동
1860033303,유성대로654번길,25040640,온천1동
1850309602,-,25030730,관저2동
1860655301,은구비로155번길,25040660,노은2동
1860620600,가정북로,25040550,신성동
1860428301,테크노2로,25040630,관평동
1860597801,탑립로,25040630,관평동
1850008804,계룡로,25030650,갈마2동
1860025400,대정로,25040680,진잠동
1850063003,갈마로203번길,25030610,괴정동
1850052406,중반5길,25030550,변동
1850139400,청사로,25030600,둔산2동
1850135501,-,25030600,둔산2동
1870027501,동춘당로,25050620,송촌동
1830036911,동대전로248번길,25010640,가양2동
1860230001,농대로,25040540,온천2동
1870037801,동춘당로94번길,25050620,송촌동
1870061903,신일서로125번길,25050610,목상동
1830053000,신기로,25010530,효동
1860067301,문화원로,25040640,온천1동
1870302202,-,25050580,신탄진동
1860615501,문지로315번길,25040570,전민동
1840192000,유등천동로,25020690,산성동
1870050101,대화로32번길,25050520,대화동
1830037403,가양로,25010630,가양1동
1870033601,선비마을로23번길,25050620,송촌동
1830014700,산내로1305번길,25010750,산내동
1860636100,동서대로,25040680,진잠동
1830012818,계족로,25010650,용전동
1850321100,관저중로64번길,25030730,관저2동
1870013100,오정로38번길,25050510,오정동
1860114100,가정로,25040550,신성동
1860149000,송강로,25040610,구즉동
1830009907,옥천로,25010550,판암1동
1870026603,계족산로17번길,25050550,중리동
1860044900,유성대로668번길,25040640,온천1동
1840183204,사득로,25020590,부사동
1850059400,가장로,25030620,가장동
1850032804,가수원로,25030511,가수원동
1860082901,왕가봉로,25040590,노은1동
1850080400,대덕대로176번길,25030600,둔산2동
1840002104,대둔산로,25020690,산성동
1850330503,계룡로342번길,25030640,갈마1동
1850312400,대덕대로317번길,25030670,월평2동
1830449603,신기로,25010530,효동
1850116000,둔산북로90번길,25030600,둔산2동
1860674101,계룡로,25040640,온천1동
1830475802,대흥로,25010760,중앙동
1830470501,동부로73번길,25010560,판암2동
1860331605,덕명로,25040690,학하동
1850106101,문정로,25030590,둔산1동
1830034401,동대전로,25010630,가양1동
1870030001,계족산로81번길,25050620,송촌동
1830022001,계족로140번길,25010570,용운동
1850084200,탄방로,25030570,탄방동
1870205400,경부고속도로,25050540,비래동
1830469202,옥천로106번길,25010550,판암1동
1860664503,자운로97번길,25040550,신성동
1850090303,문정로,25030570,탄방동
1830026100,용운로151번길,25010570,용운동
1850055500,변동중로,25030550,변동
1870045900,대전로,25050530,회덕동
1860375700,학하동로,25040690,학하동
1850129500,문예로,25030600,둔산2동
1860436601,테크노6로,25040630,관평동
1860389000,죽동로,25040540,온천2동
1870075102,덕암북로,25050590,석봉동
1860017300,원내로,25040680,진잠동
1850050204,배재로,25030530,도마2동
1850025700,벌곡로,25030511,가수원동
1860664601,자운로97번길,25040550,신성동
1860659403,학하로111번길,25040690,학하동
1860009501,대덕대로,25040550,신성동
1860378800,복용북로,25040690,학하동
1840038403,수침로,25020630,태평1동
1860644501,대덕대로512번길,25040550,신성동
1870078501,신탄진동로24번길,25050580,신탄진동
1850338200,-,25030720,관저1동
1860056801,계룡로113번길,25040640,온천1동
1870079300,3공단3길,25050610,목상동
1860062501,온천북로13번길,25040640,온천1동
1870013812,옛신탄진로,25050510,오정동
1860121804,북유성대로,25040670,노은3동
1860605602,구즉로58번길,25040610,구즉동
1860133101,엑스포로,25040570,전민동
1850107401,둔산북로90번길,25030600,둔산2동
1850149600,둔산대로117번길,25030690,만년동
1850210700,동서대로,25030550,변동
1860072701,대학로76번길,25040540,온천2동
1870063902,대덕대로1284번길,25050610,목상동
1850054504,동서대로,25030620,가장동
1870088921,평촌2길,25050600,덕암동
1850206600,원도안로,25030512,도안동
1870013604,한남로88번길,25050510,오정동
1860435200,테크노6로,25040630,관평동
1850103402,둔산중로46번길,25030590,둔산1동
1850042800,관저북로,25030720,관저1동
1840003400,대둔산로,25020650,유천1동
1860109403,은구비로156번길,25040660,노은2동
1850028304,관저로,25030730,관저2동
1850207502,도안동로,25030512,도안동
1830463900,대전로448번길,25010530,효동
1860620302,가정로,25040550,신성동
1830188600,통영대전고속도로,25010550,판암1동
1850047905,조달청길,25030520,도마1동
1860032901,월드컵대로299번길,25040640,온천1동
1850066306,괴정로,25030610,괴정동
1840061303,대전천북로,25010800,삼성동
1840063802,당디로,25020650,유천1동
1840198602,오류로,25020620,오류동
1870060101,신일서로104번길,25050610,목상동
1840016004,대전천서로,25020570,석교동
1870047203,계족로664번길,25050570,법2동
1860033600,도안대로,25040640,온천1동
1860441000,테크노11로,25040630,관평동
1860093002,과학로,25040540,온천2동
1860213205,자운로97번길,25040550,신성동
1850092801,둔산중로14번길,25030570,탄방동
1870060700,덕암로,25050600,덕암동
1840010700,산서로,25020690,산성동
1860230002,농대로,25040540,온천2동
1830002006,산내로,25010750,산내동
1830449800,동부로33번길,25010560,판암2동
1870478901,대덕대로1585번길,25050590,석봉동
1850267300,관저로,25030730,관저2동
1870485103,중리동로56번길,25050550,중리동
1870023901,중리서로,25050550,중리동
1870042300,동춘당로,25050570,법2동
1860633000,유성대로,25040680,진잠동
1870150402,천변도시고속도로,25050530,회덕동
1830286000,동산초교로,25010680,홍도동
1850049604,도마로,25030520,도마1동
1860631001,진잠로42번길,25040680,진잠동
1830473400,계족로,25010790,성남동
1850124200,갈마역로,25030600,둔산2동
1860616700,문지로316번길,25040570,전민동
1870487300,한남로,25050510,오정동
1830472900,성남로,25010800,삼성동
1860036001,계룡로52번길,25040640,온천1동
1830010201,계족로,25010760,중앙동
1860437901,테크노2로,25040630,관평동
1840018000,당디로,25020690,산성동
1870087001,문평동로48번길,25050610,목상동
1840166800,대전남부순환고속도로,25020690,산성동
1860026000,진잠옛로,25040680,진잠동
1850317204,원도안로224번길,25030512,도안동
1830022501,용운로,25010570,용운동
1840036203,문창로,25020550,대흥동
1840041801,중교로,25020550,대흥동
1860106704,엑스포로,25040570,전민동
1830053404,대전로448번길,25010530,효동
1860148000,구즉로,25040610,구즉동
1830447400,대청호수로545번길,25010730,대청동
1850149901,만년로67번길,25030690,만년동
1840038602,대흥로,25020550,대흥동
1830467100,옥천로106번길,25010550,판암1동
1870478701,-,25050610,목상동
1860097601,노은서로,25040590,노은1동
1850091400,둔산중로,25030570,탄방동
1860016801,진잠로62번길,25040680,진잠동
1860131402,유성대로1689번길,25040570,전민동
1860002701,계룡로,25040640,온천1동
1840162700,대전남부순환고속도로,25020690,산성동
1850077301,문정로10번길,25030570,탄방동
1840199001,계룡로904번길,25020670,문화1동
1830056502,하상도로,25010760,중앙동
1860078200,한밭대로,25040540,온천2동
1860034600,월드컵대로289번길,25040640,온천1동
1870362402,구즉세종로,25050610,목상동
1860432601,테크노1로,25040630,관평동
1860397301,죽동로,25040540,온천2동
1830026807,대청호수로,25010730,대청동
1840049804,계룡로771번길,25020600,용두동
1860171700,은구비남로7번길,25040590,노은1동
1850237200,월드컵대로484번길,25030660,월평1동
1860396003,원신흥남로11번길,25040710,원신흥동
1870014900,오정로76번길,25050510,오정동
1840005102,계백로,25020660,유천2동
1860423501,테크노1로,25040630,관평동
1870076601,대덕대로1454번길,25050610,목상동
1860635100,동서대로656번길,25040680,진잠동
1850290401,동서대로,25030512,도안동
1860004805,유성대로,25040540,온천2동
1870486102,대전천북로,25050510,오정동
1860222700,농대로,25040540,온천2동
1860210100,도안대로,25040700,상대동
1860030401,월드컵대로289번길,25040640,온천1동
1860332500,호남고속도로지선,25040680,진잠동
1850046100,제비네1길,25030530,도마2동
1870488203,동산초교로,25050510,오정동
1860233801,배울1로,25040630,관평동
1850124700,둔산북로,25030600,둔산2동
1850035700,복수동로,25030510,복수동
1870025801,대전로,25050520,대화동
1860616500,문지로316번길,25040570,전민동
1850305903,청사서로54번길,25030670,월평2동
1860065700,문화원로146번길,25040640,온천1동
1830015304,대전로448번길,25010530,효동
1850074402,신갈마로,25030640,갈마1동
1860004605,현충원로,25040690,학하동
1860639100,테크노중앙로,25040630,관평동
1850011901,대덕대로,25030670,월평2동
1840043700,대전천서로,25020550,대흥동
1840184503,유등천동로,25020540,중촌동
1850113401,문예로,25030590,둔산1동
1850047600,조달청길,25030520,도마1동
1830466201,신기로,25010530,효동
1870032800,대전로1331번길,25050520,대화동
1830124900,대학로,25010570,용운동
1870080902,대덕대로1486번길,25050610,목상동
1860605502,구즉로58번길,25040610,구즉동
1860407101,원신흥남로28번길,25040710,원신흥동
1840026709,보문산공원로,25020580,대사동
1830285401,동산초교로23번길,25010680,홍도동
1850281300,도안북로,25030512,도안동
1870302401,-,25050580,신탄진동
1850135701,둔산중로,25030600,둔산2동
1850006307,계백로,25030530,도마2동
1860663602,자운로221번길,25040550,신성동
1850006401,계백로,25030530,도마2동
1870302000,-,25050580,신탄진동
1850319202,봉우로8번길,25030720,관저1동
1840046802,중교로,25020550,대흥동
1850033100,관저중로,25030730,관저2동
1850112801,갈마역로,25030640,갈마1동
1860193702,한밭대로,25040640,온천1동
1860680701,대정로42번길,25040680,진잠동
1850323501,구봉로,25030540,정림동
1850082000,문정로9번길,25030600,둔산2동
1840188800,수도산로47번길,25020550,대흥동
1830011111,계족로,25010790,성남동
1860403901,도안대로,25040700,상대동
1860388200,도안북로,25040680,진잠동
1870501500,천변도시고속화도로,25050530,회덕동
1860113001,북유성대로,25040660,노은2동
1840004500,충무로,25020550,대흥동
1860674902,문화원로,25040540,온천2동
1850142900,문예로,25030600,둔산2동
1850092700,갈마로,25030650,갈마2동
1860664306,자운로245번길,25040550,신성동
1850149303,만년로,25030690,만년동
1860369400,학하중앙로150번길,25040690,학하동
1830041500,신상로,25010730,대청동
1850062302,도솔로,25030610,괴정동
1830057709,이사로,25010750,산내동
1870075900,덕암북로58번길,25050600,덕암동
1830040001,동서대로1668번길,25010650,용전동
1860086401,한밭대로,25040590,노은1동
1870051900,대화로32번길,25050520,대화동
1860069800,문화원로,25040640,온천1동
1840047400,동서대로,25020620,오류동
1870044000,대화로32번길,25050520,대화동
1870052300,대화로52번안길,25050520,대화동
1830285100,동산초교로,25010680,홍도동
1860205005,동서대로,25040690,학하동
1850054904,갈마로,25030620,가장동
1870023402,중리동로,25050550,중리동
1870484800,한밭대로1009번길,25050520,대화동
1860403300,원신흥남로28번길,25040710,원신흥동
1840037200,평촌로,25020630,태평1동
1840066303,문창로,25020560,문창동
1860306900,북유성대로400번길,25040660,노은2동
1840064501,대둔산로,25020690,산성동
1850329901,신갈마로181번길,25030640,갈마1동
1830005047,대전로,25010530,효동
1830451000,대동천우안3길,25010780,대동
1850058202,동서대로,25030630,내동
1850006502,계백로,25030520,도마1동
1860010712,유성대로,25040550,신성동
1850210701,동서대로,25030550,변동
1860009701,신성서로,25040550,신성동
1850106500,문예로,25030590,둔산1동
1830473502,계족로368번길,25010790,성남동
1860410901,봉명로,25040710,원신흥동
1840059201,어덕마을로104번길,25020540,중촌동
1860046700,계룡로155번길,25040640,온천1동
1850078501,문정로,25030600,둔산2동
1850081301,계룡로553번안길,25030570,탄방동
1830016903,새울로,25010550,판암1동
1850098400,둔산남로,25030740,둔산3동
1870077601,신일동로33번길,25050610,목상동
1870013900,한남로150번길,25050510,오정동
1860369501,학하남로,25040690,학하동
1860636101,동서대로,25040680,진잠동
1850033302,복수동로,25030510,복수동
1870084903,신탄진동로23번길,25050580,신탄진동
1860669102,유성대로626번길,25040640,온천1동
1850012604,대덕대로,25030690,만년동
1860032900,월드컵대로299번길,25040640,온천1동
1850061301,도솔로,25030610,괴정동
1860073300,대학로76번길,25040540,온천2동
1870022700,중리로,25050550,중리동
1860056601,온천로,25040640,온천1동
1830023806,백룡로,25010570,용운동
1850133600,한밭대로,25030640,갈마1동
1830491402,-,25010800,삼성동
1830124700,백룡로,25010570,용운동
1870017901,우암로412번길,25050540,비래동
1870089006,평촌2길,25050600,덕암동
1870041900,동춘당로126번길,25050620,송촌동
1860003102,계룡로,25040640,온천1동
1830130700,동부로,25010570,용운동
1860091800,은구비남로,25040590,노은1동
1830031002,대전로,25010800,삼성동
1860118000,신성로62번길,25040550,신성동
1840024012,문화로234번길,25020670,문화1동
1860068100,-,25040640,온천1동
1840182200,목동로22번길,25020530,목동
1840006100,계룡로,25020620,오류동
1850028401,관저중로,25030730,관저2동
1860040802,유성대로680번길,25040640,온천1동
1870014904,오정로76번길,25050510,오정동
1860232801,구룡달전로,25040610,구즉동
1860128700,전민로,25040570,전민동
1860035700,유성대로654번길,25040640,온천1동
1830010303,계족로,25010790,성남동
1850098200,문정로,25030590,둔산1동
1860040800,유성대로680번길,25040640,온천1동
1850091701,둔산서로,25030600,둔산2동
1870001905,계족로,25050570,법2동
1850120001,유등로,25030740,둔산3동
1870064003,신일서로18번길,25050610,목상동
1870055601,산디로,25050530,회덕동
1860012708,대덕대로,25040610,구즉동
1830039301,대전로1020번길,25050510,오정동
1850124701,둔산북로,25030600,둔산2동
1870037700,동춘당로94번길,25050620,송촌동
1830454001,길티길,25010630,가양1동
1850333801,구봉산북로94번길,25030730,관저2동
1870477400,방두말5길,25050600,덕암동
1840012000,안영로,25020690,산성동
1860662401,자운로221번길,25040550,신성동
1870053402,아리랑로,25050530,회덕동
1870062107,덕암로,25050600,덕암동
1860211702,자운로97번길,25040550,신성동
1850026902,유등로17번길,25030510,복수동
1830489203,우암로147번길,25010800,삼성동
1840038703,대흥로121번길,25020550,대흥동
1840066500,중앙로164번길,25020510,은행선화동
1840033403,수도산로,25020550,대흥동
1830028406,정보길,25010780,대동
1850043706,복수중로,25030510,복수동
1860395600,유성대로935번길,25040540,온천2동
1840013501,대둔산로,25020690,산성동
1840035601,평촌로,25020630,태평1동
1870050000,대화로32번길,25050520,대화동
1860120301,노은로,25040660,노은2동
1850068904,도솔로,25030570,탄방동
1850108100,둔산로73번길,25030600,둔산2동
1870089800,대전천북로,25050510,오정동
1840023200,서문로,25020670,문화1동
1830453404,동서대로1705번길,25010650,용전동
1830042201,동서대로,25010650,용전동
1850327202,신갈마로,25030640,갈마1동
1830018604,대동천좌안3길,25010770,신인동
1830466500,대전로542번길,25010530,효동
1860030801,월드컵대로253번안길,25040640,온천1동
1840038401,수침로,25020630,태평1동
1850109302,-,25030600,둔산2동
1860675401,-,25040640,온천1동
1860653102,원신흥남로12번길,25040710,원신흥동
1850320500,관저중로64번길,25030730,관저2동
1860620401,가정로,25040550,신성동
1860663804,자운로221번길,25040550,신성동
1860426700,배울2로,25040630,관평동
1860194605,지족동로,25040670,노은3동
1840191301,유등천동로,25020690,산성동
1860600201,엑스포로339번길,25040570,전민동
1840065103,유등천동로,25020690,산성동
1850089401,둔산서로,25030600,둔산2동
1850140000,청사로,25030670,월평2동
1870068702,신탄진로,25050580,신탄진동
1830039302,대전로1020번길,25010680,홍도동
1860439400,테크노중앙로,25040630,관평동
1850041006,정림로65번길,25030540,정림동
1870048001,계족로664번길,25050570,법2동
1840048803,선화로,25020510,은행선화동
1870055803,신탄진로232번길,25050530,회덕동
1860033300,유성대로654번길,25040640,온천1동
1850072100,계룡로571번길,25030570,탄방동
1870041802,동춘당로126번길,25050620,송촌동
1850008500,계룡로,25030650,갈마2동
1850094500,둔산중로14번길,25030570,탄방동
1860115300,가정로,25040550,신성동
1870479600,대화로161번길,25050520,대화동
1860147201,테크노중앙로,25040630,관평동
1830470900,열두칸1길,25010760,중앙동
1860401100,상대남로,25040700,상대동
1860060301,온천북로59번길,25040640,온천1동
1860131200,유성대로,25040570,전민동
1870064102,신일서로18번길,25050610,목상동
1870038103,대화로,25050520,대화동
1870057501,산업단지로,25050600,덕암동
1870013806,옛신탄진로,25050510,오정동
1850146503,만년남로,25030690,만년동
1850035001,벌곡로,25030512,도안동
1870500401,갑천도시고속도로,25050530,회덕동
1870087301,신탄진북로,25050580,신탄진동
1870012504,오정로75번길,25050510,오정동
1860238700,갑천로,25040630,관평동
1870053700,대전로,25050530,회덕동
1870078700,대덕대로1470번길,25050610,목상동
1860442500,테크노11로,25040630,관평동
1840014301,대둔산로,25020690,산성동
1860015008,금남구즉로,25040610,구즉동
1850065904,신갈마로,25030640,갈마1동
1850303100,구봉로,25030540,정림동
1870049501,계족로663번길,25050560,법1동
1870490808,홍도로,25050550,중리동
1870019202,대전로,25050510,오정동
1870058100,산업단지로87번길,25050610,목상동
1860047702,유성대로694번길,25040640,온천1동
1850328701,신갈마로155번길,25030640,갈마1동
1850009604,대덕대로,25030600,둔산2동
1850075501,갈마로,25030650,갈마2동
1870492402,우암로,25050540,비래동
1850117400,둔산로51번길,25030600,둔산2동
1850039701,도안남로,25030720,관저1동
1870476100,-,25050590,석봉동
1830042303,동서대로1695번길,25010650,용전동
1850280601,동서대로656번길,25040680,진잠동
1860170601,노은로410번길,25040660,노은2동
1830474912,대전로,25010770,신인동
1860618000,문지로316번길,25040570,전민동
1850057600,동서대로,25030630,내동
1870477900,한밭대로1043번길,25050510,오정동
1870005102,신탄진로681번길,25050600,덕암동
1850207603,원도안로,25030512,도안동
1860237600,테크노2로,25040630,관평동
1860004801,유성대로,25040540,온천2동
1860722302,박산로,25040640,온천1동
1860370101,학하중앙로150번길,25040690,학하동
1840194801,중앙로,25020550,대흥동
1860438202,배울2로,25040630,관평동
1850042005,복수북로,25030510,복수동
1830183800,통영대전고속도로,25010750,산내동
1860432100,테크노3로,25040630,관평동
1830474200,산서로,25010750,산내동
1850323800,괴곡길,25030540,정림동
1860615500,문지로315번길,25040570,전민동
1860373301,복용북로17번길,25040690,학하동
1830012813,계족로,25010650,용전동
1870199800,경부고속도로,25050530,회덕동
1840048105,동서대로,25020600,용두동
1870487201,대전로,25050510,오정동
1860379701,복용북로75번길,25040690,학하동
1860041100,유성대로668번길,25040640,온천1동
1860149201,송강로,25040610,구즉동
1860212200,자운로97번길,25040550,신성동
1840017900,당디로,25020690,산성동
1830001908,산내로,25010750,산내동
1840015102,과례로22번길,25020670,문화1동
1860096700,은구비남로33번길,25040590,노은1동
1830036914,동대전로248번길,25010640,가양2동
1860058100,온천로,25040640,온천1동
1830469503,대전로,25010750,산내동
1870491400,대전천북로,25050510,오정동
1850131500,-,25030600,둔산2동
1870069101,신탄진로,25050580,신탄진동
1850046502,도솔로,25030530,도마2동
1860444500,갑천로,25040630,관평동
1830036906,동대전로248번길,25010640,가양2동
1860408803,유성대로,25040540,온천2동
1850062603,도산로,25030560,용문동
1830473500,계족로368번길,25010790,성남동
1840061302,대전천북로,25020510,은행선화동
1860396800,죽동로,25040540,온천2동
1870492101,우암동로,25050540,비래동
1860010711,유성대로,25040550,신성동
1850060108,가장로,25030610,괴정동
1860099400,엑스포로,25040570,전민동
1830005006,대전로,25010750,산내동
1860051201,유성대로694번길,25040640,온천1동
1830024203,새둑길,25010760,중앙동
1870490000,신상로,25050540,비래동
1830456001,산내로1315번길,25010750,산내동
1860122800,노은로426번길,25040660,노은2동
1860399300,죽동로,25040540,온천2동
1870071401,대덕대로1448번길,25050610,목상동
1870013402,-,25050510,오정동
1850060800,대덕대로,25030630,내동
1840012600,사정공원로,25020690,산성동
1870076700,대덕대로1454번길,25050610,목상동
1830476302,중앙로,25010760,중앙동
1860605001,갑천도시고속도로,25040540,온천2동
1870153501,장동로228번길,25050530,회덕동
1860123801,신성로,25040550,신성동
1850025904,관저중로64번길,25030730,관저2동
1830475702,대흥로,25010770,신인동
1860373600,학하중앙로,25040690,학하동
1860367700,학하중앙로127번길,25040690,학하동
1860082301,월드컵대로,25040590,노은1동
1860444401,갑천로,25040630,관평동
1860150500,금남구즉로,25040610,구즉동
1850330701,신갈마로,25030640,갈마1동
1860115800,가정로,25040550,신성동
1850130901,한밭대로,25030600,둔산2동
1830186200,통영대전고속도로,25010550,판암1동
1850090304,문정로,25030570,탄방동
1870076301,대덕대로1454번길,25050610,목상동
1870064501,대덕대로1448번길,25050610,목상동
1860045401,유성대로680번길,25040640,온천1동
1860691104,-,25040700,상대동
1850151700,둔산대로117번길,25030690,만년동
1850124301,갈마역로,25030640,갈마1동
1870063800,대덕대로1284번길,25050610,목상동
1830475601,대전천동로,25010770,신인동
1850118501,신갈마로230번길,25030600,둔산2동
1850312800,둔산서로10번길,25030570,탄방동
1860021801,유성대로,25040680,진잠동
1850068303,계룡로500번길,25030650,갈마2동
1870050907,선비마을로,25050570,법2동
1860644802,-,25040550,신성동
1850304700,혜천로,25030510,복수동
1830030703,우암로,25010800,삼성동
1860639900,테크노중앙로,25040630,관평동
1850105805,둔산로,25030740,둔산3동
1860107200,은구비로138번길,25040660,노은2동
1840038702,대흥로121번길,25020550,대흥동
1840054001,목동로,25020530,목동
1860080601,노은서로,25040590,노은1동
1840010400,대둔산로,25020690,산성동
1870198200,경부고속도로,25050600,덕암동
1860645002,대덕대로,25040550,신성동
1870046900,선비마을로,25050620,송촌동
1870020400,한밭대로1129번길,25050550,중리동
1870038500,송촌북로36번길,25050620,송촌동
1830048400,신상로,25010730,대청동
1850090500,대덕대로,25030650,갈마2동
1830178700,대전남부순환고속도로,25010750,산내동
1830006000,통영대전고속도로,25010550,판암1동
1870004508,신탄진로,25050600,덕암동
1840126200,문화로,25020670,문화1동
1860154100,불무로,25050610,목상동
1870482202,방두말1길,25050600,덕암동
1850144000,월평동로,25030670,월평2동
1850314700,갈마중로37번길,25030650,갈마2동
1860664302,자운로245번길,25040550,신성동
1860379500,복용로,25040690,학하동
1850067906,갈마로,25030650,갈마2동
1830035701,대전로,25010800,삼성동
1860134600,자운로157번길,25040550,신성동
1860114200,가정로,25040550,신성동
1860118202,송림로,25040660,노은2동
1830007202,계족로,25010770,신인동
1860098602,엑스포로123번길,25040550,신성동
1850077201,문정로10번길,25030570,탄방동
1840057301,목중로,25020540,중촌동
1860600502,대덕대로541번길,25040550,신성동
1860076000,대학로,25040540,온천2동
1870073900,덕암북로4번길,25050600,덕암동
1840060100,대전천서로,25020540,중촌동
1850044300,복수서로,25030510,복수동
1870032101,송촌북로20번길,25050620,송촌동
1860237701,테크노2로,25040630,관평동
1850059801,도산로,25030620,가장동
1840041103,대흥로,25020550,대흥동
1860202700,학하복용로,25040690,학하동
1830450403,토천1길,25010550,판암1동
1850037300,-,25030540,정림동
1860110205,북유성대로,25040660,노은2동
1860118401,신성로72번길,25040550,신성동
1840067501,문창로,25020590,부사동
1860149600,송강로,25040610,구즉동
1860191400,반석로,25040670,노은3동
1860393601,유성대로877번길,25040540,온천2동
1860217500,도안대로,25040710,원신흥동
1860148002,구즉로,25040610,구즉동
1870441602,신탄진로349번길,25050530,회덕동
1870482901,장동로278번길,25050530,회덕동
1870198702,천변도시고속도로,25050530,회덕동
1860091600,은구비남로33번길,25040590,노은1동
1870486800,한남로149번길,25050510,오정동
1850033800,복수동로,25030510,복수동
1840025402,문화로,25020660,유천2동
1850045200,도산로,25030520,도마1동
1860092704,노은서로,25040590,노은1동
1860211002,상대로,25040700,상대동
1840018102,산성로,25020690,산성동
1850304600,복수중로34번길,25030510,복수동
1830473800,-,25010750,산내동
1850315501,신갈마로,25030640,갈마1동
1830052609,신기로,25010530,효동
1850007006,계룡로,25030560,용문동
1860045700,계룡로155번길,25040640,온천1동
1860007405,호남고속도로지선,25040550,신성동
1860612301,문지로299번길,25040570,전민동
1870084800,신탄진동로23번길,25050580,신탄진동
1860124202,엑스포로,25040570,전민동
1860400701,죽동2길,25040540,온천2동
1860094400,대학로,25040550,신성동
1860665502,자운로245번길,25040550,신성동
1850040101,혜천로,25030510,복수동
1830057802,이사로,25010750,산내동
1860691001,-,25040700,상대동
1850021801,유등로,25030510,복수동
1860600900,반석로12번길,25040670,노은3동
1850097403,둔산남로,25030570,탄방동
1850030000,구봉산북로,25030730,관저2동
1860110001,은구비로156번길,25040660,노은2동
1830009202,계족로,25010780,대동
1840048800,선화로,25020510,은행선화동
1830449100,대전로448번길,25010530,효동
1850095402,남선로60번길,25030570,탄방동
1860192500,지족동로,25040670,노은3동
1860088001,노은서로,25040590,노은1동
1860154403,불무로,25040610,구즉동
1850051501,변동로,25030550,변동
1840197802,계백로1685번길,25020620,오류동
1870019604,중리서로,25050550,중리동
1860415300,신성로,25040550,신성동
1840046603,수침로,25020630,태평1동
1860045400,유성대로680번길,25040640,온천1동
1840017401,송리로,25020680,문화2동
1870502400,경부고속도로,25050600,덕암동
1860011004,호남고속도로지선,25050530,회덕동
1860172000,대학로76번안길,25040540,온천2동
1840036402,중앙로,25020670,문화1동
1840185101,유등천동로,25020640,태평2동
1860143101,테크노2로,25040630,관평동
1830028901,우암로,25010800,삼성동
1830015303,대전로448번길,25010530,효동
1840021700,대종로,25020570,석교동
1870004001,신탄진로,25050530,회덕동
1860036800,계룡로38번길,25040640,온천1동
1870072001,대덕대로1454번길,25050610,목상동
1830052707,은어송로,25010530,효동
1850062805,용문로,25030560,용문동
1830052507,신기로,25010550,판암1동
1850042802,관저북로,25030720,관저1동
1870480802,대청로,25050580,신탄진동
1840037504,대흥로,25020550,대흥동
1860687901,엑스포로539번길,25040630,관평동
1870050400,대화로52번길,25050520,대화동
1860178100,은구비남로33번길,25040590,노은1동
1860028801,월드컵대로,25040700,상대동
1860066801,문화원로146번길,25040640,온천1동
1860077102,장대로,25040540,온천2동
1870029201,선비마을로23번길,25050620,송촌동
1860430207,관평1로,25040630,관평동
1870049901,-,25050520,대화동
1860416100,유성대로1184번길,25040550,신성동
1870074801,대덕대로1454번길,25050610,목상동
1860437200,용산2로,25040630,관평동
1860201703,학하중앙로,25040690,학하동
1830007206,계족로,25010770,신인동
1870079001,문평동로,25050610,목상동
1850058402,도솔로,25030630,내동
1860380502,진잠옛로265번길,25040690,학하동
1870493901,천변도시고속도로,25050520,대화동
1830474101,산서로,25010750,산내동
1850061300,도솔로,25030610,괴정동
1870009202,신탄진로,25050580,신탄진동
1860071802,월드컵대로,25040540,온천2동
1840004402,충무로,25020580,대사동
1860651101,복용북로33번길,25040690,학하동
1860120801,노은로426번길,25040660,노은2동
1850043300,복수북로,25030510,복수동
1830015606,옥천로180번길,25010550,판암1동
1830005121,대전로,25010530,효동
1850307801,원도안로224번길,25030512,도안동
1850130000,한밭대로,25030600,둔산2동
1850334101,-,25030730,관저2동
1860155901,배울2로,25040630,관평동
1870020804,중리로,25050550,중리동
1830024800,동대전로,25010780,대동
1850159802,관저동로,25030720,관저1동
1840046101,선화로,25020510,은행선화동
1840036200,문창로,25020560,문창동
1860427101,테크노3로,25040630,관평동
1860071503,문화원로,25040540,온천2동
1850142700,문예로,25030600,둔산2동
1840026016,유천로,25020660,유천2동
1850107701,둔산로,25030600,둔산2동
1830025401,용운로147번길,25010570,용운동
1840002006,대둔산로,25020690,산성동
1830041202,동서대로,25010650,용전동
1860081800,한밭대로,25040540,온천2동
1860675302,-,25040640,온천1동
1830034301,동대전로,25010640,가양2동
1860125205,반석서로,25040670,노은3동
1850056701,배재로233번길,25030550,변동
1860098100,엑스포로123번길,25040550,신성동
1840030310,서문로,25020670,문화1동
1860444102,갑천로,25040570,전민동
1850152800,갑천도시고속도로,25030690,만년동
1840049100,중앙로,25020510,은행선화동
1870478200,한밭대로1009번길,25050510,오정동
1840030105,보문로,25020580,대사동
1860090802,노은동로,25040590,노은1동
1860068300,문화원로,25040640,온천1동
1860692001,상대서로,25040700,상대동
1870073100,덕암북로60번길,25050600,덕암동
1850036204,계백로1300번길,25030540,정림동
1840027703,보문로,25020560,문창동
1850006403,계백로,25030530,도마2동
1840050903,선화로,25020510,은행선화동
1860194302,지족동로,25040670,노은3동
1870002602,신탄진로,25050530,회덕동
1860682201,대정로42번길,25040680,진잠동
1860651402,복용북로33번길,25040690,학하동
1860099901,은구비로,25040590,노은1동
1840043400,중교로,25020550,대흥동
1860225400,도안동로,25040710,원신흥동
1860012001,대덕대로,25040550,신성동
1860114703,가정로,25040550,신성동
1830039306,대전로1020번길,25050510,오정동
1860068901,온천북로33번길,25040640,온천1동
1830057101,대전로987번길,25050510,오정동
1850088801,문정로,25030570,탄방동
1850067804,갈마로,25030640,갈마1동
1860014201,봉산로,25040610,구즉동
1860031601,월드컵대로253번안길,25040640,온천1동
1860217600,월드컵대로,25040700,상대동
1850134001,월평동로,25030660,월평1동
1830010007,옥천로,25010550,판암1동
1850032000,관저중로96번길,25030730,관저2동
1840064801,대둔산로,25020690,산성동
1850066704,용문로,25030610,괴정동
1830452800,한밭대로1237번길,25010650,용전동
1860611000,문지로,25040570,전민동
1870060300,신일서로126번길,25050610,목상동
1860432702,테크노1로,25040630,관평동
1870492801,한밭대로,25050550,중리동
1850095502,남선로60번길,25030570,탄방동
1850199701,원도안로,25030512,도안동
1840018600,대전천서로,25020570,석교동
1860378200,복용북로,25040690,학하동
1850138300,문예로,25030600,둔산2동
1870490805,홍도로,25050550,중리동
1840063706,당디로,25020650,유천1동
1850236800,계룡로,25030660,월평1동
1850043600,복수중로,25030510,복수동
1830450903,대동천우안3길,25010780,대동
1840015902,대전천서로,25020570,석교동
1840063704,당디로,25020650,유천1동
1840003102,대둔산로,25020690,산성동
1840037301,평촌로105번길,25020630,태평1동
1840059100,어덕마을로104번길,25020540,중촌동
1860037100,유성대로654번길,25040640,온천1동
1870198000,경부고속도로,25050600,덕암동
1860648301,-,25040610,구즉동
1870010800,한남로149번길,25050510,오정동
1840023202,서문로,25020670,문화1동
1850210202,동서대로,25030550,변동
1860133800,엑스포로539번길,25040570,전민동
1850337500,배재로,25030530,도마2동
1860124108,엑스포로,25040570,전민동
1860010601,대덕대로,25040550,신성동
1860600102,엑스포로339번길,25040570,전민동
1850055802,동서대로,25030550,변동
1830122601,대전로542번길,25010530,효동
1870489112,송촌남로,25050620,송촌동
1850092411,갈마중로,25030650,갈마2동
1870023409,중리동로,25050550,중리동
1850306200,대덕대로335번길,25030670,월평2동
1830042601,홍도로,25010650,용전동
1860108901,은구비로,25040660,노은2동
1850011701,대덕대로,25030670,월평2동
1860058800,온천로,25040640,온천1동
1860051100,유성대로694번길,25040640,온천1동
1870030101,송촌북로,25050620,송촌동
1870056101,장동로,25050530,회덕동
1840032800,문창로,25020560,문창동
1840126400,계백로1716번길,25020670,문화1동
1840005303,충무로,25020560,문창동
1860104300,노은서로210번길,25040660,노은2동
1850330601,신갈마로,25030640,갈마1동
1840052501,대종로550번길,25020510,은행선화동
1860333400,호남고속도로지선,25040680,진잠동
1840199401,충무로,25020550,대흥동
1850056302,변동중로,25030550,변동
1870490502,비래서로9번길,25050540,비래동
1850033602,정림로,25030540,정림동
1860102002,엑스포로151번길,25040550,신성동
1830011204,계족로,25010790,성남동
1860610001,문지로,25040570,전민동
1860661501,-,25040550,신성동
1870055202,천변도시고속도로,25050530,회덕동
1840059603,중촌로,25020540,중촌동
1840003204,대둔산로,25020690,산성동
1860078500,어은로,25040540,온천2동
1870033600,선비마을로23번길,25050620,송촌동
1860151601,-,25040610,구즉동
1860142500,테크노2로,25040630,관평동
1840004100,계백로,25020650,유천1동
1860427300,테크노1로,25040630,관평동
1830035805,대전로,25010800,삼성동
1860668601,용산2로,25040630,관평동
1850294300,관저남로,25030730,관저2동
1870054100,아리랑로,25050560,법1동
1850080700,탄방로,25030570,탄방동
1860112301,노은서로,25040670,노은3동
1860171305,대덕대로556번길,25040550,신성동
1870063401,신일서로67번길,25050610,목상동
1830040604,흥룡로,25010640,가양2동
1860073401,대학로76번길,25040540,온천2동
1850006300,계백로,25030530,도마2동
1850065806,신갈마로,25030640,갈마1동
1860626601,은구비로155번길,25040660,노은2동
1850136402,둔산서로,25030600,둔산2동
1860090400,노은서로,25040590,노은1동
1860671803,계룡로16번길,25040640,온천1동
1860021600,대정로28번안길,25040680,진잠동
1850020401,벌곡로,25030511,가수원동
1840184400,계백로1686번길,25020670,문화1동
1860078601,어은로,25040540,온천2동
1860370001,학하남로100번길,25040690,학하동
1860146802,테크노2로,25040630,관평동
1870030901,송촌북로,25050620,송촌동
1870012404,한남로150번길,25050510,오정동
1850104501,둔산로,25030590,둔산1동
1850007501,계룡로,25030570,탄방동
1830456101,산내로1305번길,25010750,산내동
1840032700,문창로,25020590,부사동
1830448700,은어송로51번길,25010530,효동
1850311902,갈마역로,25030670,월평2동
1830455701,산내로1327번길,25010750,산내동
1870012000,대전로,25050510,오정동
1870029500,계족산로81번길,25050620,송촌동
1840029401,문화로,25020670,문화1동
1830003611,대전로,25010750,산내동
1830007304,옥천로,25010550,판암1동
1860388902,도안북로,25040680,진잠동
1830007308,옥천로,25010550,판암1동
1850100901,둔산남로9번길,25030600,둔산2동
1850041005,정림로65번길,25030540,정림동
1870041901,동춘당로126번길,25050620,송촌동
1860087600,한밭대로,25040590,노은1동
1860437900,테크노2로,25040630,관평동
1870082200,대덕대로1417번길,25050610,목상동
1860398501,죽동로,25040540,온천2동
1860367400,학하중앙로127번길,25040690,학하동
1830024105,새둑길,25010760,중앙동
1850061000,신갈마로,25030630,내동
1870062003,덕암로,25050600,덕암동
1860108802,은구비로156번길,25040660,노은2동
1850039700,도안남로,25030720,관저1동
1870479401,신탄진북로32번길,25050580,신탄진동
1850333602,구봉산북로94번길,25030730,관저2동
1870013003,오정로,25050510,오정동
1830011105,계족로,25010790,성남동
1860147601,-,25050610,목상동
1860675205,문화원로,25040540,온천2동
1860081901,월드컵대로,25040540,온천2동
1870040201,대화로150번길,25050520,대화동
1860688202,엑스포로539번길,25040630,관평동
1840005202,계백로,25020660,유천2동
1840010802,산서로,25020690,산성동
1830035101,현암로,25010800,삼성동
1840188602,대흥로,25020550,대흥동
1850029702,관저동로90번길,25030730,관저2동
1830451802,동서대로1572번길,25010790,성남동
1870498103,석봉북로24번길,25050590,석봉동
1850010302,대덕대로,25030600,둔산2동
1860163900,테크노4로,25040630,관평동
1830464702,은어송로51번길,25010530,효동
1840003807,계백로,25020650,유천1동
1840021300,송리로,25020680,문화2동
1870195500,경부고속도로,25050600,덕암동
1830039300,대전로1020번길,25010680,홍도동
1860032100,월드컵대로289번길,25040640,온천1동
1860071600,문화원로,25040540,온천2동
1840014701,대종로,25020570,석교동
1840018401,신기로,25020570,석교동
1860663705,자운로221번길,25040550,신성동
1850101600,둔산중로32번길,25030590,둔산1동
1860650501,복용북로33번길,25040690,학하동
1830122602,대전로542번길,25010530,효동
1860634400,도안북로,25040680,진잠동
1850317405,배재로197번길,25030530,도마2동
1860609102,문지로,25040570,전민동
1850311200,도안동로,25030512,도안동
1860194000,지족동로,25040670,노은3동
1860115701,가정로,25040550,신성동
1860378201,복용북로,25040690,학하동
1830040806,충정로,25010640,가양2동
1850317600,원도안로242번길,25030512,도안동
1870014800,한남로150번길,25050510,오정동
1860363400,학하로,25040690,학하동
1850113204,신갈마로,25030640,갈마1동
1840031504,유천로,25020660,유천2동
1840042502,대흥로,25020550,대흥동
1850146500,만년남로,25030690,만년동
1850122501,둔산북로,25030740,둔산3동
1870041302,동춘당로114번길,25050620,송촌동
1840025608,계백로1566번길,25020650,유천1동
1850134501,월평중로,25030680,월평3동
1860147801,와룡로,25040610,구즉동
1830183400,통영대전고속도로,25010750,산내동
1870205300,경부고속도로,25050540,비래동
1860187801,지족로190번길,25040670,노은3동
1860164202,갑천로,25040630,관평동
1840015001,모암로,25020570,석교동
1870492201,우암동로,25050540,비래동
1860600204,엑스포로339번길,25040570,전민동
1860409501,봉명서로,25040710,원신흥동
1870082300,대덕대로1417번길,25050610,목상동
1830020502,대전로,25010760,중앙동
1860125402,신성서로,25040550,신성동
1860192302,지족동로,25040670,노은3동
1840004309,충무로,25020580,대사동
1830474601,대종로,25010750,산내동
1860038002,유성대로654번길,25040640,온천1동
1850051502,변동로,25030550,변동
1870035300,대화로,25050520,대화동
1830036907,동대전로248번길,25010640,가양2동
1850205201,도안동로,25030512,도안동
1860019401,대정남로,25040680,진잠동
1860044402,계룡로123번길,25040640,온천1동
1860443300,테크노2로,25040630,관평동
1830004936,대전로,25010530,효동
1860429801,테크노3로,25040630,관평동
1830010203,계족로,25010630,가양1동
1870084600,신탄진동로,25050580,신탄진동
1850072401,계룡로571번길,25030570,탄방동
1850061005,신갈마로,25030630,내동
1860034401,유성대로646번길,25040640,온천1동
1860424500,테크노4로,25040630,관평동
1850111600,둔산서로,25030600,둔산2동
1830030503,대성길,25010630,가양1동
1840052200,보문로,25020510,은행선화동
1860607400,유성대로1628번길,25040570,전민동
1850060000,가장로,25030610,괴정동
1860626700,-,25040590,노은1동
1860380500,진잠옛로265번길,25040690,학하동
1860370701,학하북로,25040690,학하동
1850011406,대덕대로,25030600,둔산2동
1860396301,유성대로877번길,25040540,온천2동
1870004012,신탄진로,25050530,회덕동
1830034601,충정로,25010630,가양1동
1840195001,보문로,25020510,은행선화동
1850073401,문정로40번길,25030570,탄방동
1860202301,북유성대로316번길,25040670,노은3동
1870082801,대덕대로1409번길,25050610,목상동
1830009002,계족로,25010780,대동
1850037700,구봉로,25030540,정림동
1860205702,유성대로,25040640,온천1동
1860061701,온천북로33번길,25040640,온천1동
1860196000,지족동로,25040670,노은3동
1850081700,문정로60번길,25030570,탄방동
1860127800,외삼로,25040660,노은2동
1860336706,박산로,25040640,온천1동
1870018301,동춘당로15번길,25050620,송촌동
1830037402,가양로,25010630,가양1동
1870015600,대전로,25050510,오정동
1860332402,호남고속도로지선,25040680,진잠동
1840017104,보문산로,25020680,문화2동
1870062800,신일서로,25050610,목상동
1840055601,목중로26번길,25020540,중촌동
1840013600,대둔산로,25020690,산성동
1840118400,산서로,25020690,산성동
1860129800,엑스포로,25040570,전민동
1860084703,한밭대로259번길,25040590,노은1동
1870361200,대덕대로1284번길,25050610,목상동
1860331703,덕명로,25040690,학하동
1860205301,유성대로,25040640,온천1동
1850313000,대덕대로249번길,25030600,둔산2동
1840045804,중앙로,25020550,대흥동
1850285700,관저남로,25030730,관저2동
1840195502,-,25020510,은행선화동
1830457101,석천로,25010750,산내동
1860199301,학하복용서로,25040690,학하동
1840014803,대종로,25020570,석교동
1840004702,충무로,25020590,부사동
1860630902,진잠로42번길,25040680,진잠동
1860197500,학하복용서로,25040690,학하동
1860091200,은구비서로,25040590,노은1동
1870063500,신일서로67번길,25050610,목상동
1870018303,동춘당로15번길,25050620,송촌동
1860639501,테크노중앙로,25040630,관평동
1860225801,도안동로,25040710,원신흥동
1870082500,대덕대로1470번길,25050610,목상동
1850078900,유등로,25030570,탄방동
1850098901,둔산남로,25030570,탄방동
1840006004,계백로,25020620,오류동
1850155402,유등로,25030520,도마1동
1860046600,계룡로113번길,25040640,온천1동
1850306301,둔산로31번길,25030600,둔산2동
1870197300,경부고속도로,25050530,회덕동
1860334701,진잠로,25040680,진잠동
1870004604,신탄진로,25050600,덕암동
1840006601,계룡로,25020600,용두동
1860076900,온천서로,25040540,온천2동
1840046700,중교로,25020510,은행선화동
1830184400,통영대전고속도로,25010750,산내동
1850141702,월평동로,25030680,월평3동
1860213203,자운로97번길,25040550,신성동
1860611701,문지로,25040570,전민동
1870051300,-,25050560,법1동
1860011800,호남고속도로지선,25040630,관평동
1870061600,신일서로,25050610,목상동
1860098600,엑스포로123번길,25040550,신성동
1870078601,대덕대로1470번길,25050610,목상동
1860426101,테크노4로,25040630,관평동
1830284601,동산초교로23번길,25010680,홍도동
1850025201,복수남로12번길,25030510,복수동
1830053306,대전로448번길,25010530,효동
1870056006,장동로,25050530,회덕동
1860124107,엑스포로,25040570,전민동
1860092700,노은서로,25040590,노은1동
1860100200,은구비로,25040590,노은1동
1830008201,옥천로,25010770,신인동
1870039404,대화로,25050520,대화동
1860106705,엑스포로,25040570,전민동
1830015900,옥천로180번길,25010550,판암1동
1870074200,대덕대로1454번길,25050610,목상동
1860387900,유성대로877번길,25040540,온천2동
1870007701,신탄진로,25050580,신탄진동
1850063402,유등로,25030560,용문동
1860064701,대학로,25040640,온천1동
1830003605,대전로,25010750,산내동
1830020901,계족로140번길,25010570,용운동
1850036308,계백로1300번길,25030540,정림동
1840030301,서문로,25020620,오류동
1830128000,동부로,25010570,용운동
1850046203,사마1길,25030530,도마2동
1860657308,신성남로,25040550,신성동
1860155900,배울2로,25040630,관평동
1850319800,봉우로8번길,25030720,관저1동
1870089601,대전천북로,25050510,오정동
1840014202,산서로,25020690,산성동
1840187001,계백로1685번길,25020620,오류동
1850303703,복수중로,25030510,복수동
1870488202,동산초교로,25050510,오정동
1870020001,송촌로,25050540,비래동
1860050903,계룡로87번길,25040640,온천1동
1860076600,대학로,25040540,온천2동
1870499101,한남로67번길,25050510,오정동
1860366402,학하남로77번길,25040690,학하동
1870051001,대전로1291번길,25050520,대화동
1870150403,천변도시고속도로,25050530,회덕동
1860418501,유성대로,25040550,신성동
1860634100,도안대로,25040680,진잠동
1840195604,보문로,25020510,은행선화동
1830284603,동산초교로23번길,25010680,홍도동
1860125003,반석로,25040670,노은3동
1870071201,대덕대로1486번길,25050610,목상동
1850128700,유등로,25030600,둔산2동
1830023704,백룡로,25010570,용운동
1860117100,신성남로,25040550,신성동
1840016903,산성로,25020690,산성동
1840012201,성산로,25020690,산성동
1850145100,둔산대로,25030690,만년동
1850025100,복수남로,25030510,복수동
1840192203,유등천동로,25020640,태평2동
1870056008,장동로,25050530,회덕동
1870055712,산디로,25050530,회덕동
1850204402,원도안로,25030512,도안동
1860127500,반석서로,25040670,노은3동
1860206000,월드컵대로,25040700,상대동
1850066206,괴정로,25030610,괴정동
1850313201,대덕대로249번길,25030600,둔산2동
1830056203,하상도로,25020560,문창동
1870478801,-,25050610,목상동
1850331804,벌곡로1285번길,25030511,가수원동
1840058202,대종로,25020540,중촌동
1860645402,엑스포로,25040550,신성동
1830003507,대전로,25010750,산내동
1860164600,테크노중앙로,25040630,관평동
1870489306,비래동로,25050540,비래동
1850042600,도안중로,25030720,관저1동
1870503500,경부고속도로,25050600,덕암동
1830040510,흥룡로,25010640,가양2동
1860374002,학하북로,25040690,학하동
1860725400,도안대로,25040680,진잠동
1850121100,둔산북로,25030590,둔산1동
1840192500,평촌로,25020640,태평2동
1860620501,가정북로,25040550,신성동
1840053803,우암로,25020510,은행선화동
1860160600,용산1로,25040630,관평동
1860376901,복용로11번길,25040690,학하동
1860096401,엑스포로,25040550,신성동
1850317303,배재로197번길,25030530,도마2동
1870040805,계족로663번길,25050560,법1동
1830028800,태전로,25010800,삼성동
1870480000,대화로161번길,25050520,대화동
1870036900,계족산로,25050620,송촌동
1860040201,유성대로654번길,25040640,온천1동
1840197001,대둔산로,25020690,산성동
1830033507,우암로,25010790,성남동
1860211004,상대로,25040700,상대동
1850058003,갈마로,25030630,내동
1860061601,온천북로,25040640,온천1동
1860089103,노은서로108번길,25040590,노은1동
1860431900,테크노중앙로,25040630,관평동
1860085700,한밭대로,25040590,노은1동
1870489104,송촌남로,25050620,송촌동
1850035401,유등로,25030510,복수동
1830021302,용운동길,25010570,용운동
1860655001,은구비로155번길,25040660,노은2동
1840123301,서문로,25020670,문화1동
1850333401,-,25030730,관저2동
1870080502,대덕대로1486번길,25050610,목상동
1840046602,수침로,25020630,태평1동
1860084401,북유성대로,25040590,노은1동
1850095503,남선로60번길,25030570,탄방동
1860408100,봉명서로,25040710,원신흥동
1840192502,평촌로,25020640,태평2동
1850267900,구봉로,25030730,관저2동
1830012812,계족로,25010680,홍도동
1860116700,북유성대로,25040660,노은2동
1850074502,신갈마로,25030640,갈마1동
1860148102,와룡로,25040610,구즉동
1850116100,둔산북로90번길,25030600,둔산2동
1830005507,옥천로,25010550,판암1동
1850049209,도마로,25030520,도마1동
1860155100,배울1로,25040630,관평동
1860329101,현충원로,25040690,학하동
1850046501,도솔로,25030530,도마2동
1860114004,지족로364번길,25040670,노은3동
1860637001,동서대로735번길,25040710,원신흥동
1860205602,유성대로,25040640,온천1동
1850034405,관저북로,25030720,관저1동
1850027001,유성대로,25040680,진잠동
1860653601,원신흥남로12번길,25040710,원신흥동
1860018201,진잠로,25040680,진잠동
1840184200,계백로1660번길,25020670,문화1동
1860430507,관평1로,25040630,관평동
1860088204,대학로,25040540,온천2동
1860191401,반석로,25040670,노은3동
1870057902,대덕대로1284번길,25050610,목상동
1850032301,관저중로96번길,25030730,관저2동
1860010903,호남고속도로지선,25040570,전민동
1830467304,토천1길,25010770,신인동
1860172100,대덕대로556번길,25040550,신성동
1860131605,유성대로,25040570,전민동
1850096500,남선로,25030570,탄방동
1860031504,월드컵대로253번안길,25040640,온천1동
1840028304,문화로,25020670,문화1동
1860014001,대덕대로,25040610,구즉동
1870486600,대전로1019번길,25050510,오정동
1860604701,교촌대정로,25040680,진잠동
1850319301,봉우로30번길,25030720,관저1동
1870051000,대전로1291번길,25050520,대화동
1840162200,대전남부순환고속도로,25020690,산성동
1870065806,덕암로,25050600,덕암동
1830126006,동구청로,25010530,효동
1870011303,한남로150번길,25050510,오정동
1860049900,대학로,25040640,온천1동
1860034200,월드컵대로275번길,25040640,온천1동
1850119500,둔산로51번길,25030600,둔산2동
1850046806,도마5길,25030520,도마1동
1870001501,계족로,25050550,중리동
1830020402,동대전로,25010760,중앙동
1860030300,월드컵대로289번길,25040640,온천1동
1850054900,갈마로,25030620,가장동
1830042204,동서대로,25010650,용전동
1850205200,도안동로,25030512,도안동
1830467300,토천1길,25010770,신인동
1860058902,온천서로,25040640,온천1동
1870071904,문평서로,25050610,목상동
1830018605,대동천좌안3길,25010770,신인동
1870476900,문평서로,25050610,목상동
1860651401,복용북로33번길,25040690,학하동
1860114700,가정로,25040550,신성동
1830447001,신인로,25010770,신인동
1860663003,자운로97번길,25040550,신성동
1870040302,대화로150번길,25050520,대화동
1840040200,중교로,25020550,대흥동
1840056302,-,25020510,은행선화동
1850335101,-,25030690,만년동
1870081700,3공단3길,25050610,목상동
1860087302,노은동로87번길,25040590,노은1동
1860657502,과학로,25040550,신성동
1850018502,괴곡길,25030540,정림동
1870028002,쌍청당로,25050550,중리동
1870053106,아리랑로,25050530,회덕동
1840043902,선화로,25020600,용두동
1850144400,갑천도시고속도로,25030670,월평2동
1850092201,둔산남로,25030650,갈마2동
1870485901,-,25050510,오정동
1870066600,신탄진로,25050600,덕암동
1840048201,동서대로,25020600,용두동
1830007404,옥천로,25010550,판암1동
1850074901,문정로2번길,25030570,탄방동
1850148200,만년로,25030690,만년동
1850049311,도마로,25030550,변동
1830015404,대전로448번길,25010530,효동
1840010901,뿌리공원로,25020690,산성동
1850046306,사마1길,25030530,도마2동
1840013701,안영로,25020690,산성동
1840010800,산서로,25020690,산성동
1860077600,한밭대로,25040540,온천2동
1850061502,갈마로,25030610,괴정동
1870493900,천변도시고속도로,25050520,대화동
1870495700,대덕대로1284번길,25050610,목상동
1860128901,엑스포로466번길,25040570,전민동
1870075601,신일동로5번길,25050610,목상동
1860072001,한밭대로,25040640,온천1동
1830457001,석천로,25010750,산내동
1840060101,대전천서로,25020540,중촌동
1860107801,노은로,25040660,노은2동
1830469400,신기로101번길,25010550,판암1동
1860199800,한밭대로,25040590,노은1동
1850028802,구봉로147번길,25030730,관저2동
1830039702,홍도로,25010680,홍도동
1870485403,계족로574번길,25050550,중리동
1870080101,대덕대로1486번길,25050610,목상동
1850120600,월평동로,25030640,갈마1동
1870485302,계족로574번길,25050550,중리동
1860207600,상대서로,25040700,상대동
1850090801,문정로9번길,25030600,둔산2동
1860210503,상대로,25040700,상대동
1860440400,테크노11로,25040630,관평동
1840016901,산성로,25020690,산성동
1860608201,아리랑로21번길,25040570,전민동
1830053407,대전로448번길,25010530,효동
1830019305,동부로,25010570,용운동
1850267501,계백로860번길,25030730,관저2동
1830474405,산서로,25010750,산내동
1830012819,계족로,25010650,용전동
1860012701,대덕대로,25040630,관평동
1870204800,경부고속도로,25050540,비래동
1860660001,송림로54번길,25040660,노은2동
1830030400,태전로,25010800,삼성동
1860065500,온천북로59번길,25040640,온천1동
1850294201,관저남로,25030730,관저2동
1830007413,옥천로,25010550,판암1동
1870016901,동서대로,25050540,비래동
1850032904,가수원로,25030511,가수원동
1850009801,계룡로,25030660,월평1동
1830470400,동부로,25010550,판암1동
1860379601,복용북로75번길,25040690,학하동
1870055201,천변도시고속도로,25050530,회덕동
1850111200,둔지로,25030600,둔산2동
1850103401,둔산중로46번길,25030590,둔산1동
1870085601,문평동로,25050610,목상동
1860122502,신성로,25040550,신성동
1860634401,도안북로,25030512,도안동
1840016001,대전천서로,25020570,석교동
1860609600,문지로,25040570,전민동
1850040300,복수서로,25030510,복수동
1830021201,용운로,25010780,대동
1850304400,복수중로34번길,25030510,복수동
1830052802,은어송로,25010530,효동
1840028305,문화로,25020670,문화1동
1860149803,송강로42번길,25040610,구즉동
1850319102,봉우로8번길,25030720,관저1동
1860120101,노은로410번길,25040660,노은2동
1840034805,대종로,25020550,대흥동
1840192403,평촌로,25020640,태평2동
1830033402,태전로,25010800,삼성동
1840014000,보문산공원로,25020690,산성동
1840005501,충무로,25010770,신인동
1860414302,유성대로1205번길,25040550,신성동
1850277701,구봉로,25030730,관저2동
1850141700,월평동로,25030680,월평3동
1840052100,보문로,25020510,은행선화동
1860198201,북유성대로,25040670,노은3동
1850122502,둔산북로,25030740,둔산3동
1850303700,복수중로,25030510,복수동
1860025000,대정로,25040680,진잠동
1830186000,통영대전고속도로,25010550,판암1동
1840044100,동서대로,25020630,태평1동
1860416102,유성대로1184번길,25040550,신성동
1850037803,정림로,25030540,정림동
1840018601,대전천서로,25020570,석교동
1860682601,대정로42번길,25040680,진잠동
1840037501,대흥로,25020550,대흥동
1860070300,문화원로,25040640,온천1동
1840000803,대둔산로,25020690,산성동
1870034702,계족산로43번길,25050550,중리동
1860662902,자운로97번길,25040550,신성동
1830033002,대전로,25010800,삼성동
1870026606,계족산로17번길,25050550,중리동
1860117501,지족로,25040670,노은3동
1870022804,중리로,25050550,중리동
1850062502,가장로,25030610,괴정동
1850095200,대덕대로,25030650,갈마2동
1860188901,지족로,25040670,노은3동
1840030303,서문로,25020670,문화1동
1830471401,대학로,25010570,용운동
1850205700,도안동로,25030512,도안동
1860680802,대정로42번길,25040680,진잠동
1860224001,월드컵대로,25040710,원신흥동
1860045601,계룡로46번길,25040640,온천1동
1840196203,-,25030560,용문동
1830053203,동구청로,25010530,효동
1870500201,갑천도시고속도로,25050520,대화동
1850089100,계룡로491번길,25030600,둔산2동
1850144200,유등로,25030600,둔산2동
1870441601,신탄진로349번길,25050530,회덕동
1860130400,엑스포로,25040570,전민동
1850007706,계룡로,25030610,괴정동
1860206901,노은로,25040660,노은2동
1850327902,갈마역로,25030640,갈마1동
1830040500,흥룡로,25010640,가양2동
1830021700,계족로,25010780,대동
1830489001,-,25010790,성남동
1860198001,학하복용서로,25040690,학하동
1840067204,산서로,25020690,산성동
1860088706,노은동로,25040590,노은1동
1840061900,대종로,25020540,중촌동
1850050302,배재로,25030530,도마2동
1840003407,대둔산로,25020650,유천1동
1830283401,동산초교로23번길,25010680,홍도동
1840019700,보문산로,25020670,문화1동
1860403302,원신흥남로28번길,25040710,원신흥동
1850068201,계룡로500번길,25030650,갈마2동
1860615401,문지로315번길,25040570,전민동
1830036402,우암로,25010630,가양1동
1830025001,대전로,25010760,중앙동
1870081203,문평동로,25050610,목상동
1830463501,은어송로51번길,25010530,효동
1860100000,은구비로,25040590,노은1동
1830029403,대전로,25010800,삼성동
1850136101,대덕대로290번길,25030600,둔산2동
1860657402,신성남로,25040550,신성동
1850052407,중반5길,25030550,변동
1850082701,문정로40번길,25030570,탄방동
1850319702,봉우로8번길,25030720,관저1동
1840025303,문화로,25020680,문화2동
1860018502,진잠로149번길,25040680,진잠동
1870057400,산업단지로,25050600,덕암동
1870051501,중리서로,25050560,법1동
1860084000,한밭대로,25040590,노은1동
1860674707,문화원로6번길,25040540,온천2동
1870006900,대덕대로,25050610,목상동
1860605504,구즉로58번길,25040610,구즉동
1850037400,정림서로,25030540,정림동
1870016900,동서대로,25050540,비래동
1830044800,홍도로,25010650,용전동
1830056104,하상도로,25010770,신인동
1870034404,계족산로17번길,25050570,법2동
1860407803,봉명서로,25040710,원신흥동
1860408103,봉명서로,25040710,원신흥동
1870489000,동서대로,25050620,송촌동
1830034609,충정로,25010640,가양2동
1860622400,지족북로66번길,25040670,노은3동
1860137102,자운로,25040550,신성동
1830016905,새울로,25010550,판암1동
1860119701,노은로410번길,25040660,노은2동
1830449400,대전로448번길,25010530,효동
1870441803,-,25050530,회덕동
1840192805,동서대로,25020640,태평2동
1860428302,테크노2로,25040630,관평동
1860664201,자운로245번길,25040550,신성동
1860130003,전민로,25040570,전민동
1830039408,대전로1020번길,25050510,오정동
1840058200,대종로,25020540,중촌동
1870088923,평촌2길,25050600,덕암동
1850054001,유등로,25030620,가장동
1850060104,가장로,25030610,괴정동
1870056608,덕암로,25050600,덕암동
1860661802,자운로97번길,25040550,신성동
1830010402,계족로,25010790,성남동
1860410000,원신흥북로,25040710,원신흥동
1860129002,엑스포로466번길,25040570,전민동
1860108100,은구비로,25040660,노은2동
1830046010,비래서로,25050540,비래동
1830016802,천동초등동길,25010530,효동
1860722101,박산로,25040640,온천1동
1870071700,문평서로18번길,25050610,목상동
1860624200,지족동로142번길,25040670,노은3동
1870020410,한밭대로1129번길,25050550,중리동
1830024900,대전로,25010760,중앙동
1870039601,대화로106번길,25050520,대화동
1840192401,평촌로,25020640,태평2동
1850043910,배재로,25030530,도마2동
1850312201,대덕대로335번길,25030670,월평2동
1850120700,월평동로,25030660,월평1동
1840005601,충무로,25010770,신인동
1860122401,노은로410번길,25040660,노은2동
1860671601,유성대로654번길,25040640,온천1동
1860133802,엑스포로539번길,25040630,관평동
1860372401,학하북로,25040690,학하동
1850007100,계룡로,25030610,괴정동
1860395300,상대남로,25040700,상대동
1840031002,계룡로920번길,25020580,대사동
1860435500,테크노중앙로,25040630,관평동
1850029003,관저로,25030730,관저2동
1870029101,선비마을로23번길,25050620,송촌동
1830037007,동대전로248번길,25010640,가양2동
1850012202,대덕대로,25030670,월평2동
1850136800,갑천도시고속도로,25030680,월평3동
1830470100,옥천로,25010550,판암1동
1860107301,은구비로,25040660,노은2동
1860414801,유성대로1184번길,25040550,신성동
1850137803,문정로,25030600,둔산2동
1870050001,대화로32번길,25050520,대화동
1870085900,덕암북로4번길,25050590,석봉동
1840053702,우암로,25020510,은행선화동
1860201402,학하중앙로,25040690,학하동
1860048900,유성대로,25040640,온천1동
1860110900,노은로,25040660,노은2동
1850004201,계백로,25030512,도안동
1830036606,합내로,25010630,가양1동
1860354501,엑스포로,25040630,관평동
1870484701,한밭대로1009번길,25050520,대화동
1840067508,문창로,25020590,부사동
1860663202,자운로221번길,25040550,신성동
1850314200,계룡로416번길,25030650,갈마2동
1850156700,하상도로,25030600,둔산2동
1860010501,대덕대로,25040550,신성동
1830347403,충무로209번길,25010770,신인동
1870490804,홍도로,25050550,중리동
1860422600,배울2로,25040630,관평동
1860336703,박산로,25040640,온천1동
1870043801,대화로52번길,25050520,대화동
1830055400,천개동로,25010730,대청동
1860376800,복용로11번길,25040690,학하동
1830033100,동서대로,25010800,삼성동
1860436500,테크노2로,25040630,관평동
1860078501,어은로,25040540,온천2동
1870029200,선비마을로23번길,25050620,송촌동
1850058806,괴정로,25030560,용문동
1850091700,둔산서로,25030600,둔산2동
1860109301,은구비로156번길,25040660,노은2동
1830183200,통영대전고속도로,25010530,효동
1870004800,신탄진로,25050600,덕암동
1850305802,유등로,25030520,도마1동
1870476701,문평동로,25050610,목상동
1840051208,목동로,25020530,목동
1860124300,신성남로111번길,25040550,신성동
1850094902,둔산남로,25030600,둔산2동
1850317401,배재로197번길,25030530,도마2동
1860026302,진잠옛로,25040690,학하동
1860126900,자운로,25040550,신성동
1860020200,대정로28번안길,25040680,진잠동
1860068600,온천북로33번길,25040640,온천1동
1860681601,대정로42번길,25040680,진잠동
1860427001,관평2로,25040630,관평동
1860124602,신성로83번길,25040550,신성동
1850068403,도솔로,25030570,탄방동
1840196602,대둔산로,25020690,산성동
1850045500,도솔로,25030530,도마2동
1860403201,유성대로,25040540,온천2동
1830025904,태전로,25010760,중앙동
1840004901,계룡로,25020580,대사동
1860104700,노은로,25040660,노은2동
1830126304,동구청로,25010530,효동
1850057200,유등로,25030620,가장동
1860033301,유성대로654번길,25040640,온천1동
1860416000,유성대로1184번길,25040550,신성동
1860018200,진잠로,25040680,진잠동
1870064103,신일서로18번길,25050610,목상동
1850320201,관저중로64번길,25030730,관저2동
1830036504,합내로,25010630,가양1동
1830285900,동산초교로,25010680,홍도동
1850143103,월평북로,25030670,월평2동
1850095101,둔산남로9번길,25030600,둔산2동
1850025504,가수원로,25030511,가수원동
1860621400,반석로12번길,25040670,노은3동
1850115902,대덕대로234번길,25030600,둔산2동
1850027802,관저로,25030730,관저2동
1870026705,중리서로,25050550,중리동
1860214301,노은로,25040550,신성동
1850149300,만년로,25030690,만년동
1830019704,중앙로200번길,25010760,중앙동
1870089904,석봉로38번길,25050590,석봉동
1850142800,문예로,25030600,둔산2동
1840121302,사정공원로,25020690,산성동
1860004614,현충원로,25040640,온천1동
1850053103,배재로,25030550,변동
1830025902,태전로,25010760,중앙동
1860401901,죽동로279번길,25040540,온천2동
1860133301,엑스포로539번길,25040570,전민동
1870004701,신탄진로,25050600,덕암동
1840043201,수침로,25020630,태평1동
1840007401,계룡로,25020640,태평2동
1870037702,동춘당로94번길,25050620,송촌동
2830022800,경부고속도로,33042320,현도면
1830490503,새둑길,25010760,중앙동
1850201503,원도안로,25030512,도안동
1860366600,학하남로,25040690,학하동
1850049000,배재로,25030530,도마2동
1850308602,관저중로64번길,25030730,관저2동
1850098301,문정로,25030590,둔산1동
1830465401,은어송로77번길,25010530,효동
1840004600,충무로,25020550,대흥동
1860192202,지족동로,25040670,노은3동
1830030510,대성길,25010630,가양1동
1850021500,유등로,25030510,복수동
1850116303,월평서로,25030660,월평1동
1860665401,자운로97번길,25040550,신성동
1850291201,동서대로,25030512,도안동
1850047601,조달청길,25030520,도마1동
1850267600,관저로,25030730,관저2동
1860332902,덕명로,25040640,온천1동
1860681903,대정로42번길,25040680,진잠동
1860634200,도안북로,25040680,진잠동
1840017702,대종로,25020570,석교동
1870072301,대덕대로1486번길,25050610,목상동
1860605700,배울1로,25040610,구즉동
1830458904,물류로14번길,25010750,산내동
1850062900,용문로,25030560,용문동
1860066700,문화원로146번길,25040640,온천1동
1840016607,보문산로,25020680,문화2동
1860080201,노은로,25040590,노은1동
1850007900,계룡로,25030570,탄방동
1850207900,월드컵대로,25030660,월평1동
1850324100,구봉로,25030511,가수원동
1860012500,호남고속도로지선,25040550,신성동
1860221501,계룡로132번길,25040710,원신흥동
1850033000,관저중로,25030730,관저2동
1850020901,벌곡로,25030511,가수원동
1840184602,유등천동로,25020540,중촌동
1830186100,통영대전고속도로,25010550,판암1동
1830123911,백룡로,25010600,자양동
1870087208,신탄진북로,25050580,신탄진동
1850318301,복수동로,25030510,복수동
1860621603,반석로11번길,25040670,노은3동
1870076801,문평동로,25050610,목상동
1850336900,계백로,25030540,정림동
1850331202,계룡로,25030660,월평1동
1850194500,도안북로,25030512,도안동
1860021201,대정로28번안길,25040680,진잠동
1860056001,유성대로694번길,25040640,온천1동
1860085600,한밭대로,25040590,노은1동
1870054200,공단4길,25050520,대화동
1850004301,계백로,25030512,도안동
1850313503,둔산중로32번길,25030590,둔산1동
1830039305,대전로1020번길,25010680,홍도동
1840023303,문화로,25020690,산성동
1860401201,상대동로,25040700,상대동
1860004702,유성대로,25040540,온천2동
1860597500,계백로801번길,25040680,진잠동
1860601900,지족북로66번길,25040670,노은3동
1860117000,신성남로,25040550,신성동
1840049401,중앙로,25020510,은행선화동
1860223200,원신흥북로,25040710,원신흥동
1830054004,은어송로,25010530,효동
1870071802,문평서로,25050610,목상동
1830024701,동대전로,25010780,대동
1860195602,반석로,25040670,노은3동
1850315400,신갈마로141번길,25030640,갈마1동
1860425500,테크노3로,25040630,관평동
1860026700,진잠옛로,25040690,학하동
1860680401,원계산로,25040680,진잠동
1860123506,문지로,25040570,전민동
1860336202,진잠로,25040680,진잠동
1860194200,지족동로,25040670,노은3동
1860137200,자운로,25040550,신성동
1850009901,계룡로,25030650,갈마2동
1850117601,대덕대로233번길,25030600,둔산2동
1860055500,유성대로694번길,25040640,온천1동
1850103001,둔산중로46번길,25030590,둔산1동
1860721901,유성대로653번길,25040640,온천1동
1860376302,복용로12번길,25040690,학하동
1850063001,갈마로203번길,25030610,괴정동
1840027405,대종로333번길,25020590,부사동
1870079800,신일동로33번길,25050610,목상동
1870084503,신탄진동로,25050580,신탄진동
1870084804,신탄진동로23번길,25050580,신탄진동
1870025800,대전로,25050520,대화동
1860198401,학하복용로,25040690,학하동
1850101001,둔산중로32번길,25030590,둔산1동
1850062702,도산로,25030560,용문동
1840031402,충무로107번길,25020580,대사동
1840057504,중촌로,25020540,중촌동
1840005209,계백로,25020660,유천2동
1860193001,지족로,25040670,노은3동
1860097901,엑스포로151번길,25040550,신성동
1870489206,송촌남로,25050620,송촌동
1830037500,동서대로,25010790,성남동
1830031205,가양로,25010630,가양1동
1840047500,동서대로,25020620,오류동
1830016108,동구청로204번길,25010550,판암1동
1850073201,문정로2번길,25030570,탄방동
1860616600,문지로316번길,25040570,전민동
1860051902,온천로,25040640,온천1동
1830178900,대전남부순환고속도로,25010750,산내동
1850044700,도산로,25030520,도마1동
1840047802,오류로,25020620,오류동
1870013805,옛신탄진로,25050510,오정동
1860396502,상대동로,25040700,상대동
1860038501,계룡로52번길,25040640,온천1동
1860400602,상대동로,25040700,상대동
1860395200,상대남로,25040700,상대동
1850037004,계백로1286번길,25030540,정림동
1870051101,대전로1291번길,25050530,회덕동
1830056702,대전천북로,25050510,오정동
1860050502,유성대로680번길,25040640,온천1동
1860122300,노은로410번길,25040660,노은2동
1870002001,계족로,25050570,법2동
1850208902,도안동로,25030512,도안동
1870012605,오정로75번길,25050510,오정동
1830041301,우암로,25010640,가양2동
1860670402,월드컵대로300번길,25040700,상대동
1830472801,성남로,25010790,성남동
1830477401,천동초등동길,25010530,효동
1860114404,가정북로,25040550,신성동
1850103300,둔산남로91번길,25030590,둔산1동
1870023002,동춘당로,25050620,송촌동
1850142602,문예로,25030600,둔산2동
1860105104,대덕대로512번길,25040550,신성동
1860408601,원신흥북로,25040710,원신흥동
1860098801,엑스포로123번길,25040550,신성동
1860205003,동서대로,25040690,학하동
1870087700,문평동로48번길,25050610,목상동
1870006107,신탄진로,25050580,신탄진동
1850006908,계룡로,25030560,용문동
1840050201,보문로,25020510,은행선화동
1850232203,도안중로,25030720,관저1동
1840163300,대전남부순환고속도로,25020690,산성동
1870022402,송촌로,25050620,송촌동
1850072600,탄방로,25030570,탄방동
1850060409,용문로,25030560,용문동
1870033502,계족산로5번길,25050570,법2동
1860084702,한밭대로259번길,25040590,노은1동
1850052003,도산로,25030550,변동
1860215801,원신흥남로,25040710,원신흥동
1860438302,용산2로,25040630,관평동
1850018616,괴곡길,25030540,정림동
1840028401,문화로,25020670,문화1동
1860604710,교촌대정로,25040680,진잠동
1830038800,우암로,25010640,가양2동
1850025901,관저중로64번길,25030730,관저2동
1850119702,월평중로,25030660,월평1동
1840036106,문창로,25020560,문창동
1850033101,관저중로,25030730,관저2동
1860652302,-,25040710,원신흥동
1870298304,대덕대로1527번길,25050590,석봉동
1830181900,통영대전고속도로,25010750,산내동
1860725500,도안대로,25040680,진잠동
1850095301,대덕대로,25030650,갈마2동
1870036701,송촌북로35번길,25050570,법2동
1860040200,유성대로654번길,25040640,온천1동
1830455200,산내로1327번길,25010750,산내동
1840193601,계룡로,25020620,오류동
1870480001,대화로161번길,25050520,대화동
1860373501,복용북로18번길,25040690,학하동
1840054200,대전천서로,25020510,은행선화동
1850092508,갈마중로,25030650,갈마2동
1870071200,대덕대로1486번길,25050610,목상동
1870008007,대덕대로,25050610,목상동
1850287502,도안북로93번길,25030512,도안동
1860010511,대덕대로,25040550,신성동
1870153800,장동로278번길,25050530,회덕동
1860094201,은구비남로33번길,25040590,노은1동
1830014206,산내로1257번길,25010750,산내동
1850334902,-,25030600,둔산2동
1840019200,당디로,25020690,산성동
1860652501,원신흥남로12번길,25040710,원신흥동
1830491002,수향길,25010760,중앙동
1870004025,신탄진로,25050530,회덕동
1850208200,도안동로,25030512,도안동
1850148301,만년로,25030690,만년동
1860080501,노은서로,25040590,노은1동
1850079100,문정로10번길,25030570,탄방동
1860010611,대덕대로,25040550,신성동
1870496502,문평서로17번길,25050610,목상동
1850309101,관저동로,25030730,관저2동
1870036000,쌍청당로,25050570,법2동
1860413900,유성대로1184번길,25040550,신성동
1840036902,보문로,25020550,대흥동
1840024003,문화로234번길,25020670,문화1동
1850119501,둔산로51번길,25030600,둔산2동
1860353200,엑스포로,25040570,전민동
1860126901,자운로,25040550,신성동
1860033701,월드컵대로253번길,25040640,온천1동
1840067503,문창로,25020590,부사동
1840023907,문화로234번길,25020670,문화1동
1860005706,유성대로,25040540,온천2동
1850097504,둔산남로,25030570,탄방동
1830030100,태전로,25010800,삼성동
1870076101,대덕대로1277번길,25050610,목상동
1850009503,대덕대로,25030600,둔산2동
1840027602,보문로,25020580,대사동
1860094600,엑스포로,25040550,신성동
1830474600,대종로,25010750,산내동
1850126301,월평동로,25030640,갈마1동
1870078202,대덕대로1448번길,25050610,목상동
1840024701,문화로,25020690,산성동
1860602100,지족북로66번길,25040670,노은3동
1860098001,엑스포로151번길,25040550,신성동
1860724000,도안대로,25040680,진잠동
1840010500,방아미로,25020690,산성동
1840055603,목중로26번길,25020540,중촌동
1850292801,도안북로,25030512,도안동
1830037310,가양로,25010630,가양1동
1830052400,신기로,25010530,효동
1860116302,신성남로,25040550,신성동
1870484301,생산5길,25050520,대화동
1850119200,둔산서로,25030600,둔산2동
1870007407,대청로,25050580,신탄진동
1860639600,테크노중앙로,25040630,관평동
1850022300,복수남로11번길,25030510,복수동
1860639800,테크노중앙로,25040630,관평동
1830034703,현암로,25010800,삼성동
1850012702,대덕대로,25030690,만년동
1860053900,온천로101번길,25040640,온천1동
1870024100,계족산로,25050550,중리동
1860649001,금남구즉로,25040610,구즉동
1840187600,계룡로918번길,25020670,문화1동
1860664901,자운로97번길,25040550,신성동
1860105301,노은서로,25040660,노은2동
1850317403,배재로197번길,25030530,도마2동
1830051902,대전천동로,25010760,중앙동
1850115001,둔산중로78번길,25030590,둔산1동
1850209801,동서대로,25030660,월평1동
1860673003,계룡로74번길,25040640,온천1동
1870081100,문평동로18번길,25050610,목상동
1850324903,유등로,25030560,용문동
1830475400,인창로,25010770,신인동
1850129600,한밭대로,25030590,둔산1동
1840032000,계백로,25020660,유천2동
1870084301,신탄진동로,25050580,신탄진동
1830178600,대전남부순환고속도로,25010750,산내동
1850154603,변동중로45번길,25030550,변동
1860010504,대덕대로,25040550,신성동
1840190901,유등로,25020690,산성동
1840020301,당디로6번길,25020680,문화2동
1860417801,유성대로1184번길,25040550,신성동
1860031503,월드컵대로253번안길,25040640,온천1동
1860067900,온천동로,25040640,온천1동
1860058700,온천로,25040640,온천1동
1870076100,대덕대로1277번길,25050610,목상동
1870060102,신일서로104번길,25050610,목상동
1850122500,둔산북로,25030740,둔산3동
1830042407,동서대로1695번길,25010650,용전동
1830474901,대전로,25010770,신인동
1830347405,충무로209번길,25010760,중앙동
1830032702,동서대로1572번길,25010790,성남동
1870053601,대전로,25050530,회덕동
1850330303,신갈마로181번길,25030640,갈마1동
1840036500,대흥로,25020550,대흥동
1860612001,문지로299번길,25040570,전민동
1830029505,동대전로,25010600,자양동
1850313601,둔산중로32번길,25030590,둔산1동
1870066601,신탄진로,25050600,덕암동
1850135601,둔산중로,25030600,둔산2동
1840126100,문화로,25020670,문화1동
1840007302,계룡로,25030560,용문동
1860012707,대덕대로,25040630,관평동
1860640501,문지로,25040570,전민동
1830018206,새울로,25010570,용운동
1850268501,계백로860번길,25030730,관저2동
1850066602,용문로,25030610,괴정동
1860613901,문지로299번길,25040570,전민동
1850046910,도마5길,25030520,도마1동
1850100600,-,25030600,둔산2동
1850023501,복수동로,25030510,복수동
1830026403,대전로,25010760,중앙동
1860047701,유성대로694번길,25040640,온천1동
1860101101,노은서로,25040660,노은2동
1840036703,대흥로,25020550,대흥동
1860379901,복용북로,25040690,학하동
1830462701,대전로,25010530,효동
1860124301,신성남로111번길,25040550,신성동
1870490301,우암로,25050540,비래동
1850046700,도산로,25030520,도마1동
1860671402,계룡로18번길,25040640,온천1동
1860046001,온천동로,25040640,온천1동
1840024201,천근로,25020680,문화2동
1860127600,반석서로,25040670,노은3동
1860042300,유성대로668번길,25040640,온천1동
1870048301,선비마을로,25050570,법2동
1870494801,천변도시고속도로,25050520,대화동
1860414500,신성로,25040550,신성동
1860239201,테크노2로,25040630,관평동
1860199601,학하복용로,25040690,학하동
1860615000,엑스포로446번길,25040570,전민동
1860367100,학하중앙로128번길,25040690,학하동
1840018902,당디로,25020690,산성동
1860629100,과학로,25040550,신성동
1840027802,보문로,25020560,문창동
1870056001,장동로,25050530,회덕동
1860124802,신성로,25040550,신성동
1860440200,테크노중앙로,25040630,관평동
1850060501,용문로,25030560,용문동
1860680901,대정로42번길,25040680,진잠동
1860122201,문지로,25040570,전민동
1850103501,둔산중로46번길,25030590,둔산1동
1830458902,물류로14번길,25010750,산내동
1840049905,선화로,25020510,은행선화동
1860008611,대덕대로,25040550,신성동
1830450305,토천1길,25010530,효동
1860101203,노은서로,25040660,노은2동
1850315802,신갈마로86번길,25030640,갈마1동
1870151807,신탄진로756번안길,25050580,신탄진동
1870043700,대화로,25050520,대화동
1860613900,문지로299번길,25040570,전민동
1860014200,봉산로,25040610,구즉동
1850043912,배재로,25030530,도마2동
1840016703,당디로,25020690,산성동
1850110101,둔산중로58번길,25030590,둔산1동
1840042003,보문로,25020550,대흥동
1850097502,둔산남로,25030600,둔산2동
1860082902,왕가봉로,25040590,노은1동
1840061404,대전천북로,25010760,중앙동
1860664304,자운로245번길,25040550,신성동
1850132600,한밭대로,25030670,월평2동
1850311500,갑천도시고속도로,25030690,만년동
1860237700,테크노2로,25040630,관평동
1850018610,괴곡길,25030540,정림동
1830045200,한밭대로,25010650,용전동
1860067501,한밭대로492번길,25040640,온천1동
1870085701,문평동로,25050610,목상동
1860054301,유성대로694번길,25040640,온천1동
1860004609,현충원로,25040640,온천1동
1830052502,신기로,25010530,효동
1830012717,계족로,25010650,용전동
1860081401,프란치스코교황로,25040590,노은1동
1850334501,구봉산북로,25030730,관저2동
1860111702,지족로364번길,25040660,노은2동
1840003704,계백로,25020650,유천1동
1860017103,진잠로42번길,25040680,진잠동
1840022200,천근로,25020680,문화2동
1870008701,대청로,25050580,신탄진동
1840003500,계백로,25020650,유천1동
1850107202,둔산로,25030590,둔산1동
1860614302,아리랑로21번길,25040570,전민동
1850072001,계룡로571번길,25030570,탄방동
1860176804,진잠로140번길,25040680,진잠동
1860214300,노은로,25040550,신성동
1870496201,대덕대로1277번길,25050610,목상동
1870061501,신일서로86번길,25050610,목상동
1850061702,도산로,25030560,용문동
1860042802,계룡로141번길,25040640,온천1동
1830188801,통영대전고속도로,25010550,판암1동
1850118200,둔지로,25030600,둔산2동
1860600602,대덕대로541번길,25040550,신성동
1860152601,구룡고개길,25040610,구즉동
1860149404,구즉로,25040610,구즉동
1840005105,계백로,25020660,유천2동
1850030901,복수동로,25030510,복수동
1860010807,유성대로,25040550,신성동
1850335500,월드컵대로484번길,25030660,월평1동
1850108504,월평새뜸로,25030660,월평1동
1870017702,비래서로9번길,25050540,비래동
1870055000,천변도시고속도로,25050520,대화동
1860386800,도안북로,25040680,진잠동
1830055701,태전로,25010800,삼성동
1850090800,문정로9번길,25030600,둔산2동
1860639101,테크노중앙로,25040630,관평동
1860107800,노은로,25040660,노은2동
1850008101,계룡로,25030570,탄방동
1870477601,덕암로,25050600,덕암동
1830026200,용운로151번길,25010570,용운동
1860661401,자운로97번길,25040550,신성동
1850023301,관저중로,25030730,관저2동
1860203301,학하복용로,25040690,학하동
1840190302,보훈로,25020690,산성동
1830023504,용운로151번길,25010570,용운동
1830040810,충정로,25010640,가양2동
1860153000,와룡로,25040610,구즉동
1870485301,계족로574번길,25050550,중리동
1850123901,둔산북로,25030600,둔산2동
1860100001,은구비로,25040590,노은1동
1830053603,동구청로,25010530,효동
1870004702,신탄진로,25050600,덕암동
1860092901,과학로,25040550,신성동
1870016704,한밭대로1006번길,25050510,오정동
1850103002,둔산중로46번길,25030590,둔산1동
1860064901,대학로,25040640,온천1동
1870491500,오정로,25050510,오정동
1860125601,반석로,25040670,노은3동
1870491401,대전천북로,25050510,오정동
1870489002,동서대로,25050620,송촌동
1850153001,갑천도시고속도로,25030690,만년동
1830469301,신기로101번길,25010550,판암1동
1870082602,문평서로76번길,25050610,목상동
1860171301,대덕대로556번길,25040550,신성동
1860216801,월드컵대로,25040700,상대동
1830037008,동대전로248번길,25010640,가양2동
1860619200,문지로316번길,25040570,전민동
1830052510,신기로,25010530,효동
1870024302,선비마을로,25050620,송촌동
1840006007,계백로,25020620,오류동
1860378701,복용로40번길,25040690,학하동
1860174600,은구비남로33번길,25040590,노은1동
1840005004,계룡로,25020670,문화1동
1860011005,호남고속도로지선,25040630,관평동
1850330102,계룡로342번길,25030640,갈마1동
1860106203,대덕대로512번길,25040550,신성동
1860619101,문지로316번길,25040570,전민동
1860112802,유성대로,25040550,신성동
1860632801,유성대로,25040680,진잠동
1860114801,가정로,25040550,신성동
1860009302,신성로,25040550,신성동
1850032801,가수원로,25030511,가수원동
1860093401,은구비남로33번길,25040590,노은1동
1860176904,진잠로140번길,25040680,진잠동
1860370700,학하북로,25040690,학하동
1870053502,아리랑로,25050530,회덕동
1840067105,산서로,25020690,산성동
1850121200,둔산북로,25030590,둔산1동
1860368000,학하중앙로128번길,25040690,학하동
1850025401,가수원로,25030511,가수원동
1860034000,유성대로642번길,25040640,온천1동
1850057403,가장로,25030620,가장동
1870021900,동춘당로,25050620,송촌동
1850065601,유등로,25030560,용문동
1870088915,평촌2길,25050600,덕암동
1860107201,은구비로138번길,25040660,노은2동
1860048201,유성대로680번길,25040640,온천1동
1860632100,유성대로,25040680,진잠동
1830476100,중교로,25010760,중앙동
1830453903,길티길,25010630,가양1동
1860121901,문지로,25040550,신성동
1830460901,대전로,25010530,효동
1840027503,보문로,25020590,부사동
1850114300,둔산북로,25030740,둔산3동
1850230700,대전남부순환고속도로,25030730,관저2동
1860609201,문지로,25040570,전민동
1840020601,당디로6번길,25020680,문화2동
1830466601,대전로542번길,25010530,효동
1870298408,대덕대로1527번길,25050590,석봉동
1850074801,문정로2번길,25030570,탄방동
1860168000,당진영덕고속도로,25040660,노은2동
1830123809,백룡로,25010600,자양동
1840002500,대둔산로,25020690,산성동
1840042200,중앙로,25020510,은행선화동
1850073500,문정로40번길,25030570,탄방동
1860198500,북유성대로,25040670,노은3동
1840015402,대전천서로,25020570,석교동
1850120803,신갈마로,25030640,갈마1동
1850020804,벌곡로,25030511,가수원동
1850058106,갈마로,25030620,가장동
1870082901,대덕대로1409번길,25050610,목상동
1860352810,탑립로,25040630,관평동
1860012801,대덕대로,25040630,관평동
1840037602,대흥로,25020550,대흥동
1850315200,대덕대로161번길,25030650,갈마2동
1840037702,중앙로,25020510,은행선화동
1840195901,중앙로,25020510,은행선화동
1850268100,관저로,25030730,관저2동
1870058301,산업단지로87번길,25050610,목상동
1850048803,배재로,25030530,도마2동
1840054701,대종로,25020510,은행선화동
1860399800,죽동로,25040540,온천2동
1870022801,중리로,25050550,중리동
1850092202,둔산남로,25030600,둔산2동
1840032601,수침로,25020630,태평1동
1860131301,유성대로1689번길,25040570,전민동
1830032500,우암로,25010790,성남동
1830042023,대청호수로,25010730,대청동
1830052605,신기로,25010530,효동
1860336602,박산로,25040640,온천1동
1870058402,산업단지로,25050610,목상동
1870486300,태전로,25050510,오정동
1830010304,계족로,25010790,성남동
1850135001,한밭대로,25030660,월평1동
1860615700,문지로315번길,25040570,전민동
1870017001,동서대로,25050540,비래동
1860132506,자운로97번길,25040550,신성동
1870017201,오정로,25050510,오정동
1870479000,대덕대로1585번길,25050590,석봉동
1860665602,자운로245번길,25040550,신성동
1840017801,대종로,25020570,석교동
1860211802,자운로97번길,25040550,신성동
1840014704,대종로,25020570,석교동
1870057900,대덕대로1284번길,25050610,목상동
1850114202,둔산북로,25030740,둔산3동
1870477902,한밭대로1043번길,25050510,오정동
1870478700,-,25050610,목상동
1870012502,오정로75번길,25050510,오정동
1860363802,학하남로,25040690,학하동
1850043001,도안대로,25030720,관저1동
1850302701,벌곡로,25030511,가수원동
1870034503,계족산로17번길,25050570,법2동
1830024600,동대전로,25010780,대동
1860196100,지족동로,25040670,노은3동
1860367601,학하중앙로127번길,25040690,학하동
1850289500,관저동로,25030730,관저2동
1840162600,대전남부순환고속도로,25020690,산성동
1860722900,도안대로,25040680,진잠동
1870012302,한남로150번길,25050510,오정동
1860193202,지족로,25040670,노은3동
1850093502,둔산중로14번길,25030570,탄방동
1850070101,계룡로571번길,25030610,괴정동
1840002001,대둔산로,25020690,산성동
1870069100,신탄진로,25050580,신탄진동
1860216700,동서대로,25040710,원신흥동
1860051700,계룡로123번길,25040640,온천1동
1860017503,진잠로,25040680,진잠동
1860086101,노은로,25040590,노은1동
1830016403,동부로,25010560,판암2동
1850118801,대덕대로242번길,25030600,둔산2동
1870030000,계족산로81번길,25050620,송촌동
1850051807,변동로,25030550,변동
1860094100,은구비남로33번길,25040590,노은1동
1840032706,문창로,25020560,문창동
1840026700,보문산공원로,25020580,대사동
1860069200,문화원로,25040640,온천1동
1860626902,유성대로1422번길,25040550,신성동
1870077300,대덕대로1486번길,25050610,목상동
1860665201,자운로245번길,25040550,신성동
1860667502,테크노8로,25040630,관평동
1840043500,대흥로,25020550,대흥동
1860727100,-,25040680,진잠동
1840054405,목중로,25020540,중촌동
1860064501,장대로,25040540,온천2동
1870492104,우암동로,25050540,비래동
1860431100,테크노5로,25040630,관평동
1850036501,관저동로,25030720,관저1동
1840036405,중앙로,25020670,문화1동
1830022100,용운로,25010570,용운동
1830469602,대전로,25010750,산내동
1860722400,복합환승로,25040640,온천1동
1860598701,문지로299번길,25040570,전민동
1860003103,계룡로,25040640,온천1동
1860121803,북유성대로,25040670,노은3동
1840034802,대종로,25020550,대흥동
1860099300,엑스포로,25040570,전민동
1860598401,유성대로1628번길,25040570,전민동
1860225700,도안동로,25040710,원신흥동
1850067806,갈마로,25030610,괴정동
1840030405,서문로,25020670,문화1동
1840059801,대종로,25020540,중촌동
1850045306,도산로,25030520,도마1동
1860127801,외삼로,25040670,노은3동
1830462201,은어송로52번길,25010530,효동
1860211006,상대로,25040700,상대동
1860150102,구즉로,25040610,구즉동
1860190500,지족로148번길,25040670,노은3동
1850114801,-,25030590,둔산1동
1860238501,테크노2로,25040630,관평동
1860601700,지족북로66번길,25040670,노은3동
1860644801,-,25040550,신성동
1840199801,대둔산로364번길,25020690,산성동
1860171008,대덕대로556번길,25040550,신성동
1830055300,천개동로,25010730,대청동
1870033702,선비마을로23번길,25050620,송촌동
1870070002,덕암북로,25050600,덕암동
1860598300,유성대로1628번길,25040570,전민동
1860213502,자운로97번길,25040550,신성동
1860078902,유성대로783번길,25040540,온천2동
1860405300,원신흥로,25040710,원신흥동
1860084403,북유성대로,25040590,노은1동
1850094901,둔산남로,25030600,둔산2동
1860636500,동서대로,25040680,진잠동
1840038600,대흥로,25020550,대흥동
1860425601,테크노1로,25040630,관평동
1860604708,교촌대정로,25040680,진잠동
1830466600,대전로542번길,25010530,효동
1860376601,복용북로,25040690,학하동
1850201603,원도안로,25030512,도안동
1870045200,대화로32번길,25050520,대화동
1870067701,문평서로17번길,25050610,목상동
1830053204,동구청로,25010530,효동
1860672601,계룡로74번길,25040640,온천1동
1860380701,학하로,25040690,학하동
1850119701,월평중로,25030660,월평1동
1860352806,탑립로,25040630,관평동
1850012701,대덕대로,25040550,신성동
1860401000,상대남로,25040700,상대동
1860600104,엑스포로339번길,25040570,전민동
1870476202,-,25050590,석봉동
1860023600,교촌대정로,25040680,진잠동
1840055201,대전천서로,25020510,은행선화동
1840013800,안영로,25020690,산성동
1850120000,유등로,25030600,둔산2동
1830474908,대전로,25010530,효동
1870160200,신상로,25050540,비래동
1850079500,문정로,25030600,둔산2동
1840042001,보문로,25020550,대흥동
1860048200,유성대로680번길,25040640,온천1동
1860723100,도안대로,25040680,진잠동
1870004101,신탄진로,25050600,덕암동
1850068601,계룡로562번길,25030570,탄방동
1830474909,대전로,25010770,신인동
1860688201,엑스포로539번길,25040630,관평동
1850330604,신갈마로,25030640,갈마1동
1830031110,가양로,25010630,가양1동
1860078903,유성대로783번길,25040540,온천2동
1870040803,계족로663번길,25050560,법1동
1850011303,대덕대로,25030600,둔산2동
1870076800,문평동로,25050610,목상동
1840041003,선화로,25020600,용두동
1850005400,계백로,25030540,정림동
1860055003,온천로107번길,25040640,온천1동
1830038904,옛신탄진로,25010680,홍도동
1840185304,대종로549번길,25020510,은행선화동
1850067200,괴정로,25030610,괴정동
1860129200,엑스포로466번길,25040570,전민동
1830474902,대전로,25010770,신인동
1860131515,유성대로,25040550,신성동
1850124800,둔지로,25030600,둔산2동
1830017901,동부로,25010570,용운동
1830012729,계족로,25010650,용전동
1850115201,둔산중로,25030590,둔산1동
1860144701,테크노2로,25040630,관평동
1830032801,동서대로1572번길,25010790,성남동
1830029302,대전로,25010800,삼성동
1830032901,대전로,25010800,삼성동
1860053501,유성대로,25040640,온천1동
1850060001,가장로,25030620,가장동
1870013800,옛신탄진로,25050510,오정동
1860028100,월드컵대로290번길,25040700,상대동
1860079802,노은서로,25040590,노은1동
1860005705,유성대로,25040540,온천2동
1840188100,보문산공원로497번안길,25020580,대사동
1870056107,장동로,25050530,회덕동
1830040002,동서대로1668번길,25010790,성남동
1860020500,대정로28번안길,25040680,진잠동
1860681801,대정로42번길,25040680,진잠동
1860331301,덕명로56번길,25040690,학하동
1860117504,지족로,25040670,노은3동
1860143900,테크노9로,25040630,관평동
1860205804,유성대로,25040640,온천1동
1850136300,-,25030600,둔산2동
1870302301,-,25050580,신탄진동
1860407201,유성대로,25040540,온천2동
1860086502,노은서로,25040590,노은1동
1830017806,대전로,25010770,신인동
1850065001,괴정로76번길,25030610,괴정동
1830472200,대전로906번길,25010800,삼성동
1840011600,대둔산로199번길,25020690,산성동
1850135301,둔산중로134번길,25030600,둔산2동
1850102500,둔산서로,25030600,둔산2동
1860052101,온천동로,25040640,온천1동
1840020402,당디로6번길,25020680,문화2동
1830026804,대청호수로,25010730,대청동
1860624401,지족동로142번길,25040670,노은3동
1850324001,관저동로,25030730,관저2동
1860096900,노은서로142번길,25040590,노은1동
1860128501,엑스포로,25040570,전민동
1870051800,대화로32번길,25050520,대화동
1830053504,동구청로,25010530,효동
1840005109,계백로,25020660,유천2동
1860171701,은구비남로7번길,25040590,노은1동
1830006400,옥천로,25010550,판암1동
1850122001,둔산북로,25030590,둔산1동
1860007408,호남고속도로지선,25040550,신성동
1860655003,은구비로155번길,25040660,노은2동
1850011601,대덕대로,25030600,둔산2동
1860681502,대정로42번길,25040680,진잠동
1830457601,석천로,25010750,산내동
1860192802,지족로,25040590,노은1동
1850128601,유등로,25030740,둔산3동
1860443601,배울1로,25040570,전민동
1870036801,계족산로,25050620,송촌동
1840023912,문화로234번길,25020670,문화1동
1860370802,학하중앙로127번길,25040690,학하동
1850202903,도안동로,25030512,도안동
1850309400,관저중로95번길,25030730,관저2동
1860194304,지족동로,25040670,노은3동
1860010602,대덕대로,25040550,신성동
1850125700,월평로,25030660,월평1동
1840044102,동서대로,25020630,태평1동
1860230201,한빛아파트길,25040540,온천2동
1860423801,테크노3로,25040630,관평동
1850079000,문정로10번길,25030570,탄방동
1860604811,교촌대정로,25040680,진잠동
1860065302,온천서로,25040540,온천2동
1860113607,가정로,25040550,신성동
1830460700,대전로,25010530,효동
1860599401,문지로315번길,25040570,전민동
1850143003,월평북로,25030670,월평2동
1850133901,한밭대로,25030640,갈마1동
1850320401,관저중로64번길,25030730,관저2동
1850053900,동서대로,25030620,가장동
1860203700,외삼로,25040660,노은2동
1830490501,새둑길,25010760,중앙동
1850333002,구봉산북로94번길,25030730,관저2동
1850301701,괴곡1길,25030511,가수원동
1850121300,둔산북로,25030590,둔산1동
1860176802,진잠로140번길,25040680,진잠동
1850061402,갈마로,25030630,내동
1850081800,계룡로491번길,25030600,둔산2동
1830031502,동서대로,25010800,삼성동
1850061601,도산로,25030560,용문동
1830452503,우암로,25010800,삼성동
1860088502,노은동로99번길,25040590,노은1동
1850037501,정림서로,25030540,정림동
1830038905,옛신탄진로,25050510,오정동
1840005902,계백로,25020620,오류동
1840199002,계룡로904번길,25020670,문화1동
1850129900,-,25030590,둔산1동
1850337300,혜천로,25030540,정림동
1870069001,신탄진로,25050580,신탄진동
1860636601,동서대로,25040710,원신흥동
1860032300,유성대로642번길,25040640,온천1동
1870494400,천변도시고속도로,25050520,대화동
1870083401,덕암북로,25050590,석봉동
1870488103,동산초교로,25050510,오정동
1860072301,동서대로,25040640,온천1동
1830030607,대성길,25010630,가양1동
1860108000,노은로,25040660,노은2동
1850133800,한밭대로,25030660,월평1동
1870050200,대전로1331번길,25050520,대화동
1860081301,프란치스코교황로,25040590,노은1동
1870034601,계족산로43번길,25050550,중리동
1840193902,계룡로,25020600,용두동
1870018507,한밭대로,25050510,오정동
1850336100,배재로,25030530,도마2동
1850317102,원도안로224번길,25030512,도안동
1850321800,구봉로131번길,25030730,관저2동
1850059402,가장로,25030620,가장동
1850210400,-,25030530,도마2동
1860441101,테크노11로,25040630,관평동
1860434200,테크노중앙로,25040630,관평동
1850046601,도산로,25030530,도마2동
1840052402,대종로,25020510,은행선화동
1840197203,오류로,25020620,오류동
1850093101,문예로,25030590,둔산1동
1840065601,유등천동로,25020690,산성동
1850133301,한밭대로,25030640,갈마1동
1870476700,문평동로,25050610,목상동
1860624100,지족동로142번길,25040670,노은3동
1860392701,원신흥남로27번길,25040710,원신흥동
1870489503,비래서로,25050540,비래동
1870059601,덕암로118번길,25050600,덕암동
1870488901,동서대로,25050540,비래동
1860118204,송림로,25040660,노은2동
1860389101,죽동로,25040540,온천2동
1860137800,자운로,25040550,신성동
1850117603,대덕대로233번길,25030600,둔산2동
1850030004,구봉산북로,25030730,관저2동
1860098000,엑스포로151번길,25040550,신성동
1860177000,진잠로139번길,25040680,진잠동
1830183500,통영대전고속도로,25010750,산내동
1840052701,선화로,25010760,중앙동
1860652401,-,25040710,원신흥동
1850046900,도마5길,25030520,도마1동
1850124101,둔산북로,25030600,둔산2동
1850066700,용문로,25030610,괴정동
1840015501,대종로,25020570,석교동
1840042503,대흥로,25020550,대흥동
1870050901,선비마을로,25050570,법2동
1860038200,계룡로18번길,25040640,온천1동
1860375600,학하동로,25040690,학하동
1860663302,자운로221번길,25040550,신성동
1840198402,계백로1685번길,25020620,오류동
1870015000,오정로76번길,25050510,오정동
1860070801,한밭대로,25040640,온천1동
1850058803,괴정로,25030560,용문동
1830029800,태전로,25010800,삼성동
1860440700,테크노11로,25040630,관평동
1860411600,봉명로,25040710,원신흥동
1830053103,동구청로,25010530,효동
1840195603,보문로,25020510,은행선화동
1840024702,문화로,25020690,산성동
1850053101,배재로,25030550,변동
1840182400,목동로22번길,25020530,목동
1830454300,산내로,25010750,산내동
1840022400,천근로69번길,25020670,문화1동
1830037303,가양로,25010630,가양1동
1850012501,대덕대로,25030690,만년동
1860002500,계룡로,25040640,온천1동
1830452804,한밭대로1237번길,25010650,용전동
1850303202,구봉로,25030540,정림동
1850037202,-,25030540,정림동
1860373100,학하복용로,25040690,학하동
1870203404,경부고속도로,25050530,회덕동
1860119203,반석동로,25040670,노은3동
1830036604,합내로,25010630,가양1동
1850095400,남선로60번길,25030570,탄방동
1860441202,테크노10로,25040630,관평동
1840063702,당디로,25020650,유천1동
1850059401,가장로,25030620,가장동
1860376200,복용로12번길,25040690,학하동
1850265101,구봉산북로,25030730,관저2동
1870017300,대전로,25050510,오정동
1830464700,은어송로51번길,25010530,효동
1850092503,갈마중로,25030650,갈마2동
1830036607,합내로,25010630,가양1동
1860174400,은구비남로33번길,25040590,노은1동
1830034705,현암로,25010800,삼성동
1840057401,목중로,25020540,중촌동
1870033300,쌍청당로35번길,25050550,중리동
1860077501,한밭대로,25040540,온천2동
1850316902,배재로197번길,25030530,도마2동
1850134400,월평중로,25030660,월평1동
1870028606,동춘당로44번길,25050620,송촌동
1850036309,계백로1300번길,25030540,정림동
1860430203,관평1로,25040630,관평동
1850318003,도마3길,25030520,도마1동
1830028801,태전로,25010800,삼성동
1850333503,-,25030730,관저2동
1840024004,문화로234번길,25020670,문화1동
1830285203,한남로,25010680,홍도동
1850006010,계백로,25030540,정림동
1850322000,구봉로147번길,25030730,관저2동
1840014706,대종로,25020570,석교동
1850237600,대전남부순환고속도로,25030540,정림동
1870067302,신일서로,25050610,목상동
1860435401,테크노2로,25040630,관평동
1860093000,과학로,25040540,온천2동
1860101900,엑스포로151번길,25040550,신성동
1860442601,테크노2로,25040630,관평동
1840046201,선화로,25020600,용두동
1840014805,대종로,25020570,석교동
1870012101,오정로37번길,25050510,오정동
1830469102,옥천로106번길,25010550,판암1동
1860176905,진잠로140번길,25040680,진잠동
1850144301,유등로,25030600,둔산2동
1860611001,문지로,25040570,전민동
1870060906,덕암로203번길,25050600,덕암동
1860062001,온천북로,25040640,온천1동
1860332800,덕명로,25040640,온천1동
1860030603,월드컵대로351번길,25040640,온천1동
1840172400,대전남부순환고속도로,25020690,산성동
1850329902,신갈마로181번길,25030640,갈마1동
1850025803,관저중로64번길,25030730,관저2동
1850048702,도솔로,25030520,도마1동
1840199402,충무로,25020550,대흥동
1850025805,관저중로64번길,25030730,관저2동
1870005401,경부고속도로,25050600,덕암동
1840189204,보문산로,25020690,산성동
1860336201,진잠로,25040680,진잠동
1860402800,유성대로935번길,25040540,온천2동
1860172600,봉산북로,25040610,구즉동
1830446402,삼가로,25010800,삼성동
1850285600,도안북로93번길,25030512,도안동
1840024011,문화로234번길,25020670,문화1동
1850103400,둔산중로46번길,25030590,둔산1동
1860208101,도안대로,25040710,원신흥동
1850273500,관저중로,25030730,관저2동
1830018400,충무로,25010780,대동
1830008902,계족로,25010780,대동
1870477100,대덕대로1486번길,25050610,목상동
1830123906,백룡로,25010600,자양동
1860628100,유성대로1312번길,25040550,신성동
1860018101,진잠로,25040680,진잠동
1860418001,유성대로1184번길,25040550,신성동
1840007001,계룡로,25020600,용두동
1850045703,도산로,25030520,도마1동
1830042308,동서대로1695번길,25010650,용전동
1860014910,금남구즉로,25040610,구즉동
1860353300,엑스포로,25040630,관평동
1870057000,산업단지로,25050600,덕암동
1840054800,대종로,25020510,은행선화동
1860035302,유성대로646번길,25040640,온천1동
1830451600,성남로,25010800,삼성동
1850101800,둔산남로105번길,25030590,둔산1동
1870045301,대화로32번길,25050520,대화동
1860238001,테크노10로,25040630,관평동
1830040509,흥룡로,25010640,가양2동
1830025100,동대전로,25010780,대동
1830007311,옥천로,25010550,판암1동
1840041200,대흥로,25020550,대흥동
1860164900,갑천로,25040630,관평동
1840051204,목동로,25020530,목동
1870024902,계족산로,25050550,중리동
1870489203,송촌남로,25050620,송촌동
1850237201,월드컵대로484번길,25030660,월평1동
1870085001,대덕대로1447번길,25050610,목상동
1860417700,유성대로1184번길,25040550,신성동
1840026109,보문로,25020590,부사동
1870053102,아리랑로,25050530,회덕동
1850062803,용문로,25030560,용문동
1870014903,오정로76번길,25050510,오정동
1860199901,한밭대로,25040590,노은1동
1840011701,안영로79번길,25020690,산성동
1870078400,신탄진동로24번길,25050580,신탄진동
1870477901,한밭대로1043번길,25050510,오정동
1850332401,관저중로95번길,25030730,관저2동
1830039501,동서대로,25010790,성남동
1850060402,용문로,25030560,용문동
1870068401,신탄진로,25050580,신탄진동
1860218401,노은로,25040550,신성동
1830130200,동부로,25010570,용운동
1870013201,오정로38번길,25050510,오정동
1850038200,혜천로,25030510,복수동
1860692201,상대서로,25040700,상대동
1860094901,엑스포로97번길,25040550,신성동
1870064700,벚꽃길,25050600,덕암동
1870048700,대화로32번길,25050520,대화동
1870502200,경부고속도로,25050600,덕암동
1830473701,-,25010750,산내동
1830038811,우암로,25010640,가양2동
1840024706,문화로,25020690,산성동
1840024013,문화로234번길,25020670,문화1동
1840183206,사득로,25020590,부사동
1870484400,생산5길,25050520,대화동
1850081401,계룡로553번길,25030570,탄방동
1830489601,동서대로,25010790,성남동
1850101400,둔산남로91번길,25030590,둔산1동
1870072100,대덕대로1454번길,25050610,목상동
1860598900,문지로299번길,25040570,전민동
1860197600,한밭대로,25040590,노은1동
1860077000,온천서로,25040540,온천2동
1850330901,계룡로314번길,25030660,월평1동
1860634101,도안대로,25040680,진잠동
1850308400,관저북로13번길,25030720,관저1동
1860425201,테크노2로,25040630,관평동
1850045604,도산로,25030530,도마2동
1860617800,문지로316번길,25040570,전민동
1840052301,대종로,25020510,은행선화동
1850057405,가장로,25030620,가장동
1860672202,유성대로668번길,25040640,온천1동
1830450901,대동천우안3길,25010780,대동
1860650701,-,25040690,학하동
1850087201,계룡로,25030600,둔산2동
1870040900,계족로663번길,25050560,법1동
1850086100,계룡로571번길,25030570,탄방동
1850057700,동서대로,25030550,변동
1840185703,선화로43번길,25020530,목동
1850049306,도마로,25030550,변동
1860106703,엑스포로,25040570,전민동
1830468300,옥천로106번길,25010550,판암1동
1850112800,갈마역로,25030640,갈마1동
1850110501,둔산중로58번길,25030590,둔산1동
1860108700,은구비로156번길,25040660,노은2동
1870015203,오정로78번길,25050510,오정동
1870503900,덕암로,25050600,덕암동
1870487900,대전천북로,25050510,오정동
1850119400,둔산로51번길,25030600,둔산2동
1840067200,산서로,25020690,산성동
1830053406,대전로448번길,25010530,효동
1860101701,엑스포로123번길,25040550,신성동
1850070701,계룡로571번길,25030570,탄방동
1870491501,오정로,25050510,오정동
1860629800,노은로18번길,25040640,온천1동
1840032702,문창로,25020560,문창동
1830478301,-,25010760,중앙동
1860065800,문화원로146번길,25040640,온천1동
1870485300,계족로574번길,25050550,중리동
1860088601,노은동로99번길,25040590,노은1동
1870052003,계족로663번길,25050560,법1동
1830446900,신인로,25010770,신인동
1870498402,석봉로37번길,25050590,석봉동
1850070502,문정로2번길,25030570,탄방동
1860672804,유성대로668번길,25040640,온천1동
1860004616,현충원로,25040640,온천1동
1860097000,노은서로142번길,25040590,노은1동
1860061102,온천북로33번길,25040640,온천1동
1840061801,어덕마을로,25020540,중촌동
1850269001,구봉산북로,25030730,관저2동
1860128703,전민로,25040570,전민동
1840029902,태평로,25020640,태평2동
1870029400,선비마을로,25050620,송촌동
1850309801,월평북로,25030670,월평2동
1870008106,대덕대로,25050590,석봉동
1860047601,계룡로105번길,25040640,온천1동
1870053103,아리랑로,25050530,회덕동
1860067001,문화원로146번길,25040640,온천1동
1860088904,노은동로99번길,25040590,노은1동
1860212900,원신흥로,25040700,상대동
1860061700,온천북로33번길,25040640,온천1동
1830455500,산내로1327번길,25010750,산내동
1850108403,월평새뜸로,25030660,월평1동
1860050503,유성대로680번길,25040640,온천1동
1850061205,도솔로,25030610,괴정동
1850064704,괴정로,25030610,괴정동
1850091501,둔산중로,25030570,탄방동
1830028903,우암로,25010800,삼성동
1870019201,대전로,25050510,오정동
1860103800,엑스포로123번길,25040550,신성동
1840034202,태평로,25020640,태평2동
1860113202,노은로,25040660,노은2동
1870013606,한남로88번길,25050510,오정동
1850082700,문정로40번길,25030570,탄방동
1850086901,유등로669번길,25030570,탄방동
1840066004,계백로1686번길,25020670,문화1동
1860081100,-,25040590,노은1동
1860409900,봉명로,25040710,원신흥동
1850008102,계룡로,25030610,괴정동
1860115502,가정로,25040550,신성동
1830007903,계족로,25010770,신인동
1860429901,테크노2로,25040630,관평동
1840025101,보문산공원로497번길,25020580,대사동
1850323000,구봉로,25030511,가수원동
1840044901,계룡로816번길,25020600,용두동
1840021302,송리로,25020680,문화2동
1850087001,유등로,25030570,탄방동
1860386501,도안대로,25040680,진잠동
1860605902,구즉로57번길,25040610,구즉동
1850027902,관저로,25030730,관저2동
1830030403,태전로,25010800,삼성동
1860651903,원신흥남로12번길,25040710,원신흥동
1850104201,갑천도시고속도로,25030660,월평1동
1850310202,용소로,25030512,도안동
1860033901,유성대로642번길,25040640,온천1동
1860128801,전민로,25040570,전민동
1860668101,용산1로,25040630,관평동
1860655202,은구비로155번길,25040660,노은2동
1850119101,대덕대로242번길,25030600,둔산2동
1870041101,동춘당로114번길,25050620,송촌동
1860066501,온천북로33번길,25040640,온천1동
1830456200,산내로1305번길,25010750,산내동
1860652201,원신흥남로12번길,25040710,원신흥동
1870030405,송촌북로12번길,25050620,송촌동
1860671801,계룡로16번길,25040640,온천1동
1830055402,천개동로,25010730,대청동
1870492901,중리동로,25050550,중리동
1850331801,벌곡로1285번길,25030511,가수원동
1860172602,봉산북로,25040610,구즉동
1860691902,상대서로,25040700,상대동
1850314201,계룡로416번길,25030650,갈마2동
1870084202,신탄진동로,25050580,신탄진동
1860223300,원신흥북로,25040710,원신흥동
1850097406,둔산남로,25030570,탄방동
1870199300,경부고속도로,25050600,덕암동
1870078300,대덕대로1448번길,25050610,목상동
1860600701,가정북로,25040550,신성동
1860117601,지족로,25040670,노은3동
1860674301,계룡로,25040640,온천1동
1850113300,신갈마로,25030640,갈마1동
1860105101,대덕대로512번길,25040550,신성동
1860130803,유성대로,25040570,전민동
1850027100,유성대로,25040680,진잠동
1860386801,도안북로,25040680,진잠동
1850142701,문예로,25030600,둔산2동
1850315901,신갈마로86번길,25030640,갈마1동
1870015701,오정로76번길,25050510,오정동
1870502700,덕암로,25050600,덕암동
1830032408,길티길,25010630,가양1동
1850068900,도솔로,25030570,탄방동
1850268900,구봉산북로,25030730,관저2동
1860388800,죽동로,25040540,온천2동
1860146400,테크노중앙로,25040630,관평동
1850024900,관저로,25030730,관저2동
1860673201,계룡로26번길,25040640,온천1동
1870075704,신일동로5번길,25050610,목상동
1870007705,신탄진로,25050580,신탄진동
1850325101,유등로,25030560,용문동
1870499208,한남로67번길,25050510,오정동
1860600601,대덕대로541번길,25040550,신성동
1840006101,계룡로,25020670,문화1동
1830047900,계족로489번길,25010650,용전동
1860125901,유성대로,25040550,신성동
1870197100,경부고속도로,25050600,덕암동
1860622900,지족북로66번길,25040670,노은3동
1850004601,계백로,25030512,도안동
1860395701,원신흥남로27번길,25040710,원신흥동
1840051203,목동로,25020530,목동
1830020205,대동복개길,25010780,대동
1830017805,대전로,25010770,신인동
1830285403,동산초교로23번길,25010680,홍도동
1850041101,정림로65번길,25030540,정림동
1850159400,구봉로,25030540,정림동
1850207800,동서대로,25040710,원신흥동
1840023701,산성로,25020680,문화2동
1860331701,덕명로,25040690,학하동
1850337700,도안중로,25030720,관저1동
1830467602,-,25010550,판암1동
1860088304,과학로,25040540,온천2동
1840161700,대전남부순환고속도로,25020690,산성동
1860654802,계룡로59번길,25040640,온천1동
1850105906,둔산로,25030740,둔산3동
1870012201,오정로37번길,25050510,오정동
1860406800,원신흥남로28번길,25040710,원신흥동
1840046202,선화로,25020510,은행선화동
1830041919,대청호수로,25010730,대청동
1860119401,송림로,25040660,노은2동
1830475402,인창로,25010770,신인동
1840004800,충무로,25020590,부사동
1860020501,대정로28번안길,25040680,진잠동
1860368700,학하북로,25040690,학하동
1870088905,평촌2길,25050600,덕암동
1840025903,유천로,25020660,유천2동
1860428200,테크노2로,25040630,관평동
1870058801,산업단지로87번길,25050610,목상동
1840020500,당디로6번길,25020680,문화2동
1830468700,신기로101번길,25010550,판암1동
1860393600,유성대로877번길,25040540,온천2동
1830015201,산서로,25010750,산내동
1860618100,문지로316번길,25040570,전민동
1860147100,테크노중앙로,25040630,관평동
1830285001,동산초교로,25010680,홍도동
1860424201,테크노4로,25040630,관평동
1860353700,엑스포로,25040570,전민동
1860365300,학하남로,25040690,학하동
1860230100,농대로,25040540,온천2동
1870068701,신탄진로,25050580,신탄진동
1870060801,덕암로203번길,25050600,덕암동
1830037016,동대전로248번길,25010640,가양2동
1860116300,신성남로,25040550,신성동
1840003309,대둔산로,25020690,산성동
1850028103,관저서로,25030730,관저2동
1860387200,도안대로,25040680,진잠동
1860443901,갑천로,25040630,관평동
1860640601,문지로,25040570,전민동
1860418901,유성대로1184번길,25040550,신성동
1860398502,죽동로,25040540,온천2동
1860441701,테크노2로,25040630,관평동
1860023900,대정북로,25040680,진잠동
1870492800,한밭대로,25050550,중리동
1850132505,한밭대로707번길,25030670,월평2동
1830451201,옛신탄진로74번길,25010680,홍도동
1830465601,신기로101번길,25010530,효동
1860612800,문지로299번길,25040570,전민동
1830465501,신기로101번길,25010530,효동
1860132102,-,25040550,신성동
1860374603,복용북로,25040690,학하동
1850011401,대덕대로,25030600,둔산2동
1860649502,-,25040710,원신흥동
1830012809,계족로,25010650,용전동
1860618001,문지로316번길,25040570,전민동
1840033201,대흥로,25020670,문화1동
1830025201,동대전로,25010780,대동
1850324700,대전남부순환고속도로,25030730,관저2동
1860683706,박산로,25040640,온천1동
1860002804,계룡로,25040640,온천1동
1860441500,테크노10로,25040630,관평동
1860072300,동서대로,25040640,온천1동
1860052900,계룡로46번길,25040640,온천1동
1860172102,대덕대로556번길,25040550,신성동
1840017700,대종로,25020570,석교동
1830453703,-,25010630,가양1동
1870089014,평촌2길,25050600,덕암동
1870046600,대전로1291번길,25050520,대화동
1860205600,유성대로,25040640,온천1동
1840064800,대둔산로,25020690,산성동
1830036800,동대전로,25010630,가양1동
1860012709,대덕대로,25040550,신성동
1860087200,노은로,25040590,노은1동
1870002513,신탄진로,25050530,회덕동
1850049207,도마로,25030520,도마1동
1830041909,대청호수로,25010730,대청동
1830474111,산서로,25010750,산내동
1850067107,탄방로,25030570,탄방동
1850330201,신갈마로181번길,25030640,갈마1동
1870064401,대덕대로1448번길,25050610,목상동
1860651302,복용북로33번길,25040690,학하동
1860121402,신성로,25040550,신성동
1860681401,대정로42번길,25040680,진잠동
1860062200,온천서로,25040540,온천2동
1860336204,진잠로,25030730,관저2동
1830016207,동구청로204번길,25010550,판암1동
1840056801,어덕마을로,25020540,중촌동
1830024401,중교로,25010760,중앙동
1860101201,노은서로,25040590,노은1동
1850338800,도안대로,25030720,관저1동
1850064300,대덕대로,25030610,괴정동
1860610201,문지로,25040570,전민동
1830189900,통영대전고속도로,25010550,판암1동
1860211400,원신흥로,25040700,상대동
1870302302,-,25050580,신탄진동
1870490200,-,25050540,비래동
1840166400,대전남부순환고속도로,25020690,산성동
1840184600,유등천동로,25020540,중촌동
1830035704,대전로,25050510,오정동
1830466102,신기로,25010530,효동
1870012500,오정로75번길,25050510,오정동
1860004302,현충원로,25040540,온천2동
1840171300,대전남부순환고속도로,25020690,산성동
1870485600,계족로574번길,25050550,중리동
1830036913,동대전로248번길,25010640,가양2동
1860123501,문지로,25040570,전민동
1840042605,대흥로,25020550,대흥동
1860167901,당진영덕고속도로,25040660,노은2동
1850206602,원도안로,25030512,도안동
1860653702,원신흥남로12번길,25040710,원신흥동
1860165001,갑천로,25040630,관평동
1850269000,구봉산북로,25030730,관저2동
1860649004,금남구즉로,25040610,구즉동
1870087501,대청로82번길,25050580,신탄진동
1870018504,한밭대로,25050510,오정동
1860411700,봉명로,25040710,원신흥동
1850031801,정림서로,25030540,정림동
1860649102,도안동로,25040710,원신흥동
1850303301,구봉로,25030540,정림동
1840042802,대흥로165번길,25020550,대흥동
1830020602,대전로,25010760,중앙동
1870080100,대덕대로1486번길,25050610,목상동
1860089102,노은서로108번길,25040590,노은1동
1860647703,-,25040610,구즉동
1870487801,오정로37번길,25050510,오정동
1860440201,테크노중앙로,25040630,관평동
1830023101,용운로,25010570,용운동
1850265200,구봉산북로,25030730,관저2동
1860034301,유성대로646번길,25040640,온천1동
1860685001,유성대로671번길,25040640,온천1동
1850018505,괴곡길,25030540,정림동
1860614100,아리랑로21번길,25040570,전민동
1860139600,-,25040550,신성동
1860011006,호남고속도로지선,25040570,전민동
1850040702,혜천로,25030540,정림동
1860055801,온천로101번길,25040640,온천1동
1860144800,테크노2로,25040630,관평동
1850098701,둔산남로,25030570,탄방동
1850134800,문예로,25030600,둔산2동
1860374602,복용북로,25040690,학하동
1830019001,용운로,25010570,용운동
1850095201,대덕대로,25030600,둔산2동
1870055802,신탄진로232번길,25050530,회덕동
1840001907,대둔산로,25020690,산성동
1850277801,구봉로,25030730,관저2동
1840003307,대둔산로,25020650,유천1동
1830025103,동대전로,25010780,대동
1860652301,-,25040710,원신흥동
1840051609,어덕마을로,25020530,목동
1830465400,은어송로77번길,25010530,효동
1870490803,홍도로,25050550,중리동
1860060901,온천북로,25040640,온천1동
1840025917,유천로,25020660,유천2동
1860673203,계룡로26번길,25040640,온천1동
1850149501,만년로67번길,25030690,만년동
1830014601,산내로1305번길,25010750,산내동
1850118800,대덕대로242번길,25030600,둔산2동
1840023404,문화로,25020690,산성동
1850043905,배재로,25030530,도마2동
1840120701,사정공원로,25020690,산성동
1860407807,봉명서로,25040710,원신흥동
1850335802,-,25030660,월평1동
1850099502,둔산남로,25030570,탄방동
1870155400,신탄진로756번안길,25050580,신탄진동
1870071300,대덕대로1486번길,25050610,목상동
1830012817,계족로,25010650,용전동
1840023601,대전천서로,25020570,석교동
1840036100,문창로,25020550,대흥동
1840063810,당디로,25020690,산성동
1840027700,보문로,25020560,문창동
1840060202,대전천서로,25020540,중촌동
1850127700,한밭대로570번길,25030660,월평1동
1870004505,신탄진로,25050600,덕암동
1830023500,용운로151번길,25010570,용운동
1850120908,신갈마로,25030640,갈마1동
1860146703,테크노2로,25040630,관평동
1860047703,유성대로694번길,25040640,온천1동
1830476501,대전천동로,25010800,삼성동
1870482401,방두말1길,25050600,덕암동
1830464101,은어송로51번길,25010530,효동
1870035701,송촌북로,25050550,중리동
1850046001,제비네1길,25030530,도마2동
1870019204,대전로,25050510,오정동
1850121900,문예로,25030590,둔산1동
1860080200,노은로,25040590,노은1동
1860618201,문지로316번길,25040570,전민동
1850063004,갈마로203번길,25030610,괴정동
1850109801,문예로,25030590,둔산1동
1860100101,은구비로,25040590,노은1동
1830012705,계족로,25010650,용전동
1860610600,문지로,25040570,전민동
1860683002,대학로151번길,25040540,온천2동
1860124501,신성로83번길,25040550,신성동
1860110800,노은서로266번길,25040660,노은2동
1860605701,배울1로,25040550,신성동
1860379300,복용로39번길,25040690,학하동
1870065000,신일동로93번길,25050610,목상동
1850046300,사마1길,25030530,도마2동
1840031103,테미로,25020550,대흥동
1850057300,유등로,25030620,가장동
1840016404,보문산로,25020690,산성동
1870053900,공단4길,25050520,대화동
1870049000,중리서로,25050560,법1동
1860042701,계룡로141번길,25040640,온천1동
1840191501,보문산로,25020690,산성동
1850318205,도안동로11번길,25030512,도안동
1860032301,유성대로642번길,25040640,온천1동
1860088000,노은서로,25040590,노은1동
1870298101,한남로,25050510,오정동
1860680301,원계산로,25040680,진잠동
1830489401,한남로67번길,25010680,홍도동
1860137001,-,25040550,신성동
1860195103,북유성대로,25040660,노은2동
1840194102,계룡로,25020630,태평1동
1850055903,동서대로,25030630,내동
1850145300,둔산대로,25030670,월평2동
1860089104,노은서로108번길,25040590,노은1동
1860401802,상대동로,25040700,상대동
1850065002,괴정로76번길,25030610,괴정동
1870492300,우암로,25050540,비래동
1860204700,유성대로,25040700,상대동
1870498903,대화로32번길,25050520,대화동
1860034400,유성대로646번길,25040640,온천1동
1870160100,동부로,25050540,비래동
1870487000,한남로,25050510,오정동
1840166600,대전남부순환고속도로,25020690,산성동
1860663703,자운로221번길,25040550,신성동
1850291900,관저남로,25030730,관저2동
1830026901,선화로,25010760,중앙동
1860077004,온천서로,25040540,온천2동
1870080201,-,25050610,목상동
1870486000,-,25050510,오정동
1860113400,가정로,25040550,신성동
1870502500,경부고속도로,25050600,덕암동
1850079301,계룡로509번길,25030570,탄방동
1860088501,노은동로99번길,25040590,노은1동
1860005803,유성대로,25040540,온천2동
1850310501,정림서로138번길,25030540,정림동
1870013803,옛신탄진로,25050510,오정동
1850074003,대덕대로162번길,25030650,갈마2동
1840006505,계룡로,25020620,오류동
1850022500,구봉로,25030730,관저2동
1860034100,월드컵대로275번길,25040640,온천1동
1860434401,테크노1로,25040630,관평동
1860129300,엑스포로466번길,25040570,전민동
1850314301,대덕대로167번길,25030650,갈마2동
1830056306,하상도로,25010770,신인동
1870065201,덕암로,25050600,덕암동
1860681902,대정로42번길,25040680,진잠동
1850042700,도안중로,25030720,관저1동
1860364101,학하동로,25040690,학하동
1860630700,유성대로298번길,25040680,진잠동
1860600203,엑스포로339번길,25040570,전민동
1860087002,노은서로96번길,25040590,노은1동
1840020306,당디로6번길,25020680,문화2동
1860663502,자운로221번길,25040550,신성동
1850046200,사마1길,25030530,도마2동
1850066603,용문로,25030610,괴정동
1870482000,방두말5길,25050600,덕암동
1830019901,계족로140번길,25010780,대동
1840016408,보문산로,25020690,산성동
1860393500,유성대로877번길,25040540,온천2동
1840121700,산서로,25020690,산성동
1850113500,문예로,25030590,둔산1동
1870151500,장동로,25050530,회덕동
1860619100,문지로316번길,25040570,전민동
1840045701,중앙로,25020510,은행선화동
1870013501,한남로88번길,25050510,오정동
1870006111,신탄진로,25050580,신탄진동
1850310600,정림서로138번길,25030540,정림동
1850084101,대덕대로168번길,25030650,갈마2동
1830467305,토천1길,25010770,신인동
1860206401,동서대로,25040680,진잠동
1840006301,계룡로,25020620,오류동
1860241700,천변도시고속도로,25040570,전민동
1870029303,선비마을로,25050620,송촌동
1850143405,청사서로,25030670,월평2동
1840060300,대종로,25020540,중촌동
1850064001,대덕대로,25030610,괴정동
1850134700,둔산중로134번길,25030600,둔산2동
1860386002,도안대로,25040680,진잠동
1850330406,계룡로342번길,25030640,갈마1동
1860142800,테크노2로,25040630,관평동
1850100601,-,25030600,둔산2동
1840126600,운남로,25020690,산성동
1860221401,계룡로132번길,25040710,원신흥동
1840017802,대종로,25020570,석교동
1850047701,조달청길,25030520,도마1동
1860033404,유성대로654번길,25040640,온천1동
1860441300,테크노10로,25040630,관평동
1830124401,은어송로,25010530,효동
1850067403,계룡로562번길,25030610,괴정동
1830474300,산서로,25010750,산내동
1850073100,문정로48번길,25030570,탄방동
1830024300,중교로,25010760,중앙동
1860081001,한밭대로,25040540,온천2동
1850121800,문예로,25030590,둔산1동
1860195603,반석로,25040670,노은3동
1860440801,테크노11로,25040630,관평동
1860196001,지족동로,25040670,노은3동
1870441902,-,25050530,회덕동
1850046503,도솔로,25030530,도마2동
1860120701,노은로426번길,25040660,노은2동
1840054505,동서대로,25020510,은행선화동
1860088002,노은서로,25040590,노은1동
1830028304,정보길,25010630,가양1동
1870487601,대전천북로,25050510,오정동
1850055800,동서대로,25030550,변동
1850124501,둔산북로,25030600,둔산2동
1860082805,왕가봉로24번길,25040590,노은1동
1870495501,신일서로126번길,25050610,목상동
1870089901,석봉로38번길,25050590,석봉동
1870082001,-,25050610,목상동
1860003808,계룡로,25040640,온천1동
1840024800,문화로,25020650,유천1동
1830026300,대전로,25010760,중앙동
1830126003,동구청로,25010530,효동
1850046906,도마5길,25030520,도마1동
1830020106,대동복개길,25010780,대동
1860111601,노은서로266번길,25040660,노은2동
1860144302,테크노2로,25040630,관평동
1830023102,용운로,25010570,용운동
1870027200,계족산로,25050620,송촌동
1860108302,은구비로,25040660,노은2동
1870072706,석봉로58번길,25050590,석봉동
1870488102,동산초교로,25050510,오정동
1850131401,-,25030600,둔산2동
1830036400,우암로,25010630,가양1동
1860651203,복용북로33번길,25040690,학하동
1860629601,왕가봉로24번길,25040590,노은1동
1840043103,수침로,25020630,태평1동
1870047000,계족로664번길,25050570,법2동
1860626102,노은동로240번길,25040660,노은2동
1870025101,계족산로17번길,25050550,중리동
1830011212,계족로,25010790,성남동
1870028305,송촌북로4번길,25050620,송촌동
1850099402,둔산남로,25030740,둔산3동
1860378001,복용북로,25040690,학하동
1870023302,중리동로,25050550,중리동
1870040500,대화로150번길,25050520,대화동
1860053000,계룡로46번길,25040640,온천1동
1850148400,둔산대로117번길,25030690,만년동
1860374401,학하동로,25040690,학하동
1850331001,계룡로320번길,25030640,갈마1동
1850049215,도마로,25030520,도마1동
1860598203,관용로,25040550,신성동
1840047602,동서대로,25020620,오류동
1850111301,둔지로,25030600,둔산2동
1870020006,송촌로,25050620,송촌동
1860018701,유성대로,25040680,진잠동
1850052500,중반5길,25030550,변동
1860115600,가정로,25040550,신성동
1850067502,계룡로562번길,25030610,괴정동
1840060000,어덕마을로104번길,25020540,중촌동
1850096001,갑천도시고속도로,25030660,월평1동
1850121700,둔산북로,25030590,둔산1동
1840040203,중교로,25020550,대흥동
1860615602,문지로315번길,25040570,전민동
1840030601,계백로1565번길,25020640,태평2동
1860209301,상대남로,25040700,상대동
1870048800,계족로663번길,25050560,법1동
1840189104,보문산로,25020690,산성동
1850129101,문정로,25030600,둔산2동
1860024900,대정로,25040680,진잠동
1870010500,대전로1033번길,25050510,오정동
1830470701,판암로,25010550,판암1동
1840035501,평촌로,25020640,태평2동
1850107801,둔산로,25030600,둔산2동
1850078400,문정로,25030600,둔산2동
1840030503,계백로1565번길,25020650,유천1동
1860010701,유성대로,25040550,신성동
1860725300,도안대로,25040680,진잠동
1850029201,관저동로,25030730,관저2동
1860407301,유성대로935번길,25040540,온천2동
1830005605,옥천로,25010550,판암1동
1840058500,대전천북로,25010800,삼성동
1850023601,유등로17번길,25030510,복수동
1850265103,구봉산북로,25030730,관저2동
1830005123,대전로,25010530,효동
1870003800,경부고속도로,25050530,회덕동
1860106702,엑스포로,25040570,전민동
1830014800,산내로1305번길,25010750,산내동
1870049101,중리서로,25050560,법1동
1860214204,자운로97번길,25040550,신성동
1850234500,구봉로,25030730,관저2동
1860439900,배울1로,25040630,관평동
1860064403,유성대로720번길,25040540,온천2동
1860219200,도안대로590번길,25040710,원신흥동
1870007305,대청로,25050580,신탄진동
1860037701,계룡로26번길,25040640,온천1동
1850065200,가장로,25030610,괴정동
1850006606,계백로,25030520,도마1동
1860366702,학하중앙로128번길,25040690,학하동
1860163501,테크노2로,25040630,관평동
1830002015,산내로,25010750,산내동
1830042008,대청호수로,25010730,대청동
1840003501,계백로,25020650,유천1동
1850302200,벌곡로,25030511,가수원동
1870048900,계족로663번길,25050560,법1동
1870481203,신탄진로583번길,25050600,덕암동
1850126002,한밭대로570번길,25030660,월평1동
1850118600,갈마역로,25030600,둔산2동
1870003912,신탄진로,25050530,회덕동
1840191203,유등천동로,25020690,산성동
1840183101,사득로,25020560,문창동
1850230101,관저서로,25030730,관저2동
1860632900,유성대로,25040680,진잠동
1860369100,학하중앙로150번길,25040690,학하동
1830020006,계족로140번길,25010780,대동
1860685401,복합환승로26번길,25040640,온천1동
1840027100,문화로,25020660,유천2동
1860335300,진잠로,25040680,진잠동
1830041502,신상로,25010730,대청동
1870077702,신일동로33번길,25050610,목상동
1860084801,한밭대로259번길,25040590,노은1동
1860364001,학하로,25040690,학하동
1840183401,계백로1686번길,25020670,문화1동
1850049703,도마로,25030550,변동
1870062801,신일서로,25050610,목상동
1830037400,가양로,25010630,가양1동
1840063809,당디로,25020690,산성동
1860019301,대정남로,25040680,진잠동
1870017101,오정로,25050510,오정동
1860112400,노은서로,25040670,노은3동
1850122300,둔산중로,25030590,둔산1동
1870058702,산업단지로87번길,25050610,목상동
1860010706,유성대로,25040550,신성동
1830492202,우암로,25010800,삼성동
1860438401,용산2로,25040630,관평동
1850060101,가장로,25030610,괴정동
1870007917,대덕대로,25050610,목상동
1860659901,송림로54번길,25040660,노은2동
1870014200,오정로75번길,25050510,오정동
1860653501,원신흥남로12번길,25040710,원신흥동
1870049902,-,25050520,대화동
1870055710,산디로,25050530,회덕동
1860172601,봉산북로,25040610,구즉동
1860653301,원신흥남로12번길,25040710,원신흥동
1860600100,엑스포로339번길,25040570,전민동
1840006602,계룡로,25020600,용두동
1840193901,계룡로,25020600,용두동
1870027701,송촌북로5번길,25050550,중리동
1860367103,학하중앙로128번길,25040690,학하동
1870002301,계족로,25050530,회덕동
1860144201,테크노8로,25040630,관평동
1860651901,원신흥남로12번길,25040710,원신흥동
1850092401,갈마중로,25030650,갈마2동
1840048701,선화로,25020510,은행선화동
1850202800,도안동로,25030512,도안동
1860389102,죽동로,25040540,온천2동
1870088501,-,25050510,오정동
1840022102,천근로,25020680,문화2동
1870058300,산업단지로87번길,25050610,목상동
1860425401,테크노2로,25040630,관평동
1850092511,갈마중로,25030650,갈마2동
1860105800,과학로,25040550,신성동
1860171900,은구비남로33번길,25040590,노은1동
1860668202,용산1로,25040630,관평동
1870066000,덕암북로4번길,25050600,덕암동
1860645201,대덕대로512번길,25040550,신성동
1860617401,문지로316번길,25040570,전민동
1840057902,목중로26번길,25020540,중촌동
1870492700,한밭대로,25050550,중리동
1850123801,둔산북로,25030600,둔산2동
1860010606,대덕대로,25040550,신성동
1860631101,계백로,25040680,진잠동
1840191401,보문산로,25020690,산성동
1850124802,둔지로,25030600,둔산2동
1870020003,송촌로,25050620,송촌동
1840021204,당디로,25020690,산성동
1860040803,유성대로680번길,25040640,온천1동
1840022402,천근로69번길,25020680,문화2동
1860647503,-,25040610,구즉동
1860610002,문지로,25040570,전민동
1860041901,유성대로668번길,25040640,온천1동
1850105500,둔산중로,25030590,둔산1동
1860079002,유성대로783번길,25040540,온천2동
1850050101,도솔로,25030520,도마1동
1860414401,유성대로1184번길,25040550,신성동
1860436002,테크노6로,25040630,관평동
1860630601,복용북로33번길,25040690,학하동
1830041921,대청호수로,25010730,대청동
1870064701,벚꽃길,25050600,덕암동
1830008403,충무로,25010770,신인동
1870044502,동춘당로,25050570,법2동
1850134000,월평동로,25030680,월평3동
1860436000,테크노6로,25040630,관평동
1840049400,중앙로,25010760,중앙동
1840044105,동서대로,25020630,태평1동
1850088900,문정로,25030570,탄방동
1840020802,산성로,25020680,문화2동
1840195801,중앙로,25020550,대흥동
1860423306,테크노1로,25040630,관평동
1830020604,대전로,25010760,중앙동
1870057601,덕암로,25050600,덕암동
1870060501,벚꽃길,25050600,덕암동
1860021202,대정로28번안길,25040680,진잠동
1850095501,남선로60번길,25030570,탄방동
1870362400,구즉세종로,25050530,회덕동
1870054800,천변도시고속도로,25050520,대화동
1860004704,유성대로,25040540,온천2동
1860009806,신성서로,25040550,신성동
1850326201,월드컵대로484번안길,25030660,월평1동
1870041601,동춘당로,25050570,법2동
1860199200,학하복용서로,25040690,학하동
1840032807,문창로,25020590,부사동
1870499402,대화로,25050520,대화동
1830004401,대전로,25010750,산내동
1860331204,덕명로56번길,25040690,학하동
1830129200,동부로,25010640,가양2동
1850088701,문정로,25030570,탄방동
1860102401,북유성대로,25040660,노은2동
1860045300,유성대로680번길,25040640,온천1동
1830024801,동대전로,25010780,대동
1830005044,대전로,25010750,산내동
1860647702,-,25040610,구즉동
1860081802,한밭대로,25040540,온천2동
1840041403,대종로,25020550,대흥동
1850201100,원도안로,25030512,도안동
1860405301,원신흥로,25040710,원신흥동
1840057101,동서대로,25010800,삼성동
1850045103,도솔로,25030530,도마2동
1860601103,반석동로,25040670,노은3동
1830012714,계족로,25010650,용전동
1850198100,동서대로,25030512,도안동
1840005302,충무로,25020560,문창동
1860086901,노은서로96번길,25040590,노은1동
1870007906,대덕대로,25050610,목상동
1870490100,-,25050540,비래동
1850201601,원도안로,25030512,도안동
1840003702,계백로,25020650,유천1동
1850095601,남선로60번길,25030570,탄방동
1860080503,노은서로,25040590,노은1동
1850037500,정림서로,25030540,정림동
1860193200,지족로,25040590,노은1동
1850117500,둔산로51번길,25030600,둔산2동
1830028407,정보길,25010760,중앙동
1830030300,태전로,25010800,삼성동
1860056900,유성대로694번길,25040640,온천1동
1860223101,계룡로,25040640,온천1동
1870083702,문평동로18번길,25050610,목상동
1850106001,문정로,25030590,둔산1동
1860393501,유성대로877번길,25040540,온천2동
1860663805,자운로221번길,25040550,신성동
1850154801,변동중로45번길,25030550,변동
1870022301,송촌로,25050620,송촌동
1860052800,유성대로694번길,25040640,온천1동
1830016106,동구청로204번길,25010550,판암1동
1870084101,석봉로,25050590,석봉동
1870086000,덕암로265번길,25050600,덕암동
1870490501,비래서로9번길,25050540,비래동
1840042803,대흥로165번길,25020550,대흥동
1840066405,문창로,25020590,부사동
1840047201,중교로,25020510,은행선화동
1860604901,갑천도시고속도로,25040540,온천2동
1850006406,계백로,25030530,도마2동
1850041003,정림로65번길,25030540,정림동
1860088303,과학로,25040540,온천2동
1860666102,자운로245번길,25040550,신성동
1830461201,은어송로51번길,25010530,효동
1860440001,테크노중앙로,25040630,관평동
1860168900,노은로410번길,25040660,노은2동
1840037004,보문로,25020550,대흥동
1860380800,진잠옛로,25040690,학하동
1840026901,문화로,25020680,문화2동
1850135200,둔산중로134번길,25030600,둔산2동
1860404601,원신흥북로,25040710,원신흥동
1870019908,송촌로,25050620,송촌동
1860188702,지족북로,25040670,노은3동
1850003605,계백로,25030730,관저2동
1830285102,동산초교로,25010680,홍도동
1850032802,가수원로,25030511,가수원동
1870064101,신일서로18번길,25050610,목상동
1870088500,-,25050510,오정동
1860004403,현충원로,25040540,온천2동
1860352801,탑립로,25040630,관평동
1850036800,정림로,25030540,정림동
1850023800,관저동로,25030730,관저2동
1830030903,대전로,25010800,삼성동
1850009505,대덕대로,25030600,둔산2동
1860139400,자운로245번길,25040550,신성동
1860374300,학하남로90번길,25040690,학하동
1850122701,둔산북로,25030590,둔산1동
1840015900,대전천서로,25020570,석교동
1860380900,진잠옛로,25040690,학하동
1860142700,테크노2로,25040630,관평동
1860220300,봉명로,25040710,원신흥동
1850126200,월평동로,25030660,월평1동
1860125702,반석동로,25040670,노은3동
1870479301,신탄진북로32번길,25050580,신탄진동
1860099301,엑스포로,25040570,전민동
1850110800,둔산중로,25030590,둔산1동
1840010803,산서로,25020690,산성동
1860380001,진잠옛로,25040690,학하동
1840196804,-,25020690,산성동
1870002506,신탄진로,25050530,회덕동
1830452200,동중앙로,25010760,중앙동
1850151901,둔산대로117번길,25030690,만년동
1840057900,목중로26번길,25020540,중촌동
1860606500,유성대로1689번길,25040570,전민동
1870055703,산디로,25050530,회덕동
1850010304,대덕대로,25030600,둔산2동
1830028104,동대전로,25010600,자양동
1860058600,온천로,25040640,온천1동
1870041201,동춘당로114번길,25050620,송촌동
1860114501,가정로,25040550,신성동
1860224203,도안대로590번길,25040710,원신흥동
1840042301,선화서로,25020510,은행선화동
1860088505,노은동로99번길,25040590,노은1동
1840192300,유등천동로,25020640,태평2동
1850152700,갑천도시고속도로,25030690,만년동
1860133402,엑스포로539번길,25040570,전민동
1830191100,통영대전고속도로,25010730,대청동
1850061102,신갈마로,25030630,내동
1870012405,한남로150번길,25050510,오정동
1830010202,계족로,25010800,삼성동
1830489901,우암로147번길,25010800,삼성동
1860204103,학하로,25040690,학하동
1860099802,은구비로,25040590,노은1동
1830492401,우암로,25010800,삼성동
1870034600,계족산로43번길,25050550,중리동
1840127801,문화로,25020580,대사동
1860148902,송강로,25040610,구즉동
1840038701,대흥로121번길,25020550,대흥동
1860633801,도안북로,25040680,진잠동
1840187200,계룡로918번길,25020670,문화1동
1860215001,원신흥남로,25040710,원신흥동
1850321001,구봉로131번길,25030730,관저2동
1840188400,보문로162번길,25020580,대사동
1830022802,백룡로,25010570,용운동
1860685101,복합환승로26번길,25040640,온천1동
1860199201,학하복용서로,25040690,학하동
1850335400,-,25030660,월평1동
1830464301,은어송로51번길,25010530,효동
1860632101,유성대로,25040680,진잠동
1840013401,대둔산로255번길,25020690,산성동
1840022110,천근로,25020680,문화2동
1850088901,문정로,25030570,탄방동
1840044301,태평로,25020630,태평1동
1860006800,호남고속도로지선,25040540,온천2동
1870046100,선비마을로,25050620,송촌동
1860141401,테크노중앙로,25040630,관평동
1860670501,월드컵대로308번길,25040700,상대동
1860430300,갑천로,25040610,구즉동
1830014002,산내로1257번길,25010750,산내동
1840055100,대전천서로,25020510,은행선화동
1850100701,-,25030600,둔산2동
1870082702,문평서로76번길,25050610,목상동
1850336700,계백로,25030540,정림동
1830016210,동구청로204번길,25010550,판암1동
1840034804,대종로,25020550,대흥동
1840018501,대전천서로,25020570,석교동
1860043800,도안대로,25040640,온천1동
1860034601,월드컵대로289번길,25040640,온천1동
1830464601,은어송로51번길,25010530,효동
1850113800,갑천도시고속도로,25040640,온천1동
1860132402,자운로,25040550,신성동
1860673701,계룡로,25040640,온천1동
1860048701,계룡로155번길,25040640,온천1동
1850078600,도산로,25030560,용문동
1870037701,동춘당로94번길,25050620,송촌동
1830127900,동부로,25010570,용운동
1860113505,가정로,25040550,신성동
1860442501,테크노11로,25040630,관평동
1850037005,계백로1286번길,25030540,정림동
1850141200,청사로,25030680,월평3동
1850106801,둔산로101번길,25030590,둔산1동
1850312002,갈마역로,25030670,월평2동
1870040101,동춘당로,25050620,송촌동
1860337100,호남고속도로지선,25040690,학하동
1860045701,계룡로155번길,25040640,온천1동
1830040704,충정로,25010640,가양2동
1830475014,대전로,25010530,효동
1840053800,우암로,25020510,은행선화동
1840185600,대전천서로,25020510,은행선화동
1850140400,청사로,25030680,월평3동
1840017501,신기로,25020570,석교동
1830183701,통영대전고속도로,25010530,효동
1850094801,둔산남로,25030600,둔산2동
1860101300,엑스포로123번길,25040550,신성동
1860221800,계룡로,25040640,온천1동
1870025102,계족산로17번길,25050550,중리동
1850099201,둔산남로91번길,25030590,둔산1동
1840015800,대종로,25020570,석교동
1860017201,진잠로42번길,25040680,진잠동
1830025907,태전로,25010760,중앙동
1840018201,산성로,25020680,문화2동
1830055802,태전로,25010800,삼성동
1860018901,한우물로,25040680,진잠동
1860434901,테크노2로,25040630,관평동
1850046204,사마1길,25030530,도마2동
1870017400,대전로,25050510,오정동
1840040802,유천로,25020640,태평2동
1850206501,도안중로,25030512,도안동
1850235500,구봉산북로,25030730,관저2동
1860164000,테크노4로,25040630,관평동
1870490700,홍도로,25050550,중리동
1850233601,구봉산북로,25030730,관저2동
1860627300,-,25040550,신성동
1850327301,신갈마로,25030640,갈마1동
1830041918,대청호수로,25010730,대청동
1850067400,계룡로562번길,25030610,괴정동
1830009102,계족로,25010780,대동
1860650502,복용북로33번길,25040690,학하동
1860009809,유성대로,25040550,신성동
1830007106,계족로,25010770,신인동
1850147701,만년로68번길,25030690,만년동
1860233900,배울1로,25040630,관평동
1850009201,계룡로,25030650,갈마2동
1860188401,지족로148번길,25040670,노은3동
1840033502,충무로107번길,25020550,대흥동
1860089301,노은로,25040590,노은1동
1870040600,중리북로,25050560,법1동
1850324902,유등로,25030560,용문동
1860118101,송림로,25040660,노은2동
1860211401,원신흥로,25040700,상대동
1870077200,대덕대로1486번길,25050610,목상동
1860418301,유성대로,25040550,신성동
1860020702,대정로28번안길,25040680,진잠동
1860198200,북유성대로,25040670,노은3동
1850031802,정림서로,25030540,정림동
1850130800,한밭대로,25030600,둔산2동
1870086200,신탄진북로,25050580,신탄진동
1860431300,테크노1로,25040630,관평동
1840003603,계백로,25020640,태평2동
1860066100,박산로,25040640,온천1동
1870029800,계족산로,25050620,송촌동
1870489701,우암로,25010640,가양2동
1860122000,문지로,25040550,신성동
1830467406,토천1길,25010770,신인동
1850155000,유등로,25030520,도마1동
1860439701,테크노중앙로,25040630,관평동
1860104602,노은서로210번길,25040660,노은2동
1840041101,대흥로,25020550,대흥동
1850087400,대덕대로176번길,25030600,둔산2동
1840122903,사정공원로,25020690,산성동
1860146701,테크노2로,25040630,관평동
1860631002,진잠로42번길,25040680,진잠동
1860307403,북유성대로400번길,25040660,노은2동
1860661201,자운로97번길,25040550,신성동
1860230000,농대로,25040540,온천2동
1830003504,대전로,25010750,산내동
1840057701,목중로54번길,25020540,중촌동
1860003204,계룡로,25040640,온천1동
1860163701,테크노6로,25040630,관평동
1860012002,대덕대로,25040550,신성동
1830029606,동대전로,25010600,자양동
1850265202,구봉산북로,25030730,관저2동
1850146801,둔산대로,25030670,월평2동
1870065103,신일동로93번길,25050610,목상동
1870012202,오정로37번길,25050510,오정동
1860627600,-,25040550,신성동
1870070700,신일동로33번길,25050610,목상동
1870026402,계족산로5번길,25050550,중리동
1850077801,문정로90번길,25030570,탄방동
1870026803,중리서로,25050550,중리동
1870479702,대화로161번길,25050520,대화동
1850080301,계룡로491번길,25030600,둔산2동
1860156402,배울2로,25040630,관평동
1830052205,동구청로,25010550,판암1동
1840052604,대종로550번길,25020510,은행선화동
1830019103,용운로,25010570,용운동
1850114302,둔산북로,25030740,둔산3동
1850064802,도산로,25030570,탄방동
1850107203,둔산로,25030590,둔산1동
1860040100,유성대로654번길,25040640,온천1동
1830466701,대전로542번길,25010530,효동
1850011904,대덕대로,25030670,월평2동
1860600000,문지로316번길,25040570,전민동
1840026204,보문로,25020590,부사동
1870034501,계족산로17번길,25050570,법2동
1860651501,-,25040690,학하동
1860047201,계룡로38번길,25040640,온천1동
1870053200,아리랑로,25050560,법1동
1850057402,가장로,25030620,가장동
1860211700,자운로97번길,25040550,신성동
1860127301,반석서로,25040670,노은3동
1860375200,학하중앙로167번길,25040690,학하동
1870060600,덕암로,25050600,덕암동
1850097507,둔산남로,25030570,탄방동
1860131504,유성대로,25040570,전민동
1850036208,계백로1300번길,25030540,정림동
1860174300,은구비남로33번길,25040590,노은1동
1870024201,선비마을로,25050620,송촌동
1850120702,월평동로,25030640,갈마1동
1860205004,동서대로,25040690,학하동
1860627601,-,25040550,신성동
1860636701,도안동로,25040710,원신흥동
1870061901,신일서로125번길,25050610,목상동
1850037903,정림로,25030540,정림동
1850048001,도산로,25030530,도마2동
1830036903,동대전로248번길,25010640,가양2동
1850110001,둔산중로58번길,25030590,둔산1동
1830028404,정보길,25010630,가양1동
1850101900,둔산남로105번길,25030590,둔산1동
1860068400,문화원로,25040640,온천1동
1860609200,문지로,25040570,전민동
1850266601,계백로860번길,25030730,관저2동
1860638001,엑스포로,25040550,신성동
1850129400,문예로,25030590,둔산1동
1850099700,유등로,25030740,둔산3동
1850228800,대전남부순환고속도로,25030730,관저2동
1860415700,신성로,25040550,신성동
1850048303,조달청길,25030530,도마2동
1870491900,한밭대로,25050510,오정동
1830470101,옥천로,25010550,판암1동
1850335001,-,25030690,만년동
1830459201,안골로28번길,25010750,산내동
1850265900,구봉산북로21번길,25030730,관저2동
1860598801,문지로299번길,25040570,전민동
1830019302,동부로,25010570,용운동
1870059201,산업단지로,25050610,목상동
1850142801,문예로,25030600,둔산2동
1840024007,문화로234번길,25020670,문화1동
1860075102,문화원로37번길,25040540,온천2동
1860630800,유성대로298번길,25040680,진잠동
1840197702,오류로,25020620,오류동
1860336500,호남고속도로지선,25040690,학하동
1860391801,유성대로877번길,25040540,온천2동
1860623101,지족북로,25040670,노은3동
1830449802,동부로33번길,25010560,판암2동
1850265500,계백로860번길,25030730,관저2동
1850071502,문정로60번길,25030570,탄방동
1830038801,우암로,25010640,가양2동
1870004501,신탄진로,25050600,덕암동
1860375601,학하동로,25040690,학하동
1830125305,대학로50번길,25010570,용운동
1830008901,계족로,25010780,대동
1870061902,신일서로125번길,25050610,목상동
1860096902,노은서로142번길,25040590,노은1동
1860089001,노은동로99번길,25040590,노은1동
1830129100,동구청로,25010750,산내동
1860192001,지족로148번길,25040670,노은3동
1860101100,노은서로,25040660,노은2동
1860122101,문지로,25040550,신성동
1860049200,계룡로123번길,25040640,온천1동
1840027504,보문로,25020580,대사동
1840185303,대종로549번길,25020510,은행선화동
1830477602,-,25010530,효동
1830034805,현암로,25010800,삼성동
1860210800,상대로,25040700,상대동
1860240701,테크노10로,25040630,관평동
1860428501,테크노4로,25040630,관평동
1840164600,대전남부순환고속도로,25020690,산성동
1840183900,유등천동로,25020600,용두동
1860407802,봉명서로,25040710,원신흥동
1860078901,유성대로783번길,25040540,온천2동
1860364701,학하서로,25040690,학하동
1860055201,온천로,25040640,온천1동
1870056601,덕암로,25050600,덕암동
1840121800,사정공원로,25020690,산성동
1850116700,둔산서로,25030600,둔산2동
1860141101,테크노9로,25040630,관평동
1840002000,대둔산로,25020690,산성동
1830014103,산내로1257번길,25010750,산내동
1840003602,계백로,25020640,태평2동
1860616800,문지로316번길,25040570,전민동
1850056900,배재로,25030550,변동
1830123904,백룡로,25010600,자양동
1830465301,은어송로77번길,25010530,효동
1870017700,비래서로9번길,25050540,비래동
1860088506,노은동로99번길,25040590,노은1동
1850310101,용소로,25030512,도안동
1870022203,계족산로52번길,25050550,중리동
1850199200,원도안로,25030512,도안동
1860080305,왕가봉로,25040590,노은1동
1870037902,동춘당로94번길,25050620,송촌동
1860440500,테크노11로,25040630,관평동
1870018606,한밭대로,25050510,오정동
1860088802,노은동로,25040590,노은1동
1870009204,신탄진로,25050580,신탄진동
1840022401,천근로69번길,25020670,문화1동
1860012501,호남고속도로지선,25040630,관평동
1850142501,갑천도시고속도로,25030670,월평2동
1860051800,계룡로123번길,25040640,온천1동
1860212100,동서대로,25040710,원신흥동
1870051400,중리서로,25050560,법1동
1860401200,상대동로,25040700,상대동
1860110300,북유성대로,25040660,노은2동
1860020401,대정로28번안길,25040680,진잠동
1840184701,동서대로1403번길,25020530,목동
1860429400,테크노2로,25040630,관평동
1840026705,보문산공원로,25020580,대사동
1840025403,문화로,25020650,유천1동
1860149502,송강로,25040610,구즉동
1860209300,상대남로,25040700,상대동
1870089500,대전천북로,25050510,오정동
1870014202,오정로75번길,25050510,오정동
1850032208,관저중로96번길,25030730,관저2동
1870020500,한밭대로,25050550,중리동
1850155801,유등로,25030520,도마1동
1860022700,대정로28번길,25040680,진잠동
1850323300,-,25030540,정림동
1860160101,관평1로,25040630,관평동
1830037101,우암로,25010630,가양1동
1860099102,대덕대로512번길,25040550,신성동
1850326901,신갈마로,25030640,갈마1동
1870058400,산업단지로,25050610,목상동
1860623001,지족북로66번길,25040670,노은3동
1860660003,송림로54번길,25040660,노은2동
1870011600,한남로,25050510,오정동
1860431201,테크노1로,25040630,관평동
1840043403,중교로,25020550,대흥동
1840031205,테미로,25020550,대흥동
1850012802,대덕대로,25040550,신성동
1870066104,덕암북로4번길,25050600,덕암동
1860681301,대정로42번길,25040680,진잠동
1860671302,계룡로18번길,25040640,온천1동
1860379002,복용북로,25040690,학하동
1870080402,대덕대로1486번길,25050610,목상동
1850105801,둔산로,25030740,둔산3동
1860064601,장대로,25040540,온천2동
1850326802,신갈마로,25030640,갈마1동
1850147900,둔산대로117번길,25030690,만년동
1850105807,둔산로,25030740,둔산3동
1850019701,구억뜸길,25030511,가수원동
1850333201,구봉산북로94번길,25030730,관저2동
1830035801,대전로,25050510,오정동
1830012702,계족로,25010650,용전동
1860128600,엑스포로,25040570,전민동
1870019103,대전로,25050510,오정동
1850321300,구봉로131번길,25030730,관저2동
1830026003,태전로,25010760,중앙동
1860413701,유성대로1184번길,25040550,신성동
1860009204,대덕대로,25040550,신성동
1870066300,대덕대로1448번길,25050610,목상동
1860089504,노은서로,25040590,노은1동
1850048300,조달청길,25030530,도마2동
1860058401,대학로,25040640,온천1동
1870015102,오정로78번길,25050510,오정동
1850066801,도산로,25030570,탄방동
1840032802,문창로,25020560,문창동
1850068100,괴정로,25030610,괴정동
1860401300,죽동로279번길,25040540,온천2동
1830055405,천개동로,25010730,대청동
1850026000,관저동로,25030730,관저2동
1840197801,계백로1685번길,25020620,오류동
1860372700,학하남로,25040690,학하동
1850122301,둔산중로,25030600,둔산2동
1860209302,상대남로,25040700,상대동
1860373800,학하북로,25040690,학하동
1870059901,대덕대로1284번길,25050610,목상동
1860127601,반석서로,25040670,노은3동
1850021206,정림서로,25030540,정림동
1830017802,대전로,25010770,신인동
1850207602,원도안로,25030512,도안동
1830449702,동부로33번길,25010560,판암2동
1830466100,신기로,25010530,효동
1870007405,대청로,25050580,신탄진동
1860725000,-,25040680,진잠동
1840050701,대종로,25020510,은행선화동
1830027101,대전천동로,25010760,중앙동
1830036901,동대전로248번길,25010640,가양2동
1870042802,대화로,25050520,대화동
1860043700,도안대로,25040640,온천1동
1840035902,인창로,25020560,문창동
1830021200,용운로,25010570,용운동
1860206101,월드컵대로,25040640,온천1동
1840061306,대전천북로,25010800,삼성동
1870056606,덕암로,25050600,덕암동
1850012101,대덕대로,25030670,월평2동
1870014302,오정로77번길,25050510,오정동
1840189400,보문산공원로497번길,25020580,대사동
1850094800,둔산남로,25030600,둔산2동
1860639003,당진영덕고속도로,25040660,노은2동
1870488204,동산초교로,25050510,오정동
1870498601,대덕대로,25050590,석봉동
1850060509,용문로,25030560,용문동
1830452502,우암로,25010790,성남동
1860089200,노은서로108번길,25040590,노은1동
1840192601,유등천동로,25020640,태평2동
1870016802,한밭대로1006번길,25050510,오정동
1860632500,계백로,25040680,진잠동
1850305000,유등로,25030510,복수동
1850055300,도솔로,25030550,변동
1840067201,산서로,25020690,산성동
1850104000,둔산중로,25030590,둔산1동
1850120801,신갈마로,25030640,갈마1동
1850023701,유등로17번길,25030510,복수동
1840027300,대종로333번길,25020590,부사동
1850072301,문정로90번길,25030570,탄방동
1840023304,문화로,25020690,산성동
1830123804,백룡로,25010600,자양동
1860649601,-,25040710,원신흥동
1830030502,대성길,25010630,가양1동
1860050400,계룡로141번길,25040640,온천1동
1850056304,변동중로,25030550,변동
1860400101,상대동로,25040700,상대동
1840024002,문화로234번길,25020670,문화1동
1860723000,-,25030720,관저1동
1830477000,동서대로,25010800,삼성동
1860035500,월드컵대로275번길,25040640,온천1동
1830028803,태전로,25010800,삼성동
1860059400,온천동로,25040640,온천1동
1840031202,테미로,25020550,대흥동
1850233701,구봉산북로,25030730,관저2동
1870081400,대덕대로1470번길,25050610,목상동
1860433400,테크노5로,25040630,관평동
1860088305,과학로,25040540,온천2동
1830458901,물류로14번길,25010750,산내동
1860160300,관평1로,25040630,관평동
1840004101,계백로,25020660,유천2동
1840165100,대전남부순환고속도로,25020690,산성동
1860619804,대덕대로578번길,25040550,신성동
1830447801,석천로,25010750,산내동
1860603901,과학로,25040550,신성동
1870011301,한남로150번길,25050510,오정동
1830491801,-,25010800,삼성동
1860417401,유성대로1184번길,25040550,신성동
1860044001,유성대로680번길,25040640,온천1동
1860118001,신성로62번길,25040550,신성동
1850058503,도솔로,25030630,내동
1850070100,계룡로571번길,25030570,탄방동
1860082202,대학로,25040540,온천2동
1840124805,계백로1716번길,25020670,문화1동
1840006502,계룡로,25020620,오류동
1870086001,덕암로265번길,25050590,석봉동
1860121000,하기로,25040660,노은2동
1840067100,산서로,25020690,산성동
1870061200,대덕대로1284번길,25050610,목상동
1850312301,대덕대로317번길,25030670,월평2동
1830034506,충정로,25010600,자양동
1850069004,도산로,25030570,탄방동
1860088900,노은동로99번길,25040590,노은1동
1830016402,동부로,25010560,판암2동
1850317307,배재로197번길,25030530,도마2동
1870298307,대덕대로1527번길,25050590,석봉동
1840048503,대종로,25020510,은행선화동
1870025304,선비마을로5번길,25050620,송촌동
1860050901,계룡로87번길,25040640,온천1동
1850317501,원도안로242번길,25030512,도안동
1850051702,유등로,25030550,변동
1830057705,이사로,25010750,산내동
1840030312,서문로,25020670,문화1동
1850045900,도솔로,25030530,도마2동
1830448701,은어송로51번길,25010530,효동
1830029700,태전로,25010800,삼성동
1860004303,현충원로,25040540,온천2동
1860061600,온천북로,25040640,온천1동
1860636900,동서대로735번길,25040710,원신흥동
1850148401,둔산대로117번길,25030690,만년동
1860214703,자운로97번길,25040550,신성동
1850055201,도솔로,25030550,변동
1860367101,학하중앙로128번길,25040690,학하동
1850046005,제비네1길,25030530,도마2동
1830284400,동산초교로,25010680,홍도동
1860010906,호남고속도로지선,25040630,관평동
1850125100,반월길,25030600,둔산2동
1870499802,대화로,25050520,대화동
1860068200,-,25040640,온천1동
1850007500,계룡로,25030570,탄방동
1850275801,동서대로656번길,25040680,진잠동
1860096200,엑스포로151번길,25040550,신성동
1830032103,가양남로,25010630,가양1동
1850115502,둔산로101번길,25030590,둔산1동
1860369101,학하중앙로150번길,25040690,학하동
1840013300,대둔산로255번길,25020690,산성동
1860039600,계룡로46번길,25040640,온천1동
1860015005,금남구즉로,25040610,구즉동
1870003922,신탄진로,25050530,회덕동
1860622501,지족북로66번길,25040670,노은3동
1830032308,길티길,25010630,가양1동
1860668701,용산2로,25040630,관평동
1850291400,도안북로,25030512,도안동
1870504000,덕암로,25050600,덕암동
1870022104,계족산로52번길,25050620,송촌동
1860681602,대정로42번길,25040680,진잠동
1850003506,계백로,25030730,관저2동
1860233001,금남구즉로,25040610,구즉동
1860119700,노은로410번길,25040660,노은2동
1860064201,온천북로,25040640,온천1동
1850067100,탄방로,25030570,탄방동
1840034701,대종로,25020550,대흥동
1840043002,계룡로816번길,25020620,오류동
1840122104,산서로,25020690,산성동
1830027400,중앙로,25010760,중앙동
1860143001,테크노8로,25040630,관평동
1860616100,문지로316번길,25040570,전민동
1860636201,동서대로,25040710,원신흥동
1840016105,보문산로,25020690,산성동
1860132302,자운로,25040550,신성동
1870084701,신탄진동로,25050580,신탄진동
1830468901,옥천로,25010550,판암1동
1850088501,문정로,25030570,탄방동
1860149806,송강로42번길,25040610,구즉동
1830179000,대전남부순환고속도로,25010750,산내동
1850143200,월평북로,25030670,월평2동
1850081400,계룡로553번길,25030570,탄방동
1870021109,우암로486번길,25050540,비래동
1860146803,테크노2로,25040630,관평동
1860237604,테크노2로,25040630,관평동
1870082800,대덕대로1409번길,25050610,목상동
1860100901,은구비로,25040590,노은1동
1840010704,산서로,25020690,산성동
1850048601,도솔로,25030520,도마1동
1850338300,도안중로,25030720,관저1동
1870013807,옛신탄진로,25050510,오정동
1870086202,신탄진북로,25050580,신탄진동
1860035800,유성대로654번길,25040640,온천1동
1830056800,대전천북로,25010800,삼성동
1850043604,복수중로,25030510,복수동
1870068400,신탄진로,25050600,덕암동
1840012100,성산로,25020690,산성동
1850131701,한밭대로,25030600,둔산2동
1850139201,청사로,25030600,둔산2동
1860109001,은구비로,25040660,노은2동
1850052405,중반5길,25030550,변동
1860061200,온천북로33번길,25040640,온천1동
1830183900,통영대전고속도로,25010750,산내동
1850207403,원도안로,25030512,도안동
1850064000,대덕대로,25030610,괴정동
1830468600,-,25010550,판암1동
1860193401,학하로,25040690,학하동
1850318200,도안동로11번길,25030512,도안동
1860661405,자운로97번길,25040550,신성동
1840033601,충무로107번길,25020550,대흥동
1830124600,백룡로,25010570,용운동
1830449700,동부로33번길,25010560,판암2동
1850232201,도안중로,25030720,관저1동
1850306203,대덕대로335번길,25030670,월평2동
1860377300,복용북로,25040690,학하동
1840041500,유천로132번길,25020630,태평1동
1850045002,도솔로,25030530,도마2동
1870476501,-,25050580,신탄진동
1840015202,과례로22번길,25020670,문화1동
1860353802,엑스포로,25040570,전민동
1860055600,유성대로694번길,25040640,온천1동
1870491700,한밭대로,25050510,오정동
1860037001,월드컵대로253번길,25040640,온천1동
1870480805,대청로,25050580,신탄진동
1840034101,태평로,25020630,태평1동
1870004100,신탄진로,25050600,덕암동
1850117801,대덕대로233번길,25030600,둔산2동
1870480300,대화로,25050520,대화동
1830035501,대전로,25010800,삼성동
1850156101,하상도로,25050510,오정동
1860132605,자운로97번길,25040550,신성동
1840050006,선화로,25020510,은행선화동
1850311600,갑천도시고속도로,25030690,만년동
1840024001,문화로234번길,25020670,문화1동
1850125001,반월길,25030600,둔산2동
1860661602,-,25040550,신성동
1850088201,둔산중로,25030570,탄방동
1840029502,대종로,25020590,부사동
1860024100,유성대로,25040680,진잠동
1840166500,대전남부순환고속도로,25020690,산성동
1870050905,선비마을로,25050530,회덕동
1860006902,유성대로,25040540,온천2동
1840032202,수도산로,25020550,대흥동
1870054202,공단4길,25050520,대화동
1860089201,노은서로108번길,25040590,노은1동
1860167201,당진영덕고속도로,25040550,신성동
1850235400,구봉산북로,25030730,관저2동
1850309700,월평북로,25030670,월평2동
1840040604,유천로132번길,25020630,태평1동
1860130701,유성대로,25040570,전민동
1870298308,대덕대로1527번길,25050610,목상동
1860403100,원신흥남로28번길,25040710,원신흥동
1860014203,봉산로,25040610,구즉동
1850065101,괴정로76번길,25030610,괴정동
1870055200,천변도시고속도로,25050530,회덕동
1860630802,유성대로298번길,25040680,진잠동
1840014300,대둔산로,25020690,산성동
1860331201,덕명로56번길,25040690,학하동
1860688002,엑스포로539번길,25040630,관평동
1870060908,덕암로203번길,25050600,덕암동
1840032401,보문로,25020550,대흥동
1870088200,석봉로38번길,25050590,석봉동
1860438900,테크노중앙로,25040630,관평동
1830468200,옥천로96번길,25010550,판암1동
1860688802,-,25040550,신성동
1850074900,문정로2번길,25030570,탄방동
1840042603,대흥로,25020550,대흥동
1850060901,대덕대로,25030630,내동
1860409600,원신흥로55번길,25040710,원신흥동
1860122200,문지로,25040550,신성동
1840041701,중교로,25020550,대흥동
1870052900,대전로1291번길,25050520,대화동
1830453405,동서대로1705번길,25010650,용전동
1870483902,한밭대로1009번길,25050510,오정동
1860137100,자운로,25040550,신성동
1870005704,대덕대로,25050610,목상동
1870046700,대전로1291번길,25050520,대화동
1870034200,쌍청당로35번길,25050570,법2동
1850134601,둔산중로134번길,25030600,둔산2동
1850067401,계룡로562번길,25030610,괴정동
1870498801,신탄진로756번안길,25050580,신탄진동
1870087205,신탄진북로,25050580,신탄진동
1830285304,한남로,25010680,홍도동
1860112901,북유성대로,25040660,노은2동
1850007303,계룡로,25030570,탄방동
1860104600,노은서로210번길,25040660,노은2동
1860004700,유성대로,25040540,온천2동
1850068304,계룡로500번길,25030650,갈마2동
1850110400,둔산중로58번길,25030590,둔산1동
1860332301,덕명로,25040690,학하동
1870492403,우암로,25050540,비래동
1840051508,어덕마을로,25020600,용두동
1840030410,서문로,25020670,문화1동
1860437500,배울2로,25040630,관평동
1830052804,은어송로,25010530,효동
1840024006,문화로234번길,25020670,문화1동
1850048901,배재로,25030530,도마2동
1850003502,계백로,25040680,진잠동
1860635601,동서대로656번길,25040680,진잠동
1870079502,-,25050610,목상동
1860682203,대정로42번길,25040680,진잠동
1860637401,어은로,25040640,온천1동
1870496803,갑천도시고속도로,25050610,목상동
1850026701,복수동로,25030510,복수동
1830012701,계족로,25010650,용전동
1850025902,관저중로64번길,25030730,관저2동
1850281103,관저남로25번길,25030730,관저2동
1870492601,계족로,25010650,용전동
1860145803,테크노2로,25040630,관평동
1850130100,한밭대로,25030600,둔산2동
1850077101,문정로2번길,25030570,탄방동
1860367501,학하로,25040690,학하동
1860424100,테크노3로,25040630,관평동
1860649401,도안동로,25040710,원신흥동
1850326502,신갈마로,25030640,갈마1동
1850280100,동서대로656번길,25040680,진잠동
1870011805,오정로,25050510,오정동
1870053202,아리랑로,25050560,법1동
1840198403,계백로1685번길,25020620,오류동
1840021806,대종로,25020590,부사동
1870075500,신일동로,25050610,목상동
1850036200,계백로1300번길,25030540,정림동
1860403701,죽동로279번길,25040540,온천2동
1860018702,유성대로,25040680,진잠동
1870014001,한남로150번길,25050510,오정동
1860190600,지족로148번길,25040670,노은3동
1830042007,대청호수로,25010730,대청동
1870476600,-,25050580,신탄진동
1860429602,테크노2로,25040630,관평동
1830467801,옥천로106번길,25010550,판암1동
1850063501,유등로,25030560,용문동
1870020408,한밭대로1129번길,25050550,중리동
1870075707,신일동로5번길,25050610,목상동
1860669603,유성대로626번길,25040640,온천1동
1850066200,괴정로,25030610,괴정동
1840026504,대종로,25020590,부사동
1860051501,유성대로680번길,25040640,온천1동
1850047900,조달청길,25030520,도마1동
1860213800,동서대로,25040710,원신흥동
1850236500,월드컵대로,25030660,월평1동
1840185700,선화로43번길,25020510,은행선화동
1860601402,지족북로,25040670,노은3동
1870034701,계족산로43번길,25050550,중리동
1860647104,구룡달전로,25040610,구즉동
1840003705,계백로,25020650,유천1동
1830470601,동부로73번길,25010560,판암2동
1850143704,월평북로,25030670,월평2동
1840041301,대종로,25020510,은행선화동
1860373002,복용북로17번길,25040690,학하동
1860617701,문지로316번길,25040570,전민동
1830028307,정보길,25010760,중앙동
1860130002,전민로,25040570,전민동
1870030601,동춘당로,25050620,송촌동
1830030404,태전로,25010800,삼성동
1850019801,구억뜸길,25030511,가수원동
1830454000,길티길,25010630,가양1동
1830473301,계족로,25010790,성남동
1850294004,상보안윗길,25030511,가수원동
1860113301,가정로,25040550,신성동
1870072801,덕암북로22번길,25050600,덕암동
1860147001,테크노7로,25040630,관평동
1830019801,중앙로200번길,25010760,중앙동
1840006603,계룡로,25020600,용두동
1830033404,태전로,25010800,삼성동
1830037301,가양로,25010630,가양1동
1850337900,도안중로,25030720,관저1동
1870019500,중리서로,25050550,중리동
1830012806,계족로,25010650,용전동
1840066600,중앙로164번길,25020510,은행선화동
1830123803,백룡로,25010570,용운동
1830043301,동서대로,25010640,가양2동
1830123000,대전로542번길,25010530,효동
1850125701,월평로,25030660,월평1동
1830040517,흥룡로,25010640,가양2동
1850120402,월평서로,25030660,월평1동
1870031000,송촌북로,25050550,중리동
1830472100,대전로906번길,25010790,성남동
1850042102,복수북로,25030510,복수동
1840048801,선화로,25020510,은행선화동
1830001909,산내로,25010750,산내동
1850030501,유등로,25030510,복수동
1860638200,엑스포로123번길,25040550,신성동
1870065808,덕암로,25050600,덕암동
1840048603,대종로,25020510,은행선화동
1850277600,관저남로,25030730,관저2동
1830042311,동서대로1695번길,25010650,용전동
1860115101,북유성대로,25040660,노은2동
1830456403,산내로1287번길,25010750,산내동
1850311302,둔산로31번길,25030600,둔산2동
1850051503,변동로,25030550,변동
1840044101,동서대로,25020640,태평2동
1860433101,테크노5로,25040630,관평동
1830474305,산서로,25010750,산내동
1860087800,노은동로,25040590,노은1동
1860634301,도안북로,25040680,진잠동
1850037105,계백로1286번길,25030540,정림동
1870081601,3공단3길,25050610,목상동
1850101300,둔산중로,25030590,둔산1동
1830123101,대전로542번길,25010530,효동
1840045200,오류로,25020620,오류동
1850148202,만년로,25030690,만년동
1850330001,계룡로342번길,25030640,갈마1동
1860106701,엑스포로,25040570,전민동
1860212600,월드컵대로,25040700,상대동
1850319203,봉우로8번길,25030720,관저1동
1860110102,북유성대로,25040660,노은2동
1860114001,지족로364번길,25040660,노은2동
1850315403,신갈마로141번길,25030640,갈마1동
1860152300,구룡고개길,25040610,구즉동
1850112601,둔산로,25030640,갈마1동
1860038102,계룡로18번길,25040640,온천1동
1860170701,노은로410번길,25040660,노은2동
1860093601,은구비남로7번길,25040590,노은1동
1850318400,복수동로,25030510,복수동
1870025300,선비마을로5번길,25050620,송촌동
1860427501,테크노1로,25040630,관평동
1860218500,노은로,25040550,신성동
1850117100,-,25030600,둔산2동
1850210401,-,25030530,도마2동
1850049901,도산로,25030550,변동
1860222100,계룡로132번길,25040710,원신흥동
1860215100,원신흥남로,25040710,원신흥동
1830457200,석천로,25010750,산내동
1830452700,한밭대로1237번길,25010650,용전동
1870008102,대덕대로,25050590,석봉동
1840031500,유천로,25020660,유천2동
1860331801,북유성대로,25040660,노은2동
1850117902,대덕대로233번길,25030600,둔산2동
1860376100,복용로,25040690,학하동
1850155400,유등로,25030520,도마1동
1850326903,신갈마로,25030640,갈마1동
1850054701,유등로,25030620,가장동
1850036305,계백로1300번길,25030540,정림동
1850147104,갑천도시고속도로,25030690,만년동
1850141202,청사로,25030680,월평3동
1860145300,테크노7로,25040630,관평동
1840024100,천근로,25020680,문화2동
1860352706,탑립로,25040630,관평동
1850043813,배재로,25030530,도마2동
1860064301,유성대로720번길,25040540,온천2동
1860331702,덕명로,25040690,학하동
1830014104,산내로1257번길,25010750,산내동
1860332502,호남고속도로지선,25040680,진잠동
1860100700,노은동로,25040660,노은2동
1850103901,둔산남로105번길,25030590,둔산1동
1830026702,대청호수로,25010730,대청동
1860372000,학하로,25040690,학하동
1830023601,용운로151번길,25010570,용운동
1860215201,원신흥남로,25040710,원신흥동
1860660902,자운로97번길,25040550,신성동
1840042801,대흥로165번길,25020550,대흥동
1870298309,대덕대로1527번길,25050590,석봉동
1860111600,노은서로266번길,25040660,노은2동
1860442400,테크노11로,25040630,관평동
1860033800,월드컵대로253번길,25040640,온천1동
1860234700,배울1로,25040630,관평동
1870066902,신일동로67번길,25050610,목상동
1860683705,박산로,25040640,온천1동
1850025601,벌곡로,25030511,가수원동
1850049101,배재로,25030520,도마1동
1860601300,지족북로,25040670,노은3동
1870011705,오정로,25050510,오정동
1840005502,충무로,25020560,문창동
1830470002,동부로10번길,25010550,판암1동
1840192802,동서대로,25020640,태평2동
1840054702,대종로,25020510,은행선화동
1840037100,평촌로,25020630,태평1동
1860009709,유성대로,25040550,신성동
1860409902,봉명로,25040710,원신흥동
1870053901,공단4길,25050520,대화동
1860603300,송림로53번길,25040660,노은2동
1840121701,산서로,25020690,산성동
1830472300,성남로,25010790,성남동
1870049401,계족로663번길,25050560,법1동
1870034504,계족산로17번길,25050570,법2동
1860726300,도안대로,25040680,진잠동
1850029805,복수동로52번길,25030510,복수동
1850058302,동서대로,25030630,내동
1860062702,온천동로65번길,25040640,온천1동
1850138900,청사로,25030600,둔산2동
1870061801,신일서로125번길,25050610,목상동
1830030702,우암로,25010800,삼성동
1830126100,대학로,25010570,용운동
1860621001,지족북로,25040670,노은3동
1850145900,유등로,25030690,만년동
1840016405,보문산로,25020690,산성동
1860057002,유성대로694번길,25040640,온천1동
1870077401,대덕대로1454번길,25050610,목상동
1830052513,신기로,25010530,효동
1860685303,복합환승로26번길,25040640,온천1동
1850135600,둔산중로,25030600,둔산2동
1870007901,대덕대로,25050610,목상동
1850048500,배재로,25030530,도마2동
1860018500,진잠로149번길,25040680,진잠동
1830045910,비래서로,25010640,가양2동
1850267301,관저로,25030730,관저2동
1850004003,계백로,25030512,도안동
1850085101,신갈마로,25030640,갈마1동
1870051302,-,25050560,법1동
1860042900,계룡로155번길,25040640,온천1동
1830451400,대전로900번길,25010800,삼성동
1850007103,계룡로,25030560,용문동
1850146000,둔산대로,25030670,월평2동
1840191000,보문산로,25020690,산성동
1860091502,은구비남로33번길,25040590,노은1동
1870493003,중리동로,25050550,중리동
1840126715,운남로,25020690,산성동
1860431101,테크노5로,25040630,관평동
1870053703,대전로,25050530,회덕동
1860202203,외삼로,25040660,노은2동
1850004900,계백로,25030540,정림동
1830027701,중앙로,25010760,중앙동
1830004945,대전로,25010530,효동
1840033900,평촌로,25020640,태평2동
1830055900,세천공원로,25010550,판암1동
1860131510,유성대로,25040570,전민동
1860099101,대덕대로512번길,25040550,신성동
1850326701,신갈마로,25030640,갈마1동
1850056401,도솔로,25030550,변동
1850041603,계백로1286번길,25030540,정림동
1850008001,계룡로,25030570,탄방동
1850303300,구봉로,25030540,정림동
1860131000,엑스포로,25040570,전민동
1870073502,신일동로17번길,25050610,목상동
1850027300,정림서로138번길,25030540,정림동
1840046803,중교로,25020550,대흥동
1870017703,비래서로9번길,25050540,비래동
1830466901,천동초등4길,25010530,효동
1860054300,유성대로694번길,25040640,온천1동
1840040902,선화로,25020600,용두동
1840063707,당디로,25020650,유천1동
1860057001,유성대로694번길,25040640,온천1동
1860073500,대학로76번길,25040540,온천2동
1860404500,원신흥북로,25040700,상대동
1860192002,지족로148번길,25040670,노은3동
1860014903,금남구즉로,25040610,구즉동
1860097400,노은서로142번길,25040590,노은1동
1860668003,용산2로,25040630,관평동
1850233102,도안남로,25030720,관저1동
1830127201,동구청로,25010530,효동
1840126712,운남로,25020690,산성동
1850132402,한밭대로707번길,25030670,월평2동
1830126402,대학로,25010570,용운동
1870028802,동춘당로54번길,25050620,송촌동
1860629401,왕가봉로,25040590,노은1동
1860147900,구즉로,25040610,구즉동
1840188202,보문산공원로497번안길,25020580,대사동
1840054303,목중로,25020530,목동
1840004906,계룡로,25020580,대사동
1860437001,테크노중앙로,25040630,관평동
1830015003,대전로,25010750,산내동
1830453902,길티길,25010630,가양1동
1870050804,선비마을로,25050530,회덕동
1830026400,대전로,25010760,중앙동
1870024401,동춘당로,25050620,송촌동
1860666202,자운로245번길,25040550,신성동
1850066701,용문로,25030610,괴정동
1860674701,문화원로6번길,25040540,온천2동
1850267701,구봉로,25030730,관저2동
1850112301,대덕대로220번길,25030600,둔산2동
1860691101,-,25040700,상대동
1830475800,대흥로,25010760,중앙동
1860123002,노은로426번길,25040660,노은2동
1860654202,계룡로,25040640,온천1동
1830284102,동산초교로55번길,25010680,홍도동
1860065403,온천서로,25040540,온천2동
1850104900,둔산로137번길,25030590,둔산1동
1870021102,우암로486번길,25050540,비래동
1860428801,테크노5로,25040630,관평동
1860192100,지족로148번길,25040670,노은3동
1840026000,유천로,25020660,유천2동
1850311401,둔산로31번길,25030600,둔산2동
1860675102,문화원로,25040540,온천2동
1830005111,대전로,25010530,효동
1850085200,신갈마로,25030640,갈마1동
1860602800,지족로349번길,25040670,노은3동
1850207302,도안동로,25030512,도안동
1850112101,둔산로73번길,25030600,둔산2동
1850329701,신갈마로,25030640,갈마1동
1860074600,대학로,25040540,온천2동
1860443201,테크노2로,25040630,관평동
1850064901,도산로,25030560,용문동
1860427500,테크노1로,25040630,관평동
1870034400,계족산로17번길,25050570,법2동
1850048203,조달청길,25030520,도마1동
1860147701,와룡로,25040610,구즉동
1850108801,둔산로51번길,25030600,둔산2동
1860115400,가정로,25040550,신성동
1850049200,도마로,25030520,도마1동
1860188202,지족북로,25040670,노은3동
1840049603,대전천서로,25020510,은행선화동
2830023200,신탄진로,33042320,현도면
1850080800,계룡로553번안길,25030570,탄방동
1850306102,대덕대로335번길,25030670,월평2동
1830018401,충무로,25010770,신인동
1860649301,도안동로,25040710,원신흥동
1860234602,배울1로,25040630,관평동
1830006202,통영대전고속도로,25010550,판암1동
1860116100,노은로,25040660,노은2동
1850140404,청사로,25030680,월평3동
1860601800,지족북로66번길,25040670,노은3동
1870080503,대덕대로1486번길,25050610,목상동
1840015700,대종로,25020570,석교동
1860007002,유성대로,25040540,온천2동
1860108800,은구비로156번길,25040660,노은2동
1860079201,한밭대로,25040540,온천2동
1860645202,대덕대로512번길,25040550,신성동
1870082700,문평서로76번길,25050610,목상동
1860132503,자운로97번길,25040550,신성동
1860092101,은구비남로7번길,25040590,노은1동
1840167200,대전남부순환고속도로,25020690,산성동
1850085300,신갈마로,25030640,갈마1동
1830017403,동부로,25010560,판암2동
1850041000,정림로65번길,25030540,정림동
1860009804,유성대로,25040550,신성동
1870089018,평촌2길,25050600,덕암동
1860336605,박산로,25040640,온천1동
1840011901,안영로,25020690,산성동
1870072101,대덕대로1454번길,25050610,목상동
1840055800,동서대로,25020540,중촌동
1850143300,월평북로,25030670,월평2동
1860307302,북유성대로400번길,25040660,노은2동
1860380101,진잠옛로,25040690,학하동
1860052001,온천로,25040640,온천1동
1840027306,대종로333번길,25020590,부사동
1860635301,동서대로656번길,25040680,진잠동
1830044703,홍도로,25010680,홍도동
1860379800,복용북로,25040690,학하동
1860617902,문지로316번길,25040570,전민동
1860040801,유성대로680번길,25040640,온천1동
1840185400,대종로549번길,25020510,은행선화동
1840049700,계룡로771번길,25020600,용두동
1860437701,테크노2로,25040630,관평동
1870007803,신탄진로,25050580,신탄진동
1870087306,신탄진북로,25050580,신탄진동
1870503000,덕암로,25050600,덕암동
1860102301,북유성대로,25040660,노은2동
1870503300,덕암로,25050600,덕암동
1860101501,엑스포로123번길,25040550,신성동
1870040202,대화로150번길,25050520,대화동
1850088601,문정로,25030570,탄방동
1840041102,대흥로,25020550,대흥동
1850080001,문정로,25030570,탄방동
1840049600,대전천서로,25020510,은행선화동
1860364601,학하남로65번길,25040690,학하동
1860681102,대정로42번길,25040680,진잠동
1860401800,상대동로,25040700,상대동
1850337800,도안대로,25030720,관저1동
1840199601,충무로,25020580,대사동
1840053400,대종로593번길,25020510,은행선화동
1830008302,충무로,25010770,신인동
1850100300,둔산서로,25030600,둔산2동
1870154501,장동로278번길,25050530,회덕동
1840067603,문창로,25020560,문창동
1860672701,유성대로668번길,25040640,온천1동
1850136401,둔산서로,25030600,둔산2동
1860088703,노은동로,25040590,노은1동
1860662303,자운로221번길,25040550,신성동
1860082803,왕가봉로24번길,25040590,노은1동
1870497302,신탄진로738번길,25050600,덕암동
1850138101,청사로,25030600,둔산2동
1850050108,도솔로,25030520,도마1동
1870062200,신일서로68번길,25050610,목상동
1870059800,대덕대로1284번길,25050610,목상동
1860060000,온천동로,25040640,온천1동
1850032701,벌곡로1353번길,25030511,가수원동
1870082002,-,25050610,목상동
1870087201,신탄진북로,25050580,신탄진동
1860193901,한밭대로,25040640,온천1동
1830020008,계족로140번길,25010570,용운동
1870010501,대전로1033번길,25050510,오정동
1860436100,테크노2로,25040630,관평동
1860409603,원신흥로55번길,25040710,원신흥동
1850234401,구봉산북로,25030730,관저2동
1860062401,온천북로,25040640,온천1동
1850006800,계백로,25030520,도마1동
1860186900,지족로,25040670,노은3동
1850121000,둔산북로,25030590,둔산1동
1850093201,대덕대로,25030650,갈마2동
1860117900,신성로62번길,25040550,신성동
1830456002,산내로1315번길,25010750,산내동
1870056103,장동로,25050530,회덕동
1860647201,구룡달전로,25040610,구즉동
1830040600,흥룡로,25010640,가양2동
1850313400,둔산서로10번길,25030570,탄방동
1840064900,유등천동로,25020690,산성동
1850109702,둔산중로58번길,25030590,둔산1동
1860096802,은구비남로33번길,25040590,노은1동
1860204800,유성대로,25040700,상대동
1870048600,대화로32번길,25050520,대화동
1850132200,한밭대로,25030670,월평2동
1840016305,보문산로,25020690,산성동
1850006404,계백로,25030530,도마2동
1860365001,학하남로,25040690,학하동
1830037902,동서대로,25010790,성남동
1850097503,둔산남로,25030570,탄방동
1840059902,어덕마을로104번길,25020540,중촌동
1860442202,테크노11로,25040630,관평동
1840192900,동서대로,25020640,태평2동
1830449601,신기로,25010530,효동
1840011200,뿌리공원로,25020690,산성동
1870023401,중리동로,25050550,중리동
1860079402,장대로,25040540,온천2동
1840022202,천근로,25020680,문화2동
1870034603,계족산로43번길,25050550,중리동
1860114406,가정북로,25040550,신성동
1850311201,도안동로,25030512,도안동
1840031302,충무로107번길,25020550,대흥동
1860409701,봉명로,25040710,원신흥동
1870064201,신일동로,25050610,목상동
1830476202,중교로,25010760,중앙동
1840043600,대흥로,25020550,대흥동
1850277601,관저남로,25030730,관저2동
1830034300,동대전로,25010640,가양2동
1860082400,월드컵대로,25040590,노은1동
1870003923,신탄진로,25050530,회덕동
1850146200,둔산대로,25030670,월평2동
1840055304,목중로,25020530,목동
1860054001,온천로101번길,25040640,온천1동
1850039801,관저북로,25030720,관저1동
1860007412,호남고속도로지선,25040550,신성동
1860075800,대학로,25040540,온천2동
1830033604,우암로,25010790,성남동
1860659801,-,25040640,온천1동
1860056200,온천로,25040640,온천1동
1850305101,유등로,25030510,복수동
1850063601,탄방로,25030560,용문동
1850021200,정림서로,25030540,정림동
1870015105,오정로78번길,25050510,오정동
1840016406,보문산로,25020690,산성동
1860632600,계백로,25040680,진잠동
1850029502,관저로,25030730,관저2동
1860120302,노은로,25040660,노은2동
1850313603,둔산중로32번길,25030590,둔산1동
1830037305,가양로,25010630,가양1동
1850235501,구봉산북로,25030730,관저2동
1860132502,자운로97번길,25040550,신성동
1840181801,대전천서로,25020540,중촌동
1860379200,복용로39번길,25040690,학하동
1840067700,대전천서로,25020560,문창동
1860044201,계룡로52번길,25040640,온천1동
1830040300,동대전로,25010640,가양2동
1860683501,구룡달전로,25040610,구즉동
1840044103,동서대로,25020630,태평1동
1870009102,신탄진로,25050580,신탄진동
1870039801,동춘당로114번길,25050620,송촌동
1850312004,갈마역로,25030670,월평2동
1840016102,보문산로,25020690,산성동
1830042402,동서대로1695번길,25010650,용전동
1860435400,테크노2로,25040630,관평동
1860195601,반석로,25040670,노은3동
1860660301,송림로54번길,25040660,노은2동
1850065400,도솔로,25030560,용문동
1840064600,대둔산로,25020690,산성동
1840067702,대전천서로,25020560,문창동
1850034200,계백로,25030730,관저2동
1860081000,한밭대로,25040540,온천2동
1860654702,계룡로59번길,25040640,온천1동
1830032305,길티길,25010630,가양1동
1830036301,우암로,25010630,가양1동
1860131602,유성대로,25040570,전민동
1830016005,옥천로180번길,25010550,판암1동
1850091500,둔산중로,25030570,탄방동
1870012505,오정로75번길,25050510,오정동
1850055701,변동중로,25030550,변동
1860233901,배울1로,25040630,관평동
1850022600,구봉로,25030730,관저2동
1840027303,대종로333번길,25020590,부사동
1860430506,관평1로,25040630,관평동
1860056100,온천로,25040640,온천1동
1830125301,대학로50번길,25010570,용운동
1860085601,한밭대로,25040590,노은1동
1860230102,농대로,25040540,온천2동
1860097801,엑스포로123번길,25040550,신성동
1850317103,원도안로224번길,25030512,도안동
1830012827,계족로,25010650,용전동
1840029300,문화로,25020670,문화1동
1850236700,계룡로,25030660,월평1동
1850331401,계룡로,25030660,월평1동
1850118500,신갈마로230번길,25030640,갈마1동
1870014803,한남로150번길,25050510,오정동
1860152301,구룡고개길,25040610,구즉동
1860146100,테크노7로,25040630,관평동
1850106401,문예로,25030590,둔산1동
1840054602,동서대로,25020540,중촌동
1870068104,문평서로,25050610,목상동
1830121001,계족로,25010530,효동
1860045703,계룡로155번길,25040640,온천1동
1840025902,유천로,25020660,유천2동
1840189702,산성로57번길,25020690,산성동
1870042901,대화로,25050520,대화동
1860047102,계룡로38번길,25040640,온천1동
1860067601,한밭대로492번길,25040640,온천1동
1870068801,신탄진로,25050580,신탄진동
1840030701,문화로,25020580,대사동
1840189401,보문산공원로497번길,25020580,대사동
1850021400,유등로,25030510,복수동
1860212201,자운로97번길,25040550,신성동
1860440601,테크노11로,25040630,관평동
1850323900,관저동로,25030730,관저2동
1860661601,-,25040550,신성동
1840025506,계백로1566번길,25020650,유천1동
1830037408,가양로,25010630,가양1동
1850318002,도마3길,25030520,도마1동
1840058102,대종로,25020540,중촌동
1860426000,테크노4로,25040630,관평동
1850292800,도안북로,25030512,도안동
1850034502,관저북로,25030730,관저2동
1860619600,대덕대로556번길,25040550,신성동
1870483100,신탄진로162번길,25050530,회덕동
1840019601,과례로22번길,25020670,문화1동
1870008800,대청로,25050580,신탄진동
1860170001,은구비남로7번길,25040590,노은1동
1840020700,산성로,25020680,문화2동
1870035201,대화로,25050520,대화동
1850315301,신갈마로141번길,25030640,갈마1동
1870011100,한남로,25050510,오정동
1850140502,청사로,25030680,월평3동
1860141300,테크노중앙로,25040630,관평동
1860379003,복용북로,25040690,학하동
1850108000,둔산로73번길,25030600,둔산2동
1850036303,계백로1300번길,25030540,정림동
2830004100,중척길,33042320,현도면
1850274001,관저중로,25030730,관저2동
1870048500,대화로32번길,25050520,대화동
1850050402,배재로,25030530,도마2동
1860727400,도안대로,25040680,진잠동
1850148601,만년로,25030690,만년동
1870036700,송촌북로35번길,25050570,법2동
1850333302,구봉산북로94번길,25030730,관저2동
1870026404,계족산로5번길,25050550,중리동
1860142801,테크노2로,25040630,관평동
1850012300,대덕대로,25030690,만년동
1850084001,대덕대로168번길,25030650,갈마2동
1840028800,보문로,25010530,효동
1850066205,괴정로,25030610,괴정동
1860332201,덕명로,25040690,학하동
1860639400,테크노중앙로,25040630,관평동
1860030001,월드컵대로299번길,25040640,온천1동
1860105703,과학로,25040550,신성동
1850077601,탄방로,25030570,탄방동
1860095201,은구비남로7번길,25040590,노은1동
1860134603,자운로157번길,25040550,신성동
1860053101,유성대로680번길,25040640,온천1동
1860145201,갑천로,25040630,관평동
1850334003,-,25030730,관저2동
1840193103,유등천동로,25020640,태평2동
1860723500,도안대로,25040680,진잠동
1860367800,학하중앙로128번길,25040690,학하동
1870035501,대화로150번길,25050520,대화동
1840197401,계룡로904번길,25020670,문화1동
1830461300,대전로,25010530,효동
1830052506,신기로,25010530,효동
1860336304,진잠로,25040680,진잠동
1850004302,계백로,25030512,도안동
1860369301,학하동로,25040690,학하동
1870041500,선비마을로,25050620,송촌동
1830469600,대전로,25010750,산내동
1870007914,대덕대로,25050610,목상동
1860075202,문화원로37번길,25040540,온천2동
1860603701,노은서로266번길,25040660,노은2동
1870022807,중리로,25050550,중리동
1870012301,한남로150번길,25050510,오정동
1860097700,엑스포로123번길,25040550,신성동
1830037005,동대전로248번길,25010640,가양2동
1830452001,성남로,25010790,성남동
1830040701,충정로,25010640,가양2동
1860400201,원신흥남로12번길,25040710,원신흥동
1860144901,테크노2로,25040630,관평동
1860030500,월드컵대로351번길,25040640,온천1동
1840040602,유천로132번길,25020630,태평1동
1860062701,온천동로65번길,25040640,온천1동
1870485102,중리동로56번길,25050550,중리동
1860004611,현충원로,25040640,온천1동
1860148903,송강로,25040610,구즉동
1850118503,신갈마로230번길,25030640,갈마1동
1830051401,중앙로,25010760,중앙동
1830007505,옥천로,25010560,판암2동
1860210300,도안대로,25040700,상대동
1870152404,장동로,25050530,회덕동
1830012708,계족로,25010650,용전동
1830476201,중교로,25010760,중앙동
1850235600,구봉산북로,25030730,관저2동
1840034402,대전천서로,25020560,문창동
1850028102,관저서로,25030730,관저2동
1830004907,대전로,25010750,산내동
1860365801,학하중앙로128번길,25040690,학하동
1850113202,신갈마로,25030640,갈마1동
1840025401,문화로,25020650,유천1동
1870153301,장동로,25050530,회덕동
1870497000,문평서로17번길,25050610,목상동
1860624400,지족동로142번길,25040670,노은3동
1860372500,학하중앙로149번길,25040690,학하동
1860648204,구룡달전로,25040610,구즉동
1860391104,죽동로,25040540,온천2동
1860097200,은구비남로7번길,25040590,노은1동
1840013801,안영로,25020690,산성동
1840181100,대전천서로,25020540,중촌동
1850292000,관저남로,25030730,관저2동
1850313300,둔산서로10번길,25030570,탄방동
1850126800,한밭대로,25030740,둔산3동
1850087901,문정로,25030570,탄방동
1870055300,천변도시고속도로,25050530,회덕동
1850028600,관저로,25030730,관저2동
1850083500,계룡로571번길,25030570,탄방동
1830128700,동구청로,25010750,산내동
1860666001,자운로245번길,25040550,신성동
1860366404,학하남로77번길,25040690,학하동
1830024101,새둑길,25010780,대동
1860080604,노은서로,25040590,노은1동
1860213504,자운로97번길,25040550,신성동
1870017803,비래서로9번길,25050540,비래동
1870476101,-,25050590,석봉동
1850005909,계백로,25030540,정림동
1850124401,둔산북로,25030600,둔산2동
1870012406,한남로150번길,25050510,오정동
1860014401,대덕대로,25040610,구즉동
1830004939,대전로,25010530,효동
1850313704,계룡로394번길,25030650,갈마2동
1850117300,대덕대로234번길,25030600,둔산2동
1830447701,석천로,25010750,산내동
1850028307,관저로,25030730,관저2동
1840187500,계룡로918번길,25020670,문화1동
1860634001,도안대로,25040680,진잠동
1840037500,대흥로,25020550,대흥동
1830055803,태전로,25010800,삼성동
1860061001,온천북로,25040640,온천1동
1870088402,-,25050510,오정동
1860688102,엑스포로539번길,25040630,관평동
1850006306,계백로,25030530,도마2동
1860100400,노은로,25040660,노은2동
1850144600,둔산대로,25030600,둔산2동
1850123201,월평로,25030660,월평1동
1860232901,구룡고개길,25040610,구즉동
1860410201,원신흥로,25040710,원신흥동
1860055101,온천로,25040640,온천1동
1830024206,새둑길,25010760,중앙동
1850115500,둔산로101번길,25030590,둔산1동
1830454102,동중앙로,25010760,중앙동
1860047902,계룡로74번길,25040640,온천1동
1830052105,동구청로,25010550,판암1동
1860050900,계룡로87번길,25040640,온천1동
1860681201,대정로42번길,25040680,진잠동
1860164601,테크노중앙로,25040630,관평동
1860368101,학하남로90번길,25040690,학하동
1870052600,대전로,25050530,회덕동
1850109101,둔산로,25030600,둔산2동
1870039501,대화로,25050520,대화동
1860085500,한밭대로,25040590,노은1동
1850085100,신갈마로,25030640,갈마1동
1870498203,석봉북로24번길,25050590,석봉동
1870481101,신탄진로583번길,25050600,덕암동
1840052203,보문로,25020510,은행선화동
1860600400,대덕대로541번길,25040550,신성동
1860141800,테크노9로,25040630,관평동
1860613500,문지로299번길,25040570,전민동
1850210203,동서대로,25030660,월평1동
1830492001,삼가로,25010800,삼성동
1830007410,옥천로,25010550,판암1동
1850111400,대덕대로220번길,25030600,둔산2동
1860179401,봉산북로,25040610,구즉동
1850142201,유등로,25030600,둔산2동
1860042401,유성대로668번길,25040640,온천1동
1860637700,엑스포로,25040550,신성동
1860608600,문지로,25040570,전민동
1830057100,대전로987번길,25050510,오정동
1870026901,송촌북로,25050620,송촌동
1850287701,도안북로93번길,25030512,도안동
1860013603,대덕대로,25040610,구즉동
1870484500,대전로1185번길,25050510,오정동
1840041904,보문로,25020550,대흥동
1860012008,대덕대로,25040550,신성동
1840042602,대흥로,25020550,대흥동
1850308401,관저북로13번길,25030720,관저1동
1860330201,덕명로,25040690,학하동
1870044601,매봉길,25050570,법2동
1830191400,경부고속도로,25010730,대청동
1830475403,인창로,25010770,신인동
1850108401,월평새뜸로,25030660,월평1동
1860085701,한밭대로,25040590,노은1동
1860682702,대정로42번길,25040680,진잠동
1870478500,대덕대로1585번길,25050590,석봉동
1830023702,백룡로,25010570,용운동
1870072901,덕암북로22번길,25050600,덕암동
1840013204,안영로,25020690,산성동
1870073001,덕암북로60번길,25050600,덕암동
1860603000,지족로364번길,25040660,노은2동
1840066402,문창로,25020590,부사동
1860125300,신성서로,25040550,신성동
1830035203,현암로,25010800,삼성동
1860726600,도안대로,25040680,진잠동
1850116001,둔산북로90번길,25030600,둔산2동
1850084700,-,25030600,둔산2동
1860625602,유성대로1366번길,25040550,신성동
1850143403,청사서로,25030670,월평2동
1840057801,목중로54번길,25020540,중촌동
1840003706,계백로,25020650,유천1동
1850107901,둔산로,25030600,둔산2동
1860203302,학하복용로,25040690,학하동
1850103601,문예로,25030590,둔산1동
1860660801,-,25040550,신성동
1860664902,자운로97번길,25040550,신성동
1850122700,둔산북로,25030590,둔산1동
1860120600,반석서로,25040670,노은3동
1860013901,대덕대로,25040610,구즉동
1850136200,-,25030600,둔산2동
1860026401,진잠옛로,25040690,학하동
1870022300,송촌로,25050620,송촌동
1830476101,중교로,25010760,중앙동
1850047102,도산로,25030520,도마1동
1840195902,중앙로,25020510,은행선화동
1860496700,대덕대로,25040550,신성동
1860151600,-,25040610,구즉동
1850267401,계백로860번길,25030730,관저2동
1850064602,괴정로,25030610,괴정동
1840023911,문화로234번길,25020670,문화1동
1860649802,도안동로,25040710,원신흥동
1860010811,유성대로,25040550,신성동
1850108200,둔산서로,25030600,둔산2동
1860369800,학하남로100번길,25040690,학하동
1850034706,정림서로,25030540,정림동
1840059901,어덕마을로104번길,25020540,중촌동
1840048106,동서대로,25020600,용두동
1870008901,대청로,25050580,신탄진동
1870035202,대화로,25050520,대화동
1860431301,테크노1로,25040630,관평동
1850334001,-,25030730,관저2동
1860043100,유성대로668번길,25040640,온천1동
1860652701,원신흥남로12번길,25040710,원신흥동
1850079800,문정로9번길,25030600,둔산2동
1850051500,변동로,25030550,변동
1860619001,문지로316번길,25040570,전민동
1860010502,대덕대로,25040550,신성동
1850060404,용문로,25030560,용문동
1870087500,대청로82번길,25050580,신탄진동
1830005043,대전로,25010530,효동
1840041901,보문로,25020550,대흥동
1840051403,동서대로,25020530,목동
1850111900,대덕대로220번길,25030600,둔산2동
1830462200,은어송로52번길,25010530,효동
1850009301,계룡로,25030640,갈마1동
1830126601,동구청로,25010530,효동
1860054900,온천로107번길,25040640,온천1동
1860724600,-,25040680,진잠동
1860601802,지족북로66번길,25040670,노은3동
1840054305,목중로,25020530,목동
1840017107,보문산로,25020680,문화2동
1830034801,현암로,25050510,오정동
1850062700,도산로,25030560,용문동
1850090200,문정로,25030570,탄방동
1860386300,도안대로,25040680,진잠동
1860038601,계룡로52번길,25040640,온천1동
1860091700,은구비남로,25040590,노은1동
1830014501,산내로1305번길,25010750,산내동
1860433601,테크노2로,25040630,관평동
1830032703,동서대로1572번길,25010790,성남동
1860146900,테크노7로,25040630,관평동
1850126801,한밭대로,25050510,오정동
1860725800,도안대로,25040680,진잠동
1860204300,유성대로,25040690,학하동
1860150301,금남구즉로,25040610,구즉동
1830468002,옥천로106번길,25010550,판암1동
1870053000,아리랑로,25050530,회덕동
1860648101,구룡달전로,25040610,구즉동
1870033700,선비마을로23번길,25050620,송촌동
1860400605,상대동로,25040700,상대동
1860332700,호남고속도로지선,25040690,학하동
1870061804,신일서로125번길,25050610,목상동
1860396401,상대동로,25040700,상대동
1850032304,관저중로96번길,25030730,관저2동
1830033900,동서대로,25010800,삼성동
1860004508,현충원로,25040640,온천1동
1860131700,자운로,25040550,신성동
1840122902,사정공원로,25020690,산성동
1860222602,농대로,25040540,온천2동
1840019003,당디로,25020690,산성동
1850038900,보문산로,25020690,산성동
1850085600,문정로60번길,25030570,탄방동
1830015101,산서로,25010750,산내동
1860018903,한우물로,25040680,진잠동
1870041100,동춘당로114번길,25050620,송촌동
1860603600,송림로53번길,25040660,노은2동
1860124205,엑스포로,25040570,전민동
1870022503,중리남로,25050550,중리동
1860623601,지족북로,25040670,노은3동
1840056401,-,25010800,삼성동
1870053505,아리랑로,25050530,회덕동
1830025203,동대전로,25010780,대동
1860429500,테크노5로,25040630,관평동
1860212700,월드컵대로,25040700,상대동
1840191500,보문산로,25020690,산성동
1860019300,대정남로,25040680,진잠동
1830020605,대전로,25010760,중앙동
1840041905,보문로,25020550,대흥동
1850295301,동서대로,25030512,도안동
1860150001,와룡로,25040610,구즉동
1840047702,오류로,25020620,오류동
1850125702,월평로,25030640,갈마1동
1860037601,유성대로654번길,25040640,온천1동
1850101601,둔산중로32번길,25030590,둔산1동
1870061900,신일서로125번길,25050610,목상동
1840173100,대전남부순환고속도로,25020690,산성동
1860031501,월드컵대로253번안길,25040640,온천1동
1860393701,유성대로877번길,25040540,온천2동
1860660103,송림로54번길,25040660,노은2동
1850329602,신갈마로,25030640,갈마1동
1840185501,대전천서로,25020510,은행선화동
1830012830,계족로,25010650,용전동
1840060201,대전천서로,25020540,중촌동
1850137903,문정로,25030600,둔산2동
1850023503,복수동로,25030510,복수동
1860214303,노은로,25040550,신성동
1870499007,대화로32번길,25050520,대화동
1830005606,옥천로,25010550,판암1동
1830044205,우암로,25010640,가양2동
1840122000,산서로,25020690,산성동
1860608300,문지로,25040570,전민동
1870060000,신일서로104번길,25050610,목상동
1830022901,용운로,25010570,용운동
1860011002,호남고속도로지선,25040630,관평동
1870057301,대덕대로1284번길,25050610,목상동
1830017601,동부로,25010560,판암2동
1860652402,-,25040710,원신흥동
1870028307,송촌북로4번길,25050620,송촌동
1860007308,호남고속도로지선,25040550,신성동
1860038100,계룡로18번길,25040640,온천1동
1860092801,노은서로,25040590,노은1동
1870080802,대덕대로1486번길,25050610,목상동
1870036901,계족산로,25050620,송촌동
1860691301,-,25040700,상대동
1870050700,계족로690번길,25050570,법2동
1850266500,계백로860번길,25030730,관저2동
1850055600,변동중로,25030550,변동
1850070000,계룡로571번길,25030570,탄방동
1850030900,복수동로,25030510,복수동
1850080801,계룡로553번안길,25030570,탄방동
1840045805,중앙로,25020550,대흥동
1870024500,동춘당로,25050620,송촌동
1840026002,유천로,25020660,유천2동
1870028604,동춘당로44번길,25050620,송촌동
1830031104,가양로,25010630,가양1동
1860106100,대덕대로512번길,25040550,신성동
1860036700,계룡로38번길,25040640,온천1동
1850303902,복수중로,25030510,복수동
1870021202,우암로486번길,25050540,비래동
1830052401,신기로,25010530,효동
1830025101,동대전로,25010780,대동
1830475903,대전천동로,25010760,중앙동
1840033901,평촌로,25020640,태평2동
1860207800,도안대로,25040680,진잠동
1850033501,유등로,25030510,복수동
1870053506,아리랑로,25050530,회덕동
1860608400,문지로,25040570,전민동
1830016904,새울로,25010550,판암1동
1860006901,유성대로,25040540,온천2동
1860124214,엑스포로,25040570,전민동
1830021800,계족로,25010780,대동
1860074900,문화원로,25040540,온천2동
1870152601,장동로228번길,25050530,회덕동
1870495500,신일서로126번길,25050610,목상동
1850098500,둔산남로,25030570,탄방동
1870006601,대덕대로,25050610,목상동
1860137204,자운로,25040550,신성동
1830447603,동서대로1683번길,25010650,용전동
1850109300,-,25030600,둔산2동
1860691201,-,25040700,상대동
1870034001,송촌북로16번길,25050620,송촌동
1850105903,둔산로,25030590,둔산1동
1860013602,대덕대로,25040610,구즉동
1850039900,관저북로,25030720,관저1동
1840025604,계백로1566번길,25020650,유천1동
1850146901,둔산대로,25030690,만년동
1860221000,봉명로,25040710,원신흥동
1860141200,테크노9로,25040630,관평동
1860401601,유성대로877번길,25040540,온천2동
1860120700,노은로426번길,25040660,노은2동
1840128901,보문산로,25020580,대사동
1850089301,문정로,25030600,둔산2동
1860669902,월드컵대로275번길,25040640,온천1동
1870485100,중리동로56번길,25050550,중리동
1850143603,월평북로,25030670,월평2동
1830005502,옥천로,25010550,판암1동
1870489500,비래서로,25050540,비래동
1860144400,테크노2로,25040630,관평동
1860629600,왕가봉로24번길,25040590,노은1동
1860008508,대덕대로,25040550,신성동
1860003701,계룡로,25040640,온천1동
1860683402,-,25040610,구즉동
1850289200,도안북로93번길,25030512,도안동
1870064800,신일동로,25050610,목상동
1830463700,은어송로51번길,25010530,효동
1860340300,호남고속도로지선,25040540,온천2동
1850021201,정림서로,25030540,정림동
1840028801,보문로,25010530,효동
1870025302,선비마을로5번길,25050620,송촌동
1830028301,정보길,25010780,대동
1860691401,-,25040700,상대동
1870059400,덕암로,25050600,덕암동
1850118900,대덕대로242번길,25030600,둔산2동
1850155500,유등로,25030520,도마1동
1840062901,대전천서로,25050510,오정동
1830284600,동산초교로23번길,25010680,홍도동
1860387600,죽동로,25040540,온천2동
1860634201,도안북로,25040680,진잠동
1870004608,신탄진로,25050600,덕암동
1860113503,가정로,25040550,신성동
1870080400,대덕대로1486번길,25050610,목상동
1830016305,동부로,25010560,판암2동
1860046900,유성대로680번길,25040640,온천1동
1860201704,학하중앙로,25040690,학하동
1860661702,자운로97번길,25040550,신성동
1870075201,대덕대로1486번길,25050610,목상동
1850043809,배재로,25030530,도마2동
1850034403,관저북로,25030720,관저1동
1840004802,충무로,25020590,부사동
1860137202,자운로,25040550,신성동
1830020601,대전로,25010760,중앙동
1860624902,지족동로142번길,25040670,노은3동
1860130702,유성대로,25040570,전민동
1850007302,계룡로,25030570,탄방동
1860407400,원신흥남로28번길,25040710,원신흥동
1850120300,월평로,25030660,월평1동
1860372701,학하남로,25040690,학하동
1850268000,구봉로28번길,25030730,관저2동
1870477301,방두말5길,25050600,덕암동
1860430401,테크노5로,25040630,관평동
1860632902,유성대로,25040680,진잠동
1830005038,대전로,25010530,효동
1850198800,도안중로,25030512,도안동
1830053001,신기로,25010530,효동
1860431601,테크노4로,25040630,관평동
1860086500,노은서로,25040590,노은1동
1860630100,상대서로68번길,25040700,상대동
1860195301,지족동로,25040670,노은3동
1830490402,새둑길,25010760,중앙동
1860631700,대전남부순환고속도로,25040680,진잠동
1860600205,엑스포로339번길,25040570,전민동
1860035902,계룡로52번길,25040640,온천1동
1860118104,송림로,25040660,노은2동
1850070002,계룡로571번길,25030570,탄방동
1830031204,가양로,25010630,가양1동
1860386101,도안대로,25040680,진잠동
1850070302,대덕대로,25030650,갈마2동
1850139200,청사로,25030600,둔산2동
1860619701,대덕대로578번길,25040550,신성동
1870072704,석봉로58번길,25050590,석봉동
1830038903,옛신탄진로,25010680,홍도동
1830017200,옥천로,25010550,판암1동
1850236000,구봉로,25030730,관저2동
1860018002,진잠로,25040680,진잠동
1860226201,도안동로,25040710,원신흥동
1840042700,대흥로165번길,25020550,대흥동
1840015201,과례로22번길,25020670,문화1동
1830034800,현암로,25010800,삼성동
1830125100,대학로,25010570,용운동
1860065402,온천서로,25040540,온천2동
1870497301,신탄진로738번길,25050580,신탄진동
1860207601,상대서로,25040700,상대동
1870084303,신탄진동로,25050580,신탄진동
1830470405,동부로,25010560,판암2동
1860171007,대덕대로556번길,25040550,신성동
1860670801,월드컵대로321번길,25040640,온천1동
1850050400,배재로,25030530,도마2동
1860173605,용계로94번길,25040680,진잠동
1870021301,동춘당로,25050540,비래동
1850113400,문예로,25030590,둔산1동
1830028200,동대전로,25010600,자양동
1860332300,덕명로,25040690,학하동
1870077201,대덕대로1486번길,25050610,목상동
1860229203,농대로,25040540,온천2동
1840025603,계백로1566번길,25020650,유천1동
1870003600,경부고속도로,25050530,회덕동
1870486504,대전로1019번길,25050510,오정동
1840061100,대종로,25020540,중촌동
1830468303,옥천로106번길,25010550,판암1동
1860614400,아리랑로21번길,25040570,전민동
1850088301,둔산중로,25030570,탄방동
1860064800,대학로,25040640,온천1동
1860133700,엑스포로539번길,25040630,관평동
1830347506,충무로209번길,25010760,중앙동
1860604900,갑천도시고속도로,25040540,온천2동
1840193000,유등천동로,25020640,태평2동
1860080302,왕가봉로,25040590,노은1동
1830007309,옥천로,25010550,판암1동
1860404403,죽동로279번길,25040540,온천2동
1840054601,동서대로,25020530,목동
1830020700,용운로,25010570,용운동
1850079401,문정로,25030600,둔산2동
1830035200,현암로,25010800,삼성동
1860331202,덕명로56번길,25040690,학하동
1850205901,도안동로,25040710,원신흥동
1840026300,보문로,25020560,문창동
1850322501,벌곡로1285번길,25030511,가수원동
1850041401,정림로,25030540,정림동
1860442000,테크노11로,25040630,관평동
1840025501,계백로1566번길,25020680,문화2동
1860139900,대덕대로989번길,25040630,관평동
1870489801,신상로,25050540,비래동
1860100201,은구비로,25040590,노은1동
1830285500,동산초교로34번길,25010680,홍도동
1860114800,가정로,25040550,신성동
1850105501,둔산중로,25030590,둔산1동
1850319101,봉우로8번길,25030720,관저1동
1830474124,산서로,25010750,산내동
1850069802,계룡로583번길,25030570,탄방동
1830026802,대청호수로,25010730,대청동
1850151000,둔산대로117번길,25030690,만년동
1840013302,대둔산로255번길,25020690,산성동
1860657303,신성남로,25040550,신성동
1850326501,신갈마로,25030640,갈마1동
1860614901,엑스포로446번길,25040570,전민동
1860171101,은구비남로7번길,25040590,노은1동
1830467404,토천1길,25010770,신인동
1830003512,대전로,25010750,산내동
1860606001,구즉로57번길,25040610,구즉동
1850102401,둔산서로,25030600,둔산2동
1870014700,한남로150번길,25050510,오정동
1830030406,태전로,25010800,삼성동
1830022600,용운로,25010570,용운동
1830446901,신인로,25010770,신인동
1860618800,문지로316번길,25040570,전민동
1850021903,유등로,25030510,복수동
1850107301,둔산로,25030600,둔산2동
1870022701,중리로,25050560,법1동
1830463102,은어송로51번길,25010530,효동
1860099600,은구비로,25040590,노은1동
1850102801,둔산로74번길,25030600,둔산2동
1850109400,갈마역로,25030640,갈마1동
1860238600,테크노2로,25040630,관평동
1860053202,유성대로680번길,25040640,온천1동
1860151602,-,25040610,구즉동
1870489502,비래서로,25050540,비래동
1850056407,도솔로,25030550,변동
1850112900,갈마역로,25030640,갈마1동
1830009601,계족로,25010780,대동
1870030401,송촌북로12번길,25050620,송촌동
1850033901,복수동로,25030510,복수동
1870015500,대전로,25050510,오정동
1860638900,당진영덕고속도로,25040660,노은2동
1850113502,문예로,25030590,둔산1동
1860416401,유성대로1184번길,25040550,신성동
1850077400,탄방로,25030570,탄방동
1840025502,계백로1566번길,25020650,유천1동
1850098001,둔산남로,25030590,둔산1동
1840191102,보문산로,25020690,산성동
1860424701,관평1로,25040630,관평동
1860002703,계룡로,25040640,온천1동
1850032303,관저중로96번길,25030730,관저2동
1860441600,테크노2로,25040630,관평동
1860169000,대학로76번안길,25040540,온천2동
1860116900,신성남로,25040550,신성동
1860050001,대학로,25040640,온천1동
1860028700,월드컵대로,25040700,상대동
1860131616,유성대로,25040570,전민동
1840046601,수침로,25020630,태평1동
1870477200,대덕대로1486번길,25050610,목상동
1840191800,문화로,25020690,산성동
1860089401,노은로,25040590,노은1동
1830025501,새울로,25010570,용운동
1850059902,도산로,25030620,가장동
1860132701,엑스포로466번길,25040570,전민동
1870022802,중리로,25050550,중리동
1870004506,신탄진로,25050600,덕암동
1830018603,대동천좌안3길,25010770,신인동
1840181701,대전천서로,25020540,중촌동
1860425800,테크노3로,25040630,관평동
1860035200,월드컵대로253번길,25040640,온천1동
1860613102,문지로299번길,25040570,전민동
1860380002,진잠옛로,25040690,학하동
1830021401,용운동길,25010570,용운동
1850127900,한밭대로570번길,25030660,월평1동
1840190604,계백로1615번길,25020660,유천2동
1860685002,유성대로671번길,25040640,온천1동
1870198400,경부고속도로,25050600,덕암동
1850292701,도안북로,25030512,도안동
1870062006,덕암로,25050600,덕암동
1860096201,엑스포로151번길,25040550,신성동
1860007409,호남고속도로지선,25040590,노은1동
1860444202,갑천로,25040630,관평동
1860399902,죽동로297번길,25040540,온천2동
1850144100,월평동로,25030670,월평2동
1860070100,문화원로,25040640,온천1동
1830449901,천동초등동길,25010770,신인동
1860031301,월드컵대로253번길,25040640,온천1동
1870013001,오정로,25050510,오정동
1860096800,은구비남로33번길,25040590,노은1동
1840025000,산성로,25020680,문화2동
1860004803,유성대로,25040540,온천2동
1850138000,청사로,25030600,둔산2동
1830042301,동서대로1695번길,25010650,용전동
1870497403,신탄진로738번길,25050580,신탄진동
1870047400,선비마을로,25050570,법2동
1860597901,테크노2로,25040630,관평동
1860215000,원신흥남로,25040710,원신흥동
1840192906,동서대로,25020640,태평2동
1860336705,박산로,25040640,온천1동
1860043301,계룡로18번길,25040640,온천1동
1830490603,새둑길,25010760,중앙동
1860367102,학하중앙로128번길,25040690,학하동
1860106301,은구비로,25040660,노은2동
1850332801,관저중로95번길,25030730,관저2동
1870055610,산디로,25050530,회덕동
1830473001,성남로,25010800,삼성동
1870056109,장동로,25050530,회덕동
1830040802,충정로,25010640,가양2동
1860045801,계룡로155번길,25040640,온천1동
1860079800,노은서로,25040590,노은1동
1830465302,은어송로77번길,25010530,효동
1870047303,계족로664번길,25050570,법2동
1850063801,신갈마로,25030630,내동
1850132901,청사서로,25030670,월평2동
1830025000,대전로,25010760,중앙동
1860012400,호남고속도로지선,25040550,신성동
1860060201,온천북로,25040640,온천1동
1870026604,계족산로17번길,25050550,중리동
1860043601,도안대로589번길,25040640,온천1동
2830022901,경부고속도로,33042320,현도면
1840198202,오류로,25020620,오류동
1850111101,둔산로,25030600,둔산2동
1870499110,한남로67번길,25010680,홍도동
1840054500,동서대로,25020510,은행선화동
1830053302,대전로448번길,25010530,효동
1850024502,유등로,25030510,복수동
1860639502,테크노중앙로,25040630,관평동
1850142101,갑천도시고속도로,25030680,월평3동
1850081900,계룡로491번길,25030600,둔산2동
1860390800,죽동로,25040540,온천2동
1850307103,계룡로416번길,25030650,갈마2동
1860218200,월드컵대로,25040710,원신흥동
1850133001,한밭대로,25030670,월평2동
1850048502,배재로,25030530,도마2동
1870060601,덕암로,25050600,덕암동
1870046901,선비마을로,25050620,송촌동
1850328403,둔지로,25030600,둔산2동
1850149700,둔산대로117번길,25030690,만년동
1860307402,북유성대로400번길,25040660,노은2동
1860611600,문지로,25040570,전민동
1870441901,-,25050530,회덕동
1860371100,학하중앙로127번길,25040690,학하동
1850266301,구봉로,25030730,관저2동
1870079000,문평동로,25050610,목상동
1860010710,유성대로,25040550,신성동
1850092606,갈마로,25030640,갈마1동
1830449900,천동초등동길,25010770,신인동
1860411501,봉명로,25040710,원신흥동
1870065902,덕암로,25050600,덕암동
1840042901,계룡로816번길,25020620,오류동
1860367302,학하중앙로127번길,25040690,학하동
1860498700,구즉세종로,25050610,목상동
1870061701,신일서로,25050610,목상동
1860188800,지족로,25040670,노은3동
1860155201,배울1로,25040630,관평동
1860088604,노은동로99번길,25040590,노은1동
1830037302,가양로,25010630,가양1동
1870206600,경부고속도로,25050540,비래동
1860367600,학하중앙로127번길,25040690,학하동
1850284401,도안북로,25030512,도안동
1850041303,정림서로,25030540,정림동
1850201501,원도안로,25030512,도안동
1860043503,도안대로589번길,25040640,온천1동
1830040705,충정로,25010640,가양2동
1850007402,계룡로,25030570,탄방동
1850005100,계백로,25030540,정림동
1860213301,자운로97번길,25040550,신성동
1830039900,동서대로1668번길,25010790,성남동
1850049500,유등로,25030550,변동
1860605702,배울1로,25040610,구즉동
1840011601,대둔산로199번길,25020690,산성동
1850006408,계백로,25030530,도마2동
1860649501,-,25040710,원신흥동
1860444900,갑천로,25040630,관평동
1830026800,대청호수로,25010730,대청동
1860199500,학하복용서로,25040690,학하동
1860601102,반석동로,25040670,노은3동
1860139300,자운로245번길,25040550,신성동
1860167100,호남고속도로지선,25040550,신성동
1860017901,진잠로,25040680,진잠동
1850048103,도산로,25030520,도마1동
1870047302,계족로664번길,25050570,법2동
1860425400,테크노2로,25040630,관평동
1850048600,도솔로,25030520,도마1동
1850293900,상보안윗길,25030511,가수원동
1850076101,문정로10번길,25030570,탄방동
1860398000,죽동2길,25040540,온천2동
1860017100,진잠로42번길,25040680,진잠동
1860608301,문지로,25040570,전민동
1870043400,대화로132번길,25050520,대화동
1870081401,대덕대로1470번길,25050610,목상동
1860372601,학하북로,25040690,학하동
1850077401,탄방로,25030570,탄방동
1860370003,학하남로100번길,25040690,학하동
1850012401,대덕대로,25030670,월평2동
1850338400,도안중로,25030720,관저1동
1850047906,조달청길,25030520,도마1동
1860029100,도안대로,25040640,온천1동
1830473900,-,25010750,산내동
1830019502,대흥로,25010760,중앙동
1850285801,관저남로,25030730,관저2동
1860365601,학하중앙로,25040690,학하동
1830180001,대전남부순환고속도로,25010750,산내동
1840133600,은어송로,25020570,석교동
1860032803,월드컵대로307번길,25040640,온천1동
1870039901,동춘당로114번길,25050620,송촌동
1860202800,북유성대로,25040670,노은3동
1860669702,월드컵대로275번길,25040700,상대동
1860366503,학하남로77번길,25040690,학하동
1840010301,대둔산로,25020690,산성동
1850095404,남선로60번길,25030570,탄방동
1850040000,혜천로,25030510,복수동
1830004601,대전로,25010750,산내동
1850128100,월평중로,25030660,월평1동
1840014702,대종로,25020570,석교동
1850097700,둔산중로,25030590,둔산1동
1830017303,동부로,25010570,용운동
1870488600,옛신탄진로,25050510,오정동
1840056400,-,25020510,은행선화동
1850287800,도안북로93번길,25030512,도안동
1860664101,자운로245번길,25040550,신성동
1860233002,금남구즉로,25040610,구즉동
1830015604,옥천로180번길,25010550,판암1동
1860666201,자운로245번길,25040550,신성동
1830451100,옛신탄진로74번길,25010790,성남동
1840025102,보문산공원로497번길,25020580,대사동
1860082102,대학로,25040540,온천2동
1840061802,어덕마을로,25020540,중촌동
1850058504,도솔로,25030630,내동
1840013203,안영로,25020690,산성동
1850028001,관저서로,25040680,진잠동
1850314001,계룡로416번길,25030650,갈마2동
1870055708,산디로,25050530,회덕동
1870089801,대전천북로,25050510,오정동
1850072201,문정로90번길,25030570,탄방동
1830009503,계족로,25010760,중앙동
1860011003,호남고속도로지선,25040570,전민동
1850008401,계룡로,25030650,갈마2동
1860691302,-,25040700,상대동
1860404600,원신흥북로,25040710,원신흥동
1860057401,장대로,25040640,온천1동
1860213400,자운로97번길,25040550,신성동
1870023200,중리남로,25050550,중리동
1870035500,대화로150번길,25050520,대화동
1860014101,봉산로,25040610,구즉동
1870086903,문평동로72번길,25050610,목상동
1860389701,죽동로,25040540,온천2동
1870045401,대전로1331번길,25050520,대화동
1840045703,중앙로,25020510,은행선화동
1850322404,관저로129번길,25030730,관저2동
1860366504,학하남로77번길,25040690,학하동
1860609400,엑스포로446번길,25040570,전민동
1850321700,구봉로131번길,25030730,관저2동
1830006801,옥천로,25010550,판암1동
1860120500,반석서로,25040670,노은3동
1850265400,계백로,25040680,진잠동
1860030101,월드컵대로253번길,25040640,온천1동
1830123500,대전로542번길,25010530,효동
1860032902,월드컵대로299번길,25040640,온천1동
1840195701,보문로,25020510,은행선화동
1860147600,-,25040630,관평동
1860437400,배울2로,25040630,관평동
1860010618,대덕대로,25040550,신성동
1830029003,우암로,25010800,삼성동
1860208000,도안대로,25040710,원신흥동
1850267001,구봉로28번길,25030730,관저2동
1860615502,문지로315번길,25040570,전민동
1860187000,지족로,25040670,노은3동
1830451001,대동천우안3길,25010780,대동
1860373000,복용북로17번길,25040690,학하동
1860069101,문화원로,25040640,온천1동
1840017100,보문산로,25020680,문화2동
1860103900,은구비로,25040660,노은2동
1850310701,대덕대로167번길,25030650,갈마2동
1860496601,대덕대로,25040550,신성동
1850148201,만년로,25030690,만년동
1850333103,구봉산북로94번길,25030730,관저2동
1840002502,대둔산로,25020690,산성동
1870022500,중리남로,25050550,중리동
1850023202,관저중로,25030730,관저2동
1870056603,덕암로,25050600,덕암동
1860664802,자운로245번길,25040550,신성동
1850331901,벌곡로1285번길,25030511,가수원동
1850106100,문정로,25030590,둔산1동
1850133801,한밭대로,25030660,월평1동
1830041916,대청호수로,25010730,대청동
1840126608,운남로,25020690,산성동
1830463300,대전로,25010530,효동
1840003202,대둔산로,25020690,산성동
1830022301,새울로,25010570,용운동
1860147902,구즉로,25040610,구즉동
1860377601,복용북로,25040690,학하동
1860164502,테크노중앙로,25040630,관평동
1860015006,금남구즉로,25040610,구즉동
1870056002,장동로,25050530,회덕동
1860369701,학하남로,25040690,학하동
1850135802,대덕대로290번길,25030670,월평2동
1850099401,둔산남로,25030740,둔산3동
1860147200,테크노중앙로,25040630,관평동
1860191900,지족로190번길,25040670,노은3동
1860111801,지족로364번길,25040660,노은2동
1840065202,유등천동로,25020690,산성동
1870002404,계족로,25050570,법2동
1850207301,도안동로,25030512,도안동
1860637400,어은로,25040640,온천1동
1860664002,자운로97번길,25040550,신성동
1860497701,구즉세종로,25040610,구즉동
1860405401,유성대로935번길,25040540,온천2동
1840016303,보문산로,25020690,산성동
1850306501,대덕대로217번길,25030600,둔산2동
1870153600,장동로228번길,25050530,회덕동
1860650302,복용북로,25040690,학하동
1870065907,덕암로,25050600,덕암동
1850090100,문예로,25030570,탄방동
1830457100,석천로,25010750,산내동
1860125604,반석로,25040670,노은3동
1830019803,중앙로200번길,25010760,중앙동
1870493301,천변도시고속도로,25050520,대화동
1850008501,계룡로,25030570,탄방동
1860688103,엑스포로539번길,25040630,관평동
1840185003,목동로8번길,25020530,목동
1860104401,노은서로210번길,25040660,노은2동
1860600600,대덕대로541번길,25040550,신성동
1830123902,백룡로,25010600,자양동
1850292802,도안북로,25030512,도안동
1860684302,복합환승로,25040640,온천1동
1850227700,대전남부순환고속도로,25030730,관저2동
1850334002,-,25030730,관저2동
1860647501,-,25040610,구즉동
1830025400,용운로147번길,25010570,용운동
1830016113,동구청로,25010550,판암1동
1830464001,대전로448번길,25010530,효동
1860375101,학하로159번길,25040690,학하동
1830035204,현암로,25010800,삼성동
1840032611,수침로,25020660,유천2동
1840026103,보문로,25020590,부사동
1860195304,지족동로,25040670,노은3동
1860039501,계룡로46번길,25040640,온천1동
1860077003,온천서로,25040540,온천2동
1870028605,동춘당로44번길,25050620,송촌동
1840057501,중촌로,25020540,중촌동
1850109900,문예로,25030590,둔산1동
1870499202,한남로67번길,25050510,오정동
1870492401,우암로,25050540,비래동
1850206001,도안동로,25030512,도안동
2830004216,중척길,33042320,현도면
1850312003,갈마역로,25030670,월평2동
1860131901,유성대로1312번길,25040550,신성동
1860038301,유성대로668번길,25040640,온천1동
1840035402,대흥로66번길,25020550,대흥동
1840183100,사득로,25020590,부사동
1870045102,대화로50번길,25050520,대화동
1860597701,탑립로,25040630,관평동
1860049300,유성대로680번길,25040640,온천1동
1860621201,반석동로,25040670,노은3동
1840019600,과례로22번길,25020670,문화1동
1860193201,지족로,25040670,노은3동
1860618200,문지로316번길,25040570,전민동
1860416400,유성대로1184번길,25040550,신성동
1840120502,사정공원로,25020690,산성동
1850058902,괴정로,25030620,가장동
1860439201,테크노중앙로,25040630,관평동
1830005227,대전로,25010530,효동
1860399900,죽동로297번길,25040540,온천2동
1860151200,와룡로136번길,25040610,구즉동
1850028101,관저서로,25040680,진잠동
1870014600,대전천북로,25050510,오정동
1850030800,복수동로,25030510,복수동
1830024301,중교로,25010760,중앙동
1860109201,노은서로,25040670,노은3동
1850111500,대덕대로220번길,25030600,둔산2동
1840051402,동서대로,25020530,목동
1860667503,테크노8로,25040630,관평동
1840021100,당디로,25020690,산성동
1830038708,우암로,25010640,가양2동
1860026201,진잠옛로135번길,25040690,학하동
1840056201,대전천서로,25010760,중앙동
1840027601,보문로,25020580,대사동
1860192900,지족동로,25040670,노은3동
1870020406,한밭대로1129번길,25050550,중리동
1860086201,노은로,25040590,노은1동
1850056100,도산로,25030620,가장동
1830051301,중앙로,25010760,중앙동
1850080401,대덕대로176번길,25030600,둔산2동
1850061806,괴정로,25030610,괴정동
1860088301,과학로,25040540,온천2동
1850096400,남선로,25030570,탄방동
1860441001,테크노11로,25040630,관평동
1860399201,죽동로297번길,25040540,온천2동
1870075400,신일동로,25050610,목상동
1860228103,농대로,25040540,온천2동
1860615901,문지로315번길,25040570,전민동
1870002512,신탄진로,25050530,회덕동
1850135302,둔산중로134번길,25030600,둔산2동
1860223301,원신흥북로,25040710,원신흥동
1850091600,둔산서로,25030600,둔산2동
1860006903,유성대로,25040540,온천2동
1860443700,갑천로,25040630,관평동
1830037315,가양로,25010630,가양1동
1830010008,옥천로,25010550,판암1동
1860085901,한밭대로,25040590,노은1동
1840003201,대둔산로,25020690,산성동
1860161800,테크노중앙로,25040630,관평동
1870074700,대덕대로1486번길,25050610,목상동
1840019500,과례로22번길,25020670,문화1동
1870081000,문평동로18번길,25050610,목상동
1860365100,학하동로,25040690,학하동
1840161800,대전남부순환고속도로,25020690,산성동
1850018603,괴곡길,25030540,정림동
1840051205,목동로,25020530,목동
1840051109,목동로,25020530,목동
1840022100,천근로,25020680,문화2동
1860661407,자운로97번길,25040550,신성동
1840047601,동서대로,25020620,오류동
1850035002,벌곡로,25030511,가수원동
1860169201,온천북로33번길,25040640,온천1동
1850029601,관저동로90번길,25030730,관저2동
1830012719,계족로,25010650,용전동
1850045707,도산로,25030520,도마1동
1830283400,동산초교로23번길,25010680,홍도동
1840033101,대흥로,25020670,문화1동
1860030100,월드컵대로253번길,25040640,온천1동
1840124803,계백로1716번길,25020670,문화1동
1860671901,계룡로16번길,25040640,온천1동
1830007508,옥천로,25010770,신인동
1840026202,보문로,25020590,부사동
1830023602,용운로151번길,25010570,용운동
1840010807,산서로,25020690,산성동
1870011401,한남로150번길,25050510,오정동
1840180200,대전천서로,25020540,중촌동
1860163800,테크노6로,25040630,관평동
1860213402,자운로97번길,25040550,신성동
1860237602,테크노2로,25040630,관평동
1850315804,신갈마로86번길,25030640,갈마1동
1850046905,도마5길,25030520,도마1동
1850022902,관저서로,25030730,관저2동
1860104201,엑스포로97번길,25040550,신성동
1860191106,반석로,25040670,노은3동
1860022301,대정로28번길,25040680,진잠동
1850045504,도솔로,25030530,도마2동
1830055703,태전로,25010800,삼성동
1860150801,와룡로136번길,25040610,구즉동
1840188600,대흥로,25020550,대흥동
1850071500,문정로60번길,25030570,탄방동
1870482704,벚꽃길,25050600,덕암동
1870071301,대덕대로1486번길,25050610,목상동
1860078000,한밭대로,25040540,온천2동
1860618101,문지로316번길,25040570,전민동
1850049706,도마로,25030550,변동
2830004206,중척길,33042320,현도면
1840044905,계룡로816번길,25020620,오류동
1850057505,가장로,25030620,가장동
1850319100,봉우로8번길,25030720,관저1동
1870026307,계족산로5번길,25050550,중리동
1860077002,온천서로,25040540,온천2동
1840001804,대둔산로,25020690,산성동
1860654701,계룡로59번길,25040640,온천1동
1840015300,대전천서로,25020570,석교동
1850068701,계룡로562번길,25030610,괴정동
1870022204,계족산로52번길,25050620,송촌동
1850048603,도솔로,25030520,도마1동
1830016206,동구청로204번길,25010550,판암1동
1860018800,유성대로,25040680,진잠동
1870483601,신일서로18번길,25050610,목상동
1830016000,옥천로180번길,25010550,판암1동
1860097903,엑스포로151번길,25040550,신성동
1860498701,구즉세종로,25040610,구즉동
1870054400,대화로32번길,25050520,대화동
1850094802,둔산남로,25030600,둔산2동
1850051800,변동로,25030550,변동
1840015302,대전천서로,25020570,석교동
1850109102,둔산로,25030600,둔산2동
1850034701,정림서로,25030540,정림동
1860039300,유성대로668번길,25040640,온천1동
1860089601,노은서로,25040590,노은1동
1870033402,계족산로5번길,25050570,법2동
1850143805,갈마역로,25030670,월평2동
1860208300,도안대로,25040710,원신흥동
1840051905,보문로337번길,25020510,은행선화동
1870085802,덕암북로4번길,25050590,석봉동
1840032302,보문로,25020550,대흥동
1850094300,둔산중로14번길,25030570,탄방동
1850147002,갑천도시고속도로,25030690,만년동
1860065100,온천북로33번길,25040640,온천1동
1850198201,동서대로,25040710,원신흥동
1860161901,테크노중앙로,25040630,관평동
1870066103,덕암북로4번길,25050600,덕암동
1860632800,유성대로,25040680,진잠동
1860118004,신성로62번길,25040550,신성동
1840041002,선화로,25020620,오류동
1830004300,대전로,25010750,산내동
1860331601,덕명로,25040690,학하동
1860149701,송강로42번길,25040610,구즉동
1830475300,인창로,25010770,신인동
1840183400,계백로1686번길,25020670,문화1동
1850210100,동서대로,25030660,월평1동
1850006601,계백로,25030520,도마1동
1830468100,옥천로96번길,25010550,판암1동
1870489307,비래동로,25050540,비래동
1840184102,계백로1660번길,25020670,문화1동
1860147700,와룡로,25040610,구즉동
1840014400,대둔산로,25020690,산성동
1870041401,선비마을로,25050620,송촌동
1850048802,배재로,25030530,도마2동
1850116200,월평서로,25030660,월평1동
1850313401,둔산서로10번길,25030570,탄방동
1850310103,용소로,25030512,도안동
1830036105,옛신탄진로,25010800,삼성동
1860001405,계백로,25040680,진잠동
1830040608,흥룡로,25010640,가양2동
1860035400,유성대로646번길,25040640,온천1동
1850006302,계백로,25030530,도마2동
1860171901,은구비남로33번길,25040590,노은1동
1860389100,죽동로,25040540,온천2동
1860442801,테크노2로,25040630,관평동
1860004512,현충원로,25040540,온천2동
1830123501,대전로542번길,25010530,효동
1870047501,선비마을로,25050620,송촌동
1860619400,문지로316번길,25040570,전민동
1840054503,동서대로,25020510,은행선화동
1870046402,대화로132번길,25050520,대화동
1860726500,도안대로,25040680,진잠동
1850083600,월드컵대로484번안길,25030660,월평1동
1850289901,도안북로93번길,25030512,도안동
1870075901,덕암북로58번길,25050600,덕암동
1870080401,대덕대로1486번길,25050610,목상동
1850009409,계룡로,25030650,갈마2동
1850087700,문정로,25030570,탄방동
1870059301,산업단지로,25050610,목상동
1860090501,은구비남로,25040590,노은1동
1850061900,괴정로,25030610,괴정동
1850144001,월평동로,25030670,월평2동
1860164200,갑천로,25040630,관평동
1830009700,계족로,25010760,중앙동
1850277503,관저남로,25030730,관저2동
1860722300,박산로,25040640,온천1동
1840029600,대종로,25020590,부사동
1870196400,경부고속도로,25050610,목상동
1860682202,대정로42번길,25040680,진잠동
1840021900,천근로,25020670,문화1동
1860683703,박산로,25040640,온천1동
1850127601,한밭대로570번길,25030660,월평1동
1840042402,선화서로,25020510,은행선화동
1860089501,노은서로,25040590,노은1동
1830466702,대전로542번길,25010530,효동
1840056202,대전천서로,25020510,은행선화동
1830347408,충무로209번길,25010770,신인동
1850145601,둔산대로117번길,25030600,둔산2동
1860082705,왕가봉로24번길,25040590,노은1동
1850325801,-,25030511,가수원동
1870481202,신탄진로583번길,25050600,덕암동
1860067604,한밭대로492번길,25040640,온천1동
1860371900,학하남로99번길,25040690,학하동
1850115601,둔산중로78번길,25030590,둔산1동
1840181301,대천서로,25020540,중촌동
1830025903,태전로,25010760,중앙동
1870487400,한남로,25050510,오정동
1860238101,테크노10로,25040630,관평동
1860377301,복용북로,25040690,학하동
1850044200,복수서로,25030510,복수동
1830004500,대전로,25010750,산내동
1860142300,테크노8로,25040630,관평동
1870057502,산업단지로,25050600,덕암동
1870151712,신탄진로756번안길,25050580,신탄진동
1860085402,노은동로,25040590,노은1동
1850061901,괴정로,25030620,가장동
1830036804,동대전로,25010630,가양1동
1830005607,옥천로,25010560,판암2동
1850090400,대덕대로,25030650,갈마2동
1870011801,오정로,25050510,오정동
1860400200,원신흥남로12번길,25040710,원신흥동
1860012806,대덕대로,25040550,신성동
1840023302,문화로,25020690,산성동
1830455501,산내로1327번길,25010750,산내동
1860598400,유성대로1628번길,25040570,전민동
1840045600,대종로,25020510,은행선화동
1860371103,학하중앙로127번길,25040690,학하동
1870015100,오정로78번길,25050510,오정동
1860673302,계룡로32번길,25040640,온천1동
1870077501,대덕대로1454번길,25050610,목상동
1850034602,정림서로,25030540,정림동
1850022401,구봉로,25030730,관저2동
1850135801,대덕대로290번길,25030600,둔산2동
1860143200,테크노2로,25040630,관평동
1870016300,한밭대로1006번길,25050510,오정동
1830467001,천동초등4길,25010530,효동
1850057901,도산로,25030620,가장동
1840021800,대종로,25020590,부사동
1870045901,대전로,25050530,회덕동
1870483501,신일서로18번길,25050610,목상동
1860048100,유성대로680번길,25040640,온천1동
1860039201,계룡로155번길,25040640,온천1동
1870150304,천변도시고속도로,25050530,회덕동
1860683601,구룡달전로,25040610,구즉동
1860353801,엑스포로,25040570,전민동
1850096301,남선로,25030570,탄방동
1860065501,온천북로59번길,25040640,온천1동
1840189100,보문산로,25020690,산성동
1870152304,장동로,25050530,회덕동
1860397300,죽동로,25040540,온천2동
1860188701,지족북로,25040670,노은3동
1850044601,도산로,25020690,산성동
1840010600,방아미로,25020690,산성동
1860060601,장대로,25040540,온천2동
1840016504,보문산로,25020690,산성동
1860664202,자운로245번길,25040550,신성동
1860150701,와룡로136번길,25040610,구즉동
1830461600,은어송로51번길,25010530,효동
1840019300,보문산로,25020670,문화1동
1840197102,대둔산로,25020690,산성동
1830449302,대전로448번길,25010530,효동
1850089501,둔산서로,25030600,둔산2동
1840053600,대종로,25020510,은행선화동
1870080301,-,25050610,목상동
1860063400,온천동로,25040640,온천1동
1850310402,계백로,25030512,도안동
1840052401,대종로,25020510,은행선화동
1850206500,도안중로,25030512,도안동
1860202600,북유성대로316번길,25040660,노은2동
1860379900,복용북로,25040690,학하동
1830130100,동부로,25010570,용운동
1870007916,대덕대로,25050610,목상동
1840056703,어덕마을로,25020540,중촌동
1850089300,문정로,25030600,둔산2동
1860057902,계룡로16번길,25040640,온천1동
1870479201,신일동로17번길,25050610,목상동
1830020802,용운로,25010570,용운동
1870067601,문평서로17번길,25050610,목상동
1860673502,계룡로38번길,25040640,온천1동
1850052902,변동중로,25030520,도마1동
1860414800,유성대로1184번길,25040550,신성동
1830056202,하상도로,25020560,문창동
1830478001,-,25010760,중앙동
1870026001,계족산로,25050550,중리동
1850066403,도솔로,25030570,탄방동
1850136700,한밭대로,25030660,월평1동
1850314501,갈마중로37번길,25030650,갈마2동
1860078703,대학로,25040540,온천2동
1870081304,문평동로,25050610,목상동
1850037401,정림서로,25030540,정림동
1870499303,대화로,25050520,대화동
1830037309,가양로,25010630,가양1동
1860144801,테크노2로,25040630,관평동
1840040002,선화로22번길,25020600,용두동
1860119601,신성로,25040550,신성동
1850043904,배재로,25030530,도마2동
1860497400,구즉세종로,25040610,구즉동
1860396200,유성대로877번길,25040540,온천2동
1830031501,동서대로,25010800,삼성동
1850038301,혜천로,25030510,복수동
1830006301,옥천로,25010550,판암1동
1860207102,상대서로,25040700,상대동
1860004506,현충원로,25040640,온천1동
1850033201,복수동로,25030510,복수동
1850025202,복수남로12번길,25030510,복수동
1840056301,-,25010800,삼성동
1870158801,동부로,25050540,비래동
1840191303,유등천동로,25020690,산성동
1830453701,-,25010630,가양1동
1860126102,가정북로,25040550,신성동
1870491101,동서대로,25050540,비래동
1870153102,장동로,25050530,회덕동
1860061101,온천북로33번길,25040640,온천1동
1870058000,산업단지로87번길,25050610,목상동
1850117501,둔산로51번길,25030600,둔산2동
1850040401,관저동로,25030720,관저1동
1860021300,대정로28번안길,25040680,진잠동
1850265003,계백로828번길,25030730,관저2동
1870502800,경부고속도로,25050600,덕암동
1870023303,중리동로,25050560,법1동
1850090204,문정로,25030570,탄방동
1860630101,상대서로68번길,25040700,상대동
1830052709,은어송로,25010530,효동
1860040101,유성대로654번길,25040640,온천1동
1850292702,도안북로,25030512,도안동
1860633002,유성대로,25040680,진잠동
1840183000,중앙로59번길,25020510,은행선화동
1870205200,경부고속도로,25050540,비래동
1850075600,문정로10번길,25030570,탄방동
1850159401,구봉로,25030540,정림동
1840181000,대전천서로,25020540,중촌동
1830030602,대성길,25010630,가양1동
1840056900,대전천서로,25020510,은행선화동
1850115300,둔산중로,25030590,둔산1동
1870044300,동춘당로126번길,25050620,송촌동
1860673602,계룡로38번길,25040640,온천1동
1870034900,계족산로43번길,25050550,중리동
1860004003,유성대로,25040540,온천2동
1860400600,상대동로,25040700,상대동
1860376402,복용북로,25040690,학하동
1830056204,하상도로,25020560,문창동
1850031101,원내로,25040680,진잠동
1860611900,문지로299번길,25040570,전민동
1860037501,유성대로654번길,25040640,온천1동
1860429200,테크노중앙로,25040630,관평동
1840054406,목중로,25020540,중촌동
1850093100,문예로,25030570,탄방동
1840016804,당디로,25020690,산성동
1830016404,동부로,25010560,판암2동
1860074500,대학로,25040540,온천2동
1830023403,계족로140번길,25010570,용운동
1830053303,대전로448번길,25010530,효동
1860388001,도안대로,25040680,진잠동
1850131301,한밭대로,25030600,둔산2동
1830037405,가양로,25010630,가양1동
1860088200,대학로,25040540,온천2동
1850007204,계룡로,25030570,탄방동
1870015007,오정로76번길,25050510,오정동
1860144301,테크노2로,25040630,관평동
1870070500,신일동로,25050610,목상동
1850051403,변동로,25030550,변동
1870484303,생산5길,25050520,대화동
1850320601,관저중로64번길,25030730,관저2동
1830034101,동서대로,25010790,성남동
1830018801,대전로,25010770,신인동
1850042105,복수북로,25030510,복수동
1860010609,대덕대로,25040550,신성동
1860156001,배울2로,25040630,관평동
1870058601,산업단지로87번길,25050610,목상동
1850109201,-,25030640,갈마1동
1870027601,동춘당로,25050620,송촌동
1860370300,학하북로,25040690,학하동
1860171003,대덕대로556번길,25040550,신성동
1870050600,계족로690번길,25050570,법2동
1860062703,온천동로65번길,25040640,온천1동
1860432200,테크노2로,25040630,관평동
1840016600,보문산로,25020690,산성동
1840037601,대흥로,25020670,문화1동
1840012400,사정공원로,25020690,산성동
1860368901,학하북로,25040690,학하동
1860064700,대학로,25040640,온천1동
1860603800,노은서로266번길,25040660,노은2동
1860626402,노은서로266번길,25040660,노은2동
1860194604,지족동로,25040670,노은3동
1840058000,목중로26번길,25020540,중촌동
1870010601,대전로1033번길,25050510,오정동
1870077301,대덕대로1486번길,25050610,목상동
1850006201,계백로,25030530,도마2동
1860354403,엑스포로625번길,25040630,관평동
1840055303,목중로,25020530,목동
1860019200,유성대로,25040680,진잠동
1860147501,-,25040630,관평동
1850140403,청사로,25030680,월평3동
1850113303,신갈마로,25030640,갈마1동
1830491003,수향길,25010760,중앙동
1830005505,옥천로,25010550,판암1동
1840186602,-,25020670,문화1동
1870065906,덕암로,25050600,덕암동
1870053500,아리랑로,25050530,회덕동
1860106802,엑스포로,25040570,전민동
1860205800,유성대로,25040640,온천1동
1860089101,노은서로108번길,25040590,노은1동
1870088202,석봉로38번길,25050590,석봉동
1860630000,덕명동로,25040640,온천1동
1840055605,목중로26번길,25020540,중촌동
1830041101,동서대로,25010790,성남동
1830284901,동산초교로,25010680,홍도동
1850145000,둔산대로,25030600,둔산2동
1830130600,동부로,25010570,용운동
1850028303,관저로,25030730,관저2동
1870067101,신일동로,25050610,목상동
1850141800,유등로,25030600,둔산2동
1870019602,중리서로,25050550,중리동
1860145001,테크노2로,25040630,관평동
1870029601,계족산로81번길,25050620,송촌동
1860144002,테크노9로,25040630,관평동
1870015003,오정로76번길,25050510,오정동
1830471201,백룡로57번길,25010600,자양동
1840049708,계룡로771번길,25020530,목동
1860438901,테크노중앙로,25040630,관평동
1850033603,정림로,25030540,정림동
1870499601,대화로,25050520,대화동
1840031705,대종로,25020550,대흥동
1860081102,-,25040540,온천2동
1860021901,유성대로,25040680,진잠동
1860100604,은구비로,25040590,노은1동
1830454801,산내로,25010750,산내동
1840026008,유천로,25020660,유천2동
1870478302,오정로77번길,25050510,오정동
1860625301,송림로53번길,25040660,노은2동
1850102300,둔산남로9번길,25030600,둔산2동
1870007000,대덕대로,25050610,목상동
1850051600,유등로,25030550,변동
1840188402,보문로162번길,25020580,대사동
1860187600,신촌1길,25040670,노은3동
1850060401,용문로,25030560,용문동
1860133304,엑스포로539번길,25040570,전민동
1830032404,길티길,25010630,가양1동
1870084201,신탄진동로,25050580,신탄진동
1850303400,구봉로,25030540,정림동
1830127202,동구청로,25010530,효동
1860129601,전민로58번길,25040570,전민동
1870441401,-,25050590,석봉동
1860352803,탑립로,25040630,관평동
1830031203,가양로,25010630,가양1동
1830052101,동구청로,25010530,효동
1860395801,유성대로935번길,25040540,온천2동
1850110000,둔산중로58번길,25030590,둔산1동
1850111201,둔지로,25030600,둔산2동
1860080002,프란치스코교황로,25040590,노은1동
1860055701,온천로101번길,25040640,온천1동
1870002607,신탄진로,25050530,회덕동
1870027201,계족산로,25050620,송촌동
1850233200,도안남로,25030720,관저1동
1830475008,대전로,25010530,효동
1860682902,대학로151번길,25040540,온천2동
1860645001,대덕대로,25040550,신성동
1870006602,대덕대로,25050610,목상동
1870084602,신탄진동로,25050580,신탄진동
1840028404,문화로,25020670,문화1동
1840032101,수도산로,25020550,대흥동
1850308500,관저중로64번길,25030730,관저2동
1850268600,관저로,25030730,관저2동
1860607901,문지로,25040570,전민동
1860622601,지족북로66번길,25040670,노은3동
1850125500,월평로,25030660,월평1동
1860647602,-,25040610,구즉동
1840028402,문화로,25020670,문화1동
1850117001,-,25030600,둔산2동
1840031003,계룡로920번길,25020580,대사동
1870016402,한밭대로1006번길,25050510,오정동
1850052411,중반5길,25030550,변동
1850106802,둔산로101번길,25030590,둔산1동
1830046007,비래서로,25050540,비래동
1860118205,송림로,25040660,노은2동
1840032608,수침로,25020660,유천2동
1860034501,월드컵대로289번길,25040640,온천1동
1860669202,유성대로626번길,25040640,온천1동
1840126606,운남로,25020690,산성동
1850047605,조달청길,25030520,도마1동
1860620002,대덕대로577번길,25040550,신성동
1870486200,대전천북로,25050510,오정동
1870055301,천변도시고속도로,25050530,회덕동
1870050903,선비마을로,25050570,법2동
1860334400,호남고속도로지선,25040680,진잠동
1860664307,자운로245번길,25040550,신성동
1860042400,유성대로668번길,25040640,온천1동
1860433301,테크노중앙로,25040630,관평동
1850064601,괴정로,25030610,괴정동
1840031000,계룡로920번길,25020670,문화1동
1850067104,탄방로,25030570,탄방동
1830474906,대전로,25010530,효동
1830449202,대전로448번길,25010530,효동
1860100800,노은동로,25040660,노은2동
1860133202,엑스포로,25040570,전민동
1840195401,-,25020510,은행선화동
1850117803,대덕대로233번길,25030600,둔산2동
1830019203,용운로,25010570,용운동
1850066201,괴정로,25030610,괴정동
1850274400,동서대로656번길,25040680,진잠동
1860018900,한우물로,25040680,진잠동
1850054401,동서대로,25030620,가장동
1840184001,유등천동로,25020600,용두동
1860128100,자운로,25040550,신성동
1860387401,도안대로,25040680,진잠동
1860416301,유성대로1184번길,25040550,신성동
1850042101,복수북로,25030540,정림동
1830001919,산내로,25010750,산내동
1850011804,대덕대로,25030670,월평2동
1860604001,과학로,25040550,신성동
1870006210,신탄진로,25050600,덕암동
1860151800,와룡로136번길,25040610,구즉동
1850334201,구봉산북로,25030730,관저2동
1850067805,갈마로,25030610,괴정동
1860213401,자운로97번길,25040550,신성동
1860171304,대덕대로556번길,25040550,신성동
1860399600,죽동로297번길,25040540,온천2동
1830042306,동서대로1695번길,25010650,용전동
1860212400,도안대로,25040700,상대동
1850071901,문정로2번길,25030570,탄방동
1830491701,-,25010800,삼성동
1860622800,지족북로66번길,25040670,노은3동
1860416001,유성대로1184번길,25040550,신성동
1870017301,대전로,25050510,오정동
1850051510,변동로,25030550,변동
1860017602,진잠로,25040680,진잠동
1850142802,문예로,25030600,둔산2동
1850141401,월평중로,25030680,월평3동
1870498101,석봉북로24번길,25050590,석봉동
1840054600,동서대로,25020540,중촌동
1870016302,한밭대로1006번길,25050510,오정동
1860002905,계룡로,25040640,온천1동
1860683301,-,25040610,구즉동
1840026015,유천로,25020660,유천2동
1870086102,덕암로265번길,25050600,덕암동
1860013301,대덕대로,25040610,구즉동
1840005203,계백로,25020620,오류동
1850133601,한밭대로,25030640,갈마1동
1860155600,관평천변로,25040630,관평동
1860079003,유성대로783번길,25040540,온천2동
1850012204,대덕대로,25030670,월평2동
1850079302,계룡로509번길,25030570,탄방동
1870088903,평촌2길,25050600,덕암동
1850079701,대덕대로176번길,25030600,둔산2동
1840025300,문화로,25020680,문화2동
1840067203,산서로,25020690,산성동
1840031806,대종로,25020550,대흥동
1840053500,대종로,25020510,은행선화동
1840032704,문창로,25020560,문창동
1850306601,대덕대로217번길,25030600,둔산2동
1830028403,정보길,25010780,대동
1850012203,대덕대로,25030670,월평2동
1830043300,동서대로,25010630,가양1동
1860092500,노은서로142번길,25040590,노은1동
1860610601,문지로,25040570,전민동
1860331603,덕명로,25040690,학하동
1850056004,도산로,25030630,내동
1870477101,대덕대로1486번길,25050610,목상동
1860234401,용산1로,25040630,관평동
1870056003,장동로,25050530,회덕동
1860004504,현충원로,25040640,온천1동
1840020900,산성로,25020680,문화2동
1850152901,갑천도시고속도로,25030690,만년동
1830011213,계족로,25010790,성남동
1860002902,계룡로,25040640,온천1동
1870080202,-,25050610,목상동
1850125101,반월길,25030670,월평2동
1860636200,동서대로,25040710,원신흥동
1860648102,구룡달전로,25040610,구즉동
1850083400,계룡로571번길,25030570,탄방동
1860112804,유성대로,25040550,신성동
1860164901,갑천로,25040630,관평동
1850019101,고릿골길,25030511,가수원동
1840188601,대흥로,25020550,대흥동
1870028901,송촌북로,25050620,송촌동
1870059000,신일서로126번길,25050610,목상동
1860062600,온천북로13번길,25040640,온천1동
1870087303,신탄진북로,25050580,신탄진동
1860112701,유성대로,25040550,신성동
1850326803,신갈마로,25030640,갈마1동
1830023501,용운로151번길,25010570,용운동
1840192301,유등천동로,25020640,태평2동
1850003607,계백로,25030730,관저2동
1860604706,교촌대정로,25040680,진잠동
1860371401,학하동로,25040690,학하동
1870497705,석봉로37번길,25050590,석봉동
1840014903,모암로,25020570,석교동
1830052708,은어송로,25010530,효동
1840046500,수침로,25020630,태평1동
1840037002,보문로,25020550,대흥동
1850041300,정림서로,25030540,정림동
1850056000,도산로,25030630,내동
1870038004,대화로,25050520,대화동
1850105301,둔산로,25030590,둔산1동
1860145102,갑천로,25040630,관평동
1850043700,복수중로,25030510,복수동
1850018513,괴곡길,25030540,정림동
1830006300,옥천로,25010550,판암1동
1830189500,경부고속도로,25010730,대청동
1830026407,대전로,25010760,중앙동
1850046102,제비네1길,25030530,도마2동
1840054605,동서대로,25020540,중촌동
1850052001,도산로,25030550,변동
1860151101,와룡로136번길,25040610,구즉동
1870023407,중리동로,25050550,중리동
1850311601,갑천도시고속도로,25030690,만년동
1870495800,대덕대로1284번길,25050610,목상동
1860039401,유성대로668번길,25040640,온천1동
1830033603,우암로,25010790,성남동
1870151900,장동로228번길,25050530,회덕동
1850019400,벌곡로,25030511,가수원동
1850065603,유등로,25030560,용문동
1850038201,혜천로,25030510,복수동
1860437300,테크노6로,25040630,관평동
1840185000,목동로8번길,25020530,목동
1830470502,동부로73번길,25010560,판암2동
1860615101,문지로315번길,25040570,전민동
1830006700,옥천로,25010550,판암1동
1860620700,가정북로,25040550,신성동
1860093400,은구비남로33번길,25040590,노은1동
1830040602,흥룡로,25010640,가양2동
1850202001,도안중로,25030512,도안동
1850058406,도솔로,25030630,내동
1830007901,계족로,25010770,신인동
1860025401,대정로,25040680,진잠동
1870476500,-,25050580,신탄진동
1830042016,대청호수로,25010730,대청동
1860124208,엑스포로,25040570,전민동
1860130901,엑스포로,25040570,전민동
1870062401,대덕대로1284번길,25050610,목상동
1870485802,동춘당로44번길,25050620,송촌동
1850328401,둔지로,25030600,둔산2동
1860333200,호남고속도로지선,25040690,학하동
1870478000,한밭대로1043번길,25050510,오정동
1860125602,반석로,25040670,노은3동
1860331800,북유성대로,25040660,노은2동
1840040004,선화로22번길,25020600,용두동
1840012200,성산로,25020690,산성동
1870052100,계족로663번길,25050560,법1동
1840122807,사정공원로,25020690,산성동
1830035804,대전로,25010800,삼성동
1860681603,대정로42번길,25040680,진잠동
1860062503,온천북로13번길,25040640,온천1동
1860444000,갑천로,25040570,전민동
1830033700,가양로,25010630,가양1동
1830017602,동부로,25010560,판암2동
1860413500,신성로,25040550,신성동
1850310203,용소로,25030512,도안동
1870150303,천변도시고속도로,25050530,회덕동
1860617802,문지로316번길,25040570,전민동
1870006209,신탄진로,25050580,신탄진동
1850335600,-,25030660,월평1동
1850325301,구봉로,25030511,가수원동
1870087307,신탄진북로,25050580,신탄진동
1870483600,신일서로18번길,25050610,목상동
1870441802,-,25050530,회덕동
1830449803,동부로33번길,25010560,판암2동
1850229400,대전남부순환고속도로,25030730,관저2동
1860392802,유성대로877번길,25040540,온천2동
1870479801,대화로161번길,25050520,대화동
1860620000,대덕대로577번길,25040550,신성동
1850022100,유등로17번길,25030510,복수동
1860201200,북유성대로316번길,25040660,노은2동
1830490301,새둑길,25010760,중앙동
1870044500,동춘당로,25050570,법2동
1850035101,벌곡로,25030511,가수원동
1860630901,진잠로42번길,25040680,진잠동
1850104901,둔산로137번길,25030590,둔산1동
1870048402,대화로32번길,25050520,대화동
1870491300,대전천북로,25050510,오정동
1860728000,도안대로,25040680,진잠동
1850091900,신갈마로,25030640,갈마1동
1830477001,동서대로,25020510,은행선화동
1850313001,대덕대로249번길,25030600,둔산2동
1870058200,산업단지로87번길,25050610,목상동
1840020600,당디로6번길,25020680,문화2동
1860364900,학하동로,25040690,학하동
1830126303,동구청로,25010530,효동
1860054600,온천로,25040640,온천1동
1870015200,오정로78번길,25050510,오정동
1860101500,엑스포로123번길,25040550,신성동
1860370000,학하남로100번길,25040690,학하동
1870081701,3공단3길,25050610,목상동
1860664801,자운로245번길,25040550,신성동
1840056600,대전천서로,25020540,중촌동
1860039202,계룡로155번길,25040640,온천1동
1860029400,월드컵대로,25040700,상대동
1870504500,경부고속도로,25050600,덕암동
1860210602,상대로,25040700,상대동
1860422900,테크노4로,25040630,관평동
1830473501,계족로368번길,25010790,성남동
1840034705,대종로,25020550,대흥동
1860129700,엑스포로,25040570,전민동
1860605101,반석로11번길,25040670,노은3동
1850318703,도안중로,25030720,관저1동
1830005503,옥천로,25010550,판암1동
1870500902,대전로1331번길,25050520,대화동
1860433500,테크노2로,25040630,관평동
1830489701,-,25010790,성남동
1830039402,대전로1020번길,25050510,오정동
1860140300,자운로,25040550,신성동
1860398700,죽동로280번길,25040540,온천2동
1870059900,대덕대로1284번길,25050610,목상동
1840182101,목동로22번길,25020530,목동
1850311900,갈마역로,25030670,월평2동
1860416500,유성대로1205번길,25040550,신성동
1850281100,관저남로25번길,25030730,관저2동
1860046400,계룡로141번길,25040640,온천1동
1860195101,북유성대로,25040660,노은2동
1850032601,벌곡로1353번길,25030511,가수원동
1860149801,송강로42번길,25040610,구즉동
1860628802,대덕대로,25040550,신성동
1850052801,변동중로,25030520,도마1동
1840187800,계룡로929번길,25020580,대사동
1850303600,복수중로,25030510,복수동
1870482300,방두말1길,25050600,덕암동
1860626101,노은동로240번길,25040660,노은2동
1850144500,갑천도시고속도로,25030670,월평2동
1850092415,갈마중로,25030650,갈마2동
1840028201,문화로,25020670,문화1동
1870019001,한밭대로,25050510,오정동
1860113100,노은로,25040660,노은2동
1860048400,계룡로32번길,25040640,온천1동
1860377500,복용북로,25040690,학하동
1860374203,학하중앙로168번길,25040690,학하동
1860690902,-,25040700,상대동
1830126700,동구청로,25010750,산내동
1860098101,엑스포로123번길,25040550,신성동
1860178201,은구비남로33번길,25040590,노은1동
1840042403,선화서로,25020510,은행선화동
1860627701,유성대로1312번길,25040550,신성동
1840031101,테미로,25020550,대흥동
1850029100,관저로,25030730,관저2동
1850003702,계백로,25030720,관저1동
1860104000,은구비로,25040660,노은2동
1860133801,엑스포로539번길,25040570,전민동
1840193002,유등천동로,25020640,태평2동
1850117604,대덕대로233번길,25030600,둔산2동
1870024000,계족산로,25050550,중리동
1860608200,아리랑로21번길,25040570,전민동
1870041801,동춘당로126번길,25050620,송촌동
1860131603,유성대로,25040570,전민동
1860023700,유성대로217번길,25040680,진잠동
1850020903,벌곡로,25030511,가수원동
1860613101,문지로299번길,25040570,전민동
1860171400,온천북로33번길,25040640,온천1동
1860438801,테크노중앙로,25040630,관평동
1840038300,수침로,25020630,태평1동
1860057102,계룡로18번길,25040640,온천1동
1840057601,중촌로,25020540,중촌동
1860233400,테크노2로,25040630,관평동
1860397500,죽동2길,25040540,온천2동
1860401902,죽동로279번길,25040540,온천2동
1860399801,죽동로,25040540,온천2동
1860038202,계룡로18번길,25040640,온천1동
1850125602,월평로,25030660,월평1동
1830005103,대전로,25010530,효동
1860657301,신성남로,25040550,신성동
1840199304,솔밭로,25020580,대사동
1840031105,테미로,25020550,대흥동
1840192800,동서대로,25020640,태평2동
1840027600,보문로,25020590,부사동
1850114501,둔산중로78번길,25030590,둔산1동
1850266701,구봉산북로21번길,25030730,관저2동
1850207700,동서대로,25030512,도안동
1830034702,현암로,25010800,삼성동
1840120402,사정공원로,25020690,산성동
1830037407,가양로,25010630,가양1동
1870065101,신일동로93번길,25050610,목상동
1850007000,계룡로,25030560,용문동
1850072903,문정로2번길,25030570,탄방동
1870478400,오정로77번길,25050510,오정동
1860608601,문지로,25040570,전민동
1850064404,도솔로,25030610,괴정동
1850077802,문정로90번길,25030570,탄방동
1860129901,전민로,25040570,전민동
1860101700,엑스포로123번길,25040550,신성동
1850010301,대덕대로,25030600,둔산2동
1840190201,보문산로35번길,25020690,산성동
1830034500,충정로,25010600,자양동
1860372901,학하중앙로149번길,25040690,학하동
1870037400,대전로1331번길,25050520,대화동
1860379600,복용북로75번길,25040690,학하동
1840013402,대둔산로255번길,25020690,산성동
1860650202,복용북로,25040690,학하동
1870080701,대덕대로1409번길,25050610,목상동
1850003508,계백로,25030730,관저2동
1840045602,대종로,25020510,은행선화동
1850284400,도안북로,25030512,도안동
1850006101,계백로,25030530,도마2동
1860004705,유성대로,25040540,온천2동
1830041801,신상로,25010730,대청동
1870481401,방두말4길,25050600,덕암동
1840048103,동서대로,25020600,용두동
1860104501,노은서로210번길,25040660,노은2동
1840037102,평촌로,25020630,태평1동
1870004700,신탄진로,25050600,덕암동
1850124900,둔지로,25030600,둔산2동
1850084300,탄방로,25030570,탄방동
1860061800,온천북로33번길,25040640,온천1동
1850037801,정림로,25030540,정림동
1850095001,둔산남로9번길,25030600,둔산2동
1870014703,한남로150번길,25050510,오정동
1850143108,월평북로,25030670,월평2동
1850063604,탄방로,25030560,용문동
1840026206,보문로,25020590,부사동
1850302800,벌곡로,25030511,가수원동
1850198200,동서대로,25040710,원신흥동
1860331704,덕명로,25040690,학하동
1870056201,천변도시고속도로,25050530,회덕동
1870485402,계족로574번길,25050550,중리동
1870503800,경부고속도로,25050600,덕암동
1860374001,학하북로,25040690,학하동
1850132301,한밭대로,25030600,둔산2동
1870039602,대화로106번길,25050520,대화동
1860031401,월드컵대로253번길,25040640,온천1동
1860621000,지족북로,25040670,노은3동
1850232401,도안대로,25030720,관저1동
1850042701,도안중로,25030720,관저1동
1840016101,보문산로,25020690,산성동
1830040609,흥룡로,25010640,가양2동
1870358900,구즉세종로,25050610,목상동
1860076001,대학로,25040540,온천2동
1860372900,학하중앙로149번길,25040690,학하동
1840044205,동서대로,25020630,태평1동
1870017102,오정로,25050510,오정동
1850075503,갈마로,25030650,갈마2동
1870067500,신일서로17번길,25050610,목상동
1860408101,봉명서로,25040710,원신흥동
1850320400,관저중로64번길,25030730,관저2동
1830034201,동서대로,25010800,삼성동
1860388900,도안북로,25040680,진잠동
1840048901,선화서로,25020510,은행선화동
1860132800,엑스포로466번길,25040570,전민동
1830028103,동대전로,25010600,자양동
1840020303,당디로6번길,25020680,문화2동
1850058201,동서대로,25030630,내동
1860228101,농대로,25040540,온천2동
1840122904,사정공원로,25020690,산성동
1850134502,월평중로,25030660,월평1동
1870080800,대덕대로1486번길,25050610,목상동
1840034001,평촌로,25020660,유천2동
1870077900,대덕대로1486번길,25050610,목상동
1870084904,신탄진동로23번길,25050580,신탄진동
1830448102,석천로,25010750,산내동
1830191500,통영대전고속도로,25010730,대청동
1850265201,구봉산북로,25030730,관저2동
1830005130,대전로,25010530,효동
1830476200,중교로,25010760,중앙동
1850277502,관저남로,25030730,관저2동
1860647601,-,25040610,구즉동
1830029603,동대전로,25010600,자양동
1830034602,충정로,25010640,가양2동
1830476807,대전천북로,25010800,삼성동
1850037600,구봉로,25030540,정림동
1840005901,계백로,25020620,오류동
1850046402,도솔로,25030530,도마2동
1860645302,엑스포로,25040550,신성동
1860103601,엑스포로123번길,25040550,신성동
1840185300,대종로549번길,25020510,은행선화동
1870031302,계족산로43번길,25050550,중리동
1850045104,도솔로,25030530,도마2동
1840040301,선화서로,25020550,대흥동
1860082300,월드컵대로,25040590,노은1동
1860685402,복합환승로26번길,25040640,온천1동
1860020801,대정로28번안길,25040680,진잠동
1860082101,대학로,25040540,온천2동
1860683109,구룡달전로,25040610,구즉동
1850064700,괴정로,25030610,괴정동
1870089101,-,25050530,회덕동
1860038300,유성대로668번길,25040640,온천1동
1850071000,문정로48번길,25030570,탄방동
1850033701,정림로,25030540,정림동
1850133202,한밭대로,25030640,갈마1동
1830032804,동서대로1572번길,25010790,성남동
1860432001,테크노4로,25040630,관평동
1860099801,은구비로,25040590,노은1동
1860609800,문지로,25040570,전민동
1850100102,둔산남로,25030600,둔산2동
1850082800,계룡로553번안길,25030570,탄방동
1870479302,신탄진북로32번길,25050580,신탄진동
1850329603,신갈마로,25030640,갈마1동
1860047100,계룡로38번길,25040640,온천1동
1860087400,노은동로87번길,25040590,노은1동
1830452300,성남로,25010800,삼성동
1870016702,한밭대로1006번길,25050510,오정동
1850138500,청사로,25030600,둔산2동
1860004402,현충원로,25040540,온천2동
1860038502,계룡로52번길,25040640,온천1동
1850023502,복수동로,25030510,복수동
1840005211,계백로,25020660,유천2동
1870479300,신탄진북로32번길,25050580,신탄진동
1850057800,도산로,25030620,가장동
1860074501,대학로,25040540,온천2동
1850066300,괴정로,25030610,괴정동
1870491100,동서대로,25050540,비래동
1840005205,계백로,25020660,유천2동
1850125704,월평로,25030660,월평1동
1850325901,-,25030511,가수원동
1860442200,테크노11로,25040630,관평동
1870083400,덕암북로,25050590,석봉동
1850110801,둔산중로,25030590,둔산1동
1850120400,월평서로,25030660,월평1동
1860609101,문지로,25040570,전민동
1870482702,벚꽃길,25050600,덕암동
1860042601,계룡로26번길,25040640,온천1동
1860634701,도안북로,25040680,진잠동
1860238100,테크노10로,25040630,관평동
1850141600,월평동로,25030680,월평3동
1860040700,유성대로680번길,25040640,온천1동
1870077600,신일동로33번길,25050610,목상동
1860217501,도안대로,25040640,온천1동
1830476702,대전천북로,25010800,삼성동
1860042700,계룡로141번길,25040640,온천1동
1830012803,계족로,25010650,용전동
1850067701,대덕대로,25030610,괴정동
1840045300,중교로,25020510,은행선화동
1860115900,노은로,25040660,노은2동
1830471800,성남로,25010790,성남동
1860685601,복합환승로,25040640,온천1동
1870065800,덕암로,25050600,덕암동
1860400604,상대동로,25040700,상대동
1860334700,진잠로,25040680,진잠동
1860109100,노은서로,25040660,노은2동
1860602900,지족로364번길,25040660,노은2동
1860047802,유성대로694번길,25040640,온천1동
1840053104,선화서로,25020510,은행선화동
1830016303,동부로,25010550,판암1동
1850105804,둔산로,25030740,둔산3동
1870015404,오정로,25050510,오정동
1870203303,경부고속도로,25050530,회덕동
1850065906,신갈마로,25030640,갈마1동
1840021705,대종로,25020560,문창동
1850036212,계백로1300번길,25030540,정림동
1870025503,선비마을로,25050620,송촌동
1830001906,산내로,25010750,산내동
1860059700,온천동로65번길,25040640,온천1동
1830285202,한남로,25010680,홍도동
1830032306,길티길,25010630,가양1동
1860019201,유성대로,25040680,진잠동
1860101901,엑스포로151번길,25040550,신성동
1860141901,-,25040630,관평동
1870039102,중리서로,25050560,법1동
1870079101,문평동로,25050610,목상동
1850028902,구봉로147번길,25030730,관저2동
1850082001,문정로9번길,25030600,둔산2동
1850043401,복수서로,25030510,복수동
1870084402,신탄진동로,25050580,신탄진동
1840025905,유천로,25020660,유천2동
1850129800,-,25030590,둔산1동
1870044900,매봉길,25050570,법2동
1860603400,송림로53번길,25040660,노은2동
1850078200,대종로,25020540,중촌동
1860131903,유성대로1312번길,25040550,신성동
1860023100,대정로28번길,25040680,진잠동
1860606600,유성대로1689번길,25040570,전민동
1870075401,신일동로,25050610,목상동
2830004111,중척길,33042320,현도면
1860056401,계룡로123번길,25040640,온천1동
1850107302,둔산로,25030600,둔산2동
1850331904,벌곡로1285번길,25030511,가수원동
1840027800,보문로,25020560,문창동
1860110700,노은서로266번길,25040660,노은2동
1860625101,송림로53번길,25040660,노은2동
1850046205,사마1길,25030530,도마2동
1830024205,새둑길,25010760,중앙동
1850315102,대덕대로161번길,25030650,갈마2동
1830041404,우암로,25010640,가양2동
1830027203,대전천동로,25010800,삼성동
1850072102,계룡로571번길,25030570,탄방동
1850307501,배재로233번길,25030550,변동
1860368400,학하중앙로,25040690,학하동
1860440901,테크노11로,25040630,관평동
1870501200,천변도시고속도로,25050530,회덕동
1830476503,대전천동로,25010760,중앙동
1860683603,구룡달전로,25040610,구즉동
1830034000,동서대로,25010800,삼성동
1870298801,한남로,25050510,오정동
1840196502,유등로,25030560,용문동
1860374202,학하중앙로168번길,25040690,학하동
1860232701,구룡달전로,25040610,구즉동
1830127000,동구청로,25010750,산내동
1840036900,보문로,25020550,대흥동
1840051405,동서대로,25020530,목동
1870485601,계족로574번길,25050550,중리동
1860422700,관평1로,25040630,관평동
1860149301,구즉로,25040610,구즉동
1830473602,계족로368번길,25010790,성남동
1860367801,학하중앙로128번길,25040690,학하동
1860374500,학하동로,25040690,학하동
1830447800,석천로,25010750,산내동
1840013601,대둔산로,25020690,산성동
1860113903,지족로364번길,25040670,노은3동
1850133701,한밭대로,25030640,갈마1동
1850086503,월드컵대로484번길,25030660,월평1동
1850007802,계룡로,25030570,탄방동
1850293907,상보안윗길,25030511,가수원동
1860600501,대덕대로541번길,25040550,신성동
1840010300,대둔산로,25020690,산성동
1860087900,노은서로,25040590,노은1동
1830027602,소랑길,25010800,삼성동
1860149500,송강로,25040610,구즉동
1860627401,-,25040550,신성동
1860211704,자운로97번길,25040550,신성동
1860664301,자운로245번길,25040550,신성동
1850266202,구봉산북로,25030730,관저2동
1860427201,관평2로,25040630,관평동
1850005101,계백로,25030540,정림동
1840059202,어덕마을로104번길,25020540,중촌동
1840199102,계룡로904번길,25020670,문화1동
1830055309,천개동로,25010730,대청동
1850290004,관저동로,25030730,관저2동
1860032401,유성대로642번길,25040640,온천1동
1870024101,계족산로,25050550,중리동
1860061401,온천북로,25040640,온천1동
1840042701,대흥로165번길,25020550,대흥동
1860138001,자운로221번길,25040550,신성동
1860682001,대정로42번길,25040680,진잠동
1860210700,도안대로,25040700,상대동
1860171200,은구비남로7번길,25040590,노은1동
1870025502,선비마을로,25050620,송촌동
1860171004,대덕대로556번길,25040550,신성동
1850007403,계룡로,25030610,괴정동
1860086900,노은서로96번길,25040590,노은1동
1850209800,동서대로,25030660,월평1동
1840017101,보문산로,25020680,문화2동
1850102400,둔산서로,25030600,둔산2동
1860407804,봉명서로,25040710,원신흥동
1840060500,-,25020540,중촌동
1840186402,중앙로,25020670,문화1동
1870007908,대덕대로,25050590,석봉동
1860006500,호남고속도로지선,25040540,온천2동
1860365301,학하남로,25040690,학하동
1860215200,원신흥남로,25040710,원신흥동
1870089008,평촌2길,25050600,덕암동
1860110202,북유성대로,25040660,노은2동
1860124105,엑스포로,25040570,전민동
1870028603,동춘당로44번길,25050620,송촌동
1860410200,원신흥로,25040710,원신흥동
1870044100,대화로32번길,25050520,대화동
1830471900,대전로900번길,25010800,삼성동
1860603001,지족로364번길,25040670,노은3동
1870027902,쌍청당로,25050550,중리동
1850089402,둔산서로,25030570,탄방동
1860007001,유성대로,25040540,온천2동
1850306201,대덕대로335번길,25030670,월평2동
1860618900,문지로316번길,25040570,전민동
1830489502,동서대로,25010680,홍도동
1860408901,유성대로,25040540,온천2동
1850309901,도안중로,25030512,도안동
1840192701,유등천동로,25020640,태평2동
1850120906,신갈마로,25030640,갈마1동
1860086600,노은서로,25040590,노은1동
1840022001,천근로,25020670,문화1동
1830469601,대전로,25010750,산내동
1850135300,둔산중로134번길,25030600,둔산2동
1850049308,도마로,25030550,변동
1860055900,유성대로694번길,25040640,온천1동
1860068900,온천북로33번길,25040640,온천1동
1870481701,방두말2길,25050600,덕암동
1860048501,계룡로141번길,25040640,온천1동
1830031602,동서대로,25010800,삼성동
1860613600,문지로299번길,25040570,전민동
1850150900,만년로67번길,25030690,만년동
1860375000,학하로159번길,25040690,학하동
1850337100,계백로,25030540,정림동
1860684902,유성대로671번길,25040640,온천1동
1840057702,목중로54번길,25020540,중촌동
1850110301,둔산로137번길,25030590,둔산1동
1870500301,갑천도시고속도로,25050530,회덕동
1860001306,계백로,25040680,진잠동
1850145600,둔산대로117번길,25030690,만년동
1830462001,동구청로,25010530,효동
1850333102,구봉산북로94번길,25030730,관저2동
1850008600,계룡로,25030650,갈마2동
1850006902,계룡로,25030560,용문동
1850082902,계룡로553번안길,25030570,탄방동
1860171005,대덕대로556번길,25040550,신성동
1850113305,신갈마로,25030640,갈마1동
1850142901,문예로,25030600,둔산2동
1860122701,노은로426번길,25040660,노은2동
1840186000,중앙로122번길,25020550,대흥동
1870205500,경부고속도로,25050540,비래동
1840011202,뿌리공원로,25020690,산성동
1860191102,반석로,25040670,노은3동
1850048800,배재로,25030530,도마2동
1850315502,신갈마로,25030640,갈마1동
1860635800,동서대로656번길,25040680,진잠동
1850052101,도산로,25030550,변동
1860086702,노은동로87번길,25040590,노은1동
1840022314,천근로69번길,25020670,문화1동
1850095900,갑천도시고속도로,25030660,월평1동
1860082104,대학로,25040540,온천2동
1850099601,유등로,25030740,둔산3동
1850332102,정림서로,25030540,정림동
1830057805,이사로,25010750,산내동
1860725100,도안대로,25040680,진잠동
1870083304,석봉로,25050590,석봉동
1870019203,대전로,25050510,오정동
1860408000,유성대로935번길,25040540,온천2동
1860008607,대덕대로,25040550,신성동
1860211302,자운로97번길,25040550,신성동
1860090801,노은동로,25040590,노은1동
1870025400,선비마을로5번길,25050620,송촌동
1860053802,온천로,25040640,온천1동
1860021101,대정로28번안길,25040680,진잠동
1860407300,유성대로935번길,25040540,온천2동
1840036202,문창로,25020560,문창동
1830285000,동산초교로,25010680,홍도동
1860374800,학하남로,25040690,학하동
1840163100,대전남부순환고속도로,25020690,산성동
1850147600,만년로68번길,25030690,만년동
1830185100,통영대전고속도로,25010550,판암1동
1860058301,대학로,25040640,온천1동
1850051400,변동로,25030550,변동
1860621602,반석로11번길,25040670,노은3동
1860132004,유성대로1312번길,25040550,신성동
1870053401,아리랑로,25050530,회덕동
1860104903,노은동로,25040660,노은2동
1860206701,월드컵대로,25040700,상대동
1840020100,대전천서로,25020570,석교동
1860430500,관평1로,25040630,관평동
1860660101,송림로54번길,25040660,노은2동
1860685803,유성대로671번길,25040640,온천1동
1860441200,테크노10로,25040630,관평동
1860105001,노은동로,25040660,노은2동
1860662801,자운로97번길,25040550,신성동
1870484401,생산5길,25050520,대화동
1860374700,복용북로,25040690,학하동
1830284803,동산초교로,25010680,홍도동
1860128400,외삼로8번길,25040660,노은2동
1840021102,당디로,25020690,산성동
1860149903,와룡로,25040610,구즉동
1860152400,구룡고개길,25040610,구즉동
1850329202,신갈마로155번길,25030640,갈마1동
1850058909,괴정로,25030620,가장동
1830042405,동서대로1695번길,25010650,용전동
1830012815,계족로,25010650,용전동
1870087404,대청로82번길,25050580,신탄진동
1860603900,과학로,25040540,온천2동
1850033202,복수동로,25030510,복수동
1870057704,덕암로,25050600,덕암동
1860007306,호남고속도로지선,25040550,신성동
1830452000,성남로,25010790,성남동
1860410900,봉명로,25040710,원신흥동
1830474602,대종로,25010750,산내동
1860071301,대학로75번길,25040540,온천2동
1850025505,가수원로,25030511,가수원동
1830283900,동산초교로23번길,25010680,홍도동
1830033403,태전로,25010800,삼성동
1870002518,신탄진로,25050530,회덕동
1860660002,송림로54번길,25040660,노은2동
1870025001,계족산로,25050550,중리동
1870052401,대전로1331번길,25050520,대화동
1860091000,은구비남로,25040590,노은1동
1850322405,관저로129번길,25030730,관저2동
1840124602,계백로1716번길,25020670,문화1동
1860010905,호남고속도로지선,25040630,관평동
1850027302,정림서로138번길,25030540,정림동
1860652101,원신흥남로12번길,25040710,원신흥동
1860722500,복합환승로,25040640,온천1동
1870504400,경부고속도로,25050600,덕암동
1850132701,한밭대로,25030600,둔산2동
1830043800,한밭대로,25010640,가양2동
1860394400,죽동로,25040540,온천2동
1860669502,유성대로626번길,25040640,온천1동
1860685802,유성대로671번길,25040640,온천1동
1850304200,복수중로,25030510,복수동
1860131501,유성대로,25040550,신성동
1850131402,-,25030600,둔산2동
1830045904,비래서로,25010640,가양2동
1870301302,대덕대로1527번길,25050580,신탄진동
1860368600,학하북로,25040690,학하동
1860375702,학하동로,25040690,학하동
1860026900,진잠옛로,25040690,학하동
1850317702,도안동로12번길,25030512,도안동
1840126602,운남로,25020690,산성동
1860056901,유성대로694번길,25040640,온천1동
1840005904,계백로,25020620,오류동
1850082500,문정로48번길,25030570,탄방동
1840017403,송리로,25020680,문화2동
1860230003,농대로,25040540,온천2동
1830125900,동구청로,25010750,산내동
1860100802,노은동로,25040660,노은2동
1850141900,유등로,25030600,둔산2동
1840023700,산성로,25020680,문화2동
1870086900,문평동로72번길,25050610,목상동
1850026001,관저동로,25030730,관저2동
1860144401,테크노2로,25040630,관평동
1870001000,계족로,25050550,중리동
1850026600,복수동로,25030510,복수동
1860337300,대전남부순환고속도로,25040680,진잠동
1830470700,판암로,25010550,판암1동
1870083402,덕암북로,25050590,석봉동
1850135400,-,25030600,둔산2동
1840193300,대종로,25020540,중촌동
1860684201,유성대로671번길,25040640,온천1동
1860380201,진잠옛로,25040690,학하동
1860600106,엑스포로339번길,25040570,전민동
1840043000,계룡로816번길,25020620,오류동
1830182000,통영대전고속도로,25010750,산내동
1860140000,대덕대로989번길,25040550,신성동
1870022702,중리로,25050550,중리동
1860106804,엑스포로,25040570,전민동
1830041001,동서대로,25010650,용전동
1860004804,유성대로,25040540,온천2동
1850060701,동서대로,25030550,변동
1870495301,대덕대로1284번길,25050610,목상동
1850043602,복수중로,25030510,복수동
1830032806,동서대로1572번길,25010790,성남동
1850148300,만년로,25030690,만년동
1870048701,대화로32번길,25050520,대화동
1830014201,산내로1257번길,25010750,산내동
1830029301,대전로,25010800,삼성동
1830462100,은어송로52번길,25010530,효동
1860368801,학하북로,25040690,학하동
1860726800,도안대로,25040680,진잠동
1860094300,대학로,25040550,신성동
1860156303,배울2로,25040630,관평동
1850146600,둔산대로,25030670,월평2동
1840046105,선화로,25020510,은행선화동
1840006302,계룡로,25020620,오류동
1860099402,엑스포로,25040570,전민동
1850304402,복수중로34번길,25030510,복수동
1870043000,대전로,25050520,대화동
1830036100,옛신탄진로,25010680,홍도동
1840024609,대전천서로,25020560,문창동
1850210600,배재로,25030530,도마2동
1850128801,한밭대로,25030590,둔산1동
1840004203,계백로,25020650,유천1동
1870003925,신탄진로,25050530,회덕동
1870057604,덕암로,25050600,덕암동
1850317903,도마3길,25030520,도마1동
1840182500,-,25020510,은행선화동
1830012831,계족로,25010680,홍도동
1870022100,계족산로52번길,25050620,송촌동
1870015301,오정로,25050510,오정동
1850027201,정림서로138번길,25030540,정림동
1860354500,엑스포로,25040630,관평동
1870053201,아리랑로,25050560,법1동
1860221801,계룡로,25040640,온천1동
1870055302,천변도시고속도로,25050530,회덕동
1870475800,신문로,25050580,신탄진동
1830122200,계족로,25010530,효동
1870450900,한남로,25050510,오정동
1860442001,테크노11로,25040630,관평동
1830030402,태전로,25010800,삼성동
1830055903,세천공원로,25010550,판암1동
1830462300,은어송로51번길,25010530,효동
1850073901,계룡로500번길,25030650,갈마2동
1860367000,학하로,25040690,학하동
1840048402,중앙로,25020510,은행선화동
1860675104,문화원로,25040540,온천2동
1830025107,동대전로,25010780,대동
1860208701,도안대로,25040700,상대동
1860380300,진잠옛로265번길,25040690,학하동
1860091601,은구비남로33번길,25040590,노은1동
1850060103,가장로,25030610,괴정동
1840187301,계룡로904번길,25020670,문화1동
1840022103,천근로,25020680,문화2동
1840005403,충무로,25020560,문창동
1870060602,덕암로,25050600,덕암동
1850033301,복수동로,25030510,복수동
1870483000,장동로278번길,25050530,회덕동
1830019003,용운로,25010570,용운동
1830182400,통영대전고속도로,25010750,산내동
1870484300,생산5길,25050520,대화동
1850104101,둔산중로,25030590,둔산1동
1860722401,복합환승로,25040640,온천1동
1830127800,대학로,25010570,용운동
1860057801,계룡로105번길,25040640,온천1동
1850137700,청사로,25030600,둔산2동
1850307405,갈마중로37번길,25030650,갈마2동
1830030606,대성길,25010630,가양1동
1830016107,동구청로,25010550,판암1동
1860639700,테크노중앙로,25040630,관평동
1830007609,옥천로,25010770,신인동
1860054801,-,25040640,온천1동
1870004024,신탄진로,25050530,회덕동
1830474301,산서로,25010750,산내동
1860042301,유성대로668번길,25040640,온천1동
1830030506,대성길,25010630,가양1동
1870046200,대전로1331번길,25050520,대화동
1860110901,노은로,25040660,노은2동
1870087207,신탄진북로,25050580,신탄진동
1860335500,호남고속도로지선,25040690,학하동
1860398801,죽동로,25040540,온천2동
1850080602,탄방로,25030570,탄방동
1840005103,계백로,25020620,오류동
1830055304,천개동로,25010730,대청동
1860086700,노은동로87번길,25040590,노은1동
1840034201,태평로,25020640,태평2동
1870032104,송촌북로20번길,25050620,송촌동
1870057901,대덕대로1284번길,25050610,목상동
1870486505,대전로1019번길,25050510,오정동
1830467900,옥천로106번길,25010550,판암1동
1860655103,은구비로155번길,25040660,노은2동
1850127603,한밭대로570번길,25030660,월평1동
1870001001,계족로,25050550,중리동
1860681302,대정로42번길,25040680,진잠동
1850055001,변동중로,25030550,변동
1870022202,계족산로52번길,25050620,송촌동
1830284800,동산초교로,25010680,홍도동
1860020600,대정로28번안길,25040680,진잠동
1860072600,대학로76번길,25040540,온천2동
1860651601,-,25040690,학하동
1860137002,-,25040550,신성동
1860151400,와룡로,25040610,구즉동
1860164001,테크노4로,25040630,관평동
1860623200,지족북로,25040670,노은3동
1830004501,대전로,25010750,산내동
1860013400,대덕대로,25040610,구즉동
1870481501,방두말1길,25050600,덕암동
1850021700,유등로17번길,25030510,복수동
1860109701,은구비로138번길,25040660,노은2동
1860409500,봉명서로,25040710,원신흥동
1830031301,우암로,25010800,삼성동
1840001701,대둔산로,25020690,산성동
1850043907,배재로,25030530,도마2동
1870492405,우암로,25050540,비래동
1850147301,둔산대로117번길,25030690,만년동
1870079700,신탄진남로,25050580,신탄진동
1870060401,벚꽃길,25050600,덕암동
1830477302,천동초등동길,25010530,효동
1860082000,월드컵대로,25040590,노은1동
1860055501,유성대로694번길,25040640,온천1동
1850307600,배재로233번길,25030550,변동
1860025700,진잠옛로,25040690,학하동
1860009402,신성로,25040550,신성동
1850029602,관저동로90번길,25030730,관저2동
1870481102,신탄진로583번길,25050600,덕암동
1860408201,봉명서로,25040710,원신흥동
1840004701,충무로,25020560,문창동
1850130001,한밭대로,25030600,둔산2동
1830022202,용운로,25010570,용운동
1870070101,덕암북로,25050600,덕암동
1860098102,엑스포로123번길,25040550,신성동
1860336301,진잠로,25040680,진잠동
1830042409,동서대로1695번길,25010650,용전동
1850329405,계룡로354번길,25030640,갈마1동
1830046102,비래서로,25050540,비래동
1860104303,노은서로210번길,25040660,노은2동
1860376101,복용로,25040690,학하동
1860137801,자운로,25040550,신성동
1830018104,새울로,25010570,용운동
1870496600,문평서로17번길,25050610,목상동
1860657703,신성남로,25040550,신성동
1860433401,테크노5로,25040630,관평동
1860664001,자운로97번길,25040550,신성동
1860010904,호남고속도로지선,25040570,전민동
1850289900,도안북로93번길,25030512,도안동
1870478902,대덕대로1585번길,25050590,석봉동
1840045500,대종로,25020550,대흥동
1860004613,현충원로,25040540,온천2동
1860724500,도안대로,25040680,진잠동
1860441502,테크노10로,25040630,관평동
1830044106,우암로,25010640,가양2동
1860102200,은구비로,25040590,노은1동
1850055801,동서대로,25030550,변동
1860497600,구즉세종로,25040610,구즉동
1850006200,계백로,25030530,도마2동
1830041904,대청호수로,25010730,대청동
1870020901,우암로,25050540,비래동
1860602001,지족북로66번길,25040670,노은3동
1840044906,계룡로816번길,25020620,오류동
1860014000,대덕대로,25040610,구즉동
1870024700,천변도시고속도로,25050520,대화동
1860195600,반석로,25040670,노은3동
1840049200,중앙로,25020510,은행선화동
1830037200,우암로,25010630,가양1동
1860107100,은구비로138번길,25040660,노은2동
1850321102,관저중로64번길,25030730,관저2동
1850062905,용문로,25030560,용문동
1850066100,갈마로,25030610,괴정동
1860173501,용계로94번길,25040680,진잠동
1840189703,산성로57번길,25020690,산성동
1870015402,오정로,25050510,오정동
1840020001,서문로,25020670,문화1동
1840183105,사득로,25020590,부사동
1830004301,대전로,25010750,산내동
1870026801,중리서로,25050550,중리동
1850056501,도솔로,25030550,변동
1830027700,중앙로,25010760,중앙동
1830489101,우암로147번길,25010800,삼성동
1840024603,대전천서로,25020560,문창동
1870059704,덕암로118번길,25050600,덕암동
1830452703,한밭대로1237번길,25010650,용전동
1870025501,선비마을로,25050620,송촌동
1850068501,도솔로,25030610,괴정동
1860388301,도안북로,25040680,진잠동
1860088801,노은동로,25040590,노은1동
1870010900,대전로,25050510,오정동
1860426202,관평2로,25040630,관평동
1870483300,신탄진로190번길,25050530,회덕동
1860192101,지족로148번길,25040670,노은3동
1840199201,솔밭로,25020580,대사동
1840060002,어덕마을로104번길,25020540,중촌동
1870053105,아리랑로,25050530,회덕동
1850052502,중반5길,25030550,변동
1850285902,구봉로,25030730,관저2동
1860136902,-,25040550,신성동
1870084805,신탄진동로23번길,25050580,신탄진동
1870032000,송촌북로20번길,25050620,송촌동
1840064502,대둔산로,25020690,산성동
1850092301,둔산남로,25030650,갈마2동
1830056400,하상도로,25010760,중앙동
1850026601,복수동로,25030510,복수동
1860417501,신성로,25040550,신성동
1850091101,유등로669번길,25030570,탄방동
1860090102,은구비남로,25040590,노은1동
1850127701,한밭대로570번길,25030660,월평1동
1870062101,덕암로,25050600,덕암동
1860099100,대덕대로512번길,25040550,신성동
1830012805,계족로,25010650,용전동
1850322101,구봉로147번길,25030730,관저2동
1870011403,한남로150번길,25050510,오정동
1860235900,배울1로,25040630,관평동
1860131607,유성대로,25040570,전민동
1860411601,봉명로,25040710,원신흥동
1860407401,원신흥남로28번길,25040710,원신흥동
1860601902,지족북로66번길,25040670,노은3동
1860145802,테크노2로,25040630,관평동
1870061301,대덕대로1284번길,25050610,목상동
1860335200,호남고속도로지선,25040680,진잠동
1830007205,계족로,25010530,효동
1860667301,-,25040630,관평동
1860634202,도안북로,25040680,진잠동
1840066900,잔디로,25020690,산성동
1860398400,죽동로280번길,25040540,온천2동
1860386201,용계로94번길,25040680,진잠동
1870044801,매봉길,25050570,법2동
1870198300,경부고속도로,25050600,덕암동
1860122301,노은로410번길,25040660,노은2동
1870037200,송촌북로,25050620,송촌동
1860684502,-,25040640,온천1동
1850335300,-,25030660,월평1동
1860126600,신성남로,25040550,신성동
1860721801,유성대로653번길,25040640,온천1동
1850149203,만년로,25030690,만년동
1860129000,엑스포로466번길,25040570,전민동
1850118901,대덕대로242번길,25030600,둔산2동
1850335200,월드컵대로484번길,25030660,월평1동
1830025500,새울로,25010570,용운동
1860106900,은구비로,25040660,노은2동
1850045202,도산로,25030520,도마1동
1860120201,노은로410번길,25040660,노은2동
1850051603,유등로,25030550,변동
1850055902,동서대로,25030630,내동
1850067901,갈마로,25030650,갈마2동
1860139800,자운로,25040550,신성동
1850210800,동서대로,25030550,변동
1860612200,문지로,25040570,전민동
1830018901,용운로,25010570,용운동
1860687902,엑스포로539번길,25040630,관평동
1840041401,대종로,25020550,대흥동
1850141901,유등로,25030600,둔산2동
1840198703,오류로,25020620,오류동
1860051601,유성대로680번길,25040640,온천1동
1860377201,복용북로,25040690,학하동
1860142400,테크노8로,25040630,관평동
1860071202,노은로,25040590,노은1동
1860444402,갑천로,25040630,관평동
1830044700,홍도로,25050550,중리동
1830003513,대전로,25010750,산내동
1860048901,유성대로,25040640,온천1동
1860655403,은구비로155번길,25040660,노은2동
1860618801,문지로316번길,25040570,전민동
1840043300,중교로,25020550,대흥동
1830465203,은어송로77번길,25010530,효동
1850144700,둔산대로,25030600,둔산2동
1830462800,대전로,25010530,효동
1860068001,온천동로,25040640,온천1동
1870014500,대전천북로,25050510,오정동
1850062400,가장로,25030610,괴정동
1830032200,가양남로,25010630,가양1동
1870475500,대청로,25050580,신탄진동
1840005204,계백로,25020620,오류동
1860625002,지족동로142번길,25040670,노은3동
1860102501,대덕대로512번길,25040550,신성동
1830030405,태전로,25010800,삼성동
1860365200,학하서로,25040690,학하동
1840020403,당디로6번길,25020680,문화2동
1870012300,한남로150번길,25050510,오정동
1850051907,변동로,25030550,변동
1850067008,탄방로,25030570,탄방동
1870151809,신탄진로756번안길,25050580,신탄진동
1840003302,대둔산로,25020650,유천1동
1850236900,계룡로,25030660,월평1동
1860659502,-,25040640,온천1동
1830016406,동부로,25010560,판암2동
1850045401,도솔로,25030530,도마2동
1830036103,옛신탄진로,25010790,성남동
1850232202,도안중로,25030720,관저1동
1860198900,학하복용서로,25040690,학하동
1860682003,대정로42번길,25040680,진잠동
1870025000,계족산로,25050550,중리동
1830014502,산내로1305번길,25010750,산내동
1860402001,죽동로279번길,25040540,온천2동
1830028501,선화로,25010800,삼성동
1860332400,호남고속도로지선,25040690,학하동
1840163500,대전남부순환고속도로,25020690,산성동
1860614701,엑스포로446번길,25040570,전민동
1850011802,대덕대로,25030670,월평2동
1840199502,충무로,25020550,대흥동
1860026001,진잠옛로,25040690,학하동
1830038902,옛신탄진로,25010680,홍도동
1850140701,갈마역로,25030670,월평2동
1830026001,태전로,25010800,삼성동
1860050300,계룡로141번길,25040640,온천1동
1870031100,송촌북로16번길,25050620,송촌동
1830044200,우암로,25010640,가양2동
1830006904,옥천로,25010550,판암1동
1860429100,테크노1로,25040630,관평동
1840022203,천근로,25020680,문화2동
1870477000,문평서로,25050610,목상동
1840165700,대전남부순환고속도로,25020690,산성동
1830462601,은어송로51번길,25010530,효동
1850308600,관저중로64번길,25030730,관저2동
1840128800,보문산로,25020580,대사동
1860436102,테크노2로,25040630,관평동
1850313803,계룡로394번길,25030650,갈마2동
1850156501,유등로,25030740,둔산3동
1850011304,대덕대로,25030600,둔산2동
1860238901,테크노2로,25040630,관평동
1850111000,둔산로,25030600,둔산2동
1850008300,계룡로,25030570,탄방동
1860226000,도안동로,25040710,원신흥동
1840064200,-,25020690,산성동
1860032501,월드컵대로299번길,25040640,온천1동
1870022401,송촌로,25050620,송촌동
1850046002,제비네1길,25030520,도마1동
1830469305,신기로101번길,25010550,판암1동
1860400001,죽동로,25040540,온천2동
1840198201,오류로,25020620,오류동
1870045800,대전로,25050530,회덕동
1840001902,대둔산로,25020690,산성동
1870056602,덕암로,25050600,덕암동
1850236801,계룡로,25030660,월평1동
1860423300,테크노1로,25040630,관평동
1850052200,유등로,25030550,변동
1870013000,오정로,25050510,오정동
1860007307,호남고속도로지선,25040550,신성동
1850003800,계백로,25030720,관저1동
1830038802,우암로,25010640,가양2동
1860059800,온천동로65번길,25040640,온천1동
1860227101,월드컵대로,25040710,원신흥동
1830031003,대전로,25010800,삼성동
1860079901,프란치스코교황로,25040590,노은1동
1840122808,사정공원로,25020690,산성동
1850128300,한밭대로,25030740,둔산3동
1850313200,대덕대로249번길,25030600,둔산2동
1860671102,유성대로680번길,25040640,온천1동
1850047604,조달청길,25030520,도마1동
1860079300,장대로,25040540,온천2동
1850097300,둔산남로,25030570,탄방동
1860031701,월드컵대로275번길,25040640,온천1동
1860202101,유성대로,25040690,학하동
1850135700,둔산중로,25030600,둔산2동
1860084500,한밭대로,25040590,노은1동
1870035200,대화로,25050520,대화동
1860417800,유성대로1184번길,25040550,신성동
1850046600,도산로,25030530,도마2동
1840034502,인창로,25020550,대흥동
1830057404,대전로987번길,25010800,삼성동
1840188500,대흥로,25020550,대흥동
1860151502,-,25040610,구즉동
1850145801,유등로,25030600,둔산2동
1830026005,태전로,25010760,중앙동
1870089902,석봉로38번길,25050590,석봉동
1850311103,도안동로,25030512,도안동
1850024300,복수남로,25030510,복수동
1860020300,대정로28번안길,25040680,진잠동
1850067002,탄방로,25030570,탄방동
1840052801,선화로,25020510,은행선화동
1840030107,보문로,25020550,대흥동
1860054102,온천서로,25040640,온천1동
1830455401,산내로,25010750,산내동
1860098601,엑스포로123번길,25040550,신성동
1860663401,자운로221번길,25040550,신성동
1850062800,용문로,25030610,괴정동
1840034501,인창로,25020560,문창동
1860088901,노은동로99번길,25040590,노은1동
1860033200,월드컵대로289번길,25040640,온천1동
1860684901,유성대로671번길,25040640,온천1동
1840024704,문화로,25020690,산성동
1870496200,대덕대로1277번길,25050610,목상동
1850067106,탄방로,25030570,탄방동
1850078902,유등로,25030570,탄방동
1850048305,조달청길,25030530,도마2동
1850314600,갈마중로37번길,25030650,갈마2동
1850032102,관저중로96번길,25030730,관저2동
1870008011,대덕대로,25050610,목상동
1860045901,온천동로,25040640,온천1동
1830469002,옥천로,25010550,판암1동
1850307503,배재로233번길,25030550,변동
1840183200,사득로,25020590,부사동
1860336707,박산로,25040640,온천1동
1840032705,문창로,25020560,문창동
1860043101,유성대로668번길,25040640,온천1동
1870015400,오정로,25050510,오정동
1870502100,천변도시고속화도로,25050530,회덕동
1840195705,보문로,25020510,은행선화동
1870068901,신탄진로,25050580,신탄진동
1850040500,관저동로,25030720,관저1동
1870490707,홍도로,25050550,중리동
1870358901,구즉세종로,25050610,목상동
1850111001,둔산로,25030600,둔산2동
1850152300,갑천도시고속도로,25030690,만년동
1850076901,계룡로509번길,25030570,탄방동
1840045004,계룡로816번길,25020620,오류동
1830184201,통영대전고속도로,25010530,효동
1860219900,월드컵대로,25040710,원신흥동
1870028308,송촌북로4번길,25050620,송촌동
1840030502,계백로1565번길,25020650,유천1동
1850028400,관저중로,25030730,관저2동
1860396402,상대동로,25040700,상대동
1860009207,대덕대로,25040550,신성동
1860684803,박산로,25040640,온천1동
1830037600,동서대로,25010680,홍도동
1860398500,죽동로,25040540,온천2동
1840028405,문화로,25020670,문화1동
1860071701,월드컵대로,25040540,온천2동
1860618600,문지로316번길,25040570,전민동
1840039900,선화로22번길,25020600,용두동
1860179302,봉산북로,25040610,구즉동
1850069100,도산로,25030560,용문동
1870017701,비래서로9번길,25050540,비래동
1860142502,테크노2로,25040630,관평동
1860375301,학하중앙로167번길,25040690,학하동
1830014900,대전로,25010750,산내동
1860065200,온천북로33번길,25040640,온천1동
1870500001,-,25050520,대화동
1870487101,대전로,25050510,오정동
1850075101,-,25030570,탄방동
1860114403,가정북로,25040550,신성동
1850036101,구봉로,25030540,정림동
1830021300,용운동길,25010570,용운동
1850062202,도솔로,25030610,괴정동
1850041001,정림로65번길,25030540,정림동
1860067400,문화원로,25040640,온천1동
1850142702,문예로,25030600,둔산2동
1860131102,유성대로,25040570,전민동
1840021801,대종로,25020570,석교동
1840031805,대종로,25020550,대흥동
1870017601,비래동로23번길,25050540,비래동
1840064302,대종로334번길,25020590,부사동
1830052901,신기로,25010530,효동
1860684102,유성대로671번길,25040640,온천1동
1860084800,한밭대로259번길,25040590,노은1동
1860146901,테크노7로,25040630,관평동
1850076201,문정로40번길,25030570,탄방동
1860657803,신성남로,25040550,신성동
1870488500,옛신탄진로,25050510,오정동
1860068700,온천북로33번길,25040640,온천1동
1870019504,중리서로,25050550,중리동
1860013802,봉산로,25040610,구즉동
1860667701,용산1로,25040630,관평동
1850286001,구봉로,25030730,관저2동
1840037801,중앙로,25020550,대흥동
1840010601,방아미로,25020690,산성동
1860616501,문지로316번길,25040570,전민동
1850114203,둔산북로,25030740,둔산3동
1850318500,복수동로,25030510,복수동
1850099701,유등로,25030740,둔산3동
1860639401,테크노중앙로,25040630,관평동
1860155702,테크노4로,25040630,관평동
1840041700,중교로,25020550,대흥동
1860130800,유성대로,25040570,전민동
1850308200,-,25030720,관저1동
1840191200,유등천동로,25020690,산성동
1850082502,문정로48번길,25030570,탄방동
1860105103,대덕대로512번길,25040550,신성동
1840067108,산서로,25020690,산성동
1860106904,은구비로,25040660,노은2동
1850074501,신갈마로,25030640,갈마1동
1860650402,복용북로,25040690,학하동
1870073000,덕암북로60번길,25050600,덕암동
1840025202,보문산공원로497번길,25020580,대사동
1860045702,계룡로155번길,25040640,온천1동
1850067102,탄방로,25030570,탄방동
1840044201,동서대로,25020630,태평1동
1860091900,노은로,25040590,노은1동
1860607401,유성대로1628번길,25040570,전민동
1850061701,도산로,25030560,용문동
1840007002,계룡로,25020600,용두동
1870015204,오정로78번길,25050510,오정동
1870028100,송촌북로,25050620,송촌동
1860365701,학하중앙로128번길,25040690,학하동
1850315701,신갈마로86번길,25030640,갈마1동
1850280600,동서대로656번길,25030512,도안동
1850069002,도산로,25030570,탄방동
1840037101,평촌로,25020630,태평1동
1860366300,학하중앙로127번길,25040690,학하동
1860670303,월드컵대로300번길,25040700,상대동
1860723900,도안대로,25040680,진잠동
1860060801,동서대로,25040690,학하동
1860224400,원신흥로,25040710,원신흥동
1870492204,우암동로,25050540,비래동
1870150401,천변도시고속도로,25050530,회덕동
1850108502,월평새뜸로,25030660,월평1동
1850026900,유등로17번길,25030510,복수동
1850053400,동서대로,25020640,태평2동
1860726900,도안대로,25040680,진잠동
1840190100,보문산로35번길,25020690,산성동
1870045004,대화로50번길,25050520,대화동
1840038301,수침로,25020630,태평1동
1870492900,중리동로,25050550,중리동
1850307304,갈마중로37번길,25030650,갈마2동
1860398800,죽동로,25040540,온천2동
1860126202,가정북로,25040550,신성동
1840035200,테미로,25020550,대흥동
1850086502,월드컵대로484번길,25030660,월평1동
1860082702,왕가봉로24번길,25040590,노은1동
1850093800,둔산남로,25030600,둔산2동
1850326801,신갈마로,25030640,갈마1동
1860052400,온천로,25040640,온천1동
1830129700,동부로,25010570,용운동
1870060903,덕암로203번길,25050600,덕암동
1870041000,동춘당로114번길,25050620,송촌동
1870036500,동춘당로,25050620,송촌동
1850009001,계룡로,25030600,둔산2동
1850119100,대덕대로242번길,25030600,둔산2동
1860653001,원신흥남로12번길,25040710,원신흥동
1860436901,테크노중앙로,25040630,관평동
1850090401,대덕대로,25030650,갈마2동
1850310301,계백로,25030720,관저1동
1850277500,관저남로,25030730,관저2동
1870045000,대화로50번길,25050520,대화동
1830453500,계족로,25010630,가양1동
1860017600,진잠로,25040680,진잠동
1850118601,갈마역로,25030600,둔산2동
1840043204,수침로,25020630,태평1동
1860600801,가정북로,25040550,신성동
1830026714,대청호수로,25010730,대청동
1850051101,변동로,25020640,태평2동
1860001310,계백로,25040680,진잠동
1870040100,동춘당로,25050620,송촌동
1860131505,유성대로,25040570,전민동
1860200601,북유성대로,25040670,노은3동
1850290402,동서대로,25030512,도안동
1870479700,대화로161번길,25050520,대화동
1860665903,자운로245번길,25040550,신성동
1860369802,학하남로100번길,25040690,학하동
1840055902,대종로,25020540,중촌동
1840051202,목동로,25020530,목동
1830019400,동부로,25010570,용운동
1850011600,대덕대로,25030600,둔산2동
1830469902,동부로10번길,25010550,판암1동
1870014203,오정로75번길,25050510,오정동
1830191700,경부고속도로,25010730,대청동
1860369201,학하중앙로127번길,25040690,학하동
1860722601,유성대로653번길,25040640,온천1동
1870482500,상서로,25050600,덕암동
1860625300,송림로53번길,25040660,노은2동
1860114201,가정로,25040550,신성동
1860226500,도안동로,25040710,원신흥동
1840185801,선화로43번길,25020600,용두동
1860388501,죽동로,25040540,온천2동
1860133400,엑스포로539번길,25040570,전민동
1850077800,문정로90번길,25030570,탄방동
1860399401,죽동로297번길,25040540,온천2동
1850134403,월평중로,25030680,월평3동
1840038500,대흥로,25020550,대흥동
1860149003,송강로,25040610,구즉동
1840057503,중촌로,25020540,중촌동
1830476806,대전천북로,25010800,삼성동
1860602300,지족동로142번길,25040670,노은3동
1850118201,둔지로,25030600,둔산2동
1850074404,신갈마로,25030640,갈마1동
1860407806,봉명서로,25040710,원신흥동
1830057700,이사로,25010750,산내동
1860008507,대덕대로,25040550,신성동
1870019501,중리서로,25050550,중리동
1850306700,둔산로31번길,25030600,둔산2동
1850064500,도솔로,25030610,괴정동
1870034500,계족산로17번길,25050570,법2동
1830452701,한밭대로1237번길,25010650,용전동
1850049315,도마로,25030550,변동
1860014102,봉산로,25040610,구즉동
1870006300,대덕대로,25050610,목상동
1870483101,신탄진로162번길,25050530,회덕동
1860154200,불무로,25050610,목상동
1870028005,쌍청당로,25050550,중리동
1860610401,문지로,25040570,전민동
1830025305,용운로147번길,25010570,용운동
1840018500,대전천서로,25020570,석교동
1870502900,경부고속도로,25050600,덕암동
1860413800,유성대로1184번길,25040550,신성동
1870497703,석봉로37번길,25050590,석봉동
1830031402,우암로,25010800,삼성동
1860373001,복용북로17번길,25040690,학하동
1850097000,둔산남로,25030740,둔산3동
1860178900,관평천변로,25040630,관평동
1850141304,청사로,25030680,월평3동
1830180000,대전남부순환고속도로,25010750,산내동
1860437601,테크노6로,25040630,관평동
1860631500,호남고속도로지선,25040680,진잠동
1860627800,유성대로1312번길,25040550,신성동
1860042800,계룡로141번길,25040640,온천1동
1860053200,유성대로680번길,25040640,온천1동
1840164000,대전남부순환고속도로,25020690,산성동
1870153601,장동로228번길,25050530,회덕동
1870002003,계족로,25050570,법2동
1870050401,대화로52번길,25050520,대화동
1850117702,대덕대로233번길,25030600,둔산2동
1870302402,-,25050580,신탄진동
1870495801,대덕대로1284번길,25050610,목상동
1840181702,대전천서로,25020540,중촌동
1840066305,문창로,25020560,문창동
1830451901,성남로,25010790,성남동
1870025601,선비마을로,25050620,송촌동
1860387000,죽동로,25040540,온천2동
1870160001,신상로,25050540,비래동
1860133702,엑스포로539번길,25040570,전민동
1870487701,오정로37번길,25050510,오정동
1850120903,신갈마로,25030640,갈마1동
1860380601,학하로,25040690,학하동
1860680902,대정로42번길,25040680,진잠동
1860651502,-,25040690,학하동
1870089002,평촌2길,25050600,덕암동
1860142401,테크노8로,25040630,관평동
1850327101,신갈마로,25030640,갈마1동
1850027200,정림서로138번길,25030540,정림동
1840002005,대둔산로,25020690,산성동
1860171009,대덕대로556번길,25040550,신성동
1830005039,대전로,25010750,산내동
1830475902,대전천동로,25010760,중앙동
1860206601,월드컵대로,25040700,상대동
1840037705,중앙로,25020510,은행선화동
1850106901,둔산로101번길,25030590,둔산1동
1860103502,엑스포로123번길,25040550,신성동
1830450000,천동초등동길,25010770,신인동
1860202000,유성대로,25040680,진잠동
1860673801,계룡로,25040640,온천1동
1860354000,엑스포로,25040630,관평동
1870485202,중리동로56번길,25050550,중리동
1860370702,학하북로,25040690,학하동
1860352808,탑립로,25040630,관평동
1850127600,한밭대로570번길,25030660,월평1동
1860023101,대정로28번길,25040680,진잠동
1850158000,유등로,25030740,둔산3동
1830022200,용운로,25010570,용운동
1870083301,석봉로,25050590,석봉동
1860433202,테크노5로,25040630,관평동
1870002515,신탄진로,25050530,회덕동
1850155802,유등로,25030520,도마1동
1850235301,구봉산북로,25030730,관저2동
1860602202,지족북로66번길,25040670,노은3동
1840163900,대전남부순환고속도로,25020690,산성동
1830451702,동서대로1572번길,25010790,성남동
1870485604,계족로574번길,25050550,중리동
1830019402,동부로,25010570,용운동
1860132201,-,25040550,신성동
1840042305,선화서로,25020510,은행선화동
1850043202,복수북로,25030510,복수동
1860105304,노은서로,25040660,노은2동
1840020801,산성로,25020680,문화2동
1850115101,둔산중로78번길,25030590,둔산1동
1860372600,학하북로,25040690,학하동
1860354300,엑스포로625번길,25040630,관평동
1870084806,신탄진동로23번길,25050580,신탄진동
1830038907,옛신탄진로,25050510,오정동
1860605301,계백로,25040680,진잠동
1850054501,동서대로,25030620,가장동
1860040702,유성대로680번길,25040640,온천1동
1860409502,봉명서로,25040710,원신흥동
1870040901,계족로663번길,25050560,법1동
1870020407,한밭대로1129번길,25050550,중리동
1860201901,유성대로,25040680,진잠동
1850329604,신갈마로,25030640,갈마1동
1850009506,대덕대로,25030600,둔산2동
1850062402,가장로,25030610,괴정동
1860605703,배울1로,25040550,신성동
1850156300,하상도로,25030740,둔산3동
1830452705,한밭대로1237번길,25010650,용전동
1870012603,오정로75번길,25050510,오정동
1830002023,산내로,25010750,산내동
1860072800,대학로76번길,25040540,온천2동
1860114901,노은로,25040660,노은2동
1850034801,정림서로,25030540,정림동
1860090301,노은서로,25040590,노은1동
1860117001,신성남로,25040550,신성동
1850208201,도안동로,25030512,도안동
1840041000,선화로,25020600,용두동
1860143100,테크노2로,25040630,관평동
1840163600,대전남부순환고속도로,25020690,산성동
1860142602,테크노2로,25040630,관평동
1860639200,테크노중앙로,25040630,관평동
1840032100,수도산로,25020550,대흥동
1840042601,대흥로,25020550,대흥동
1840046205,선화로,25020510,은행선화동
1860377000,복용로,25040690,학하동
1830019904,계족로140번길,25010570,용운동
1860180000,성북로,25040680,진잠동
1850019800,구억뜸길,25030511,가수원동
1870014802,한남로150번길,25050510,오정동
1830454402,산내로,25010750,산내동
1830056301,하상도로,25010530,효동
1840198601,오류로,25020620,오류동
1860124212,엑스포로,25040570,전민동
1860060400,온천북로59번길,25040640,온천1동
1830022102,용운로,25010570,용운동
1830466603,대전로542번길,25010530,효동
1840051605,어덕마을로,25020530,목동
1860333702,박산로,25040640,온천1동
1860062603,온천북로13번길,25040640,온천1동
1860131408,유성대로1689번길,25040570,전민동
1850021900,유등로,25030510,복수동
1850208103,도안동로,25030512,도안동
1840185201,유등천동로,25020600,용두동
1870498905,대화로32번길,25050520,대화동
1850122400,둔산북로,25030740,둔산3동
1850317201,원도안로224번길,25030512,도안동
1850086102,계룡로571번길,25030570,탄방동
1860667201,테크노8로,25040630,관평동
1830038702,우암로,25010640,가양2동
1870089701,대전천북로,25050510,오정동
1870071702,문평서로18번길,25050610,목상동
1830045902,비래서로,25010640,가양2동
1860626401,노은서로266번길,25040660,노은2동
1860099900,은구비로,25040590,노은1동
1870020002,송촌로,25050620,송촌동
1860129701,엑스포로,25040570,전민동
1850327201,신갈마로,25030640,갈마1동
1830034804,현암로,25010800,삼성동
1850154803,변동중로45번길,25030550,변동
1860407202,유성대로,25040540,온천2동
1850061504,갈마로,25030610,괴정동
1830038002,동서대로,25010680,홍도동
1860114002,지족로364번길,25040670,노은3동
1860051001,계룡로87번길,25040640,온천1동
1860023300,대정로,25040680,진잠동
1840056402,-,25020510,은행선화동
1870075604,신일동로5번길,25050610,목상동
1830006201,통영대전고속도로,25010550,판암1동
1840194101,계룡로,25020600,용두동
1870485502,계족로574번길,25050550,중리동
1870480102,대화로,25050520,대화동
1830454901,산내로1327번길,25010750,산내동
1860649103,도안동로,25040710,원신흥동
1860071204,노은로,25040640,온천1동
1860600101,엑스포로339번길,25040570,전민동
1840125800,계백로,25020620,오류동
1850110100,둔산중로58번길,25030590,둔산1동
1860436701,배울2로,25040630,관평동
1830182800,통영대전고속도로,25010750,산내동
1860331306,덕명로56번길,25040690,학하동
1830475100,대전천동로,25010770,신인동
1830040709,충정로,25010640,가양2동
1870002514,신탄진로,25050530,회덕동
1870084203,신탄진동로,25050580,신탄진동
1870153200,장동로278번길,25050530,회덕동
1830038906,옛신탄진로,25010680,홍도동
1860060100,온천북로,25040640,온천1동
1860073600,대학로76번길,25040540,온천2동
1850148000,만년로68번길,25030690,만년동
1850011501,대덕대로,25030600,둔산2동
1870076600,대덕대로1454번길,25050610,목상동
1850310102,용소로,25030512,도안동
1850335800,-,25030660,월평1동
1840183102,사득로,25020590,부사동
1860141700,테크노9로,25040630,관평동
1870088204,석봉로38번길,25050590,석봉동
1840037502,대흥로,25020550,대흥동
1870088910,평촌2길,25050580,신탄진동
1840024703,문화로,25020690,산성동
1850117502,둔산로51번길,25030600,둔산2동
1850199700,원도안로,25030512,도안동
1840058401,대전천서로,25020540,중촌동
1850049204,도마로,25030520,도마1동
1840056602,대전천서로,25020510,은행선화동
1860331200,덕명로56번길,25040690,학하동
1860047401,유성대로,25040640,온천1동
1850144501,갑천도시고속도로,25030670,월평2동
1860377400,복용북로,25040690,학하동
1860152501,구룡고개길,25040610,구즉동
1860668801,용산2로,25040630,관평동
1870073002,덕암북로60번길,25050600,덕암동
1840124300,계백로,25020620,오류동
1850113201,신갈마로,25030640,갈마1동
1860416501,유성대로1205번길,25040550,신성동
1830471604,옛신탄진로,25010680,홍도동
1850095405,남선로60번길,25030570,탄방동
1860010513,대덕대로,25040550,신성동
1860335301,진잠로,25040680,진잠동
1870481200,신탄진로583번길,25050600,덕암동
1860406700,유성대로,25040540,온천2동
1840180701,대천서로,25020540,중촌동
1870059600,덕암로118번길,25050600,덕암동
1850007207,계룡로,25030570,탄방동
1860013900,대덕대로,25040610,구즉동
1870052200,대화로52번안길,25050520,대화동
1850051413,변동로,25030550,변동
1860180007,성북로,25040680,진잠동
1860214203,자운로97번길,25040550,신성동
1860026202,진잠옛로135번길,25040690,학하동
1840018103,산성로,25020680,문화2동
1860132802,엑스포로466번길,25040570,전민동
1860366705,학하중앙로128번길,25040690,학하동
1850058403,도솔로,25030630,내동
1860125801,반석동로,25040670,노은3동
1870006110,신탄진로,25050580,신탄진동
1850207404,원도안로,25030512,도안동
1860108200,은구비로,25040660,노은2동
1840045501,대종로,25020550,대흥동
1830026905,선화로,25010760,중앙동
1860650102,복용북로,25040690,학하동
1840030002,태평로,25020650,유천1동
1840023405,문화로,25020690,산성동
1850045100,도솔로,25030530,도마2동
1840026104,보문로,25020590,부사동
1860398902,죽동로,25040540,온천2동
1860020301,대정로28번안길,25040680,진잠동
1830038706,우암로,25010640,가양2동
1830490702,수향길,25010760,중앙동
1830123909,백룡로,25010600,자양동
1870010604,대전로1033번길,25050510,오정동
1840186902,계백로1685번길,25020620,오류동
1860147002,테크노7로,25040630,관평동
1830024402,중교로,25010760,중앙동
1870041700,동춘당로,25050550,중리동
1860629700,노은로18번길,25040590,노은1동
1860212502,자운로97번길,25040550,신성동
1830451701,동서대로1572번길,25010790,성남동
1860604500,덕명동로,25040640,온천1동
1860105002,노은동로,25040660,노은2동
1850053102,배재로,25030550,변동
1840031206,테미로,25020550,대흥동
1850233600,구봉산북로,25030730,관저2동
1840181600,한남로,25020540,중촌동
1860685501,복합환승로,25040640,온천1동
1870088901,평촌2길,25050600,덕암동
1840037303,평촌로105번길,25020630,태평1동
1840048210,동서대로,25020600,용두동
1850309401,관저중로95번길,25030730,관저2동
1850048704,도솔로,25030520,도마1동
1860012005,대덕대로,25040550,신성동
1830026705,대청호수로,25010730,대청동
1830033702,가양로,25010630,가양1동
1870020008,송촌로,25050620,송촌동
1850032806,가수원로,25030511,가수원동
1870085200,대덕대로1417번길,25050610,목상동
1860140003,대덕대로989번길,25040550,신성동
1860725700,도안대로,25040680,진잠동
1860033000,월드컵대로299번길,25040640,온천1동
1870039300,중리북로,25050550,중리동
1860667101,테크노8로,25040630,관평동
1860070000,문화원로,25040640,온천1동
1850116201,월평서로,25030660,월평1동
1830449300,대전로448번길,25010530,효동
1830005124,대전로,25010530,효동
1850061202,도솔로,25030610,괴정동
1860064405,유성대로720번길,25040540,온천2동
1860638000,엑스포로,25040550,신성동
1860032200,월드컵대로289번길,25040640,온천1동
1840027201,문화로,25020670,문화1동
1830002025,산내로,25010750,산내동
1840118500,산서로,25020690,산성동
1840196102,유등로,25030560,용문동
1860087405,노은동로87번길,25040590,노은1동
1850302902,구봉로,25030540,정림동
1830001926,산내로,25010750,산내동
1850047609,조달청길,25030520,도마1동
1870087403,대청로82번길,25050580,신탄진동
1870084703,신탄진동로,25050580,신탄진동
1850050202,배재로,25030530,도마2동
1870476901,문평서로,25050610,목상동
1840021402,송리로,25020680,문화2동
1860013703,봉산로,25040610,구즉동
1870053104,아리랑로,25050530,회덕동
1850058800,괴정로,25030560,용문동
1870489408,비래동로,25050540,비래동
1840043202,수침로,25020630,태평1동
1850115000,둔산중로78번길,25030590,둔산1동
1830449201,대전로448번길,25010530,효동
1830056701,대전천북로,25050510,오정동
1850130701,둔산서로,25030600,둔산2동
1860660201,송림로54번길,25040660,노은2동
1860031700,월드컵대로275번길,25040640,온천1동
1830006905,옥천로,25010550,판암1동
1830035202,현암로,25010800,삼성동
1830347401,충무로209번길,25010770,신인동
1840182801,선화로22번길,25020510,은행선화동
1860639803,테크노중앙로,25040630,관평동
1830005003,대전로,25010530,효동
1860416901,유성대로1184번길,25040550,신성동
1850323301,-,25030540,정림동
1850329802,신갈마로181번길,25030640,갈마1동
1860080605,노은서로,25040590,노은1동
1860071603,문화원로,25040540,온천2동
1850081300,계룡로553번안길,25030570,탄방동
1840024606,대전천서로,25020570,석교동
1870486500,대전로1019번길,25050510,오정동
1830466002,신기로101번길,25010530,효동
1860392000,죽동로,25040590,노은1동
1870041300,동춘당로114번길,25050620,송촌동
1870072400,덕암북로,25050600,덕암동
1860206700,월드컵대로,25040700,상대동
1860002904,계룡로,25040640,온천1동
1860636800,도안동로,25040710,원신흥동
1870035401,대화로150번길,25050520,대화동
1850046108,제비네1길,25030530,도마2동
1860208500,도안대로,25040700,상대동
1850095700,남선로60번길,25030570,탄방동
1850307504,배재로233번길,25030550,변동
1860385800,도안대로,25040680,진잠동
1840053903,목동로,25020530,목동
1830451302,대전로900번길,25010800,삼성동
1840003504,계백로,25020650,유천1동
1850025402,가수원로,25030511,가수원동
1840026106,보문로,25020590,부사동
1840162701,대전남부순환고속도로,25020690,산성동
1830040804,충정로,25010640,가양2동
1870072703,석봉로58번길,25050590,석봉동
1840032102,수도산로,25020550,대흥동
1830454303,산내로,25010750,산내동
1860171201,은구비남로7번길,25040590,노은1동
1860437401,배울2로,25040630,관평동
1830018704,대전로,25010760,중앙동
1860224200,도안대로590번길,25040710,원신흥동
1850024301,복수남로,25030510,복수동
1850064402,도솔로,25030610,괴정동
1850052903,변동중로,25030550,변동
1850047803,조달청길,25030530,도마2동
1870030403,송촌북로12번길,25050620,송촌동
1840036502,대흥로,25020550,대흥동
1830010401,계족로,25010790,성남동
1850153201,갑천도시고속도로,25030690,만년동
1870024200,선비마을로,25050620,송촌동
1830036613,합내로,25010630,가양1동
1850063302,갈마로,25030610,괴정동
1850038101,혜천로,25030510,복수동
1840016409,보문산로,25020690,산성동
1840025606,계백로1566번길,25020650,유천1동
1870489402,비래동로,25050540,비래동
1850048102,도산로,25030520,도마1동
1870301600,신탄진로,25050580,신탄진동
1860621801,반석동로40번길,25040670,노은3동
1830036615,합내로,25010630,가양1동
1870081500,대덕대로1470번길,25050610,목상동
1850315201,대덕대로161번길,25030650,갈마2동
1830052511,신기로,25010530,효동
1830030802,우암로,25010790,성남동
1830052302,신기로,25010530,효동
1850009303,계룡로,25030600,둔산2동
1860058300,대학로,25040640,온천1동
1860214205,자운로97번길,25040550,신성동
1840186003,중앙로122번길,25020550,대흥동
1830024902,대전로,25010760,중앙동
1860033801,월드컵대로253번길,25040640,온천1동
1850120101,유등로,25030600,둔산2동
1870490201,-,25050540,비래동
1860109101,노은서로,25040660,노은2동
1860203100,외삼로,25040660,노은2동
1870084601,신탄진동로,25050580,신탄진동
1850333402,-,25030730,관저2동
1860138101,자운로221번길,25040550,신성동
1850025301,복수남로12번길,25030510,복수동
1840162500,대전남부순환고속도로,25020690,산성동
1870084000,석봉로,25050590,석봉동
1870477102,대덕대로1486번길,25050610,목상동
1860117800,신성로68번길,25040550,신성동
1860606501,유성대로1689번길,25040570,전민동
1860116501,신성남로,25040550,신성동
1830012704,계족로,25010650,용전동
1860428202,테크노2로,25040630,관평동
1860400606,상대동로,25040700,상대동
1860012705,대덕대로,25040610,구즉동
1850285701,관저남로,25030730,관저2동
1850050102,도솔로,25030520,도마1동
1840024301,대전로,25010530,효동
1870043601,대화로,25050520,대화동
1870009205,신탄진로,25050580,신탄진동
1840030302,서문로,25020670,문화1동
1870053702,대전로,25050530,회덕동
1850064201,대덕대로,25030610,괴정동
1830033701,가양로,25010630,가양1동
1850231904,도안남로,25030720,관저1동
1860058000,계룡로16번길,25040640,온천1동
1860606400,테크노2로,25040630,관평동
1850101703,둔산중로32번길,25030590,둔산1동
1850092505,갈마중로,25030640,갈마1동
1860064302,유성대로720번길,25040540,온천2동
1850045402,도솔로,25030530,도마2동
1870078404,신탄진동로24번길,25050580,신탄진동
1850062901,용문로,25030610,괴정동
1840199207,솔밭로,25020580,대사동
1860617601,문지로316번길,25040570,전민동
1860012712,대덕대로,25040610,구즉동
1870489600,우암로,25050540,비래동
1840191702,유등천동로,25020690,산성동
1860058601,온천로,25040640,온천1동
1840186004,중앙로122번길,25020550,대흥동
1830018303,충무로,25010770,신인동
1870064702,벚꽃길,25050600,덕암동
1870034201,쌍청당로35번길,25050570,법2동
1850329502,계룡로354번길,25030640,갈마1동
1860146301,테크노중앙로,25040630,관평동
1830470403,동부로,25010550,판암1동
1860139301,자운로245번길,25040550,신성동
1850090502,대덕대로,25030650,갈마2동
1870020011,송촌로,25050620,송촌동
1850290002,관저동로,25030730,관저2동
1860439401,테크노중앙로,25040630,관평동
1850064501,도솔로,25030610,괴정동
1860050201,계룡로141번길,25040640,온천1동
1870485501,계족로574번길,25050550,중리동
1870480901,방두말1길,25050600,덕암동
1860727900,-,25030720,관저1동
1860042000,유성대로668번길,25040640,온천1동
1860387001,죽동로,25040540,온천2동
1870489504,비래서로,25050540,비래동
1840162900,대전남부순환고속도로,25020690,산성동
1850007803,계룡로,25030570,탄방동
1840194601,보문로,25020510,은행선화동
1860340900,호남고속도로지선,25040540,온천2동
1860117903,신성로62번길,25040550,신성동
1830039800,홍도로,25010680,홍도동
1830471801,성남로,25010790,성남동
1870198100,경부고속도로,25050600,덕암동
1860331900,북유성대로,25040660,노은2동
1860032602,월드컵대로299번길,25040640,온천1동
1870489300,비래동로,25050540,비래동
1870042701,송촌북로,25050570,법2동
1860604704,교촌대정로,25040680,진잠동
1850066302,괴정로,25030610,괴정동
1830467402,토천1길,25010770,신인동
1860202300,북유성대로316번길,25040660,노은2동
1860385902,용계로94번길,25040680,진잠동
1850208702,도안동로,25030512,도안동
1830026902,선화로,25010760,중앙동
1850101101,둔산중로32번길,25030590,둔산1동
1860408600,원신흥북로,25040710,원신흥동
1840048900,선화서로,25020510,은행선화동
1850328102,둔지로,25030600,둔산2동
1850030602,복수동로51번길,25030510,복수동
1830453001,동서대로1695번길,25010650,용전동
1840191003,보문산로,25020690,산성동
1870067903,문평서로17번안길,25050610,목상동
1870036102,쌍청당로,25050570,법2동
1860395501,죽동로,25040540,온천2동
1830475001,대전로,25010530,효동
1850030100,구봉산북로,25030730,관저2동
1830466602,대전로542번길,25010530,효동
1850043701,복수중로,25030510,복수동
1830035601,대전로,25010800,삼성동
1850231903,도안남로,25030720,관저1동
1830018503,대동천좌안3길,25010770,신인동
1860065901,문화원로,25040640,온천1동
1840067202,산서로,25020690,산성동
1850317402,배재로197번길,25030530,도마2동
1860045102,계룡로16번길,25040640,온천1동
1830453900,길티길,25010630,가양1동
1860610801,문지로,25040570,전민동
1870478401,오정로77번길,25050510,오정동
1830057804,이사로,25010750,산내동
1860110801,노은서로266번길,25040660,노은2동
1830002014,산내로,25010750,산내동
1840027302,대종로333번길,25020590,부사동
1840010806,산서로,25020690,산성동
1840040003,선화로22번길,25020600,용두동
1860001409,계백로,25040680,진잠동
1860047001,유성대로680번길,25040640,온천1동
1840026001,유천로,25020660,유천2동
1860005701,유성대로,25040540,온천2동
1860004513,현충원로,25040540,온천2동
1850049601,도마로,25030520,도마1동
1870016301,한밭대로1006번길,25050510,오정동
1830001923,산내로,25010750,산내동
1850329501,계룡로354번길,25030640,갈마1동
1850265100,구봉산북로,25030730,관저2동
1860684103,유성대로671번길,25040640,온천1동
1830009902,옥천로,25010550,판암1동
1860104400,노은서로210번길,25040660,노은2동
1840052000,보문로337번길,25020510,은행선화동
1870021201,우암로486번길,25050540,비래동
1860090700,노은동로,25040590,노은1동
1860036201,유성대로654번길,25040640,온천1동
1870012100,오정로37번길,25050510,오정동
1870301301,대덕대로1527번길,25050580,신탄진동
1870061402,신일서로86번길,25050610,목상동
1850042902,관저북로,25030720,관저1동
1830007610,옥천로,25010560,판암2동
1870047401,선비마을로,25050570,법2동
1830053401,대전로448번길,25010530,효동
1830030308,태전로,25010800,삼성동
1860375701,학하동로,25040690,학하동
1850025500,가수원로,25030511,가수원동
1860119105,반석동로,25040670,노은3동
1830179401,통영대전고속도로,25010750,산내동
1870063701,신일서로,25050610,목상동
1840003303,대둔산로,25020690,산성동
1840022304,천근로69번길,25020670,문화1동
1850057407,가장로,25030620,가장동
1840016403,보문산로,25020690,산성동
1860008510,대덕대로,25040550,신성동
1850003505,계백로,25030730,관저2동
1840003403,대둔산로,25020690,산성동
1830030605,대성길,25010630,가양1동
1840040202,중교로,25020550,대흥동
1870057001,산업단지로,25050600,덕암동
1860680403,원계산로,25040680,진잠동
1840041501,유천로132번길,25020630,태평1동
1850092516,갈마중로,25030650,갈마2동
1860126203,가정북로,25040550,신성동
1860429101,테크노1로,25040630,관평동
1830464401,은어송로51번길,25010530,효동
1850041501,정림로,25030540,정림동
1860002704,계룡로,25040640,온천1동
1850025600,벌곡로,25030511,가수원동
1850004800,계백로,25030512,도안동
1850078801,유등로,25030570,탄방동
1870491801,한밭대로,25050510,오정동
1860008513,대덕대로,25040550,신성동
1830016801,천동초등동길,25010530,효동
1860637501,한밭대로,25040640,온천1동
1860683105,구룡달전로,25040610,구즉동
1860105702,과학로,25040550,신성동
1830450001,천동초등동길,25010770,신인동
1860042501,계룡로26번길,25040640,온천1동
1860091100,은구비서로,25040590,노은1동
1860117200,신성남로,25040550,신성동
1870036902,계족산로,25050620,송촌동
1850011307,대덕대로,25030600,둔산2동
1830041800,신상로,25010730,대청동
1850146802,둔산대로,25030670,월평2동
1840022312,천근로69번길,25020670,문화1동
1850321501,구봉로131번길,25030730,관저2동
1870008700,대청로,25050580,신탄진동
1840031001,계룡로920번길,25020580,대사동
1860029401,월드컵대로,25040700,상대동
1860058701,온천로,25040640,온천1동
1870152800,장동로278번길,25050530,회덕동
1840046206,선화로,25020510,은행선화동
1860100301,노은로,25040660,노은2동
1830033801,가양로,25010630,가양1동
1860652403,-,25040710,원신흥동
1830005603,옥천로,25010550,판암1동
1830010101,계족로,25010760,중앙동
1860440100,테크노중앙로,25040630,관평동
1840064301,대종로334번길,25020590,부사동
1850321400,구봉로131번길,25030730,관저2동
1850102100,문예로,25030590,둔산1동
1870087206,신탄진북로,25050580,신탄진동
1830468305,옥천로106번길,25010550,판암1동
1840121900,사정공원로,25020690,산성동
1860611800,문지로,25040570,전민동
1860228100,농대로,25040540,온천2동
1870485702,동춘당로44번길,25050620,송촌동
1870494200,천변도시고속도로,25050520,대화동
1860628201,유성대로1312번길,25040550,신성동
1870058701,산업단지로87번길,25050610,목상동
1860628300,유성대로1312번길,25040550,신성동
1860149402,구즉로,25040610,구즉동
1860423301,테크노1로,25040630,관평동
1870082900,대덕대로1409번길,25050610,목상동
1860076501,대학로,25040540,온천2동
1840057100,동서대로,25020510,은행선화동
1860662601,-,25040550,신성동
1860684801,박산로,25040640,온천1동
1870022604,중리남로,25050550,중리동
1860146600,테크노2로,25040630,관평동
1870490806,홍도로,25050550,중리동
1840067604,문창로,25020560,문창동
1850154600,변동중로45번길,25030550,변동
1840006401,계룡로,25020600,용두동
1840003804,계백로,25020650,유천1동
1860637000,동서대로735번길,25040710,원신흥동
1850321600,구봉로131번길,25030730,관저2동
1860132400,자운로,25040550,신성동
1830036508,합내로,25010630,가양1동
1850037102,계백로1286번길,25030540,정림동
1860063200,문화원로,25040640,온천1동
1850092407,갈마중로,25030650,갈마2동
1860117901,신성로62번길,25040550,신성동
1870084100,석봉로,25050590,석봉동
1830044802,홍도로,25010650,용전동
1830017500,동부로,25010560,판암2동
1860602601,지족동로142번길,25040670,노은3동
1850313301,둔산서로10번길,25030570,탄방동
1850098100,둔산남로,25030570,탄방동
1870486101,대전천북로,25050510,오정동
1840055502,목중로26번길,25020540,중촌동
1860122903,노은로426번길,25040660,노은2동
1860100503,은구비로,25040590,노은1동
1860025806,진잠옛로,25040680,진잠동
1870079601,신탄진남로,25050580,신탄진동
1830490001,우암로147번길,25010800,삼성동
1840199904,대둔산로364번길,25020690,산성동
1840046504,수침로,25020630,태평1동
1860043200,유성대로668번길,25040640,온천1동
1870012501,오정로75번길,25050510,오정동
1870361100,갑천도시고속도로,25050610,목상동
1860051200,유성대로694번길,25040640,온천1동
1850267602,관저로,25030730,관저2동
1860174700,은구비남로7번길,25040590,노은1동
1850040201,복수서로,25030510,복수동
1860171307,대덕대로556번길,25040550,신성동
1830463101,은어송로51번길,25010530,효동
1850147401,만년로68번길,25030690,만년동
1870004023,신탄진로,25050530,회덕동
1840161500,대전남부순환고속도로,25020690,산성동
1860051900,온천로,25040640,온천1동
1860131403,유성대로1689번길,25040570,전민동
1860060501,장대로,25040540,온천2동
1860149401,구즉로,25040610,구즉동
1870063101,신일서로,25050610,목상동
1850062806,용문로,25030560,용문동
1870038003,대화로,25050520,대화동
1850057301,유등로,25020640,태평2동
1860099303,엑스포로,25040570,전민동
1840014904,모암로,25020570,석교동
1860666301,자운로245번길,25040550,신성동
1860239200,테크노2로,25040630,관평동
1850281401,도안북로,25030512,도안동
1850063802,신갈마로,25030630,내동
1870002611,신탄진로,25050530,회덕동
1830008304,충무로,25010770,신인동
1860438501,테크노2로,25040630,관평동
1860630203,상대서로68번길,25040700,상대동
1860681702,대정로42번길,25040680,진잠동
1860426300,관평2로,25040630,관평동
1860621200,반석동로,25040670,노은3동
1840056100,대전천서로,25020510,은행선화동
1870018403,동춘당로15번길,25050620,송촌동
1870080600,대덕대로1409번길,25050610,목상동
1850036201,계백로1300번길,25030540,정림동
1850285200,도안북로93번길,25030512,도안동
1860416302,유성대로1184번길,25040550,신성동
1850101702,둔산중로32번길,25030590,둔산1동
1860171800,은구비남로33번길,25040590,노은1동
1850327502,갈마역로,25030600,둔산2동
1870038902,중리북로,25050560,법1동
1830476300,중앙로,25010760,중앙동
1840031603,유천로,25020660,유천2동
1870036600,송촌북로35번길,25050550,중리동
1830466501,대전로542번길,25010530,효동
1850050404,배재로,25030530,도마2동
1860026400,진잠옛로,25040690,학하동
1840005106,계백로,25020660,유천2동
1860235802,배울1로,25040630,관평동
1850113306,신갈마로,25030640,갈마1동
1860674502,문화원로6번길,25040640,온천1동
1830462700,대전로,25010530,효동
1860001408,계백로,25030730,관저2동
1870027700,송촌북로5번길,25050550,중리동
1830004400,대전로,25010750,산내동
1860399601,죽동로297번길,25040540,온천2동
1870161600,신상로,25050540,비래동
1850234700,대전남부순환고속도로,25030730,관저2동
1870301800,신탄진로,25050580,신탄진동
1840030602,계백로1565번길,25020650,유천1동
1860424800,관평2로,25040630,관평동
1840001702,대둔산로,25020690,산성동
1830453700,-,25010790,성남동
1860189900,지족북로,25040670,노은3동
1870021105,우암로486번길,25050540,비래동
1860630705,유성대로298번길,25040680,진잠동
1840161900,대전남부순환고속도로,25020690,산성동
1850109501,갈마역로,25030640,갈마1동
1830491501,삼가로,25010800,삼성동
1860047900,계룡로74번길,25040640,온천1동
1850309102,관저동로,25030730,관저2동
1840056103,대전천서로,25020510,은행선화동
1870489209,송촌남로,25010640,가양2동
1860107000,은구비로,25040660,노은2동
1850057701,동서대로,25030550,변동
1860095901,은구비남로33번길,25040590,노은1동
1870008009,대덕대로,25050610,목상동
1850074701,문정로60번길,25030570,탄방동
1860438600,테크노중앙로,25040630,관평동
1830040504,흥룡로,25010640,가양2동
1860683104,구룡달전로,25040610,구즉동
1870071601,문평서로18번길,25050610,목상동
1830009803,계족로,25010760,중앙동
1830017100,옥천로,25010550,판암1동
1840051801,태평로,25020630,태평1동
1830031401,우암로,25010800,삼성동
1860071000,문화원로,25040540,온천2동
1840124603,계백로1716번길,25020670,문화1동
1830015100,산서로,25010750,산내동
1830035712,대전로,25050510,오정동
1840063001,대전천서로,25050510,오정동
1860399301,죽동로,25040540,온천2동
1860629900,덕명동로,25040690,학하동
1870026900,송촌북로,25050620,송촌동
1830032102,가양남로,25010630,가양1동
1860095900,은구비남로33번길,25040590,노은1동
1870074201,대덕대로1454번길,25050610,목상동
1850004300,계백로,25030512,도안동
1840020701,산성로,25020680,문화2동
1850032900,가수원로,25030511,가수원동
1860410600,봉명로,25040710,원신흥동
1840040601,유천로132번길,25020630,태평1동
1830017705,대전로,25010770,신인동
1850121600,둔산북로,25030590,둔산1동
1840067601,문창로,25020560,문창동
1840192808,동서대로,25020640,태평2동
1850136000,대덕대로290번길,25030600,둔산2동
1850330706,신갈마로,25030640,갈마1동
1860115602,가정로,25040550,신성동
1850331903,벌곡로1285번길,25030511,가수원동
1870019102,대전로,25050510,오정동
1850094900,둔산남로,25030600,둔산2동
1850116301,월평서로,25030660,월평1동
1830453403,동서대로1705번길,25010650,용전동
1850060506,용문로,25030560,용문동
1860064602,장대로,25040540,온천2동
1830018800,대전로,25010770,신인동
1840192903,동서대로,25020640,태평2동
1870492000,한밭대로,25050510,오정동
1840120700,사정공원로,25020690,산성동
1860433501,테크노2로,25040630,관평동
1850021203,정림서로,25030540,정림동
1860128803,전민로,25040570,전민동
1860691601,-,25040700,상대동
1860012704,대덕대로,25040610,구즉동
1850304001,복수중로,25030510,복수동
1860332901,덕명로,25040640,온천1동
1860200500,유성대로,25040680,진잠동
1850066604,용문로,25030610,괴정동
1830179100,대전남부순환고속도로,25010750,산내동
1860604000,과학로,25040540,온천2동
1870478600,대덕대로1585번길,25050590,석봉동
1860025705,진잠옛로,25040680,진잠동
1850274500,동서대로656번길,25040680,진잠동
1850082401,문정로48번길,25030570,탄방동
1840030800,문화로,25020580,대사동
1860423502,테크노1로,25040630,관평동
1870025401,선비마을로5번길,25050620,송촌동
1860637201,온천동로,25040640,온천1동
1850313703,계룡로394번길,25030650,갈마2동
1830185700,통영대전고속도로,25010550,판암1동
1840054802,대종로,25020510,은행선화동
1830043400,동서대로,25010640,가양2동
1860041600,유성대로,25040640,온천1동
1870301300,대덕대로1527번길,25050580,신탄진동
1850290000,관저동로,25030730,관저2동
1850065600,유등로,25030560,용문동
1850151801,둔산대로117번길,25030690,만년동
1860082201,대학로,25040540,온천2동
1850045206,도산로,25030520,도마1동
1860640402,-,25040710,원신흥동
1830053405,대전로448번길,25010530,효동
1870038201,대화로132번길,25050520,대화동
1850100903,둔산남로9번길,25030600,둔산2동
1850047901,조달청길,25030520,도마1동
1860373801,학하북로,25040690,학하동
1840041402,대종로,25020550,대흥동
1860435201,테크노6로,25040630,관평동
1860035201,월드컵대로253번길,25040640,온천1동
1860051000,계룡로87번길,25040640,온천1동
1850025404,가수원로,25030511,가수원동
1850091601,둔산서로,25030600,둔산2동
1850138901,청사로,25030600,둔산2동
1860059000,온천서로,25040640,온천1동
1840194502,계룡로,25020630,태평1동
1860029701,월드컵대로,25040700,상대동
1860635801,동서대로656번길,25040680,진잠동
1860627200,유성대로1366번길,25040550,신성동
1830032900,대전로,25010800,삼성동
1830465000,은어송로,25010530,효동
1830026805,대청호수로,25010730,대청동
1860120601,반석서로,25040670,노은3동
1830015503,옥천로180번길,25010550,판암1동
1840022501,과례로22번길,25020670,문화1동
1830036109,옛신탄진로,25010680,홍도동
1860365204,학하서로,25040690,학하동
1840196101,유등로,25020640,태평2동
1850037001,계백로1286번길,25030540,정림동
1850020904,벌곡로,25030511,가수원동
1860050102,계룡로141번길,25040640,온천1동
1850046904,도마5길,25030520,도마1동
1830465201,은어송로77번길,25010530,효동
1840061401,대전천북로,25020540,중촌동
1860003101,계룡로,25040640,온천1동
1860408801,유성대로,25040550,신성동
1860668402,용산2로,25040630,관평동
1850313402,둔산서로10번길,25030570,탄방동
1850051900,변동로,25030550,변동
1850122000,둔산북로,25030590,둔산1동
1830017005,새울로,25010550,판암1동
1840003304,대둔산로,25020650,유천1동
1830009702,계족로,25010760,중앙동
1860434301,테크노1로,25040630,관평동
1870004603,신탄진로,25050600,덕암동
1870084902,신탄진동로23번길,25050580,신탄진동
1860210501,상대로,25040700,상대동
1850312401,대덕대로317번길,25030670,월평2동
1860088404,과학로,25040540,온천2동
1860620500,가정북로,25040550,신성동
1870075000,덕암북로,25050600,덕암동
1850060804,대덕대로,25030610,괴정동
1860171303,대덕대로556번길,25040550,신성동
1830009604,계족로,25010780,대동
1860634600,도안북로,25040680,진잠동
1860046201,계룡로141번길,25040640,온천1동
1850110200,둔산로137번길,25030590,둔산1동
1830490201,새둑길,25010760,중앙동
1860331607,덕명로,25040690,학하동
1870198900,경부고속도로,25050600,덕암동
1850236300,대전남부순환고속도로,25030730,관저2동
1840058100,대종로,25020540,중촌동
1830042500,홍도로,25010680,홍도동
1850110500,둔산중로58번길,25030590,둔산1동
1860129501,전민로58번길,25040570,전민동
1860189701,지족로,25040670,노은3동
1830017301,동부로,25010560,판암2동
1840186800,계룡로904번안길,25020670,문화1동
1830468501,-,25010550,판암1동
1860146902,테크노7로,25040630,관평동
1850020100,벌곡로,25030511,가수원동
1850069001,도산로,25030570,탄방동
1860120802,노은로426번길,25040660,노은2동
1860417600,유성대로1184번길,25040550,신성동
1850117701,대덕대로233번길,25030600,둔산2동
1840191700,유등천동로,25020690,산성동
1850024200,복수남로,25030510,복수동
1830471700,성남로,25010790,성남동
1850303701,복수중로,25030510,복수동
1850051803,변동로,25030550,변동
1840023403,문화로,25020690,산성동
1850052107,도산로,25030550,변동
1860352804,탑립로,25040630,관평동
1860119400,송림로,25040660,노은2동
1860151300,와룡로,25040610,구즉동
1870024400,동춘당로,25050620,송촌동
1860402702,유성대로935번길,25040540,온천2동
1840015901,대전천서로,25020570,석교동
1850072000,계룡로571번길,25030570,탄방동
1850105905,둔산로,25030740,둔산3동
1870485504,계족로574번길,25050550,중리동
1830052701,은어송로,25010530,효동
1860212101,동서대로,25040710,원신흥동
1870073504,신일동로17번길,25050610,목상동
1830456300,산내로1287번길,25010750,산내동
1850318700,도안중로,25030720,관저1동
1870028306,송촌북로4번길,25050620,송촌동
1850067001,탄방로,25030570,탄방동
1870503700,덕암로,25050600,덕암동
1830018601,대동천좌안3길,25010780,대동
1870016503,오정로78번길,25050510,오정동
1850062903,용문로,25030610,괴정동
1830467700,옥천로106번길,25010550,판암1동
1860657408,신성남로,25040550,신성동
1860170000,은구비남로7번길,25040590,노은1동
1840003600,계백로,25020640,태평2동
1870082100,-,25050610,목상동
1860306705,북유성대로400번길,25040660,노은2동
1850121101,둔산북로,25030590,둔산1동
1850032209,관저중로96번길,25030730,관저2동
1870017500,비래동로23번길,25050540,비래동
1860007305,호남고속도로지선,25040550,신성동
1860131502,유성대로,25040570,전민동
1830179200,대전남부순환고속도로,25010750,산내동
1860668102,용산1로,25040630,관평동
1840191201,유등천동로,25020690,산성동
1850118101,둔산로31번길,25030600,둔산2동
1860042001,유성대로668번길,25040640,온천1동
1840066201,대전천서로,25020560,문창동
1850033702,정림로,25030540,정림동
1840005005,계룡로,25020580,대사동
1860115100,북유성대로,25040660,노은2동
1870059401,덕암로,25050600,덕암동
1850114601,문예로,25030590,둔산1동
1850037901,정림로,25030540,정림동
1850155300,유등로,25030520,도마1동
1870065904,덕암로,25050600,덕암동
1840056003,대종로,25020540,중촌동
1850087101,유등로,25030570,탄방동
1850126102,한밭대로570번길,25030660,월평1동
1830455302,산내로,25010750,산내동
1830040900,동서대로,25010790,성남동
1850315703,신갈마로86번길,25030640,갈마1동
1860664603,자운로97번길,25040550,신성동
1870012801,대전천북로,25050510,오정동
1870002616,신탄진로,25050530,회덕동
1860206803,상대서로,25040700,상대동
1850097407,둔산남로,25030570,탄방동
1850018515,괴곡길,25030540,정림동
1860115700,가정로,25040550,신성동
1840067102,산서로,25020690,산성동
1850228500,대전남부순환고속도로,25030730,관저2동
1870199601,경부고속도로,25050530,회덕동
1860241101,배울1로,25040570,전민동
1870005703,대덕대로,25050610,목상동
1850234602,구봉로,25030730,관저2동
1840057800,목중로54번길,25020540,중촌동
1840191902,문화로,25020690,산성동
1860100900,은구비로,25040590,노은1동
1850060900,대덕대로,25030610,괴정동
1860611201,문지로,25040570,전민동
1830019701,중앙로200번길,25010760,중앙동
1860379700,복용북로75번길,25040690,학하동
1840065002,유등천동로,25020690,산성동
1840065904,계백로1686번길,25020670,문화1동
1860673101,계룡로26번길,25040640,온천1동
1860363700,학하서로,25040690,학하동
1870032801,대전로1331번길,25050520,대화동
1870088912,평촌2길,25050600,덕암동
1860214603,노은로,25040550,신성동
1870151803,신탄진로756번안길,25050580,신탄진동
1850018504,괴곡길,25030540,정림동
1830009605,계족로,25010780,대동
1830454701,산내로,25010750,산내동
1840028200,문화로,25020670,문화1동
1860396400,상대동로,25040700,상대동
1830056600,하상도로,25010760,중앙동
1860371000,학하북로,25040690,학하동
1850330705,신갈마로,25030640,갈마1동
1860119402,송림로,25040660,노은2동
1860602702,지족로349번길,25040670,노은3동
1860116001,노은로,25040660,노은2동
1850029103,관저로,25030730,관저2동
1860125705,반석동로,25040670,노은3동
1830286103,동산초교로,25010680,홍도동
1860103500,엑스포로123번길,25040550,신성동
1850111800,대덕대로220번길,25030600,둔산2동
1860390300,죽동로,25040540,온천2동
1830450404,토천1길,25010550,판암1동
1860635501,동서대로656번길,25040680,진잠동
1850267201,구봉로28번길,25030730,관저2동
1840060900,대종로,25020540,중촌동
1860092602,노은서로142번길,25040590,노은1동
1840033500,충무로107번길,25020550,대흥동
1860430901,테크노5로,25040630,관평동
1860014202,봉산로,25040610,구즉동
1850123700,둔산서로,25030600,둔산2동
1870014201,오정로75번길,25050510,오정동
1840051500,어덕마을로,25020600,용두동
1840128600,보문산로,25020580,대사동
1850152000,갑천도시고속도로,25030690,만년동
1830452901,동서대로1695번길,25010650,용전동
1850126900,한밭대로,25050510,오정동
1860416300,유성대로1184번길,25040550,신성동
1860427301,테크노1로,25040630,관평동
1860223900,월드컵대로,25040710,원신흥동
1860188204,지족북로,25040670,노은3동
1870022201,계족산로52번길,25050620,송촌동
1870152300,장동로,25050530,회덕동
1860203600,외삼로,25040660,노은2동
1870017000,동서대로,25050540,비래동
1850131801,갑천도시고속도로,25030660,월평1동
1860637601,한밭대로,25040640,온천1동
1860101401,엑스포로123번길,25040550,신성동
1850156001,하상도로,25050510,오정동
1840034200,태평로,25020640,태평2동
1840127200,보문산로,25020670,문화1동
1840019800,보문산로,25020670,문화1동
1830490905,수향길,25010800,삼성동
1860365400,학하중앙로128번길,25040690,학하동
1860428400,테크노4로,25040630,관평동
1870054500,대화로32번길,25050520,대화동
1860645702,엑스포로,25040550,신성동
1870060911,덕암로203번길,25050600,덕암동
1860612400,문지로299번길,25040570,전민동
1850093602,문정로89번길,25030570,탄방동
1840191801,문화로,25020690,산성동
1840048102,동서대로,25020600,용두동
1860339600,호남고속도로지선,25040640,온천1동
1850110601,둔산로123번길,25030590,둔산1동
1850138201,문예로,25030600,둔산2동
1860225701,도안동로,25040710,원신흥동
1830036912,동대전로248번길,25010640,가양2동
1830189800,경부고속도로,25010730,대청동
1860437000,테크노중앙로,25040630,관평동
1850237202,월드컵대로484번길,25030660,월평1동
1860206600,월드컵대로,25040700,상대동
1860613300,문지로299번길,25040570,전민동
1860395301,상대남로,25040700,상대동
1850058907,괴정로,25030620,가장동
1860079001,유성대로783번길,25040540,온천2동
1840003401,대둔산로,25020690,산성동
1850126101,한밭대로570번길,25030660,월평1동
1860379001,복용북로,25040690,학하동
1840025906,유천로,25020660,유천2동
1850122601,둔산북로,25030600,둔산2동
1830347510,충무로209번길,25010760,중앙동
1860631902,원내로,25040680,진잠동
1830023600,용운로151번길,25010570,용운동
1830490002,우암로147번길,25010800,삼성동
1850011405,대덕대로,25030600,둔산2동
1860013700,봉산로,25040610,구즉동
1870050601,계족로690번길,25050570,법2동
1860119103,반석동로,25040670,노은3동
1860197400,한밭대로,25040590,노은1동
1860615302,문지로315번길,25040570,전민동
1860089000,노은동로99번길,25040590,노은1동
1830454101,동중앙로,25010630,가양1동
1860170703,노은로410번길,25040660,노은2동
1850237301,계룡로,25030660,월평1동
1860123701,신성로,25040550,신성동
1860035401,유성대로646번길,25040640,온천1동
1860104604,노은서로210번길,25040660,노은2동
1860440602,테크노11로,25040630,관평동
1860144402,테크노2로,25040630,관평동
1850030300,복수동로51번길,25030510,복수동
1860170702,노은로410번길,25040660,노은2동
1850063202,갈마로,25030610,괴정동
1850065202,가장로,25030610,괴정동
1830030504,대성길,25010630,가양1동
1850305902,청사서로54번길,25030670,월평2동
1870076201,대덕대로1454번길,25050610,목상동
1870055707,산디로,25050530,회덕동
1870060910,덕암로203번길,25050600,덕암동
1850143007,월평북로,25030670,월평2동
1860053901,온천로101번길,25040640,온천1동
1860407601,도안대로,25040700,상대동
1860634300,도안북로,25040680,진잠동
1830041503,신상로,25010730,대청동
1830457202,석천로,25010750,산내동
1860201500,학하복용로,25040690,학하동
1850076301,문정로40번길,25030570,탄방동
1850116601,둔산서로,25030600,둔산2동
1850030801,복수동로,25030510,복수동
1860031000,월드컵대로289번길,25040640,온천1동
1850046301,사마1길,25030530,도마2동
1840029603,대종로,25020590,부사동
1830002009,산내로,25010750,산내동
1840126000,계백로1716번길,25020670,문화1동
1860195701,학하복용서로,25040690,학하동
1850100801,둔산남로9번길,25030600,둔산2동
1860088503,노은동로99번길,25040590,노은1동
1830474224,산서로,25010750,산내동
1860423100,테크노1로,25040610,구즉동
1830026601,동부로,25010570,용운동
1860075103,문화원로37번길,25040540,온천2동
1860368004,학하중앙로128번길,25040690,학하동
1850028201,관저로,25030730,관저2동
1850080702,탄방로,25030570,탄방동
1870008104,대덕대로,25050590,석봉동
1860657702,신성남로,25040550,신성동
1850120201,월평로,25030660,월평1동
1870012200,오정로37번길,25050510,오정동
1860107500,북유성대로,25040660,노은2동
1870066801,신일동로67번길,25050610,목상동
1870088206,석봉로38번길,25050590,석봉동
1860009301,신성로,25040550,신성동
1840049705,계룡로771번길,25020530,목동
1870478502,대덕대로1585번길,25050590,석봉동
1830042501,홍도로,25010680,홍도동
1860037400,계룡로32번길,25040640,온천1동
1860215901,원신흥남로,25040710,원신흥동
1860622000,반석동로40번길,25040670,노은3동
1860125302,신성서로,25040550,신성동
1860043202,유성대로668번길,25040640,온천1동
1860444001,갑천로,25040570,전민동
1830477901,-,25010760,중앙동
1860087901,노은서로,25040590,노은1동
1860210500,상대로,25040700,상대동
1860664701,자운로245번길,25040550,신성동
1830462802,대전로,25010530,효동
1870040902,계족로663번길,25050560,법1동
1860368301,학하동로,25040690,학하동
1850068700,계룡로562번길,25030610,괴정동
1850033703,정림로,25030540,정림동
1850021800,유등로,25030510,복수동
1860008603,대덕대로,25040550,신성동
1830017404,동부로,25010560,판암2동
1850056206,변동중로,25030550,변동
1840002204,대둔산로,25020690,산성동
1860115401,가정로,25040550,신성동
1850149100,만년로,25030690,만년동
1860638300,유성대로,25040550,신성동
1860121301,신성로,25040550,신성동
1860353401,엑스포로,25040630,관평동
1870035101,계족산로81번길,25050620,송촌동
1860630600,복용북로33번길,25040690,학하동
1830052002,대전천동로,25010760,중앙동
1860332900,덕명로,25040690,학하동
1860117300,지족로,25040670,노은3동
1860108400,은구비로,25040660,노은2동
1860139901,대덕대로989번길,25040550,신성동
1870498004,대덕대로,25050590,석봉동
1870004507,신탄진로,25050600,덕암동
1850048204,조달청길,25030520,도마1동
1840019701,보문산로,25020670,문화1동
1870486202,대전천북로,25050510,오정동
1860101801,엑스포로123번길,25040550,신성동
1860101202,노은서로,25040660,노은2동
1840057704,목중로54번길,25020540,중촌동
1860647701,-,25040610,구즉동
1870031201,송촌북로16번길,25050550,중리동
1860045803,계룡로155번길,25040640,온천1동
1830184000,경부고속도로,25010730,대청동
1850120905,신갈마로,25030640,갈마1동
1860614300,아리랑로21번길,25040570,전민동
1870157901,신상로,25050540,비래동
1870055711,산디로,25050530,회덕동
1850070200,대덕대로,25030650,갈마2동
1860107401,은구비로,25040660,노은2동
1850097600,둔산중로,25030570,탄방동
1850103200,둔산남로91번길,25030590,둔산1동
1860364901,학하동로,25040690,학하동
1870026401,계족산로5번길,25050550,중리동
1830052300,신기로,25010530,효동
1850093801,둔산남로,25030600,둔산2동
1830465800,신기로,25010530,효동
1860132300,자운로,25040550,신성동
1870499301,대화로,25050520,대화동
1850054403,동서대로,25030620,가장동
1860149101,송강로,25040610,구즉동
1870044001,대화로32번길,25050520,대화동
1860150200,구즉로,25040610,구즉동
1870035102,계족산로81번길,25050620,송촌동
1860029500,월드컵대로307번길,25040700,상대동
1860127701,외삼로,25040660,노은2동
1860046801,계룡로155번길,25040640,온천1동
1830022300,새울로,25010570,용운동
1870490702,홍도로,25050550,중리동
1860429900,테크노2로,25040630,관평동
1870044302,동춘당로126번길,25050620,송촌동
1860329100,현충원로,25040690,학하동
1840031502,유천로,25020660,유천2동
1860089506,노은서로,25040590,노은1동
1860049401,유성대로680번길,25040640,온천1동
1860669501,유성대로626번길,25040640,온천1동
1850321601,구봉로131번길,25030730,관저2동
1830125505,대학로50번길,25010570,용운동
1850052504,중반5길,25030550,변동
1870013811,옛신탄진로,25050510,오정동
1840048302,중앙로,25020510,은행선화동
1850072200,문정로90번길,25030570,탄방동
1860609000,문지로,25040570,전민동
1850061302,도솔로,25030610,괴정동
1850154904,도마로,25030520,도마1동
1850051701,유등로,25030550,변동
1830286002,동산초교로,25010680,홍도동
1830042602,홍도로,25010650,용전동
1830002011,산내로,25010750,산내동
1860164501,테크노중앙로,25040630,관평동
1860417101,유성대로1184번길,25040550,신성동
1860682301,대정로42번길,25040680,진잠동
1840041201,대흥로,25020550,대흥동
1860091201,은구비서로,25040590,노은1동
1870023408,중리동로,25050550,중리동
1860684602,-,25040640,온천1동
1850154700,도마로,25030520,도마1동
1860431000,테크노5로,25040630,관평동
1860075200,문화원로37번길,25040540,온천2동
1870005705,대덕대로,25050610,목상동
1860109203,노은서로,25040660,노은2동
1850058805,괴정로,25030560,용문동
1860180106,성북로,25040680,진잠동
1870032500,천변도시고속도로,25050520,대화동
1860613202,문지로299번길,25040570,전민동
1830045903,비래서로,25010640,가양2동
1860112704,유성대로,25040550,신성동
1860426201,관평2로,25040630,관평동
1870024901,계족산로,25050550,중리동
1860363501,학하로,25040690,학하동
1840036601,대흥로,25020550,대흥동
1870060904,덕암로203번길,25050600,덕암동
1860665904,자운로245번길,25040550,신성동
2830023104,양지시목로,33042320,현도면
1850096300,남선로,25030570,탄방동
1840049202,중앙로,25020510,은행선화동
1840163700,대전남부순환고속도로,25020690,산성동
1860193203,지족로,25040590,노은1동
1870039504,대화로,25050520,대화동
1860025100,대정북로,25040680,진잠동
1870085402,문평동로48번길,25050610,목상동
1860681901,대정로42번길,25040680,진잠동
1860019500,유성대로,25040680,진잠동
1850032002,관저중로96번길,25030730,관저2동
1850143701,월평북로,25030670,월평2동
1840059600,중촌로,25020540,중촌동
1870497805,석봉로37번길,25050590,석봉동
1850099301,둔산남로91번길,25030570,탄방동
1830052706,은어송로,25010530,효동
1830490302,새둑길,25010760,중앙동
1870196600,경부고속도로,25050610,목상동
1850268500,계백로860번길,25030730,관저2동
1830029701,태전로,25010800,삼성동
1860604502,덕명동로,25040640,온천1동
1870478001,한밭대로1043번길,25050510,오정동
1850336000,-,25030660,월평1동
1860100401,노은로,25040590,노은1동
1850140700,갈마역로,25030670,월평2동
1850093001,문예로,25030570,탄방동
1860374200,학하중앙로168번길,25040690,학하동
1870016401,한밭대로1006번길,25050510,오정동
1870070601,신일동로33번길,25050610,목상동
1850097505,둔산남로,25030570,탄방동
1860624000,지족동로142번길,25040670,노은3동
1870489405,비래동로,25050540,비래동
1860201303,북유성대로316번길,25040660,노은2동
1860434102,테크노5로,25040630,관평동
1830052607,신기로,25010530,효동
1860240601,테크노10로,25040630,관평동
1850070401,문정로2번길,25030570,탄방동
1850018604,괴곡길,25030540,정림동
1830012709,계족로,25010650,용전동
1850078500,문정로,25030600,둔산2동
1860333500,호남고속도로지선,25040680,진잠동
1850322201,구봉로147번길,25030730,관저2동
1850149206,만년로,25030690,만년동
1860192301,지족동로,25040670,노은3동
1850076900,계룡로509번길,25030570,탄방동
1870492001,한밭대로,25050510,오정동
1870497802,석봉로37번길,25050590,석봉동
1850069800,계룡로583번길,25030570,탄방동
1860671201,유성대로680번길,25040640,온천1동
1850071401,문정로60번길,25030570,탄방동
1850276500,동서대로656번길,25040680,진잠동
1860131307,유성대로1689번길,25040570,전민동
1870482101,방두말1길,25050600,덕암동
1870040200,대화로150번길,25050520,대화동
1860613100,문지로299번길,25040570,전민동
1840020400,당디로6번길,25020680,문화2동
1850062201,도솔로,25030610,괴정동
1840190001,보문산로41번길,25020690,산성동
1870031502,선비마을로23번길,25050620,송촌동
1850113701,문정로,25030590,둔산1동
1830035709,대전로,25050510,오정동
1860151700,와룡로136번길,25040610,구즉동
1830463100,은어송로51번길,25010530,효동
1860616701,문지로316번길,25040570,전민동
1840054403,목중로,25020540,중촌동
1830057403,대전로987번길,25010800,삼성동
1870013103,오정로38번길,25050510,오정동
1850203701,원도안로,25030512,도안동
1860207101,상대서로,25040700,상대동
1850022501,구봉로,25030730,관저2동
1840182803,선화로22번길,25020510,은행선화동
1840025004,산성로,25020680,문화2동
1870497401,신탄진로738번길,25050580,신탄진동
1830030601,대성길,25010630,가양1동
1830126900,동구청로,25010750,산내동
1850101701,둔산중로32번길,25030590,둔산1동
1860443101,배울1로,25040570,전민동
1860497700,구즉세종로,25040610,구즉동
1870019101,대전로,25050510,오정동
1830034502,충정로,25010600,자양동
1840189501,산성로57번길,25020690,산성동
1840166700,대전남부순환고속도로,25020690,산성동
1860084001,한밭대로,25040590,노은1동
1850076500,계룡로500번길,25030650,갈마2동
1830451401,대전로900번길,25010800,삼성동
1840041300,대종로,25020550,대흥동
1870298100,한남로,25050510,오정동
1840195802,중앙로,25020550,대흥동
1850046401,도솔로,25030530,도마2동
1870067100,신일동로,25050610,목상동
1860020000,대정로,25040680,진잠동
1870153000,장동로278번길,25050530,회덕동
1850134002,월평동로,25030680,월평3동
1850139000,청사로,25030600,둔산2동
1860396403,상대동로,25040700,상대동
1830021001,계족로140번길,25010570,용운동
1840012301,사정공원로,25020690,산성동
1870088916,평촌2길,25050600,덕암동
1860033700,월드컵대로253번길,25040640,온천1동
1850269201,구봉산북로,25030730,관저2동
1850094401,둔산중로14번길,25030570,탄방동
1870027905,쌍청당로,25050550,중리동
1850210601,배재로,25030530,도마2동
1860071500,문화원로,25040540,온천2동
1840036001,인창로,25020560,문창동
1830449602,신기로,25010530,효동
1870488101,동산초교로,25050510,오정동
1850028206,관저로,25030730,관저2동
1850110600,둔산로123번길,25030590,둔산1동
1860620802,가정북로,25040550,신성동
1830039901,동서대로1668번길,25010650,용전동
1870085600,문평동로,25050610,목상동
1860374101,학하남로90번길,25040690,학하동
1860109901,은구비로156번길,25040660,노은2동
1840050100,보문로,25020510,은행선화동
1840003402,대둔산로,25020650,유천1동
1840019401,보문산로,25020670,문화1동
1830018902,용운로,25010570,용운동
1830056602,하상도로,25010760,중앙동
1870499201,한남로67번길,25010680,홍도동
1840010805,산서로,25020690,산성동
1860049001,유성대로,25040640,온천1동
1840192200,유등천동로,25020640,태평2동
1870047900,대화로106번길,25050520,대화동
1870496900,문평서로17번길,25050610,목상동
1870494501,아리랑로,25050530,회덕동
1860022401,대정로28번길,25040680,진잠동
1870011001,대전로,25050510,오정동
1860086800,노은동로87번길,25040590,노은1동
1860155300,배울1로,25040630,관평동
1860614900,엑스포로446번길,25040570,전민동
1860638201,엑스포로123번길,25040550,신성동
1860083501,한밭대로,25040590,노은1동
1840121301,사정공원로,25020690,산성동
1860102500,대덕대로512번길,25040550,신성동
1840014801,대종로,25020570,석교동
1830055408,천개동로,25010730,대청동
1840064201,-,25020690,산성동
1850130300,둔산중로,25030600,둔산2동
1840052201,보문로,25020510,은행선화동
1840181500,한남로,25020540,중촌동
1830474903,대전로,25010530,효동
1860337601,계백로,25040680,진잠동
1850210200,동서대로,25030660,월평1동
1840034400,대전천서로,25020560,문창동
1850060601,동서대로,25030630,내동
1860054000,온천로101번길,25040640,온천1동
1830010104,계족로,25010630,가양1동
1830007801,충무로,25010770,신인동
1830039802,홍도로,25010680,홍도동
1840186200,계백로1660번길,25020670,문화1동
1870075605,신일동로5번길,25050610,목상동
1860017301,원내로,25040680,진잠동
1850047708,조달청길,25030520,도마1동
1840013802,안영로,25020690,산성동
1850053500,동서대로,25020640,태평2동
1870040601,중리북로,25050560,법1동
1830006401,옥천로,25010550,판암1동
1830026006,태전로,25010760,중앙동
1860398301,죽동로,25040540,온천2동
1870039201,중리북로,25050560,법1동
1840182100,목동로22번길,25020530,목동
1860079400,장대로,25040540,온천2동
1850049301,도마로,25030550,변동
1850075405,갈마로,25030640,갈마1동
1870026000,계족산로,25050550,중리동
1830490703,수향길,25010760,중앙동
1860010713,유성대로,25040550,신성동
1850062503,가장로,25030610,괴정동
1850303200,구봉로,25030540,정림동
1850156202,하상도로,25030740,둔산3동
1870041303,동춘당로114번길,25050620,송촌동
1850065702,유등로,25030560,용문동
1870053902,공단4길,25050520,대화동
1850075200,탄방로,25030570,탄방동
1830473000,성남로,25010800,삼성동
1830052003,대전천동로,25010760,중앙동
1840040501,유천로132번길,25020630,태평1동
1850229200,대전남부순환고속도로,25030730,관저2동
1850006701,계백로,25030520,도마1동
1830004953,대전로,25010530,효동
1830183601,통영대전고속도로,25010750,산내동
1860170700,노은로410번길,25040660,노은2동
1850133000,한밭대로,25030670,월평2동
1850024501,유등로,25030510,복수동
1850269200,구봉산북로,25030730,관저2동
1860640602,문지로,25040570,전민동
1860428300,테크노2로,25040630,관평동
1850057404,가장로,25030620,가장동
1860031502,월드컵대로253번안길,25040640,온천1동
2830022400,신문로,33042320,현도면
1870018401,동춘당로15번길,25050620,송촌동
1870051303,-,25050560,법1동
1860369401,학하중앙로150번길,25040690,학하동
1860114202,가정로,25040550,신성동
1850301900,괴곡1길,25030511,가수원동
1860612900,문지로299번길,25040570,전민동
1870021101,우암로486번길,25050540,비래동
1870046801,선비마을로,25050570,법2동
1860631003,진잠로42번길,25040680,진잠동
1870049801,-,25050520,대화동
1840036701,대흥로,25020550,대흥동
1860131508,유성대로,25040570,전민동
1850148101,만년로68번길,25030690,만년동
1860671502,유성대로654번길,25040640,온천1동
1870207600,경부고속도로,25050540,비래동
1850321401,구봉로131번길,25030730,관저2동
1850045706,도산로,25030520,도마1동
1860085703,한밭대로,25040590,노은1동
1860647803,-,25040610,구즉동
1870079401,-,25050610,목상동
1870047205,계족로664번길,25050570,법2동
1860117605,지족로,25040670,노은3동
1850108301,둔산서로,25030600,둔산2동
1850077000,문정로2번길,25030570,탄방동
1860602201,지족북로66번길,25040670,노은3동
1850021304,정림서로,25030540,정림동
1860114702,가정로,25040550,신성동
1850118301,둔지로,25030600,둔산2동
1830032707,동서대로1572번길,25010790,성남동
1830025304,용운로147번길,25010570,용운동
1860690903,-,25040700,상대동
1860054700,-,25040640,온천1동
1860092000,노은로,25040590,노은1동
1850330002,계룡로342번길,25030640,갈마1동
1870499302,대화로,25050520,대화동
1840046605,수침로,25020630,태평1동
1850059501,가장로,25030620,가장동
1860423400,테크노1로,25040630,관평동
1870012503,오정로75번길,25050510,오정동
1830455100,산내로1327번길,25010750,산내동
1860008900,가정로,25040550,신성동
1870498904,대화로32번길,25050520,대화동
1850021901,유등로,25030510,복수동
1830476401,중앙로,25010760,중앙동
1870050904,선비마을로,25050530,회덕동
1860381301,계백로,25030730,관저2동
1850145802,유등로,25030690,만년동
1860150800,와룡로136번길,25040610,구즉동
1860497602,구즉세종로,25040610,구즉동
1830469103,옥천로106번길,25010550,판암1동
1870493100,천변도시고속도로,25050520,대화동
1860161801,테크노중앙로,25040630,관평동
1840030307,서문로,25020670,문화1동
1830189400,경부고속도로,25010730,대청동
1860167800,당진영덕고속도로,25040660,노은2동
1870027401,동춘당로44번길,25050620,송촌동
1850132300,한밭대로,25030600,둔산2동
1860366900,학하남로,25040690,학하동
1860083200,노은로,25040590,노은1동
1870049502,계족로663번길,25050560,법1동
1860669201,유성대로626번길,25040640,온천1동
1860201300,북유성대로316번길,25040660,노은2동
1850091205,둔산서로10번길,25030570,탄방동
1850317601,원도안로242번길,25030512,도안동
1860430701,테크노5로,25040630,관평동
1860612201,문지로,25040570,전민동
1830024204,새둑길,25010760,중앙동
1830016001,옥천로180번길,25010550,판암1동
1830451500,성남로,25010800,삼성동
1860053600,유성대로,25040640,온천1동
1860109800,은구비로138번길,25040660,노은2동
1860101600,엑스포로123번길,25040550,신성동
1850066001,갈마로,25030610,괴정동
1850026802,유등로17번길,25030510,복수동
1860379201,복용로39번길,25040690,학하동
1850140602,갈마역로,25030680,월평3동
1850148600,만년로,25030690,만년동
1850103502,둔산중로46번길,25030590,둔산1동
1850035500,유등로,25030510,복수동
1860404401,죽동로279번길,25040540,온천2동
1850132504,한밭대로707번길,25030670,월평2동
1860016601,진잠로42번길,25040680,진잠동
1850047703,조달청길,25030520,도마1동
1840048110,동서대로,25020600,용두동
1860352704,탑립로,25040630,관평동
1850060503,용문로,25030560,용문동
1870038800,중리북로,25050560,법1동
1850266600,계백로860번길,25030730,관저2동
1850140703,갈마역로,25030670,월평2동
1840025909,유천로,25020660,유천2동
1840045001,계룡로816번길,25020620,오류동
1840037503,대흥로,25020550,대흥동
1850054804,갈마로,25030620,가장동
1840031704,대종로,25020580,대사동
2830022300,신문로,33042320,현도면
1870068500,신탄진로,25050580,신탄진동
1870001906,계족로,25050570,법2동
1830032803,동서대로1572번길,25010790,성남동
1840126607,운남로,25020690,산성동
1860232702,구룡달전로,25040610,구즉동
1860440701,테크노11로,25040630,관평동
1860082601,한밭대로,25040590,노은1동
1860088405,과학로,25040540,온천2동
1830011211,계족로,25010790,성남동
1850101002,둔산중로32번길,25030590,둔산1동
1860125603,반석로,25040670,노은3동
1860644902,대덕대로,25040550,신성동
1850202802,도안동로,25030512,도안동
1850149502,만년로67번길,25030690,만년동
1860619500,대덕대로556번길,25040550,신성동
1850070600,계룡로571번길,25030570,탄방동
1860414602,유성대로1205번길,25040550,신성동
1850084000,대덕대로168번길,25030650,갈마2동
1860079401,장대로,25040540,온천2동
1870491800,한밭대로,25050510,오정동
1870018101,동서대로,25050540,비래동
1860387501,도안대로,25040680,진잠동
1860008609,대덕대로,25040550,신성동
1850032401,관저동로,25030720,관저1동
1830003613,대전로,25010750,산내동
1860214201,자운로97번길,25040550,신성동
1860138201,자운로221번길,25040550,신성동
1860038401,유성대로668번길,25040640,온천1동
1840021501,대전로,25020570,석교동
1860648401,-,25040610,구즉동
1860386100,도안대로,25040680,진잠동
1840046203,선화로,25020510,은행선화동
1860080900,한밭대로,25040540,온천2동
1860371101,학하중앙로127번길,25040690,학하동
1860681802,대정로42번길,25040680,진잠동
1830452500,우암로,25010800,삼성동
1830286102,동산초교로,25010790,성남동
1870441402,-,25050590,석봉동
1860636801,도안동로,25040710,원신흥동
1830129501,동부로,25010640,가양2동
1860408200,봉명서로,25040710,원신흥동
1860617301,문지로316번길,25040570,전민동
1840055700,동서대로,25020510,은행선화동
1860024300,대정북로,25040680,진잠동
1840038802,대흥로121번길,25020550,대흥동
1860143000,테크노8로,25040630,관평동
1840049301,중앙로,25010760,중앙동
1830473100,성남로,25010790,성남동
1860174500,은구비남로33번길,25040590,노은1동
1860083700,한밭대로,25040590,노은1동
1850046000,제비네1길,25030530,도마2동
1860675101,문화원로,25040540,온천2동
1870017900,우암로412번길,25050540,비래동
1850334402,구봉산북로,25030730,관저2동
1860675301,-,25040640,온천1동
1860353800,엑스포로,25040570,전민동
1850143604,월평북로,25030670,월평2동
1860066001,문화원로,25040640,온천1동
1860635701,동서대로656번길,25040680,진잠동
1850072501,계룡로571번길,25030570,탄방동
1860124109,엑스포로,25040570,전민동
1860657802,신성남로,25040550,신성동
1860647902,구룡달전로,25040610,구즉동
1860396001,원신흥남로11번길,25040710,원신흥동
1850025405,가수원로,25030511,가수원동
1840061805,어덕마을로,25020540,중촌동
1860403900,도안대로,25040700,상대동
1860144100,테크노8로,25040630,관평동
1850008201,계룡로,25030570,탄방동
1830129001,대학로,25010570,용운동
1870083701,문평동로18번길,25050610,목상동
1850056500,도솔로,25030550,변동
1860431701,테크노3로,25040630,관평동
1850315800,신갈마로86번길,25030640,갈마1동
1830460500,대전로,25010530,효동
1870493700,유등로,25050520,대화동
1860336302,진잠로,25040680,진잠동
1850122801,둔산북로,25030600,둔산2동
1840040401,선화서로,25020510,은행선화동
1830025402,용운로147번길,25010570,용운동
1860069501,온천동로,25040640,온천1동
1860662102,자운로97번길,25040550,신성동
1840043701,대전천서로,25020550,대흥동
1860371700,학하로,25040690,학하동
1860188704,지족북로,25040670,노은3동
1860080401,왕가봉로,25040590,노은1동
1860214700,자운로97번길,25040550,신성동
1860217900,원신흥북로,25040710,원신흥동
1860216800,월드컵대로,25040640,온천1동
1840190500,계백로1615번길,25020660,유천2동
1860399101,죽동로,25040540,온천2동
1830042305,동서대로1695번길,25010650,용전동
1840030102,보문로,25020580,대사동
1860369200,학하중앙로127번길,25040690,학하동
1850034800,정림서로,25030540,정림동
1850030500,유등로,25030510,복수동
1850086801,유등로669번길,25030570,탄방동
1860607801,문지로,25040570,전민동
1830469500,대전로,25010750,산내동
1860130402,엑스포로,25040570,전민동
1870023202,중리남로,25050550,중리동
1870301501,대덕대로1527번길,25050580,신탄진동
1870059801,대덕대로1284번길,25050610,목상동
1860663902,자운로97번길,25040550,신성동
1860041301,계룡로38번길,25040640,온천1동
1860146201,테크노7로,25040630,관평동
1870052101,계족로663번길,25050560,법1동
1860097402,노은서로142번길,25040590,노은1동
1850100400,둔산로74번길,25030600,둔산2동
1860128200,자운로,25040550,신성동
1840042501,대흥로,25020550,대흥동
1850230300,대전남부순환고속도로,25030730,관저2동
1860632703,유성대로,25040680,진잠동
1870020012,송촌로,25050620,송촌동
1850086000,계룡로571번길,25030570,탄방동
1850313600,둔산중로32번길,25030590,둔산1동
1850074200,신갈마로,25030640,갈마1동
1870490503,비래서로9번길,25050540,비래동
1860025600,유성대로,25040680,진잠동
1830007603,옥천로,25010560,판암2동
1860047901,계룡로74번길,25040640,온천1동
1860186700,지족로,25040670,노은3동
1870484101,대화로,25050520,대화동
1870023201,중리남로,25050550,중리동
1860162101,테크노중앙로,25040630,관평동
1860637002,동서대로735번길,25040710,원신흥동
1860630401,유성대로,25040640,온천1동
1870025301,선비마을로5번길,25050620,송촌동
1870046701,대전로1291번길,25050520,대화동
1870043301,동춘당로,25050570,법2동
1830122400,계족로,25010530,효동
1860160400,관평1로,25040630,관평동
1840032400,보문로,25020550,대흥동
1860622701,지족북로66번길,25040670,노은3동
1850033600,정림로,25030540,정림동
1850119900,유등로,25030740,둔산3동
1870044501,동춘당로,25050570,법2동
1860395900,원신흥남로11번길,25040710,원신흥동
1860189400,지족로,25040670,노은3동
1860425000,테크노4로,25040630,관평동
1870497701,석봉로37번길,25050590,석봉동
1870478800,-,25050610,목상동
1850052300,유등로,25030550,변동
1860375300,학하중앙로167번길,25040690,학하동
1850094201,둔산중로14번길,25030570,탄방동
1850266902,구봉산북로21번길,25030730,관저2동
1870479001,대덕대로1585번길,25050590,석봉동
1840021500,대전로,25020570,석교동
1860426800,테크노4로,25040630,관평동
1860019000,한우물로,25040680,진잠동
1850107600,둔산로,25030600,둔산2동
1840066100,대전천서로,25020560,문창동
1850116202,월평서로,25030660,월평1동
1840021901,천근로,25020680,문화2동
1860046602,계룡로113번길,25040640,온천1동
1850304301,복수중로34번길,25030510,복수동
1860077900,한밭대로,25040540,온천2동
1870084502,신탄진동로,25050580,신탄진동
1860428500,테크노4로,25040630,관평동
1870069200,대덕대로1448번길,25050610,목상동
1830453802,-,25010790,성남동
1860657701,신성남로,25040550,신성동
1850108101,둔산로73번길,25030600,둔산2동
1840026805,보문산공원로,25020580,대사동
1840053701,우암로,25020510,은행선화동
1850044301,복수서로,25030530,도마2동
1860429001,테크노1로,25040630,관평동
1850277700,구봉로,25030730,관저2동
1840003503,계백로,25020650,유천1동
1860413700,유성대로1184번길,25040550,신성동
1850075201,탄방로,25030570,탄방동
1860169101,대학로76번안길,25040540,온천2동
1860160201,관평1로,25040630,관평동
1870048501,대화로32번길,25050520,대화동
1860226001,도안동로,25040710,원신흥동
1860370400,학하남로90번길,25040690,학하동
1830028701,태전로,25010800,삼성동
1830470003,동부로10번길,25010550,판암1동
1870007801,신탄진로,25050580,신탄진동
1870495000,아리랑로,25050520,대화동
1860065900,문화원로,25040640,온천1동
1870034301,쌍청당로35번길,25050550,중리동
1860188400,지족로148번길,25040670,노은3동
1840044307,태평로,25020630,태평1동
1860110104,북유성대로,25040660,노은2동
1830125501,대학로50번길,25010570,용운동
1860644701,-,25040550,신성동
1860138100,자운로221번길,25040550,신성동
1830469200,옥천로106번길,25010550,판암1동
1870480900,방두말1길,25050600,덕암동
1830027300,중앙로,25010760,중앙동
1840198301,오류로,25020620,오류동
1870065901,덕암로,25050600,덕암동
1850011001,계룡로,25030660,월평1동
1860647102,구룡달전로,25040610,구즉동
1840056101,대전천서로,25020510,은행선화동
1840016104,보문산로,25020690,산성동
1860023201,대정로28번길,25040680,진잠동
1860685202,복합환승로26번길,25040640,온천1동
1850072800,문정로2번길,25030570,탄방동
1860041800,계룡로141번길,25040640,온천1동
1850069200,계룡로583번길,25030570,탄방동
1840060401,대종로,25020540,중촌동
1850072400,계룡로571번길,25030570,탄방동
1870479100,신일동로17번길,25050610,목상동
1860227100,월드컵대로,25040710,원신흥동
1840048112,동서대로,25020530,목동
1870008501,대청로,25050580,신탄진동
1850202701,원도안로,25030512,도안동
1860171601,은구비남로7번길,25040590,노은1동
1870032100,송촌북로20번길,25050620,송촌동
1860418500,유성대로,25040550,신성동
1850151001,둔산대로117번길,25030690,만년동
1860604702,교촌대정로,25040680,진잠동
1860120602,반석서로,25040670,노은3동
1870497702,석봉로37번길,25050590,석봉동
1830039400,대전로1020번길,25050510,오정동
1860377100,복용로,25040690,학하동
1840040700,유천로,25020630,태평1동
1860364400,학하남로65번길,25040690,학하동
1860020901,대정로,25040680,진잠동
1870009203,신탄진로,25050580,신탄진동
1830024700,동대전로,25010780,대동
1830019300,동부로,25010570,용운동
1870483500,신일서로18번길,25050610,목상동
1840122800,사정공원로,25020690,산성동
1870023600,천변도시고속도로,25050520,대화동
1850037701,구봉로,25030510,복수동
1840030203,보문로,25020550,대흥동
1860149100,송강로,25040610,구즉동
1850011500,대덕대로,25030600,둔산2동
1860127501,반석서로,25040670,노은3동
1870034800,계족산로43번길,25050550,중리동
1850046913,도마5길,25030520,도마1동
1830009602,계족로,25010760,중앙동
1830029602,동대전로,25010600,자양동
1850036601,정림로24번길,25030540,정림동
1830053905,은어송로,25010530,효동
1830467702,옥천로106번길,25010550,판암1동
1870012001,대전로,25050510,오정동
1850280101,동서대로656번길,25030512,도안동
1850138501,청사로,25030600,둔산2동
1870301502,대덕대로1527번길,25050580,신탄진동
1870045201,대화로32번길,25050520,대화동
1860108401,은구비로,25040660,노은2동
1850102000,문예로,25030590,둔산1동
1860013800,봉산로,25040610,구즉동
1870056202,천변도시고속도로,25050530,회덕동
1860415100,유성대로1205번길,25040550,신성동
1870061101,덕암로148번길,25050600,덕암동
1860625601,유성대로1366번길,25040550,신성동
1830017401,동부로,25010560,판암2동
1860069901,문화원로,25040640,온천1동
1830030501,대성길,25010630,가양1동
1830465801,신기로,25010530,효동
1860369402,학하중앙로150번길,25040690,학하동
1870085401,문평동로48번길,25050610,목상동
1860010801,유성대로,25040550,신성동
1830038803,우암로,25010640,가양2동
1870051701,대전로1331번길,25050520,대화동
1870033100,계족산로81번길,25050620,송촌동
1860114101,가정로,25040550,신성동
1850156702,하상도로,25030600,둔산2동
1850118102,둔산로31번길,25030600,둔산2동
1840185601,대전천서로,25020510,은행선화동
1870027600,동춘당로,25050620,송촌동
1830007802,충무로,25010770,신인동
1870057200,대덕대로1284번길,25050610,목상동
1850091201,둔산서로10번길,25030600,둔산2동
1860725600,도안대로,25040680,진잠동
1850076001,문정로10번길,25030570,탄방동
1840051903,보문로337번길,25020510,은행선화동
1840189102,보문산로,25020690,산성동
1840126301,계백로1716번길,25020670,문화1동
1850147400,만년로68번길,25030690,만년동
1830025205,동대전로,25010780,대동
1860139302,자운로245번길,25040550,신성동
1850230200,관저서로,25030730,관저2동
1840196303,-,25030560,용문동
1860105102,대덕대로512번길,25040550,신성동
1860208400,도안대로,25040700,상대동
1860662702,자운로97번길,25040550,신성동
1850311800,갑천도시고속도로,25040540,온천2동
1830039404,대전로1020번길,25050510,오정동
1860644605,대덕대로512번길,25040550,신성동
1870499004,대화로32번길,25050520,대화동
1870198600,경부고속도로,25050600,덕암동
1860021100,대정로28번안길,25040680,진잠동
1860443000,배울1로,25040570,전민동
1860637300,어은로,25040640,온천1동
1840001600,대둔산로,25020690,산성동
1830046604,한밭대로,25010650,용전동
1850307201,계룡로416번길,25030650,갈마2동
1830032402,길티길,25010630,가양1동
1860137101,자운로,25040550,신성동
1870072606,석봉로58번길,25050590,석봉동
1860370100,학하중앙로150번길,25040690,학하동
1850312500,한밭대로656번길,25030640,갈마1동
1850122201,둔산중로,25030590,둔산1동
1860337701,계백로,25030730,관저2동
1870066102,덕암북로4번길,25050600,덕암동
1860098603,엑스포로123번길,25040550,신성동
1850018518,괴곡길,25030540,정림동
1860214704,자운로97번길,25040550,신성동
1840122804,사정공원로,25020690,산성동
1840020200,대전천서로,25020570,석교동
1860038000,유성대로654번길,25040640,온천1동
1850135602,둔산중로,25030600,둔산2동
1850046201,사마1길,25030530,도마2동
1860035601,월드컵대로275번길,25040640,온천1동
1860652901,원신흥남로12번길,25040710,원신흥동
1850062500,가장로,25030610,괴정동
1870489401,비래동로,25050540,비래동
1860012813,대덕대로,25040610,구즉동
1830027202,대전천동로,25010800,삼성동
1860088800,노은동로,25040590,노은1동
1840129101,보문산로,25020580,대사동
1850009404,계룡로,25030650,갈마2동
1850143702,월평북로,25030670,월평2동
1830008303,충무로,25010770,신인동
1850116501,대덕대로234번길,25030600,둔산2동
1840040801,유천로,25020640,태평2동
1830285800,동산초교로,25010680,홍도동
1860436302,테크노2로,25040630,관평동
1870055605,산디로,25050530,회덕동
1830475005,대전로,25010770,신인동
1870441701,신탄진로349번길,25050530,회덕동
1870026701,중리서로,25050550,중리동
1850267801,구봉로28번길,25030730,관저2동
1860205801,유성대로,25040640,온천1동
1850057201,유등로,25030620,가장동
1850032100,관저중로96번길,25030730,관저2동
1860632001,원내로,25040680,진잠동
1850141203,청사로,25030680,월평3동
1860131305,유성대로1689번길,25040570,전민동
1860211801,자운로97번길,25040550,신성동
1830468202,옥천로96번길,25010550,판암1동
1840004406,충무로,25020580,대사동
1840007003,계룡로,25020600,용두동
1840045502,대종로,25020550,대흥동
1850113501,문예로,25030590,둔산1동
1860055800,온천로101번길,25040640,온천1동
1860058201,온천로,25040640,온천1동
1860052201,온천동로,25040640,온천1동
1860647301,-,25040610,구즉동
1850144003,월평동로,25030670,월평2동
1840056901,대전천서로,25020540,중촌동
1850095300,대덕대로,25030650,갈마2동
1850228100,대전남부순환고속도로,25030730,관저2동
1860368001,학하중앙로128번길,25040690,학하동
1860418800,신성로,25040550,신성동
1840059200,어덕마을로104번길,25020540,중촌동
1860129101,엑스포로466번길,25040570,전민동
1830011202,계족로,25010790,성남동
1860169200,온천북로33번길,25040640,온천1동
1860036801,계룡로38번길,25040640,온천1동
1870014801,한남로150번길,25050510,오정동
1850050001,도솔로,25030550,변동
1850231901,도안남로,25030720,관저1동
1860364401,학하남로65번길,25040690,학하동
1860665901,자운로245번길,25040550,신성동
1860010707,유성대로,25040550,신성동
1870043300,동춘당로,25050570,법2동
1850295400,동서대로,25040710,원신흥동
1860608500,문지로,25040570,전민동
1840060600,-,25020540,중촌동
1860638600,당진영덕고속도로,25040660,노은2동
1840053601,대종로,25020510,은행선화동
1870483201,신탄진로162번길,25050530,회덕동
1870085901,덕암북로4번길,25050600,덕암동
1830471300,대학로,25010570,용운동
1850058400,도솔로,25030630,내동
1850068810,도솔로,25030570,탄방동
1870066302,대덕대로1448번길,25050610,목상동
1840191600,유등천동로,25020690,산성동
1840126401,계백로1716번길,25020670,문화1동
1860690901,-,25040700,상대동
1860192300,지족동로,25040670,노은3동
1870496101,대덕대로1277번길,25050610,목상동
1860392201,유성대로877번길,25040540,온천2동
1850312000,갈마역로,25030670,월평2동
1860622401,지족북로66번길,25040670,노은3동
1830054007,은어송로,25010530,효동
1870009106,신탄진로,25050580,신탄진동
1860376502,복용북로,25040690,학하동
1870031400,계족산로43번길,25050550,중리동
1850049300,도마로,25030550,변동
1860021500,대정로28번안길,25040680,진잠동
1850117804,대덕대로233번길,25030600,둔산2동
1860114600,가정로,25040550,신성동
1830123100,대전로542번길,25010530,효동
1860207801,도안대로,25040680,진잠동
1850067500,계룡로562번길,25030610,괴정동
1830473601,계족로368번길,25010790,성남동
1860054601,온천로,25040640,온천1동
1860048101,유성대로680번길,25040640,온천1동
1860041001,계룡로74번길,25040640,온천1동
1870488902,동서대로,25050620,송촌동
1850268301,관저로,25030730,관저2동
1840194202,계룡로,25020620,오류동
1830178800,대전남부순환고속도로,25010750,산내동
1850319000,봉우로8번길,25030720,관저1동
1850115400,둔산로101번길,25030590,둔산1동
1830048800,신상로,25050540,비래동
1850303000,구봉로,25030540,정림동
1870025201,계족산로17번길,25050550,중리동
1850065505,도솔로,25030560,용문동
1860683102,구룡달전로,25040610,구즉동
1870489404,비래동로,25050540,비래동
1850143602,월평북로,25030670,월평2동
1860080800,한밭대로,25040540,온천2동
1860023500,교촌대정로,25040680,진잠동
1840180201,대전천서로,25020540,중촌동
1830003612,대전로,25010750,산내동
1860192000,지족로148번길,25040670,노은3동
1860169900,은구비남로7번길,25040590,노은1동
1870496601,문평서로17번길,25050610,목상동
1860399700,죽동로,25040540,온천2동
1830128900,동부로,25010570,용운동
1850285904,구봉로,25030730,관저2동
1860386500,도안대로,25040680,진잠동
1850046007,제비네1길,25030530,도마2동
1850097100,둔산남로,25030570,탄방동
1850208500,동서대로,25040710,원신흥동
1860603801,노은서로266번길,25040660,노은2동
1860405901,원신흥북로,25040710,원신흥동
1870070701,신일동로33번길,25050610,목상동
1870500002,-,25050520,대화동
1860134500,자운로157번길,25040550,신성동
1830003502,대전로,25010750,산내동
1860364600,학하남로65번길,25040690,학하동
1840065003,유등천동로,25020690,산성동
1860430700,테크노5로,25040630,관평동
1860057501,온천로,25040640,온천1동
1860660102,송림로54번길,25040660,노은2동
1830121200,계족로,25010530,효동
1850268401,관저로,25030730,관저2동
1860662202,자운로97번길,25040550,신성동
1850122600,둔산북로,25030590,둔산1동
1860598204,관용로,25040630,관평동
1830182300,통영대전고속도로,25010750,산내동
1860442900,테크노2로,25040630,관평동
1860079100,한밭대로,25040540,온천2동
1860051301,계룡로52번길,25040640,온천1동
1860662402,자운로221번길,25040550,신성동
1860600001,문지로316번길,25040570,전민동
1850060600,동서대로,25030630,내동
1860039400,유성대로668번길,25040640,온천1동
1860204201,유성대로,25040690,학하동
1860069301,문화원로,25040640,온천1동
1850060100,가장로,25030620,가장동
1860149805,송강로42번길,25040610,구즉동
1830057402,대전로987번길,25010800,삼성동
1860649002,금남구즉로,25040610,구즉동
1850064803,도산로,25030570,탄방동
1860010813,유성대로,25040550,신성동
1860428901,테크노5로,25040630,관평동
1870027801,송촌북로5번길,25050550,중리동
1860433300,테크노중앙로,25040630,관평동
1830040516,흥룡로,25010640,가양2동
1860371500,학하중앙로149번길,25040690,학하동
1860041801,계룡로141번길,25040640,온천1동
1830048001,계족로489번길,25050550,중리동
1860428100,테크노5로,25040630,관평동
1860610100,문지로,25040570,전민동
1860434601,테크노1로,25040630,관평동
1850313302,둔산서로10번길,25030570,탄방동
1870055800,신탄진로232번길,25050530,회덕동
1840184900,목동로8번길,25020530,목동
1870154000,장동로228번길,25050530,회덕동
1860602602,지족동로142번길,25040670,노은3동
1870493800,천변도시고속도로,25050520,대화동
1840067001,잔디로,25020690,산성동
1830462501,은어송로51번길,25010530,효동
1840018400,신기로,25020570,석교동
1870028700,동춘당로54번길,25050620,송촌동
1840017602,신기로,25020570,석교동
1860438301,용산2로,25040630,관평동
1860612000,문지로299번길,25040570,전민동
1850322600,벌곡로1285번길,25030511,가수원동
1850023401,복수동로,25030510,복수동
1830476909,대전천북로,25020510,은행선화동
1870496700,갑천도시고속도로,25050610,목상동
1860657302,신성남로,25040550,신성동
1850208000,월드컵대로,25030660,월평1동
1830042701,동서대로,25010630,가양1동
1860371102,학하중앙로127번길,25040690,학하동
1860669101,유성대로626번길,25040640,온천1동
1850265102,구봉산북로,25040680,진잠동
1860336800,호남고속도로지선,25040690,학하동
1860378601,복용로,25040690,학하동
1860105302,노은서로,25040660,노은2동
1860014204,봉산로,25040610,구즉동
1830007604,옥천로,25010770,신인동
1830179500,대전남부순환고속도로,25010750,산내동
1850056600,배재로233번길,25030550,변동
1850009307,계룡로,25030600,둔산2동
1850136001,대덕대로290번길,25030600,둔산2동
1830474202,산서로,25010750,산내동
1860670601,월드컵대로308번길,25040700,상대동
1840023401,문화로,25020690,산성동
1860639500,테크노중앙로,25040630,관평동
1860330301,덕명로,25040690,학하동
1840004404,충무로,25020580,대사동
1850049313,도마로,25030550,변동
1840002206,대둔산로,25020690,산성동
1870047800,대화로106번길,25050520,대화동
1840197301,오류로,25020620,오류동
1850138001,청사로,25030600,둔산2동
1860412700,유성대로,25040550,신성동
1870082401,대덕대로1470번길,25050610,목상동
1850233400,대전남부순환고속도로,25030730,관저2동
1850092901,둔산중로14번길,25030570,탄방동
1860377200,복용북로,25040690,학하동
1840031701,대종로,25020550,대흥동
1860640102,-,25040550,신성동
1850097701,둔산중로,25030570,탄방동
1850074403,신갈마로,25030640,갈마1동
1850081500,계룡로553번길,25030570,탄방동
1860088302,과학로,25040540,온천2동
1830453100,동서대로1683번길,25010650,용전동
1840124605,계백로1716번길,25020670,문화1동
1860134702,자운로,25040550,신성동
1840013702,안영로,25020690,산성동
1860666101,자운로245번길,25040550,신성동
1850064900,도산로,25030560,용문동
1850202901,도안동로,25030512,도안동
1860613001,문지로299번길,25040570,전민동
1850063200,갈마로,25030610,괴정동
1850009601,대덕대로,25030600,둔산2동
1870503200,덕암로,25050600,덕암동
1860663704,자운로221번길,25040550,신성동
1870062000,덕암로,25050600,덕암동
1860212800,원신흥로,25040700,상대동
1830466200,신기로,25010530,효동
1850233100,도안남로,25030720,관저1동
1830031206,가양로,25010800,삼성동
1860173505,용계로94번길,25040680,진잠동
1850071900,문정로2번길,25030570,탄방동
1870089907,석봉로38번길,25050590,석봉동
1860104200,엑스포로97번길,25040550,신성동
1840192600,유등천동로,25020640,태평2동
1850041800,정림로,25030540,정림동
1870056605,덕암로,25050600,덕암동
1870480100,대화로,25050520,대화동
1860688701,-,25040550,신성동
1830491802,-,25010800,삼성동
1850004100,계백로,25030512,도안동
1860132604,자운로97번길,25040550,신성동
1860608000,문지로,25040570,전민동
1830032405,길티길,25010630,가양1동
1830056401,하상도로,25010530,효동
1830451301,대전로900번길,25010800,삼성동
1870082101,-,25050610,목상동
1870009803,신탄진로,25050580,신탄진동
1830005211,대전로,25010530,효동
1850207501,도안동로,25030512,도안동
1830056200,하상도로,25020550,대흥동
1850274501,동서대로656번길,25030512,도안동
1870493600,유등로,25050520,대화동
1830180900,통영대전고속도로,25010750,산내동
1840035400,대흥로66번길,25020550,대흥동
1860396201,유성대로877번길,25040540,온천2동
1870002612,신탄진로,25050530,회덕동
1870441600,신탄진로349번길,25050530,회덕동
1870298405,대덕대로1527번길,25050580,신탄진동
1860354401,엑스포로625번길,25040630,관평동
1870496501,문평서로17번길,25050610,목상동
1860683804,박산로,25040640,온천1동
1870029701,계족산로,25050620,송촌동
1840121801,사정공원로,25020690,산성동
1870054101,아리랑로,25050570,법2동
1860091701,은구비남로,25040590,노은1동
1860435001,테크노2로,25040630,관평동
1830036612,합내로,25010630,가양1동
1850108404,월평새뜸로,25030660,월평1동
1850151702,둔산대로117번길,25030690,만년동
1840031401,충무로107번길,25020550,대흥동
1850060507,용문로,25030560,용문동
1860044102,계룡로52번길,25040640,온천1동
1860106201,대덕대로512번길,25040550,신성동
1860009803,신성서로,25040550,신성동
1830489802,-,25010790,성남동
1860653402,원신흥남로12번길,25040710,원신흥동
1850100800,둔산남로9번길,25030600,둔산2동
1860609300,엑스포로446번길,25040570,전민동
1830012802,계족로,25010650,용전동
1850105201,둔산로,25030590,둔산1동
1830028902,우암로,25010800,삼성동
1860375401,학하중앙로,25040690,학하동
1860331901,북유성대로,25040660,노은2동
1860654102,계룡로,25040640,온천1동
1860207400,상대서로,25040700,상대동
1860403801,도안대로,25040710,원신흥동
1830056803,대전천북로,25010800,삼성동
1840057201,동서대로,25020540,중촌동
1830035702,대전로,25050510,오정동
1840025607,계백로1566번길,25020650,유천1동
1870026700,중리서로,25050550,중리동
1860009805,유성대로,25040550,신성동
1850091801,신갈마로,25030640,갈마1동
1830011114,계족로,25010790,성남동
1870060202,신일서로126번길,25050610,목상동
1870478300,오정로77번길,25050510,오정동
1850008702,계룡로,25030650,갈마2동
1870024001,계족산로,25050550,중리동
1830004906,대전로,25010750,산내동
1870486700,한남로149번길,25050510,오정동
1830035808,대전로,25010800,삼성동
1870478802,-,25050610,목상동
1850103201,둔산남로91번길,25030590,둔산1동
1850043810,배재로,25030540,정림동
1870499901,-,25050520,대화동
1850149400,만년로67번길,25030690,만년동
1830476703,대전천북로,25010800,삼성동
1860014400,대덕대로,25050610,목상동
1840038100,대전천서로,25020550,대흥동
1840034300,대전천서로,25020560,문창동
1840042900,계룡로816번길,25020630,태평1동
1850309900,도안중로,25030512,도안동
1840048400,중앙로,25020510,은행선화동
1850067802,갈마로,25030610,괴정동
1850095701,남선로60번길,25030570,탄방동
1870084802,신탄진동로23번길,25050580,신탄진동
1850308801,-,25030730,관저2동
1860602402,지족동로142번길,25040670,노은3동
1850097201,둔산남로,25030570,탄방동
1860139401,자운로245번길,25040550,신성동
1840025600,계백로1566번길,25020650,유천1동
1850146402,만년남로,25030690,만년동
1860620801,가정북로,25040550,신성동
1830028700,태전로,25010800,삼성동
1850045201,도산로,25030520,도마1동
1830034200,동서대로,25010790,성남동
1830030905,대전로,25010800,삼성동
1860056702,계룡로113번길,25040640,온천1동
1850101200,둔산중로,25030590,둔산1동
1860665601,자운로245번길,25040550,신성동
1870015107,오정로78번길,25050510,오정동
1860058501,온천로,25040640,온천1동
1850130500,한밭대로,25030600,둔산2동
1840065701,대둔산로,25020690,산성동
1860054100,온천서로,25040640,온천1동
1850007703,계룡로,25030610,괴정동
1850007805,계룡로,25030570,탄방동
1840016800,당디로,25020690,산성동
1850009100,계룡로,25030650,갈마2동
1860618401,문지로316번길,25040570,전민동
1870203401,경부고속도로,25050570,법2동
1840041601,유천로132번길,25020630,태평1동
1860621700,반석동로40번길,25040670,노은3동
1870016404,한밭대로1006번길,25050510,오정동
1840026203,보문로,25020590,부사동
1860173606,용계로94번길,25040680,진잠동
1850104300,갑천도시고속도로,25030660,월평1동
1850023900,관저동로,25030730,관저2동
1850145400,둔산대로,25030600,둔산2동
1850134200,한밭대로,25030660,월평1동
1850142500,갑천도시고속도로,25030680,월평3동
1850154903,도마로,25030520,도마1동
1860337600,계백로,25040680,진잠동
1850140601,갈마역로,25030680,월평3동
1870001901,계족로,25050570,법2동
1840186302,중앙로,25020670,문화1동
1860140301,자운로,25040550,신성동
1860652202,원신흥남로12번길,25040710,원신흥동
1860063800,온천북로33번길,25040640,온천1동
1860096701,은구비남로33번길,25040590,노은1동
1870076500,대덕대로1448번길,25050610,목상동
1830029600,동대전로,25010600,자양동
1840054302,목중로,25020530,목동
1860063401,온천동로,25040640,온천1동
1860106402,은구비로,25040660,노은2동
1860367201,학하북로,25040690,학하동
1850065508,도솔로,25030560,용문동
1860123500,문지로,25040570,전민동
1860013504,대덕대로,25040610,구즉동
1860130401,엑스포로,25040570,전민동
1840027701,보문로,25020560,문창동
1850079700,대덕대로176번길,25030600,둔산2동
1860340400,호남고속도로지선,25040540,온천2동
1860154901,배울1로,25040630,관평동
1870046000,선비마을로,25050620,송촌동
1850090205,문정로,25030570,탄방동
1860598600,문지로,25040570,전민동
1850020701,구억뜸길,25030511,가수원동
1840021600,대전로,25020570,석교동
1830470300,동부로,25010560,판암2동
1860333100,호남고속도로지선,25040680,진잠동
1860433900,테크노중앙로,25040630,관평동
1860380600,학하로,25040690,학하동
1860604802,교촌대정로,25040680,진잠동
1860376000,복용로,25040690,학하동
1830285600,동산초교로23번길,25010680,홍도동
1860410001,원신흥북로,25040710,원신흥동
1850057502,가장로,25030620,가장동
1870066900,신일동로67번길,25050610,목상동
1860092601,노은서로142번길,25040590,노은1동
1850044600,도산로,25030520,도마1동
1870011902,대전로,25050510,오정동
1850145201,둔산대로,25030690,만년동
1850020700,구억뜸길,25030511,가수원동
1860414200,유성대로1184번길,25040550,신성동
1840006300,계룡로,25020620,오류동
1870011800,오정로,25050510,오정동
1830030901,대전로,25010800,삼성동
1860036101,유성대로654번길,25040640,온천1동
1830461701,은어송로,25010530,효동
1870089600,대전천북로,25050510,오정동
1870150302,천변도시고속도로,25050530,회덕동
1870362301,구즉세종로,25050530,회덕동
1870485900,-,25050510,오정동
1840028600,유등천동로,25020650,유천1동
1840041900,보문로,25020550,대흥동
1860414700,유성대로1184번길,25040550,신성동
1840121400,산서로,25020690,산성동
1860649503,-,25040710,원신흥동
1870490704,홍도로,25050550,중리동
1860647502,-,25040610,구즉동
1850068500,도솔로,25030570,탄방동
1830053501,동구청로,25010530,효동
1840021701,대종로,25020590,부사동
1850277501,관저남로,25030730,관저2동
1860220201,봉명로,25040710,원신흥동
1860129600,전민로58번길,25040570,전민동
1860058101,온천로,25040640,온천1동
1870039000,중리서로,25050560,법1동
1840021502,대전로,25020570,석교동
1850086900,유등로669번길,25030570,탄방동
1860605200,반석로11번길,25040670,노은3동
1840066400,문창로,25020590,부사동
1870002304,계족로,25050530,회덕동
1850125000,반월길,25030600,둔산2동
1860112801,유성대로,25040550,신성동
1860146101,테크노7로,25040630,관평동
1860060001,온천동로,25040640,온천1동
1870441800,-,25050530,회덕동
1870081600,3공단3길,25050610,목상동
1840031301,충무로107번길,25020580,대사동
1870065601,신일동로,25050610,목상동
1850134801,문예로,25030600,둔산2동
1850326402,신갈마로,25030640,갈마1동
1870485201,중리동로56번길,25050550,중리동
1860112900,북유성대로,25040660,노은2동
1860004602,현충원로,25040640,온천1동
1850116300,월평서로,25030660,월평1동
1870037101,송촌북로36번길,25050570,법2동
1860615001,엑스포로446번길,25040570,전민동
1870477401,방두말5길,25050600,덕암동
1860374301,학하남로90번길,25040690,학하동
1850005907,계백로,25030540,정림동
1850082100,문정로9번길,25030600,둔산2동
1860213404,자운로97번길,25040550,신성동
1850050504,배재로,25030520,도마1동
1840045002,계룡로816번길,25020620,오류동
1860087702,노은동로,25040590,노은1동
1830043701,한밭대로,25010640,가양2동
1850319300,봉우로30번길,25030720,관저1동
1860004004,유성대로,25040540,온천2동
1870057607,덕암로,25050600,덕암동
1850210702,동서대로,25030550,변동
1860387301,도안대로,25040680,진잠동
1850081001,탄방로,25030570,탄방동
1830056802,대전천북로,25010800,삼성동
1840031703,대종로,25020580,대사동
1830040612,흥룡로,25010640,가양2동
1850042100,복수북로,25030510,복수동
1860191800,지족로190번길,25040670,노은3동
1850074401,신갈마로,25030640,갈마1동
1840002600,대둔산로,25020690,산성동
1840196201,-,25030560,용문동
1840045400,중교로,25020550,대흥동
1870019901,송촌로,25050540,비래동
1860391100,죽동로,25040540,온천2동
1860132501,자운로97번길,25040550,신성동
1860211800,자운로97번길,25040550,신성동
1860093004,과학로,25040540,온천2동
1840052800,선화로,25020510,은행선화동
2830004109,중척길,33042320,현도면
1860146500,테크노2로,25040630,관평동
1840049801,계룡로771번길,25020530,목동
1860223901,월드컵대로,25040710,원신흥동
1870492105,우암동로,25050540,비래동
1860195801,지족로,25040640,온천1동
1830468000,옥천로106번길,25010550,판암1동
1830011108,계족로,25010790,성남동
1830285200,한남로,25010680,홍도동
1860397200,죽동로298번길,25040540,온천2동
1850314101,계룡로416번길,25030650,갈마2동
1870195300,경부고속도로,33042320,현도면
1860225800,도안동로,25040710,원신흥동
1860149707,송강로42번길,25040610,구즉동
1860682302,대정로42번길,25040680,진잠동
1850073101,문정로48번길,25030570,탄방동
1870083201,석봉로,25050590,석봉동
1860223201,원신흥북로,25040710,원신흥동
1870050201,대전로1331번길,25050520,대화동
1830016307,동부로,25010560,판암2동
1860188501,지족로148번길,25040670,노은3동
1850133401,갈마역로,25030640,갈마1동
1850286003,구봉로,25030730,관저2동
1870001801,계족로,25050550,중리동
1850122200,둔산중로,25030600,둔산2동
1850131201,한밭대로,25030670,월평2동
1830012820,계족로,25010650,용전동
1860009201,대덕대로,25040550,신성동
1850126201,월평동로,25030660,월평1동
1850205202,도안동로,25030512,도안동
1860220400,봉명로,25040710,원신흥동
1860206400,동서대로,25040680,진잠동
1830039600,동서대로,25010650,용전동
1860333300,호남고속도로지선,25040690,학하동
1850121001,둔산북로,25030590,둔산1동
1830025004,대전로,25010760,중앙동
1870050800,선비마을로,25050570,법2동
1870006401,대덕대로,25050610,목상동
1860124703,신성로,25040550,신성동
1870023100,중리남로,25050550,중리동
1870063302,신일서로85번길,25050610,목상동
1860056000,유성대로694번길,25040640,온천1동
1870494600,아리랑로,25050530,회덕동
1860442700,테크노2로,25040630,관평동
1830032310,길티길,25010630,가양1동
1870486603,대전로1019번길,25050510,오정동
1850328801,갈마로85번길,25030650,갈마2동
1840021400,송리로,25020680,문화2동
1850313702,계룡로394번길,25030650,갈마2동
1840126610,운남로,25020690,산성동
1850067007,탄방로,25030570,탄방동
1860395201,상대남로,25040700,상대동
1850084400,탄방로,25030570,탄방동
1860629000,과학로,25040550,신성동
1850146700,둔산대로,25030690,만년동
1850046104,제비네1길,25030530,도마2동
1850049400,유등로,25030550,변동
1860048301,계룡로32번길,25040640,온천1동
1850280903,관저남로25번길,25030730,관저2동
1840062900,대전천서로,25020540,중촌동
1870066100,덕암북로4번길,25050600,덕암동
1830019102,용운로,25010570,용운동
1830017801,대전로,25010770,신인동
1840044401,태평로,25020640,태평2동
1850060102,가장로,25030620,가장동
1840058800,동서대로,25010800,삼성동
1870493801,천변도시고속도로,25050520,대화동
1840005207,계백로,25020620,오류동
1840004202,계백로,25020660,유천2동
1830184301,통영대전고속도로,25010550,판암1동
1860117503,지족로,25040670,노은3동
1850034404,관저북로,25030730,관저2동
1840044104,동서대로,25020630,태평1동
1840010401,대둔산로,25020690,산성동
1860122001,문지로,25040550,신성동
1830041102,동서대로,25010790,성남동
1860238000,테크노10로,25040630,관평동
1830013702,산내로1257번길,25010750,산내동
1860009401,신성로,25040550,신성동
1830037004,동대전로248번길,25010640,가양2동
1850047704,조달청길,25030520,도마1동
1860210701,도안대로,25040700,상대동
1850206400,도안중로,25030512,도안동
1850022800,관저서로,25030730,관저2동
1840021001,산성로,25020680,문화2동
1870047600,대전로1331번길,25050520,대화동
1860232900,구룡고개길,25040610,구즉동
1850064403,도솔로,25030610,괴정동
1860192303,지족동로,25040670,노은3동
1860375302,학하중앙로167번길,25040690,학하동
1840026101,보문로,25020590,부사동
1850143402,청사서로,25030670,월평2동
1860726700,도안대로,25040680,진잠동
1830026812,대청호수로,25010730,대청동
1860149002,송강로,25040610,구즉동
1860061400,온천북로,25040640,온천1동
1860082701,왕가봉로24번길,25040590,노은1동
1840041203,대흥로,25020550,대흥동
1870016000,대전로,25050510,오정동
1850074500,신갈마로,25030640,갈마1동
1830040606,흥룡로,25010640,가양2동
1830474402,산서로,25010750,산내동
1870493500,천변도시고속도로,25050520,대화동
1830125303,대학로50번길,25010570,용운동
1870017100,오정로,25050510,오정동
1870027101,계족산로,25050620,송촌동
1850058002,갈마로,25030630,내동
1850201301,원도안로,25030512,도안동
1850151101,둔산대로117번길,25030690,만년동
1830029702,태전로,25010800,삼성동
1850040301,복수서로,25030510,복수동
1870496701,갑천도시고속도로,25050610,목상동
1860065201,온천북로33번길,25040640,온천1동
1840128900,보문산로,25020580,대사동
1830471603,옛신탄진로,25010680,홍도동
1850154905,도마로,25030520,도마1동
1870012606,오정로75번길,25050510,오정동
1850036302,계백로1300번길,25030540,정림동
1830017305,동부로,25010560,판암2동
1830056103,하상도로,25020550,대흥동
1860627500,-,25040550,신성동
1840198701,오류로,25020620,오류동
1850028701,관저로,25030730,관저2동
1850056204,변동중로,25030550,변동
1860685502,복합환승로,25040640,온천1동
1840040603,유천로132번길,25020630,태평1동
1850042901,관저북로,25030720,관저1동
1870084900,신탄진동로23번길,25050580,신탄진동
1860160303,관평1로,25040630,관평동
1840186801,계룡로904번안길,25020670,문화1동
1840067606,문창로,25020560,문창동
1850045302,도산로,25030520,도마1동
1870056100,장동로,25050530,회덕동
1830002020,산내로,25010750,산내동
1870028003,쌍청당로,25050550,중리동
1850143106,월평북로,25030670,월평2동
1860612100,문지로,25040570,전민동
1860116402,신성남로,25040550,신성동
1850040302,복수서로,25030510,복수동
1860143800,테크노2로,25040630,관평동
1870153400,장동로278번길,25050530,회덕동
1860129500,전민로58번길,25040570,전민동
1860040701,유성대로680번길,25040640,온천1동
1860131101,유성대로,25040570,전민동
1870086901,문평동로72번길,25050610,목상동
1860051300,계룡로52번길,25040640,온천1동
1860615300,문지로315번길,25040570,전민동
1860099500,은구비로,25040590,노은1동
1870060913,덕암로203번길,25050600,덕암동
1850105200,둔산로,25030590,둔산1동
1850152200,갑천도시고속도로,25030690,만년동
1870068003,문평서로,25050610,목상동
1850288300,도안북로,25030512,도안동
1860125201,반석서로,25040670,노은3동
1840057901,목중로26번길,25020540,중촌동
1870082802,대덕대로1409번길,25050610,목상동
1860038901,도안대로577번길,25040640,온천1동
1850305800,유등로,25030520,도마1동
1870002406,계족로,25050530,회덕동
1860113606,가정로,25040550,신성동
1870082600,문평서로76번길,25050610,목상동
1850131601,한밭대로,25030670,월평2동
1840013201,안영로,25020690,산성동
1870044902,매봉길,25050570,법2동
1850048903,배재로,25030530,도마2동
1860648903,금남구즉로,25040610,구즉동
1870057002,산업단지로,25050600,덕암동
1850080101,문정로,25030600,둔산2동
1850079200,계룡로509번길,25030570,탄방동
1830024901,대전로,25010760,중앙동
1860652702,원신흥남로12번길,25040710,원신흥동
1870074501,대덕대로1448번길,25050610,목상동
1860131905,유성대로1312번길,25040550,신성동
1870020004,송촌로,25050620,송촌동
1870060200,신일서로126번길,25050610,목상동
1870038200,대화로132번길,25050520,대화동
1870001902,계족로,25050570,법2동
1850091302,둔산서로10번길,25030600,둔산2동
1840027801,보문로,25020560,문창동
1860608101,아리랑로21번길,25040570,전민동
1860050601,유성대로680번길,25040640,온천1동
1870054702,대전로1291번길,25050530,회덕동
1860202701,학하복용로,25040690,학하동
1830039601,동서대로,25010680,홍도동
1870483900,한밭대로1009번길,25050510,오정동
1870500802,대전로1331번길,25050520,대화동
1870197400,경부고속도로,25050530,회덕동
1860094601,엑스포로,25040550,신성동
1850084800,문정로,25030600,둔산2동
1860412701,유성대로,25040550,신성동
1840182202,목동로22번길,25020530,목동
1870044002,대화로32번길,25050520,대화동
1850022301,복수남로11번길,25030510,복수동
1830027800,중앙로,25010760,중앙동
1850095600,남선로60번길,25030570,탄방동
1850070901,계룡로553번길,25030610,괴정동
1870079301,3공단3길,25050610,목상동
1840065101,유등천동로,25020690,산성동
1830052810,은어송로,25010530,효동
1830018300,충무로,25010770,신인동
1870056704,덕암로,25050600,덕암동
1860440501,테크노11로,25040630,관평동
1860046800,계룡로155번길,25040640,온천1동
1860042600,계룡로26번길,25040640,온천1동
1850063100,갈마로203번길,25030610,괴정동
1850060400,용문로,25030560,용문동
1830465402,은어송로77번길,25010530,효동
1840024402,대전로,25010530,효동
1850309601,-,25030730,관저2동
1850143801,갈마역로,25030670,월평2동
1860330300,덕명로,25040690,학하동
1850099800,문예로,25030590,둔산1동
1870054000,아리랑로,25050560,법1동
1830056102,하상도로,25020560,문창동
1840030600,계백로1565번길,25020650,유천1동
1840041600,유천로132번길,25020630,태평1동
1860598402,유성대로1628번길,25040570,전민동
1850109002,둔산로,25030600,둔산2동
1850144402,갑천도시고속도로,25030680,월평3동
1860603301,송림로53번길,25040660,노은2동
1860071702,월드컵대로,25040540,온천2동
1860151501,-,25040610,구즉동
1850092404,갈마중로,25030650,갈마2동
1860436001,테크노6로,25040630,관평동
1830181400,통영대전고속도로,25010750,산내동
1850149101,만년로,25030690,만년동
1860080300,왕가봉로,25040590,노은1동
1850143404,청사서로,25030670,월평2동
1860688303,-,25040630,관평동
1860614101,아리랑로21번길,25040570,전민동
1850325102,유등로,25030560,용문동
1860605401,계백로,25030730,관저2동
1860095500,대학로,25040550,신성동
1860333800,대전남부순환고속도로,25040680,진잠동
1850061101,신갈마로,25030550,변동
1860396300,유성대로877번길,25040540,온천2동
1840054003,목동로,25020530,목동
1860616002,문지로315번길,25040570,전민동
1870083601,문평동로18번길,25050610,목상동
1860065300,온천서로,25040640,온천1동
1840182701,선화로22번길,25020600,용두동
1850041100,정림로65번길,25030540,정림동
1850028205,관저로,25030730,관저2동
1870493300,천변도시고속도로,25050520,대화동
1850039602,도안남로,25030720,관저1동
1870018506,한밭대로,25050510,오정동
1860649202,도안동로,25040710,원신흥동
1850317302,배재로197번길,25030530,도마2동
1870034100,송촌북로16번길,25050620,송촌동
1840167100,대전남부순환고속도로,25020690,산성동
1860378802,복용북로,25040690,학하동
1860077101,장대로,25040540,온천2동
1850195100,도안북로,25030512,도안동
1830185800,통영대전고속도로,25010550,판암1동
1830178500,대전남부순환고속도로,25010750,산내동
1860149601,송강로,25040610,구즉동
1870016303,한밭대로1006번길,25050510,오정동
1850036000,구봉로,25030540,정림동
1860023800,유성대로217번길,25040680,진잠동
1850025502,가수원로,25030511,가수원동
1860120900,하기로,25040660,노은2동
1860224000,월드컵대로,25040710,원신흥동
1860607701,문지로,25040570,전민동
1840025002,산성로,25020680,문화2동
1830028203,동대전로,25010600,자양동
1830003514,대전로,25010750,산내동
1860113800,가정로,25040550,신성동
1850317101,원도안로224번길,25030512,도안동
1870082402,대덕대로1470번길,25050610,목상동
1860336700,박산로,25040640,온천1동
1870036401,동춘당로,25050620,송촌동
1830036300,우암로,25010630,가양1동
1860628001,유성대로1312번길,25040550,신성동
1860002903,계룡로,25040640,온천1동
1830020004,계족로140번길,25010570,용운동
1830467403,토천1길,25010770,신인동
1850307001,둔산로31번길,25030600,둔산2동
1840057500,중촌로,25020540,중촌동
1860366901,학하남로,25040690,학하동
1830184500,통영대전고속도로,25010750,산내동
1850092604,갈마로,25030640,갈마1동
1860127101,반석동로,25040670,노은3동
1860723200,도안대로,25040680,진잠동
1830032000,우암로,25010790,성남동
1830470301,동부로,25010550,판암1동
1860045501,계룡로46번길,25040640,온천1동
1850268800,관저로,25030730,관저2동
1860095000,엑스포로97번길,25040550,신성동
1860364501,학하중앙로128번길,25040690,학하동
1850293904,상보안윗길,25030511,가수원동
1850143102,월평북로,25030670,월평2동
1860331304,덕명로56번길,25040690,학하동
1860129302,엑스포로466번길,25040570,전민동
1830036207,옛신탄진로,25010790,성남동
1860367401,학하중앙로127번길,25040690,학하동
1850092413,갈마중로,25030650,갈마2동
1840035600,평촌로,25020660,유천2동
1850091304,둔산서로10번길,25030570,탄방동
1850043000,도안대로,25030720,관저1동
1830018804,대전로,25010770,신인동
1860047803,유성대로694번길,25040640,온천1동
1840032503,수침로,25020660,유천2동
1860372502,학하중앙로149번길,25040690,학하동
1840184201,계백로1660번길,25020670,문화1동
1860640301,-,25040710,원신흥동
1850122800,둔산북로,25030600,둔산2동
1870016800,한밭대로1006번길,25050510,오정동
1860063801,온천북로33번길,25040640,온천1동
1870485500,계족로574번길,25050550,중리동
1830463000,은어송로51번길,25010530,효동
1850030200,복수동로51번길,25030510,복수동
1830023703,백룡로,25010570,용운동
1830013901,산내로1257번길,25010750,산내동
1870028601,동춘당로44번길,25050620,송촌동
1840192702,유등천동로,25020640,태평2동
1830032704,동서대로1572번길,25010790,성남동
1830052611,신기로,25010530,효동
1850092702,갈마로,25030650,갈마2동
1850128800,한밭대로,25030590,둔산1동
1860628800,대덕대로,25040550,신성동
1830347410,충무로209번길,25010760,중앙동
1860409803,원신흥로55번길,25040710,원신흥동
1840054307,목중로,25020530,목동
1860365700,학하중앙로128번길,25040690,학하동
1860365800,학하중앙로128번길,25040690,학하동
1860010517,대덕대로,25040550,신성동
1850050201,배재로,25030530,도마2동
1850141303,청사로,25030680,월평3동
1860044200,계룡로52번길,25040640,온천1동
1870015005,오정로76번길,25050510,오정동
1840187400,계룡로904번길,25020670,문화1동
1850036600,정림로24번길,25030540,정림동
1870042900,대화로,25050520,대화동
1850117200,대덕대로234번길,25030600,둔산2동
1840014905,모암로,25020570,석교동
1860670101,월드컵대로300번길,25040700,상대동
1860126100,가정북로,25040550,신성동
1860033500,도안대로,25040640,온천1동
1840026800,보문산공원로,25020580,대사동
1870480500,신일동로,25050610,목상동
1870060815,덕암로203번길,25050600,덕암동
1860077103,장대로,25040540,온천2동
1870010602,대전로1033번길,25050510,오정동
1850307403,갈마중로37번길,25030650,갈마2동
1840050802,대종로,25020510,은행선화동
1870049302,계족로663번길,25050570,법2동
1840027702,보문로,25020560,문창동
1850156100,하상도로,25050510,오정동
1870049600,대전로1291번길,25050520,대화동
1830468701,신기로101번길,25010550,판암1동
1870041400,선비마을로,25050620,송촌동
1860104102,엑스포로97번길,25040550,신성동
1870039101,중리서로,25050560,법1동
1850036100,구봉로,25030540,정림동
1850266901,구봉산북로21번길,25030730,관저2동
1830469504,대전로,25010750,산내동
1870002615,신탄진로,25050530,회덕동
1860133303,엑스포로539번길,25040570,전민동
1850038800,보문산로,25020690,산성동
1860119002,지족로,25040670,노은3동
1850021902,유등로,25030510,복수동
1840016003,대전천서로,25020570,석교동
1840013901,보문산공원로,25020690,산성동
1840043003,계룡로816번길,25020630,태평1동
1860141601,테크노8로,25040630,관평동
1850236701,계룡로,25030660,월평1동
1860134802,자운로,25040550,신성동
1850067903,갈마로,25030650,갈마2동
1870076000,대덕대로1277번길,25050610,목상동
1850025701,벌곡로,25030511,가수원동
1860054501,온천로,25040640,온천1동
1860428800,테크노5로,25040630,관평동
1870302102,-,25050580,신탄진동
1830462900,은어송로51번길,25010530,효동
1840036700,대흥로,25020550,대흥동
1860104203,엑스포로97번길,25040550,신성동
1850231700,대전남부순환고속도로,25030730,관저2동
1860070501,대학로,25040540,온천2동
1860432900,테크노5로,25040630,관평동
1830121202,계족로,25010530,효동
1860660402,송림로54번길,25040660,노은2동
1860224900,도안동로,25040710,원신흥동
1870021300,동춘당로,25050540,비래동
1830470500,동부로73번길,25010560,판암2동
1830284500,동산초교로,25010680,홍도동
1870002405,계족로,25050530,회덕동
1860083001,왕가봉로,25040590,노은1동
1840018101,산성로,25020690,산성동
1850154605,변동중로45번길,25030550,변동
1870006208,신탄진로,25050600,덕암동
1860435601,테크노2로,25040630,관평동
1860373402,학하복용로,25040690,학하동
1850069101,도산로,25030560,용문동
1860651001,복용북로33번길,25040690,학하동
1850122401,둔산북로,25030740,둔산3동
1840040300,선화서로,25020550,대흥동
1870040501,대화로150번길,25050520,대화동
1850332901,관저중로95번길,25030730,관저2동
1850329002,신갈마로181번길,25030640,갈마1동
1850319700,봉우로8번길,25030720,관저1동
1860647802,-,25040610,구즉동
1860041501,유성대로,25040640,온천1동
1850294001,상보안윗길,25030511,가수원동
1860146702,테크노2로,25040630,관평동
1860232800,구룡달전로,25040610,구즉동
1860090201,은구비남로,25040590,노은1동
1860683302,-,25040610,구즉동
1860004510,현충원로,25040640,온천1동
1860012706,대덕대로,25040630,관평동
1860102101,은구비로,25040660,노은2동
1870070800,덕암북로10번길,25050600,덕암동
1860007406,호남고속도로지선,25040550,신성동
1860115000,노은로,25040660,노은2동
1850316401,갈마로85번길,25030650,갈마2동
1860123503,문지로,25040570,전민동
1850136900,갑천도시고속도로,25030680,월평3동
1860612300,문지로299번길,25040570,전민동
1870196900,경부고속도로,25050530,회덕동
1860623400,지족로,25040670,노은3동
1850300500,벌곡로,25030511,가수원동
1850071801,문정로2번길,25030570,탄방동
1840199807,대둔산로364번길,25020690,산성동
1870030201,송촌북로,25050550,중리동
1860009810,유성대로,25040550,신성동
1830461700,은어송로,25010530,효동
1860111000,노은로,25040660,노은2동
1850036210,계백로1300번길,25030540,정림동
1860082401,월드컵대로,25040590,노은1동
1830457400,석천로,25010750,산내동
1830018200,새울로,25010570,용운동
1860624101,지족동로142번길,25040670,노은3동
1860187601,신촌1길,25040670,노은3동
1840199206,솔밭로,25020580,대사동
1860092900,과학로,25040540,온천2동
1840040901,선화로,25020600,용두동
1850061903,괴정로,25030620,가장동
1870011802,오정로,25050510,오정동
1840199902,대둔산로364번길,25020690,산성동
1860612501,문지로299번길,25040570,전민동
1860104202,엑스포로97번길,25040550,신성동
1850328202,대덕대로175번길,25030600,둔산2동
1860028701,월드컵대로,25040700,상대동
1870490305,우암로,25050540,비래동
1860131310,유성대로1689번길,25040570,전민동
1840198501,계백로1685번길,25020620,오류동
1870499902,-,25050520,대화동
1840052202,보문로,25020510,은행선화동
1840042404,선화서로,25020510,은행선화동
1870489308,비래동로,25050540,비래동
1850027202,정림서로138번길,25030540,정림동
1870157903,신상로,25050540,비래동
1870016801,한밭대로1006번길,25050510,오정동
1840021000,산성로,25020680,문화2동
1860674002,계룡로,25040640,온천1동
1840182900,중앙로59번길,25020510,은행선화동
1860128601,엑스포로,25040570,전민동
1860671503,유성대로654번길,25040640,온천1동
1850321000,구봉로131번길,25030730,관저2동
1840045601,대종로,25020510,은행선화동
1860021200,대정로28번안길,25040680,진잠동
1850304100,복수중로,25030510,복수동
1840042304,선화서로,25020510,은행선화동
1850305700,유등로,25030520,도마1동
1860425701,테크노1로,25040630,관평동
1850205402,도안동로,25030512,도안동
1850307800,원도안로224번길,25030512,도안동
1850322601,벌곡로1285번길,25030511,가수원동
1870063303,신일서로85번길,25050610,목상동
1830018301,충무로,25010780,대동
1870052002,계족로663번길,25050560,법1동
1850329101,신갈마로181번길,25030640,갈마1동
1830036202,옛신탄진로,25010680,홍도동
1840045202,오류로,25020620,오류동
1840024804,문화로,25020650,유천1동
1870013400,-,25050510,오정동
1850323700,괴곡길,25030540,정림동
1860619503,대덕대로556번길,25040550,신성동
1850050107,도솔로,25030520,도마1동
1860605604,구즉로58번길,25040610,구즉동
1840067207,산서로,25020690,산성동
1830123300,대전로542번길,25010530,효동
1850209903,동서대로,25030660,월평1동
1860635300,동서대로656번길,25040680,진잠동
1860333701,박산로,25040640,온천1동
1840185602,대전천서로,25020510,은행선화동
1850009306,계룡로,25030640,갈마1동
1850082101,문정로9번길,25030600,둔산2동
1860685701,유성대로671번길,25040640,온천1동
1850064301,대덕대로,25030610,괴정동
1840030004,태평로,25020650,유천1동
1830126001,동구청로,25010530,효동
1860178301,대학로76번안길,25040540,온천2동
1860661902,자운로97번길,25040550,신성동
1860434800,테크노2로,25040630,관평동
1850076400,계룡로500번길,25030650,갈마2동
1870089906,석봉로38번길,25050590,석봉동
1850024902,관저로,25030730,관저2동
1850046403,도솔로,25030530,도마2동
1860437102,용산2로,25040630,관평동
1830470800,판암로,25010550,판암1동
1850230000,대전남부순환고속도로,25030730,관저2동
1860376902,복용로11번길,25040690,학하동
1860018802,유성대로,25040680,진잠동
1860413901,유성대로1184번길,25040550,신성동
1850062501,가장로,25030610,괴정동
1830124501,은어송로,25010530,효동
1860176805,진잠로140번길,25040680,진잠동
1860631900,원내로,25040680,진잠동
1830007906,계족로,25010770,신인동
1840193003,유등천동로,25020640,태평2동
1840053105,선화서로,25020510,은행선화동
1860365401,학하중앙로128번길,25040690,학하동
1850080300,계룡로491번길,25030600,둔산2동
1850302802,벌곡로,25030511,가수원동
1870022602,중리남로,25050550,중리동
1860376701,복용북로,25040690,학하동
1850028501,관저중로,25030730,관저2동
1850026500,복수남로,25030510,복수동
1840035301,대흥로66번길,25020550,대흥동
1860042101,계룡로32번길,25040640,온천1동
1850128901,한밭대로,25030590,둔산1동
1860680801,대정로42번길,25040680,진잠동
1870492501,계족로,25050550,중리동
1850194501,도안북로,25030512,도안동
1860603401,송림로53번길,25040660,노은2동
1830026903,선화로,25010800,삼성동
1850285602,도안북로93번길,25030512,도안동
1860033501,도안대로,25040640,온천1동
1860066200,박산로,25040640,온천1동
1860216600,동서대로,25030512,도안동
1840017004,산성로,25020690,산성동
1830126302,동구청로,25010530,효동
1850320301,관저중로64번길,25030730,관저2동
1830041305,우암로,25010640,가양2동
1860012815,대덕대로,25040610,구즉동
1860196900,학하복용서로,25040690,학하동
1860496701,대덕대로,25040550,신성동
1860629501,왕가봉로24번길,25040590,노은1동
1870014401,오정로77번길,25050510,오정동
1860126500,신성남로,25040550,신성동
1860631201,계백로,25040680,진잠동
1840067600,문창로,25020560,문창동
1870005302,경부고속도로,25050600,덕암동
1850131000,한밭대로,25030600,둔산2동
1860142100,테크노중앙로,25040630,관평동
1850324600,대전남부순환고속도로,25030730,관저2동
1870078500,신탄진동로24번길,25050580,신탄진동
1840014401,대둔산로,25020690,산성동
1860008616,대덕대로,25040550,신성동
1840026701,보문산공원로,25020580,대사동
1850069901,계룡로583번길,25030570,탄방동
1860616601,문지로316번길,25040570,전민동
1870071501,대덕대로1448번길,25050610,목상동
1850312901,대덕대로249번길,25030600,둔산2동
1870047202,계족로664번길,25050570,법2동
1870028703,동춘당로54번길,25050620,송촌동
1830014203,산내로1257번길,25010750,산내동
1860037301,계룡로32번길,25040640,온천1동
1850006503,계백로,25030520,도마1동
1840004501,충무로,25020550,대흥동
1870061401,신일서로86번길,25050610,목상동
1850278201,도안북로,25030512,도안동
1850315900,신갈마로86번길,25030640,갈마1동
1870205600,경부고속도로,25050540,비래동
1850146400,만년남로,25030690,만년동
1860137501,자운로221번길,25040550,신성동
1860083800,한밭대로,25040590,노은1동
1850118104,둔산로31번길,25030600,둔산2동
1860123303,반석서로,25040670,노은3동
1850113700,문정로,25030590,둔산1동
1870051600,대전로1331번길,25050520,대화동
1860402700,유성대로935번길,25040540,온천2동
1870007910,대덕대로,25050610,목상동
1860118701,북유성대로,25040660,노은2동
1870362401,구즉세종로,25050600,덕암동
1850106501,문예로,25030590,둔산1동
1870484000,한밭대로1009번길,25050510,오정동
1860630501,복용북로33번길,25040690,학하동
1860091301,은구비남로,25040590,노은1동
1830025207,동대전로,25010780,대동
1850063303,갈마로,25030610,괴정동
1850029200,관저동로,25030730,관저2동
1830464500,은어송로51번길,25010530,효동
1860047101,계룡로38번길,25040640,온천1동
1850097404,둔산남로,25030570,탄방동
1870012800,대전천북로,25050510,오정동
1860132103,-,25040550,신성동
1860010615,대덕대로,25040550,신성동
1840124801,계백로1716번길,25020670,문화1동
1850128900,한밭대로,25030590,둔산1동
1860398200,죽동로280번길,25040540,온천2동
1850304801,혜천로,25030510,복수동
1830464801,은어송로51번길,25010530,효동
1850269101,구봉산북로,25030730,관저2동
1870041301,동춘당로114번길,25050620,송촌동
1870038900,중리북로,25050550,중리동
1860674302,계룡로,25040640,온천1동
1870005803,대덕대로,25050610,목상동
1840044000,선화로,25020600,용두동
1850106300,둔산로123번길,25030590,둔산1동
1850116101,둔산북로90번길,25030600,둔산2동
1850011801,대덕대로,25030670,월평2동
1830468302,옥천로106번길,25010550,판암1동
1850027900,관저로,25030730,관저2동
1830036704,동대전로,25010640,가양2동
1860657304,신성남로,25040550,신성동
1860443500,테크노2로,25040630,관평동
1870485000,-,25050570,법2동
1860114401,가정북로,25040550,신성동
1850009803,계룡로,25030660,월평1동
1830035201,현암로,25010800,삼성동
1830015504,옥천로180번길,25010550,판암1동
1850139801,청사로,25030670,월평2동
1860017402,원내로,25040680,진잠동
1860425100,관평2로,25040630,관평동
1860668502,용산2로,25040630,관평동
1860023102,대정로28번길,25040680,진잠동
1840198103,-,25020620,오류동
1860663802,자운로221번길,25040550,신성동
1830019101,용운로,25010570,용운동
1860372001,학하로,25040690,학하동
1830020501,대전로,25010760,중앙동
1830449500,신기로,25010530,효동
1860015003,금남구즉로,25040610,구즉동
1850331802,벌곡로1285번길,25030511,가수원동
1850134300,한밭대로,25030660,월평1동
1860632002,원내로,25040680,진잠동
1850009804,계룡로,25030660,월평1동
1870488400,한남로,25050510,오정동
1850155100,유등로,25030520,도마1동
1850134102,월평동로,25030680,월평3동
1860169300,온천북로33번길,25040640,온천1동
1850116500,대덕대로234번길,25030600,둔산2동
1850306100,대덕대로335번길,25030670,월평2동
1830182200,통영대전고속도로,25010750,산내동
1830128100,동부로,25010640,가양2동
1830001918,산내로,25010750,산내동
1860016701,진잠로62번길,25040680,진잠동
1870060816,덕암로203번길,25050600,덕암동
1860336205,진잠로,25040680,진잠동
1860098400,-,25040550,신성동
1870060900,덕암로203번길,25050600,덕암동
1850045502,도솔로,25030530,도마2동
1870073602,덕암북로70번길,25050600,덕암동
1870002510,신탄진로,25050530,회덕동
1870078902,덕암북로,25050590,석봉동
1840126704,운남로,25020690,산성동
1830472202,대전로906번길,25010800,삼성동
1850050205,배재로,25030530,도마2동
1860203900,유성대로,25040690,학하동
1870073803,덕암북로4번길,25050600,덕암동
1840192905,동서대로,25020640,태평2동
1850109103,둔산로,25030600,둔산2동
1860215101,원신흥남로,25040710,원신흥동
1870087101,문평동로48번길,25050610,목상동
1870008005,대덕대로,25050610,목상동
1860616000,문지로315번길,25040570,전민동
1870197000,경부고속도로,25050610,목상동
1840026014,유천로,25020660,유천2동
1860673503,계룡로38번길,25040640,온천1동
1860614700,엑스포로446번길,25040570,전민동
1850028302,관저로,25030730,관저2동
1870032005,송촌북로20번길,25050620,송촌동
1870029901,계족산로81번길,25050620,송촌동
1870045801,대전로,25050530,회덕동
1840052302,대종로,25020510,은행선화동
1870012902,오정로,25050510,오정동
1860095501,대학로,25040550,신성동
1830032708,동서대로1572번길,25010790,성남동
1850313500,둔산중로32번길,25030590,둔산1동
1850067905,갈마로,25030650,갈마2동
1860017502,진잠로,25040680,진잠동
1860176900,진잠로140번길,25040680,진잠동
1850038100,혜천로,25030510,복수동
1860030800,월드컵대로253번안길,25040640,온천1동
1860613800,문지로299번길,25040570,전민동
1860170102,덕명서로12번길,25040690,학하동
1850012004,대덕대로,25030670,월평2동
1830027503,소랑길,25010800,삼성동
1850089700,문정로,25030570,탄방동
1850237100,월드컵대로484번길,25030660,월평1동
1830057701,이사로,25010750,산내동
1850107201,둔산로,25030590,둔산1동
1850154800,변동중로45번길,25030550,변동
1860024401,대정북로,25040680,진잠동
1860077201,장대로,25040540,온천2동
1850146401,만년남로,25030690,만년동
1860655102,은구비로155번길,25040660,노은2동
1860029200,도안대로,25040640,온천1동
1830018203,새울로,25010570,용운동
1870078901,덕암북로,25050590,석봉동
1860201302,북유성대로316번길,25040660,노은2동
1850101401,둔산남로91번길,25030590,둔산1동
1840036000,인창로,25020560,문창동
1870084501,신탄진동로,25050580,신탄진동
1850103101,둔산중로46번길,25030590,둔산1동
1850266403,구봉산북로21번길,25030730,관저2동
1870085700,문평동로,25050610,목상동
1860220900,봉명로,25040710,원신흥동
1860107300,은구비로,25040660,노은2동
1840051900,보문로337번길,25020510,은행선화동
1850010800,계룡로,25030640,갈마1동
1840041100,대흥로,25020550,대흥동
1840018903,당디로,25020690,산성동
1860366201,학하동로,25040690,학하동
1830451902,성남로,25010790,성남동
1860156401,배울2로,25040610,구즉동
1850328601,신갈마로155번길,25030640,갈마1동
1850025303,복수남로12번길,25030510,복수동
1850320501,관저중로64번길,25030730,관저2동
1860669001,용산2로,25040630,관평동
1850089801,문정로89번길,25030570,탄방동
1840189000,대종로,25020550,대흥동
1870012402,한남로150번길,25050510,오정동
1840033300,수도산로,25020550,대흥동
1840043601,대흥로,25020550,대흥동
1840188300,보문로162번길,25020580,대사동
1840057303,목중로,25020540,중촌동
1860238800,테크노2로,25040630,관평동
1860026301,진잠옛로,25040690,학하동
1870049100,중리서로,25050560,법1동
1850049001,배재로,25030530,도마2동
1860125805,반석동로,25040670,노은3동
1850025000,복수남로,25030510,복수동
1870021205,우암로486번길,25050540,비래동
1830010406,계족로,25010790,성남동
1830450802,동부로10번길,25010560,판암2동
1830129000,대학로,25010570,용운동
1860332200,덕명로,25040690,학하동
1860010603,대덕대로,25040550,신성동
1840049004,선화서로,25020510,은행선화동
1840065600,유등천동로,25020690,산성동
1840012101,성산로,25020690,산성동
1860667102,테크노8로,25040630,관평동
1830002031,산내로,25010750,산내동
1850336801,계백로,25030530,도마2동
1850054101,유등로,25030620,가장동
1830461000,대전로,25010530,효동
1830465901,신기로101번길,25010530,효동
1860036802,계룡로38번길,25040640,온천1동
1870089020,평촌2길,25050600,덕암동
1860105401,노은서로,25040660,노은2동
1840065905,계백로1686번길,25020670,문화1동
1860393401,죽동로,25040540,온천2동
1870060802,덕암로203번길,25050600,덕암동
1860385901,용계로94번길,25040680,진잠동
1850049802,도산로,25030550,변동
1870083303,석봉로,25050590,석봉동
1870486203,대전천북로,25050510,오정동
1870486100,대전천북로,25050510,오정동
1850126001,한밭대로570번길,25030660,월평1동
1870498201,석봉북로24번길,25050590,석봉동
1860101301,엑스포로123번길,25040550,신성동
1860068701,온천북로33번길,25040640,온천1동
1860131601,유성대로,25040570,전민동
1860215900,원신흥남로,25040710,원신흥동
1830123503,대전로542번길,25010530,효동
1850056907,배재로,25030630,내동
1840187501,계룡로918번길,25020670,문화1동
1830130400,동부로,25010570,용운동
1870002601,신탄진로,25050530,회덕동
1850072602,탄방로,25030570,탄방동
1860408205,봉명서로,25040710,원신흥동
1840022205,천근로,25020680,문화2동
1860030200,월드컵대로253번길,25040640,온천1동
1860439601,테크노중앙로,25040630,관평동
1860418601,신성로,25040550,신성동
1840057002,대전천서로,25020540,중촌동
1860426901,테크노4로,25040630,관평동
1860042502,계룡로26번길,25040640,온천1동
1860130000,전민로,25040570,전민동
1860722102,박산로,25040640,온천1동
1850303401,구봉로,25030540,정림동
1860443800,배울1로,25040570,전민동
1840025915,유천로,25020660,유천2동
1870014102,오정로75번길,25050510,오정동
1860675201,문화원로,25040540,온천2동
1850149001,만년로,25030690,만년동
1870042001,동춘당로,25050570,법2동
1850033601,정림로,25030540,정림동
1830052902,신기로,25010530,효동
1860443100,배울1로,25040570,전민동
1850125900,월평중로,25030660,월평1동
1860409601,원신흥로55번길,25040710,원신흥동
1830454400,산내로,25010750,산내동
1850104401,둔산로,25030590,둔산1동
1860128401,외삼로8번길,25040660,노은2동
1860152600,구룡고개길,25040610,구즉동
1860110000,은구비로156번길,25040660,노은2동
1830052514,신기로,25010530,효동
1840025601,계백로1566번길,25020650,유천1동
1860353704,엑스포로,25040570,전민동
1850083501,계룡로571번길,25030570,탄방동
1840055302,목중로,25020530,목동
1860097101,은구비남로7번길,25040590,노은1동
1860497500,구즉세종로,25040610,구즉동
1870484002,한밭대로1009번길,25050510,오정동
1840067507,문창로,25020590,부사동
1850036310,계백로1300번길,25030540,정림동
1830033901,동서대로,25010800,삼성동
1860118203,송림로,25040660,노은2동
1860390301,죽동로,25040540,온천2동
1860604301,덕명동로,25040690,학하동
1850097900,둔산남로,25030570,탄방동
1860607501,유성대로1628번길,25040570,전민동
1840025602,계백로1566번길,25020650,유천1동
1830043401,동서대로,25010650,용전동
1830046004,비래서로,25050540,비래동
1860100803,노은동로,25040660,노은2동
1870056004,장동로,25050530,회덕동
1850058602,유등로,25030560,용문동
1860199400,학하복용서로,25040690,학하동
1830474201,산서로,25010750,산내동
1850061305,도솔로,25030610,괴정동
1850151600,둔산대로117번길,25030690,만년동
1840181900,계룡로918번길,25020670,문화1동
1860424900,관평1로,25040630,관평동
1830476802,대전천북로,25010800,삼성동
1850069602,문정로2번길,25030570,탄방동
1860661502,-,25040550,신성동
1840030205,보문로,25020550,대흥동
1840059300,어덕마을로,25020540,중촌동
1840190300,보훈로,25020690,산성동
1860123200,하기로,25040660,노은2동
1870018304,동춘당로15번길,25050620,송촌동
1840199803,대둔산로364번길,25020690,산성동
1860683401,-,25040610,구즉동
1850019200,고릿골길,25030511,가수원동
1850143109,월평북로,25030670,월평2동
1840027403,대종로333번길,25020590,부사동
1830037304,가양로,25010630,가양1동
1850049903,도산로,25030550,변동
1850092519,갈마중로,25030650,갈마2동
1860102001,엑스포로151번길,25040550,신성동
1840030401,서문로,25020670,문화1동
1870489507,비래서로,25050540,비래동
1850132900,청사서로,25030670,월평2동
1860127400,반석서로,25040670,노은3동
1830022800,백룡로,25010570,용운동
1860438200,배울2로,25040630,관평동
1850002901,계백로,25030730,관저2동
1860431902,테크노중앙로,25040630,관평동
1860606000,구즉로57번길,25040610,구즉동
1830126901,동구청로,25010750,산내동
1870485001,-,25050570,법2동
1830347400,충무로209번길,25010760,중앙동
1830019200,용운로,25010570,용운동
1840034803,대종로,25020550,대흥동
1870063700,신일서로,25050610,목상동
1860174200,덕명서로12번길,25040690,학하동
1860222600,농대로,25040540,온천2동
1870073201,신일동로,25050610,목상동
1850098600,둔산남로,25030570,탄방동
1870199000,경부고속도로,25050600,덕암동
1860597700,탑립로,25040630,관평동
1860414900,유성대로1184번길,25040550,신성동
1850063901,신갈마로,25030630,내동
1850234600,구봉로,25030730,관저2동
1870044901,매봉길,25050570,법2동
1860106706,엑스포로,25040570,전민동
1860624500,지족동로142번길,25040670,노은3동
1830054005,은어송로,25010530,효동
1830123806,백룡로,25010600,자양동
1850331601,계룡로,25030640,갈마1동
1850007804,계룡로,25030570,탄방동
1860180108,성북로,25040680,진잠동
1870021500,동춘당로,25050620,송촌동
1840011903,안영로,25020690,산성동
1830020003,계족로140번길,25010780,대동
1830025202,동대전로,25010780,대동
1850156201,하상도로,25030740,둔산3동
1830041920,대청호수로,25010730,대청동
1860152500,구룡고개길,25040610,구즉동
1860605901,구즉로57번길,25040610,구즉동
1850229900,대전남부순환고속도로,25030730,관저2동
1850232701,도안대로,25030720,관저1동
1860048500,계룡로141번길,25040640,온천1동
1860077001,온천서로,25040540,온천2동
1860233301,테크노2로,25040610,구즉동
1870033201,쌍청당로35번길,25050570,법2동
1860613000,문지로299번길,25040570,전민동
1860664402,자운로245번길,25040550,신성동
1860126001,유성대로,25040550,신성동
1860602901,지족로364번길,25040670,노은3동
1830123903,백룡로,25010600,자양동
1850082301,계룡로509번길,25030570,탄방동
1850052401,중반5길,25030550,변동
1860387800,유성대로877번길,25040590,노은1동
1860378500,복용로40번길,25040690,학하동
1850319501,봉우로30번길,25030720,관저1동
1850084301,탄방로,25030570,탄방동
1870195900,경부고속도로,25050610,목상동
1860722200,박산로,25040640,온천1동
1850309300,관저중로95번길,25030730,관저2동
1870045001,대화로50번길,25050520,대화동
1870034300,쌍청당로35번길,25050550,중리동
1830019000,용운로,25010570,용운동
1860205902,유성대로,25040640,온천1동
1860365201,학하서로,25040690,학하동
1860131202,유성대로,25040570,전민동
1860099000,엑스포로97번길,25040550,신성동
1870083202,석봉로,25050590,석봉동
1870057705,덕암로,25050600,덕암동
1830464802,은어송로51번길,25010530,효동
1860056301,계룡로123번길,25040640,온천1동
1850082200,계룡로509번길,25030570,탄방동
1830477701,천동초등동길,25010530,효동
1850132100,갑천도시고속도로,25030660,월평1동
1860371701,학하로,25040690,학하동
1860635001,동서대로656번길,25040680,진잠동
1840003703,계백로,25020650,유천1동
1850092412,갈마중로,25030650,갈마2동
1850022203,복수남로11번길,25030510,복수동
1840017206,보문산로,25020680,문화2동
1830447300,대청호수로545번길,25010730,대청동
1850149201,만년로,25030690,만년동
1870066503,신탄진로,25050580,신탄진동
1830005506,옥천로,25010550,판암1동
1830005224,대전로,25010530,효동
1830286001,동산초교로,25010790,성남동
1870497101,대덕대로1277번길,25050610,목상동
1870004802,신탄진로,25050600,덕암동
1850118401,신갈마로230번길,25030640,갈마1동
1860128701,전민로,25040570,전민동
1850077600,탄방로,25030570,탄방동
1860160501,용산1로,25040630,관평동
1860063301,온천동로,25040640,온천1동
1830463701,은어송로51번길,25010530,효동
1840197103,대둔산로,25020690,산성동
1860374000,학하북로,25040690,학하동
1850075300,탄방로,25030570,탄방동
1860426200,관평2로,25040630,관평동
1860099501,은구비로,25040590,노은1동
1860607700,문지로,25040570,전민동
1870482701,벚꽃길,25050600,덕암동
1850292700,도안북로,25030512,도안동
1860057702,계룡로105번길,25040640,온천1동
1850036206,계백로1300번길,25030540,정림동
1850071400,문정로60번길,25030570,탄방동
1860230004,농대로,25040540,온천2동
1860026200,진잠옛로135번길,25040690,학하동
1850317200,원도안로224번길,25030512,도안동
1870485700,동춘당로44번길,25050620,송촌동
1860659902,송림로54번길,25040660,노은2동
1850140501,청사로,25030670,월평2동
1860637600,한밭대로,25040640,온천1동
1870016501,오정로78번길,25050510,오정동
1830467307,토천1길,25010530,효동
1830057405,대전로987번길,25010800,삼성동
1850047800,조달청길,25030530,도마2동
1870063901,대덕대로1284번길,25050610,목상동
1830027200,대전천동로,25010800,삼성동
1860609900,문지로,25040570,전민동
1860105200,대덕대로512번길,25040550,신성동
1840184700,동서대로1403번길,25020530,목동
1860423800,테크노3로,25040630,관평동
1860438700,테크노2로,25040630,관평동
1860191000,학하중앙로,25040690,학하동
1860088205,대학로,25040540,온천2동
1860431200,테크노1로,25040630,관평동
1850097902,둔산남로,25030570,탄방동
1830020305,동대전로,25010760,중앙동
1870199400,경부고속도로,25050600,덕암동
1870062301,신일서로68번길,25050610,목상동
1850056301,변동중로,25030550,변동
1860436200,테크노2로,25040630,관평동
1840183203,사득로,25020590,부사동
1860107700,노은로,25040660,노은2동
1870498701,신탄진로756번안길,25050580,신탄진동
1870002004,계족로,25050570,법2동
1870486001,-,25050510,오정동
1860366200,학하동로,25040690,학하동
1860628900,과학로,25040550,신성동
1840198302,오류로,25020620,오류동
1830023201,용운로,25010570,용운동
1830048003,계족로489번길,25050550,중리동
1860014907,금남구즉로,25040610,구즉동
1830463001,은어송로51번길,25010530,효동
1860113510,가정로,25040550,신성동
1870084403,신탄진동로,25050580,신탄진동
1860398601,죽동로280번길,25040540,온천2동
1830450501,옥천로180번길,25010550,판암1동
1850311101,도안동로,25030512,도안동
1850268901,구봉산북로,25030730,관저2동
1850338500,도안중로,25030720,관저1동
1870014000,한남로150번길,25050510,오정동
1850047710,조달청길,25030520,도마1동
1870023404,중리동로,25050550,중리동
1840034900,대흥로,25020550,대흥동
1870078200,대덕대로1448번길,25050610,목상동
1870089700,대전천북로,25050510,오정동
1860387300,도안대로,25040680,진잠동
1860127700,외삼로,25040660,노은2동
1850085000,신갈마로,25030640,갈마1동
1860141600,테크노8로,25040630,관평동
1850092409,갈마중로,25030650,갈마2동
1840064601,대둔산로,25020690,산성동
1870489211,송촌남로,25050620,송촌동
1840122900,사정공원로,25020690,산성동
1840041802,중교로,25020550,대흥동
1850054301,동서대로,25030620,가장동
1850049705,도마로,25030550,변동
1850062801,용문로,25030560,용문동
1850061303,도솔로,25030610,괴정동
1860195100,북유성대로,25040660,노은2동
1870009001,대청로,25050580,신탄진동
1870027001,송촌북로,25050550,중리동
1870057605,덕암로,25050600,덕암동
1850306900,둔산로31번길,25030600,둔산2동
1830023204,용운로,25010570,용운동
1860425602,테크노1로,25040630,관평동
1830007702,충무로,25010770,신인동
1870068501,신탄진로,25050600,덕암동
1860071801,월드컵대로,25040540,온천2동
1830470302,동부로,25010550,판암1동
1850084801,문정로,25030600,둔산2동
1830020503,대전로,25010760,중앙동
1850047808,조달청길,25030530,도마2동
1870078000,대덕대로1470번길,25050610,목상동
1850289001,도안북로93번길,25030512,도안동
1830455901,산내로1315번길,25010750,산내동
1850053801,동서대로,25030620,가장동
1870054003,아리랑로,25050560,법1동
1850085900,갈마로,25030650,갈마2동
1840064400,대종로334번길,25020590,부사동
1860118002,신성로62번길,25040550,신성동
1850103500,둔산중로46번길,25030590,둔산1동
1840192404,평촌로,25020640,태평2동
1860193400,학하로,25040690,학하동
1870055804,신탄진로232번길,25050530,회덕동
1860601602,지족북로,25040670,노은3동
1850324500,대전남부순환고속도로,25030540,정림동
1860378400,복용로,25040690,학하동
1860156302,배울2로,25040610,구즉동
1860673301,계룡로32번길,25040640,온천1동
1840061000,대종로,25020540,중촌동
1870153101,장동로,25050530,회덕동
1860057900,계룡로16번길,25040640,온천1동
1850132000,갑천도시고속도로,25030680,월평3동
1860150100,구즉로,25040610,구즉동
1860380200,진잠옛로,25040690,학하동
1860444101,갑천로,25040630,관평동
1830031900,우암로,25010790,성남동
1860634700,도안북로,25040680,진잠동
1860080700,한밭대로,25040540,온천2동
1860005802,유성대로,25040540,온천2동
1870068102,문평서로,25050610,목상동
1850081502,계룡로553번길,25030570,탄방동
1870001903,계족로,25050570,법2동
1860212000,자운로97번길,25040550,신성동
1860100100,은구비로,25040590,노은1동
1860041003,계룡로74번길,25040640,온천1동
1830016203,동구청로204번길,25010550,판암1동
1850026501,복수남로,25030510,복수동
1840017202,보문산로,25020680,문화2동
1860032601,월드컵대로299번길,25040640,온천1동
1870085000,대덕대로1447번길,25050610,목상동
1860009205,대덕대로,25040550,신성동
1850090101,문예로,25030570,탄방동
1850120601,월평동로,25030640,갈마1동
1850307502,배재로233번길,25030550,변동
1870151808,신탄진로756번안길,25050580,신탄진동
1860618702,문지로316번길,25040570,전민동
1850328602,신갈마로155번길,25030640,갈마1동
1860007311,호남고속도로지선,25040550,신성동
1870495400,대덕대로1284번길,25050610,목상동
1850073800,계룡로500번길,25030650,갈마2동
1870494301,천변도시고속도로,25050530,회덕동
1840012202,성산로,25020690,산성동
1840032502,수침로,25020660,유천2동
1830015405,대전로448번길,25010530,효동
1860123401,반석서로,25040670,노은3동
1870494700,천변도시고속도로,25050530,회덕동
1830285701,동산초교로34번길,25010680,홍도동
1860652002,원신흥남로12번길,25040710,원신흥동
1830039707,홍도로,25010680,홍도동
1850333001,구봉산북로94번길,25030730,관저2동
1840198702,오류로,25020620,오류동
1840023307,문화로,25020690,산성동
1860219801,월드컵대로,25040710,원신흥동
1850049203,도마로,25030520,도마1동
1850324901,유등로,25030560,용문동
1830029501,동대전로,25010600,자양동
1850056807,배재로,25030630,내동
1830462400,은어송로51번길,25010530,효동
1840056802,어덕마을로,25020540,중촌동
1830043801,한밭대로,25010640,가양2동
1860121400,신성로,25040550,신성동
1850057500,가장로,25030620,가장동
1850012001,대덕대로,25030670,월평2동
1830029502,동대전로,25010600,자양동
1840043101,수침로,25020630,태평1동
1830015305,대전로448번길,25010530,효동
1850034300,계백로,25030730,관저2동
1840033301,수도산로,25020550,대흥동
1860009801,신성서로,25040550,신성동
1850229300,대전남부순환고속도로,25030730,관저2동
1830467101,옥천로106번길,25010550,판암1동
1850141102,청사서로,25030670,월평2동
1860413200,유성대로1205번길,25040550,신성동
1850065506,도솔로,25030560,용문동
1860033100,월드컵대로289번길,25040640,온천1동
1830017501,동부로,25010560,판암2동
1830012728,계족로,25010650,용전동
1840035900,인창로,25020560,문창동
1860440800,테크노11로,25040630,관평동
1850143504,청사서로,25030670,월평2동
1840022211,천근로,25020680,문화2동
1860237201,테크노10로,25040630,관평동
1860396900,죽동로298번길,25040540,온천2동
1860427100,테크노3로,25040630,관평동
1860211500,원신흥로,25040700,상대동
1870497202,대덕대로1277번길,25050610,목상동
1850107500,둔산북로90번길,25030600,둔산2동
1860068500,온천북로33번길,25040640,온천1동
1840034204,태평로,25020640,태평2동
1850315500,신갈마로,25030640,갈마1동
1860108101,은구비로,25040660,노은2동
1860599301,문지로315번길,25040570,전민동
1850144900,둔산대로,25030600,둔산2동
1850231902,도안남로,25030720,관저1동
1870005200,신탄진로681번길,25050600,덕암동
1840004905,계룡로,25020580,대사동
1860028202,월드컵대로290번길,25040700,상대동
1870154601,장동로278번길,25050530,회덕동
1860722100,박산로,25040640,온천1동
1850049704,도마로,25030520,도마1동
1860143701,테크노2로,25040630,관평동
1860217101,도안대로,25040710,원신흥동
1860124901,반석로,25040670,노은3동
1870014905,오정로76번길,25050510,오정동
1870152100,장동로228번길,25050530,회덕동
1830464200,은어송로51번길,25010530,효동
1870020900,우암로,25050540,비래동
1860053201,유성대로680번길,25040640,온천1동
1860668901,용산2로,25040630,관평동
1870087600,문평동로48번길,25050610,목상동
1860430601,테크노5로,25040630,관평동
1870498401,석봉로37번길,25050590,석봉동
1840024101,천근로,25020680,문화2동
1860124803,신성로,25040550,신성동
1850099100,둔산남로105번길,25030590,둔산1동
1870013901,한남로150번길,25050510,오정동
1870489204,송촌남로,25050620,송촌동
1860022100,대정로28번길,25040680,진잠동
1850130400,한밭대로,25030600,둔산2동
1850144602,둔산대로,25030600,둔산2동
1830030509,대성길,25010630,가양1동
1850093501,둔산중로14번길,25030570,탄방동
1870025901,계족산로,25050620,송촌동
1860069900,문화원로,25040640,온천1동
1830020102,대동복개길,25010780,대동
1850065503,도솔로,25030560,용문동
1860131511,유성대로,25040570,전민동
1830490804,수향길,25010760,중앙동
1860369900,학하중앙로150번길,25040690,학하동
1870026100,쌍청당로,25050550,중리동
1860017403,원내로,25040680,진잠동
1840025901,유천로,25020660,유천2동
1840009404,방아미로,25020690,산성동
1860418101,유성대로1184번길,25040550,신성동
1870015700,오정로76번길,25050510,오정동
1850058505,도솔로,25030630,내동
1840011103,뿌리공원로,25020690,산성동
1860604813,교촌대정로,25040680,진잠동
1860428101,테크노5로,25040630,관평동
1860401900,죽동로279번길,25040540,온천2동
1840133701,은어송로,25020570,석교동
1860674704,문화원로6번길,25040540,온천2동
1840041800,중교로,25020550,대흥동
1860604707,교촌대정로,25040680,진잠동
1870197501,경부고속도로,25050600,덕암동
1850086402,월드컵대로484번길,25030660,월평1동
1860073601,대학로76번길,25040540,온천2동
1840037703,중앙로,25020670,문화1동
1860605801,배울1로,25040610,구즉동
1860071302,대학로75번길,25040540,온천2동
1860113701,가정로,25040550,신성동
1860438400,용산2로,25040630,관평동
1860403700,죽동로279번길,25040540,온천2동
1850149601,둔산대로117번길,25030690,만년동
1850023303,관저중로,25030730,관저2동
1870010600,대전로1033번길,25050510,오정동
1850333202,구봉산북로94번길,25030730,관저2동
1830489403,한남로67번길,25010680,홍도동
1860125400,신성서로,25040550,신성동
1850064903,도산로,25030560,용문동
1870496000,구즉세종로,25050610,목상동
1870068103,문평서로,25050610,목상동
1870492002,한밭대로,25050510,오정동
1850048201,조달청길,25030530,도마2동
1860397000,죽동로,25040540,온천2동
1840065102,유등천동로,25020690,산성동
1860388601,도안북로,25040680,진잠동
1860649005,금남구즉로,25040610,구즉동
1830042406,동서대로1695번길,25010650,용전동
1870038401,송촌북로36번길,25050620,송촌동
1860635700,동서대로656번길,25040680,진잠동
1860195303,지족동로,25040670,노은3동
1870150404,천변도시고속도로,25050530,회덕동
1860414101,유성대로1184번길,25040550,신성동
1830446300,삼가로,25010800,삼성동
1860147904,구즉로,25040610,구즉동
1860056201,온천로,25040640,온천1동
1860407200,유성대로,25040540,온천2동
1870488701,옛신탄진로,25050510,오정동
1860216100,도안대로,25040700,상대동
1850202902,도안동로,25030512,도안동
1870020010,송촌로,25050620,송촌동
1830130000,동부로,25010570,용운동
1870486201,대전천북로,25050510,오정동
1860416900,유성대로1184번길,25040550,신성동
1840162400,대전남부순환고속도로,25020690,산성동
1860233200,테크노2로,25040630,관평동
1860601801,지족북로66번길,25040670,노은3동
1860399100,죽동로,25040540,온천2동
1840054700,대종로,25020510,은행선화동
1860230301,한빛아파트길,25040540,온천2동
1870151811,신탄진로756번안길,25050580,신탄진동
1870500703,대전로1331번길,25050520,대화동
1870020302,한밭대로1129번길,25050550,중리동
1870029302,선비마을로,25050620,송촌동
1830035707,대전로,25050510,오정동
1840123401,서문로,25020670,문화1동
1860632401,계백로,25040680,진잠동
1860374601,복용북로,25040690,학하동
1830123808,백룡로,25010600,자양동
1850012601,대덕대로,25030690,만년동
1850328402,둔지로,25030600,둔산2동
1860021400,대정로28번안길,25040680,진잠동
1870489700,우암로,25050540,비래동
1830005125,대전로,25010530,효동
1870490101,-,25050540,비래동
1850143006,월평북로,25030670,월평2동
1860088403,과학로,25040550,신성동
1830009802,계족로,25010760,중앙동
1870028900,송촌북로,25050620,송촌동
1840018200,산성로,25020690,산성동
1840036602,대흥로,25020550,대흥동
1860633800,도안북로,25040680,진잠동
1860067603,한밭대로492번길,25040640,온천1동
1860365900,학하중앙로128번길,25040690,학하동
1860195401,지족동로,25040670,노은3동
1850060700,동서대로,25030630,내동
1840064101,-,25020690,산성동
1830447500,동서대로1683번길,25010650,용전동
1840054407,목중로,25020540,중촌동
1830004934,대전로,25010530,효동
1830038705,우암로,25010640,가양2동
1830126103,대학로,25010570,용운동
1860413401,신성로,25040550,신성동
1850078601,도산로,25030560,용문동
1860035501,월드컵대로275번길,25040640,온천1동
1860053700,온천로,25040640,온천1동
1870078402,신탄진동로24번길,25050580,신탄진동
1850139501,청사로,25030600,둔산2동
1860409806,원신흥로55번길,25040710,원신흥동
1830009103,계족로,25010780,대동
1840031006,계룡로920번길,25020580,대사동
1840016301,보문산로,25020690,산성동
1870036903,계족산로,25050620,송촌동
1850208203,도안동로,25030512,도안동
1850041002,정림로65번길,25030540,정림동
1830007103,계족로,25010770,신인동
1870018200,동서대로,25050540,비래동
1870004607,신탄진로,25050600,덕암동
1840012500,사정공원로,25020690,산성동
1860084701,한밭대로259번길,25040590,노은1동
1830489301,한남로67번길,25010680,홍도동
1860387500,도안대로,25040680,진잠동
1860407600,도안대로,25040710,원신흥동
1860108201,은구비로,25040660,노은2동
1860670503,월드컵대로308번길,25040700,상대동
1850154804,변동중로45번길,25030550,변동
1830031601,동서대로,25010800,삼성동
1860133404,엑스포로539번길,25040570,전민동
1840003404,대둔산로,25020690,산성동
1870003927,신탄진로,25050530,회덕동
1860425600,테크노1로,25040630,관평동
1830469700,동부로33번길,25010560,판암2동
1830002008,산내로,25010750,산내동
1850132404,한밭대로707번길,25030670,월평2동
1850063204,갈마로,25030610,괴정동
1840030306,서문로,25020670,문화1동
1830029000,우암로,25010800,삼성동
1860616401,문지로316번길,25040570,전민동
1860081202,-,25040590,노은1동
1870088906,평촌2길,25050600,덕암동
1850113301,신갈마로,25030640,갈마1동
1840122802,사정공원로,25020690,산성동
1830005034,대전로,25010530,효동
1850320402,관저중로64번길,25030730,관저2동
1860029700,월드컵대로,25040700,상대동
1860393400,죽동로,25040540,온천2동
1840064500,대둔산로,25020690,산성동
1850336200,배재로,25030530,도마2동
1830026004,태전로,25010760,중앙동
1830026813,대청호수로,25010730,대청동
1840185900,중앙로122번길,25020550,대흥동
1850021600,유등로17번길,25030510,복수동
1870071600,문평서로18번길,25050610,목상동
1830125400,동구청로,25010750,산내동
1860048602,계룡로141번길,25040640,온천1동
1850116302,월평서로,25030660,월평1동
1850236200,구봉로,25030730,관저2동
1870062103,덕암로,25050600,덕암동
1860151701,와룡로136번길,25040610,구즉동
1870058700,산업단지로87번길,25050610,목상동
1850119300,둔산서로,25030600,둔산2동
1870032200,송촌북로,25050620,송촌동
1850046911,도마5길,25030520,도마1동
1830036101,옛신탄진로,25010800,삼성동
1850309001,관저중로64번길,25030730,관저2동
1850277800,구봉로,25030730,관저2동
1850082702,문정로40번길,25030570,탄방동
1870009703,신탄진로,25050580,신탄진동
1860673102,계룡로26번길,25040640,온천1동
1860048401,계룡로32번길,25040640,온천1동
1860404700,죽동로279번길,25040540,온천2동
1860118102,송림로,25040660,노은2동
1860004703,유성대로,25040540,온천2동
1870023308,중리동로,25050550,중리동
1850066405,도솔로,25030610,괴정동
1840002603,대둔산로,25020690,산성동
1850053901,동서대로,25030620,가장동
1860401101,상대남로,25040700,상대동
1850032702,벌곡로1353번길,25030511,가수원동
1850326601,신갈마로,25030640,갈마1동
1840013804,안영로,25020690,산성동
1860186200,지족로,25040670,노은3동
1830469800,동부로33번길,25010560,판암2동
1860065400,온천서로,25040540,온천2동
1830020600,대전로,25010760,중앙동
1840035701,유천로,25020630,태평1동
1830039003,옛신탄진로,25010680,홍도동
1830031006,대전로,25010800,삼성동
1860332903,덕명로,25040640,온천1동
1860629300,왕가봉로,25040590,노은1동
1830029901,우암로,25010800,삼성동
1860442401,테크노11로,25040630,관평동
1860137301,-,25040550,신성동
1850003904,계백로,25030512,도안동
1840002101,대둔산로,25020690,산성동
1830036900,동대전로248번길,25010640,가양2동
1830012804,계족로,25010790,성남동
1840026604,대종로,25020590,부사동
1870007902,대덕대로,25050610,목상동
1840041502,유천로132번길,25020630,태평1동
1860088401,과학로,25040540,온천2동
1860691203,-,25040700,상대동
1840006005,계백로,25020620,오류동
1850056402,도솔로,25030630,내동
1850052511,중반5길,25030550,변동
1850129700,한밭대로,25030600,둔산2동
1860374703,복용북로,25040690,학하동
1830011219,계족로,25010790,성남동
1860016703,진잠로62번길,25040680,진잠동
1850041102,정림로65번길,25030540,정림동
1860424301,관평2로,25040630,관평동
1840198003,-,25020620,오류동
1860440600,테크노11로,25040630,관평동
1850070900,계룡로553번길,25030570,탄방동
1870049001,중리서로,25050560,법1동
1840036401,중앙로,25020670,문화1동
1850085801,갈마로,25030640,갈마1동
1850054302,동서대로,25030620,가장동
1830492201,우암로,25010800,삼성동
1860120102,노은로410번길,25040660,노은2동
1840015100,과례로22번길,25020670,문화1동
1850063002,갈마로203번길,25030610,괴정동
1860416701,유성대로1205번길,25040550,신성동
1850072101,계룡로571번길,25030570,탄방동
1860332600,호남고속도로지선,25040690,학하동
1850045800,도솔로,25030530,도마2동
1850029300,관저동로,25030730,관저2동
1840195501,-,25020510,은행선화동
1860194900,북유성대로,25040660,노은2동
1860209100,노은로,25040660,노은2동
1840189901,보문산로41번길,25020690,산성동
1860118402,신성로72번길,25040550,신성동
1840162501,대전남부순환고속도로,25020690,산성동
1860051500,유성대로680번길,25040640,온천1동
1850208202,도안동로,25030512,도안동
1870011402,한남로150번길,25050510,오정동
1860616400,문지로316번길,25040570,전민동
1870084504,신탄진동로,25050580,신탄진동
1870485602,계족로574번길,25050550,중리동
1850116600,둔산서로,25030600,둔산2동
1860139700,자운로,25040550,신성동
1860644502,대덕대로512번길,25040550,신성동
1860100504,은구비로,25040590,노은1동
1860073000,한밭대로,25040540,온천2동
1870058201,산업단지로87번길,25050610,목상동
1840195102,보문로,25020510,은행선화동
1860035304,유성대로646번길,25040640,온천1동
1870087601,문평동로48번길,25050610,목상동
1860201100,학하로,25040690,학하동
1850236702,계룡로,25030660,월평1동
1840028601,유등천동로,25020650,유천1동
1830125304,대학로50번길,25010570,용운동
1850106400,문예로,25030590,둔산1동
1830051300,중앙로,25010760,중앙동
1840018300,신기로,25020570,석교동
1830475401,인창로,25010770,신인동
1840037600,대흥로,25020550,대흥동
1850077200,문정로10번길,25030570,탄방동
1860104902,노은동로,25040660,노은2동
1860655101,은구비로155번길,25040660,노은2동
1860080100,노은로,25040590,노은1동
1860691802,-,25040700,상대동
1840011800,안영로79번길,25020690,산성동
1870499207,한남로67번길,25010680,홍도동
1830054006,은어송로,25010530,효동
1840048104,동서대로,25020530,목동
1840023407,문화로,25020690,산성동
1870044201,동춘당로126번길,25050570,법2동
1860432201,테크노2로,25040630,관평동
1870475501,대청로,25050580,신탄진동
1870039701,대화로106번길,25050520,대화동
1860145901,테크노7로,25040630,관평동
1870019913,송촌로,25050620,송촌동
1860415900,유성대로1184번길,25040550,신성동
1850302900,구봉로,25030540,정림동
1860617501,문지로316번길,25040570,전민동
1870067803,문평서로17번안길,25050610,목상동
1850139800,청사로,25030600,둔산2동
1860210101,도안대로,25040700,상대동
1860149304,구즉로,25040610,구즉동
1850055301,도솔로,25030550,변동
1840001500,대둔산로,25020690,산성동
1860610301,문지로,25040570,전민동
1860213204,자운로97번길,25040550,신성동
1840066401,문창로,25020590,부사동
1860070401,문화원로,25040640,온천1동
1870486301,태전로,25050510,오정동
1860017400,원내로,25040680,진잠동
1860069600,온천동로,25040640,온천1동
1850092513,갈마중로,25030650,갈마2동
1870077701,신일동로33번길,25050610,목상동
1850022000,유등로17번길,25030510,복수동
1860375400,학하중앙로,25040690,학하동
1850068907,도솔로,25030570,탄방동
1850149301,만년로,25030690,만년동
1860202601,북유성대로316번길,25040670,노은3동
1830469603,대전로,25010750,산내동
1850057401,가장로,25030620,가장동
1870015202,오정로78번길,25050510,오정동
1860334500,진잠로,25040680,진잠동
1860066300,동서대로,25040690,학하동
1860393900,유성대로877번길,25040540,온천2동
1840197501,계룡로904번길,25020670,문화1동
1860688602,-,25030690,만년동
1870198500,경부고속도로,25050600,덕암동
1860724700,-,25040680,진잠동
1870064900,신일동로,25050610,목상동
1850238000,대전남부순환고속도로,25030540,정림동
1840044203,동서대로,25020630,태평1동
1860008504,대덕대로,25040550,신성동
1860398901,죽동로,25040540,온천2동
1860690801,-,25040700,상대동
1850120901,신갈마로,25030640,갈마1동
1850043501,복수서로,25030510,복수동
1850040701,혜천로,25030540,정림동
1860128800,전민로,25040570,전민동
1860039602,계룡로46번길,25040640,온천1동
1870021802,경부고속도로,25050540,비래동
1840055600,목중로26번길,25020540,중촌동
1870087210,신탄진북로,25050580,신탄진동
1870079801,신일동로33번길,25050610,목상동
1840025701,문화로,25020680,문화2동
1850083701,월드컵대로484번안길,25030660,월평1동
1870159101,동부로,25050540,비래동
1870479500,대화로161번길,25050520,대화동
1840022600,과례로22번길,25020670,문화1동
1860019501,유성대로,25040680,진잠동
1860010803,유성대로,25040550,신성동
1840016609,보문산로,25020680,문화2동
1850100000,둔산남로,25030600,둔산2동
1870067400,신일서로17번길,25050610,목상동
1830026900,선화로,25010800,삼성동
1840006500,계룡로,25020620,오류동
1840050801,대종로,25020510,은행선화동
1830007605,옥천로,25010560,판암2동
1860657601,과학로,25040540,온천2동
1860609500,문지로,25040570,전민동
1860109000,은구비로,25040660,노은2동
1840196202,-,25020640,태평2동
1860654201,계룡로,25040640,온천1동
1850146001,둔산대로,25030670,월평2동
1840031503,유천로,25020660,유천2동
1840001903,대둔산로,25020690,산성동
1850104500,둔산로,25030590,둔산1동
1850326602,신갈마로,25030640,갈마1동
1860063300,온천동로,25040640,온천1동
1870488700,옛신탄진로,25050510,오정동
1860621901,반석동로40번길,25040670,노은3동
1860200600,북유성대로,25040670,노은3동
1860003704,계룡로,25040640,온천1동
1870020700,중리로,25050550,중리동
1870013102,오정로38번길,25050510,오정동
1870499702,대화로,25050520,대화동
1870065301,덕암로,25050600,덕암동
1860307304,북유성대로400번길,25040660,노은2동
1850126000,한밭대로570번길,25030660,월평1동
1850003101,계백로,25030730,관저2동
1850303002,구봉로,25030540,정림동
1850029801,복수동로52번길,25030510,복수동
1840171200,대전남부순환고속도로,25020690,산성동
1830127203,동구청로,25010530,효동
1830491302,-,25010800,삼성동
1850315602,신갈마로,25030640,갈마1동
1830025600,새울로,25010570,용운동
1850008803,계룡로,25030650,갈마2동
1850036209,계백로1300번길,25030540,정림동
1870049701,대전로1291번길,25050530,회덕동
1860671702,계룡로16번길,25040640,온천1동
1850324201,호남고속도로지선,25030730,관저2동
1830179400,통영대전고속도로,25010750,산내동
1870025702,대전로,25050520,대화동
1850115301,둔산중로,25030590,둔산1동
1830025700,중앙로,25010760,중앙동
1850091208,둔산서로10번길,25030570,탄방동
1870031501,선비마을로23번길,25050620,송촌동
1870036300,동춘당로94번길,25050620,송촌동
1830007310,옥천로,25010550,판암1동
1830475103,대전천동로,25010770,신인동
1870065700,신일동로,25050610,목상동
1860145703,테크노2로,25040630,관평동
1870504300,덕암로,25050600,덕암동
1860648904,금남구즉로,25040610,구즉동
1870026602,계족산로17번길,25050550,중리동
1870053800,공단4길,25050520,대화동
1830034611,충정로,25010640,가양2동
1860601400,지족북로,25040670,노은3동
1860121300,신성로,25040550,신성동
1860195501,학하복용서로,25040690,학하동
1830475012,대전로,25010770,신인동
1830001922,산내로,25010750,산내동
1850155902,유등로,25030520,도마1동
1860123300,반석서로,25040670,노은3동
1860336702,박산로,25040640,온천1동
1860030600,월드컵대로351번길,25040640,온천1동
1860386202,용계로94번길,25040680,진잠동
1860084900,한밭대로,25040590,노은1동
1870004801,신탄진로,25050600,덕암동
1840052001,보문로337번길,25020510,은행선화동
1860109501,유성대로,25040550,신성동
1870033301,쌍청당로35번길,25050550,중리동
1830042102,동서대로,25010630,가양1동
1850009802,계룡로,25030660,월평1동
1840043302,중교로,25020550,대흥동
1860373400,학하복용로,25040690,학하동
1840197902,계백로1685번길,25020620,오류동
1830460801,대전로,25010530,효동
1870073302,신일동로,25050610,목상동
1860386700,도안북로,25040680,진잠동
1830048300,신상로,25010730,대청동
1850149701,둔산대로117번길,25030690,만년동
1860023200,대정로28번길,25040680,진잠동
1830004942,대전로,25010530,효동
1870028503,동춘당로44번길,25050620,송촌동
1860088202,대학로,25040540,온천2동
1860444201,갑천로,25040630,관평동
1860140001,대덕대로989번길,25040550,신성동
1860376801,복용로11번길,25040690,학하동
1870037601,동춘당로94번길,25050620,송촌동
1860097902,엑스포로151번길,25040550,신성동
1850029301,관저동로,25030730,관저2동
1860029801,월드컵대로,25040700,상대동
1860131002,엑스포로,25040570,전민동
1850043200,복수북로,25030510,복수동
1860052902,계룡로46번길,25040640,온천1동
1850049100,배재로,25030530,도마2동
1860368200,학하동로,25040690,학하동
1840002203,대둔산로,25020690,산성동
1850043908,배재로,25030530,도마2동
1840027200,문화로,25020660,유천2동
1860621503,반석로11번길,25040670,노은3동
1840026208,보문로,25020590,부사동
1850203205,원도안로,25030512,도안동
1830471101,백룡로57번길,25010600,자양동
1860012006,대덕대로,25040550,신성동
1850006501,계백로,25030520,도마1동
1860605300,계백로,25040680,진잠동
1840164200,대전남부순환고속도로,25020690,산성동
1860378000,복용북로,25040690,학하동
1850147102,갑천도시고속도로,25030690,만년동
1850026100,관저동로,25030730,관저2동
1840051103,목동로,25020530,목동
1850061807,괴정로,25030560,용문동
1870487401,한남로,25050510,오정동
1840026302,보문로,25020560,문창동
1850309800,월평북로,25030670,월평2동
1860435900,테크노6로,25040630,관평동
1860131701,자운로,25040550,신성동
1840031702,대종로,25020580,대사동
1860109102,노은서로,25040660,노은2동
1850140101,청사로,25030670,월평2동
1840190600,계백로1615번길,25020660,유천2동
1850046907,도마5길,25030520,도마1동
1850067301,괴정로,25030610,괴정동
1860616901,문지로316번길,25040570,전민동
1860057700,계룡로105번길,25040640,온천1동
1860425301,테크노3로,25040630,관평동
1870045002,대화로50번길,25050520,대화동
1850061400,갈마로,25030630,내동
1850234302,구봉산북로,25030730,관저2동
1840185904,중앙로122번길,25020550,대흥동
1860430102,테크노2로,25040630,관평동
1850011305,대덕대로,25030600,둔산2동
1830454600,산내로,25010750,산내동
1850155900,유등로,25030520,도마1동
1850207300,도안동로,25030512,도안동
1870038300,대화로132번길,25050520,대화동
1850328002,둔지로,25030650,갈마2동
1860142901,테크노8로,25040630,관평동
1860432300,테크노5로,25040630,관평동
1870007309,대청로,25050580,신탄진동
1840051503,어덕마을로,25020600,용두동
1850050403,배재로,25030530,도마2동
1850052410,중반5길,25030550,변동
1860203501,학하복용로,25040690,학하동
1850113001,갑천도시고속도로,25030660,월평1동
1850142100,갑천도시고속도로,25030680,월평3동
1840051301,동서대로,25020530,목동
1860011700,호남고속도로지선,25040630,관평동
1850309200,관저동로,25030730,관저2동
1840032803,문창로,25020590,부사동
1860146601,테크노2로,25040630,관평동
1830012801,계족로,25010650,용전동
1860648002,구룡달전로,25040610,구즉동
1830032601,우암로,25010790,성남동
1830052811,은어송로,25010530,효동
1870053001,아리랑로,25050560,법1동
1840020901,산성로,25020680,문화2동
1860094101,은구비남로33번길,25040590,노은1동
1860194500,지족동로,25040670,노은3동
1830040502,흥룡로,25010640,가양2동
1850041901,정림로,25030540,정림동
1870072501,덕암북로,25050590,석봉동
1830007509,옥천로,25010560,판암2동
1840040800,유천로,25020640,태평2동
1870066101,덕암북로4번길,25050600,덕암동
1840029901,태평로,25020650,유천1동
1860666401,자운로245번길,25040550,신성동
1860657804,신성남로,25040550,신성동
1860198901,학하복용서로,25040690,학하동
1840182703,선화로22번길,25020510,은행선화동
1860056501,온천로,25040640,온천1동
1860105700,과학로,25040550,신성동
1850032905,가수원로,25030511,가수원동
1850025300,복수남로12번길,25030510,복수동
1850093700,문정로89번길,25030570,탄방동
1830452501,우암로,25010790,성남동
1870486701,한남로149번길,25050510,오정동
1870042200,동춘당로,25050570,법2동
1850065602,유등로,25030560,용문동
1850040601,혜천로,25030540,정림동
1840034301,대전천서로,25020560,문창동
1860210605,상대로,25040700,상대동
1860034101,월드컵대로275번길,25040640,온천1동
1860338400,호남고속도로지선,25040640,온천1동
1870075301,대덕대로1486번길,25050610,목상동
1860435101,테크노6로,25040630,관평동
1850083101,문정로60번길,25030570,탄방동
1870055611,산디로,25050530,회덕동
1860604100,과학로,25040540,온천2동
1850276501,동서대로656번길,25040680,진잠동
1870035103,계족산로81번길,25050620,송촌동
1860425302,테크노3로,25040630,관평동
1830034503,충정로,25010600,자양동
1860418000,유성대로1184번길,25040550,신성동
1860612402,문지로299번길,25040570,전민동
1850324300,호남고속도로지선,25030730,관저2동
1850306400,둔산로31번길,25030600,둔산2동
1860083002,왕가봉로,25040590,노은1동
1870060301,신일서로126번길,25050610,목상동
1830491502,삼가로,25010800,삼성동
1850058510,도솔로,25030630,내동
1860366601,학하남로,25040690,학하동
1850022900,관저서로,25030730,관저2동
1840025904,유천로,25020660,유천2동
1830055801,태전로,25010800,삼성동
1860021402,대정로28번안길,25040680,진잠동
1840199802,대둔산로364번길,25020690,산성동
1850009403,계룡로,25030650,갈마2동
1840051506,어덕마을로,25020600,용두동
1840020305,당디로6번길,25020680,문화2동
1830029604,동대전로,25010600,자양동
1860098200,엑스포로123번길,25040550,신성동
1860130804,유성대로,25040570,전민동
1850091003,유등로669번길,25030570,탄방동
1840040201,중교로,25020550,대흥동
1850018608,괴곡길,25030540,정림동
1830037015,동대전로248번길,25010640,가양2동
1870067201,신일서로,25050610,목상동
1850006901,계룡로,25030560,용문동
1850105300,둔산로,25030590,둔산1동
1830489801,-,25010790,성남동
1850074001,대덕대로162번길,25030650,갈마2동
1860655404,은구비로155번길,25040660,노은2동
1850027205,정림서로138번길,25030540,정림동
1860009705,유성대로,25040550,신성동
1860034303,유성대로646번길,25040640,온천1동
1860444601,갑천로,25040630,관평동
1870030400,송촌북로12번길,25050620,송촌동
1850090201,문정로,25030570,탄방동
1870031900,천변도시고속도로,25050520,대화동
1850136701,한밭대로,25030660,월평1동
1830029900,우암로,25010800,삼성동
1830284904,동산초교로,25010680,홍도동
1850088400,문정로,25030570,탄방동
1850030700,복수동로51번길,25030510,복수동
1870034505,계족산로17번길,25050570,법2동
1870027907,쌍청당로,25050550,중리동
1830029801,태전로,25010800,삼성동
1830047902,계족로489번길,25010650,용전동
1830024500,동대전로,25010780,대동
1860390100,죽동로,25040540,온천2동
1850123000,유등로,25030740,둔산3동
1860130801,유성대로,25040570,전민동
1830448200,석천로,25010750,산내동
1830042600,홍도로,25010680,홍도동
1830018106,새울로,25010570,용운동
1860648601,금남구즉로,25040610,구즉동
1870022707,중리로,25050550,중리동
1860662002,자운로97번길,25040550,신성동
1860004301,현충원로,25040540,온천2동
1830463500,은어송로51번길,25010530,효동
1860104904,노은동로,25040660,노은2동
1850076802,계룡로509번길,25030570,탄방동
1860205901,유성대로,25040640,온천1동
1850056403,도솔로,25030550,변동
1830017807,대전로,25010770,신인동
1850084100,대덕대로168번길,25030650,갈마2동
1850060906,대덕대로,25030630,내동
1870072500,덕암북로,25050590,석봉동
1830452602,우암로,25010800,삼성동
1850046400,도솔로,25030530,도마2동
1830020900,계족로140번길,25010570,용운동
1850055700,변동중로,25030550,변동
1860238702,갑천로,25040630,관평동
1850315302,신갈마로141번길,25030640,갈마1동
1850026901,유등로17번길,25030510,복수동
1860004401,현충원로,25040540,온천2동
1830055700,태전로,25010800,삼성동
1830022801,백룡로,25010570,용운동
1840172300,대전남부순환고속도로,25020690,산성동
1850306401,둔산로31번길,25030600,둔산2동
1850080600,탄방로,25030570,탄방동
1850010700,계룡로,25030640,갈마1동
1860162100,테크노중앙로,25040630,관평동
1850128400,한밭대로,25030740,둔산3동
1860089003,노은동로99번길,25040590,노은1동
1840050901,선화로,25020510,은행선화동
1870301601,신탄진로,25050580,신탄진동
1870486601,대전로1019번길,25050510,오정동
1870482100,방두말1길,25050600,덕암동
1860022701,대정로28번길,25040680,진잠동
1870072000,대덕대로1454번길,25050610,목상동
1850310500,정림서로138번길,25030540,정림동
1850092403,갈마중로,25030650,갈마2동
1860047501,계룡로105번길,25040640,온천1동
1870051700,대전로1331번길,25050520,대화동
1830455600,산내로1327번길,25010750,산내동
1830451801,동서대로1572번길,25010790,성남동
1840020502,당디로6번길,25020680,문화2동
1850060003,가장로,25030620,가장동
1860659301,학하로111번길,25040690,학하동
1850039800,관저북로,25030720,관저1동
1830040803,충정로,25010640,가양2동
1840011101,뿌리공원로,25020690,산성동
1870080302,-,25050610,목상동
1850136500,둔산서로,25030600,둔산2동
1830040614,흥룡로,25010640,가양2동
1850234301,구봉산북로,25030730,관저2동
1840122801,사정공원로,25020690,산성동
1860154300,불무로,25040610,구즉동
1840189101,보문산로,25020690,산성동
1850057406,가장로,25030620,가장동
1860079405,장대로,25040540,온천2동
1830032401,길티길,25010630,가양1동
1850136102,대덕대로290번길,25030600,둔산2동
1840025505,계백로1566번길,25020650,유천1동
1860111603,노은서로266번길,25040660,노은2동
1860059901,온천동로,25040640,온천1동
1840032201,수도산로,25020550,대흥동
1860039200,계룡로155번길,25040640,온천1동
1830466401,신기로,25010530,효동
1870489501,비래서로,25050540,비래동
1870025200,계족산로17번길,25050550,중리동
1840021803,대종로,25020590,부사동
1860437100,용산2로,25040630,관평동
1850287501,도안북로93번길,25030512,도안동
1870072401,덕암북로,25050600,덕암동
1860399200,죽동로297번길,25040540,온천2동
1860195700,학하복용서로,25040690,학하동
1830451900,성남로,25010790,성남동
1850233300,대전남부순환고속도로,25030730,관저2동
1850010200,계룡로,25030660,월평1동
1860048702,계룡로155번길,25040640,온천1동
1850066102,갈마로,25030610,괴정동
1860370401,학하남로90번길,25040690,학하동
1860364200,학하동로,25040690,학하동
1860682602,대정로42번길,25040680,진잠동
1850327701,대덕대로175번길,25030600,둔산2동
1860057600,온천로,25040640,온천1동
1840194901,중앙로,25020550,대흥동
1850315304,신갈마로141번길,25030640,갈마1동
1860070601,대학로,25040640,온천1동
1850294000,상보안윗길,25030511,가수원동
1860663701,자운로221번길,25040550,신성동
1830489307,한남로67번길,25010680,홍도동
1850307301,갈마중로37번길,25030650,갈마2동
1860617900,문지로316번길,25040570,전민동
1830030303,태전로,25010800,삼성동
1850052601,배재로197번길,25030530,도마2동
1840017502,신기로,25020570,석교동
1870048300,선비마을로,25050570,법2동
1860607301,유성대로1628번길,25040570,전민동
1860366403,학하남로77번길,25040690,학하동
1850058300,동서대로,25030630,내동
1830036909,동대전로248번길,25010640,가양2동
1850117904,대덕대로233번길,25030600,둔산2동
1860102300,북유성대로,25040660,노은2동
1860334100,호남고속도로지선,25040690,학하동
1860054500,온천로,25040640,온천1동
1850076102,문정로10번길,25030570,탄방동
1870492500,계족로,25050550,중리동
1840048501,대종로,25020510,은행선화동
1830008300,충무로,25010770,신인동
1850019600,벌곡로,25030511,가수원동
1850094200,둔산중로14번길,25030570,탄방동
1830190500,통영대전고속도로,25010550,판암1동
1860199600,학하복용로,25040690,학하동
1860195302,지족동로,25040670,노은3동
1830191800,경부고속도로,25010730,대청동
1840018602,대전천서로,25020570,석교동
1850079801,문정로9번길,25030600,둔산2동
1860607500,유성대로1628번길,25040570,전민동
1870037300,송촌북로,25050570,법2동
1850050006,도솔로,25030520,도마1동
1870016304,한밭대로1006번길,25050510,오정동
1850061001,신갈마로,25030630,내동
1840002002,대둔산로,25020690,산성동
1860004304,현충원로,25040540,온천2동
1860648901,금남구즉로,25040610,구즉동
1860439800,배울1로,25040630,관평동
1850112300,대덕대로220번길,25030600,둔산2동
1860083201,노은로,25040590,노은1동
1860021003,대정로,25040680,진잠동
1850084500,탄방로,25030570,탄방동
1850071601,계룡로553번길,25030570,탄방동
1840128700,보문산로,25020580,대사동
1860171006,대덕대로556번길,25040550,신성동
1870492301,우암로,25050540,비래동
1860438001,배울2로,25040630,관평동
1860377501,복용북로,25040690,학하동
1870484700,한밭대로1009번길,25050520,대화동
1860233800,배울1로,25040630,관평동
1840035500,평촌로,25020630,태평1동
1830190600,통영대전고속도로,25010550,판암1동
1860032303,유성대로642번길,25040640,온천1동
1870498003,대덕대로,25050590,석봉동
1860630502,복용북로33번길,25040690,학하동
1850109600,둔산중로58번길,25030590,둔산1동
1840193101,유등천동로,25020640,태평2동
1870489400,비래동로,25050540,비래동
1830126800,동구청로,25010750,산내동
1830046602,한밭대로,25010650,용전동
1850019900,벌곡로,25030511,가수원동
1830033201,동서대로,25010800,삼성동
1840042504,대흥로,25020550,대흥동
1870490802,홍도로,25050550,중리동
1830056002,세천공원로,25010550,판암1동
1870491001,비래서로,25050540,비래동
1830012814,계족로,25010650,용전동
1840000101,대둔산로,25020690,산성동
1830475000,대전로,25010770,신인동
1850069000,도산로,25030570,탄방동
1850151300,만년로67번길,25030690,만년동
1870042700,송촌북로,25050570,법2동
1850303900,복수중로,25030510,복수동
1850020000,벌곡로,25030511,가수원동
1850334701,-,25030512,도안동
1870064104,신일서로18번길,25050610,목상동
1860372200,학하남로99번길,25040690,학하동
1870020000,송촌로,25050620,송촌동
1840182704,선화로22번길,25020510,은행선화동
1860009600,대덕대로,25040550,신성동
1860051401,계룡로52번길,25040640,온천1동
1860379801,복용북로,25040690,학하동
1850075001,-,25030570,탄방동
1850091001,유등로669번길,25030570,탄방동
1860071401,대학로75번길,25040540,온천2동
1850034705,정림서로,25030540,정림동
1860618400,문지로316번길,25040570,전민동
1860619502,대덕대로556번길,25040550,신성동
1830055403,천개동로,25010730,대청동
1860379902,복용북로,25040690,학하동
1830490401,새둑길,25010760,중앙동
1860372800,학하남로,25040690,학하동
1860659601,-,25040640,온천1동
1860425200,테크노2로,25040630,관평동
1870071402,대덕대로1448번길,25050610,목상동
1860379100,복용로40번길,25040690,학하동
1850062406,가장로,25030610,괴정동
1860597601,계백로801번길,25040680,진잠동
1860039601,계룡로46번길,25040640,온천1동
1850334801,-,25030690,만년동
1860649602,-,25040710,원신흥동
1830040615,흥룡로,25010640,가양2동
1830041000,동서대로,25010650,용전동
1860152900,와룡로,25040610,구즉동
1860069000,온천북로33번길,25040640,온천1동
1870017802,비래서로9번길,25050540,비래동
1830039602,동서대로,25010680,홍도동
1850320901,구봉로131번길,25030730,관저2동
1850081600,문정로60번길,25030570,탄방동
1840162800,대전남부순환고속도로,25020690,산성동
1850006600,계백로,25030520,도마1동
1840052300,대종로,25020510,은행선화동
1860645701,엑스포로,25040550,신성동
1850304300,복수중로34번길,25030510,복수동
1840048108,동서대로,25020600,용두동
1870006703,신탄진로,25050580,신탄진동
1830046601,한밭대로,25010650,용전동
1860129400,엑스포로466번길,25040570,전민동
1860073001,한밭대로,25040540,온천2동
1860148901,송강로,25040610,구즉동
1850327602,대덕대로175번길,25030600,둔산2동
1850148801,만년로67번길,25030690,만년동
1830019500,대흥로,25010760,중앙동
1860425202,테크노2로,25040630,관평동
1860438300,용산2로,25040630,관평동
1830021600,용운로,25010570,용운동
1850141701,월평동로,25030680,월평3동
1860600200,엑스포로339번길,25040570,전민동
1830036507,합내로,25010630,가양1동
1850070700,계룡로571번길,25030570,탄방동
1850105604,둔산로,25030590,둔산1동
1850097401,둔산남로,25030570,탄방동
1860432901,테크노5로,25040630,관평동
1850329301,신갈마로155번길,25030640,갈마1동
1840023001,과례로,25020670,문화1동
1840050002,선화로,25020510,은행선화동
1860150002,와룡로,25040610,구즉동
1850067801,갈마로,25030650,갈마2동
1870048102,계족로664번길,25050570,법2동
1840049805,계룡로771번길,25020530,목동
1860373701,학하중앙로,25040690,학하동
1870057802,대덕대로1284번길,25050610,목상동
1840005002,계룡로,25020670,문화1동
1850027800,관저로,25030730,관저2동
1850267500,계백로860번길,25030730,관저2동
1840197201,오류로,25020620,오류동
1850005910,계백로,25030540,정림동
1840057502,중촌로,25020540,중촌동
1860125301,신성서로,25040550,신성동
1870076300,대덕대로1454번길,25050610,목상동
1850068801,도솔로,25030570,탄방동
1850318501,복수동로,25030510,복수동
1870020300,한밭대로1129번길,25050550,중리동
1850070204,대덕대로,25030650,갈마2동
1860121004,하기로,25040660,노은2동
1860030802,월드컵대로253번안길,25040640,온천1동
1840048600,대종로,25020510,은행선화동
1860030902,월드컵대로289번길,25040640,온천1동
1860401402,죽동로279번길,25040540,온천2동
1850045301,도산로,25030520,도마1동
1850233201,도안남로,25030720,관저1동
1850312802,둔산서로10번길,25030570,탄방동
1860025900,진잠옛로,25040690,학하동
1850059800,도산로,25030620,가장동
1840064401,대종로334번길,25020560,문창동
1840065700,대둔산로,25020690,산성동
1830014202,산내로1257번길,25010750,산내동
1860625701,노은서로266번길,25040660,노은2동
1860004802,유성대로,25040540,온천2동
1850097901,둔산남로,25030570,탄방동
1850301700,괴곡1길,25030511,가수원동
1860046301,계룡로141번길,25040640,온천1동
1870492400,우암로,25050540,비래동
1860119302,송림로,25040660,노은2동
1840046104,선화로,25020510,은행선화동
1860419100,유성대로1184번길,25040550,신성동
1860069601,온천동로,25040640,온천1동
1860365501,학하중앙로,25040690,학하동
1840043501,대흥로,25010770,신인동
1850057903,도산로,25030620,가장동
1860179301,봉산북로,25040610,구즉동
1870067801,문평서로17번안길,25050610,목상동
1860631000,진잠로42번길,25040680,진잠동
1850045406,도솔로,25030530,도마2동
1840035602,평촌로,25020630,태평1동
1830009203,계족로,25010780,대동
1860402000,죽동로279번길,25040540,온천2동
1830010301,계족로,25010790,성남동
1860431001,테크노5로,25040630,관평동
1860216901,월드컵대로,25040700,상대동
1850036701,정림로24번길,25030540,정림동
1860087001,노은서로96번길,25040590,노은1동
1840041400,대종로,25020550,대흥동
1850119600,월평중로,25030660,월평1동
1860113509,가정로,25040550,신성동
1850100201,둔산서로,25030600,둔산2동
1830034607,충정로,25010640,가양2동
1860118500,송림로,25040660,노은2동
1870033900,계족산로81번길,25050620,송촌동
1850313202,대덕대로249번길,25030600,둔산2동
1860149005,송강로,25040610,구즉동
1850055400,변동중로,25030550,변동
1830033800,가양로,25010630,가양1동
1860009802,신성서로,25040550,신성동
1850108700,둔산로,25030600,둔산2동
1870067901,문평서로17번안길,25050610,목상동
1860192401,지족동로,25040670,노은3동
1850138301,문예로,25030600,둔산2동
1870302100,-,25050580,신탄진동
1870073503,신일동로17번길,25050610,목상동
1860373300,복용북로17번길,25040690,학하동
2830004212,중척길,33042320,현도면
1860605802,배울1로,25040610,구즉동
1830030704,우암로,25010800,삼성동
1860674705,문화원로6번길,25040540,온천2동
1840057305,목중로,25020540,중촌동
1840024005,문화로234번길,25020670,문화1동
1870018501,한밭대로,25050510,오정동
1870059701,덕암로118번길,25050600,덕암동
1860329000,현충원로,25040690,학하동
1850287601,도안북로93번길,25030512,도안동
1860061901,온천북로,25040640,온천1동
1850086504,월드컵대로484번길,25030660,월평1동
1860604711,교촌대정로,25040680,진잠동
1860106400,은구비로,25040660,노은2동
1860204001,학하로,25040690,학하동
1850111100,둔산로,25030600,둔산2동
1860045802,계룡로155번길,25040640,온천1동
1860093301,은구비남로33번길,25040590,노은1동
1850123800,둔산북로,25030600,둔산2동
1860599701,문지로,25040570,전민동
1830030003,우암로,25010800,삼성동
1870057801,대덕대로1284번길,25050610,목상동
1870038001,대화로,25050520,대화동
1850112700,둔산로,25030640,갈마1동
1830009000,계족로,25010780,대동
1870063402,신일서로67번길,25050610,목상동
1840180601,대천서로,25020540,중촌동
1840025302,문화로,25020680,문화2동
1860424000,관평2로,25040630,관평동
1860407100,원신흥남로28번길,25040710,원신흥동
1870441502,-,25050590,석봉동
1870018000,우암로412번길,25050540,비래동
1860408300,봉명서로,25040710,원신흥동
1870053701,대전로,25050530,회덕동
1860081201,-,25040590,노은1동
1830045100,한밭대로,25010650,용전동
1850046901,도마5길,25030520,도마1동
1870021600,동춘당로,25050620,송촌동
1860652601,원신흥남로12번길,25040710,원신흥동
1860617700,문지로316번길,25040570,전민동
1860688402,-,25040630,관평동
1860122600,신성로,25040550,신성동
1850304500,복수중로34번길,25030510,복수동
1840038302,수침로,25020630,태평1동
1860427801,테크노5로,25040630,관평동
1830006102,통영대전고속도로,25010550,판암1동
1850149402,만년로67번길,25030690,만년동
1850029903,복수동로52번길,25030510,복수동
1870033000,계족산로81번길,25050620,송촌동
1830475002,대전로,25010770,신인동
1850316500,도솔로388번길,25030610,괴정동
1860162201,테크노중앙로,25040610,구즉동
1850058101,갈마로,25030610,괴정동
1860192700,지족로,25040670,노은3동
1830184900,경부고속도로,25010730,대청동
1860127201,반석동로,25040670,노은3동
1830126400,대학로,25010570,용운동
1830450200,천동초등동길,25010530,효동
1840036800,대흥로,25020550,대흥동
1870154600,장동로278번길,25050530,회덕동
1840012102,성산로,25020690,산성동
1840049300,중앙로,25010760,중앙동
1860221500,계룡로132번길,25040710,원신흥동
1830029401,대전로,25010800,삼성동
1860086601,노은서로,25040590,노은1동
1840064702,대둔산로,25020690,산성동
1830468900,옥천로,25010550,판암1동
1860431800,테크노중앙로,25040630,관평동
1830036106,옛신탄진로,25010680,홍도동
1870044200,동춘당로126번길,25050620,송촌동
1830469300,신기로101번길,25010550,판암1동
1870010700,한남로149번길,25050510,오정동
1840046502,수침로,25020630,태평1동
1850092602,갈마로,25030640,갈마1동
1860371901,학하남로99번길,25040690,학하동
1830450301,토천1길,25010530,효동
1840027502,보문로,25020580,대사동
1830469900,동부로10번길,25010550,판암1동
1860149403,구즉로,25040610,구즉동
1840029301,문화로,25020670,문화1동
1840199703,충무로,25020550,대흥동
1870088302,대전천북로,25050510,오정동
1850310300,계백로,25030720,관저1동
1840039901,선화로22번길,25020600,용두동
1850043903,배재로,25030530,도마2동
1870051401,중리서로,25050560,법1동
1840030500,계백로1565번길,25020650,유천1동
1840015200,과례로22번길,25020670,문화1동
1860212500,자운로97번길,25040550,신성동
1870022404,송촌로,25050620,송촌동
1850032805,가수원로,25030511,가수원동
1870012904,오정로,25050510,오정동
1830004502,대전로,25010750,산내동
1870046001,선비마을로,25050620,송촌동
1850092510,갈마중로,25030650,갈마2동
1870014901,오정로76번길,25050510,오정동
1860434600,테크노1로,25040630,관평동
1860171500,온천북로33번길,25040640,온천1동
1830035104,현암로,25010800,삼성동
1840065901,계백로1686번길,25020620,오류동
1840006800,계룡로,25020600,용두동
1860092201,은구비남로7번길,25040590,노은1동
1860195901,반석로,25040670,노은3동
1850046308,사마1길,25030530,도마2동
1830284900,동산초교로,25010680,홍도동
1860064503,장대로,25040540,온천2동
1870013600,한남로88번길,25050510,오정동
1860435800,테크노2로,25040630,관평동
1850314401,대덕대로167번길,25030650,갈마2동
1860352703,탑립로,25040630,관평동
1830017001,새울로,25010550,판암1동
1830052301,신기로,25010530,효동
1840007301,계룡로,25020640,태평2동
1840056702,어덕마을로,25020530,목동
1870071900,문평서로,25050610,목상동
1830025002,대전로,25010760,중앙동
1870007706,신탄진로,25050580,신탄진동
1860127100,반석동로,25040670,노은3동
1860237202,테크노10로,25040630,관평동
1840188200,보문산공원로497번안길,25020580,대사동
1860083801,한밭대로,25040590,노은1동
1830476800,대전천북로,25010800,삼성동
1860625100,송림로53번길,25040660,노은2동
1850121400,문정로,25030590,둔산1동
1830007312,옥천로,25010550,판암1동
1850108300,둔산서로,25030600,둔산2동
1870451001,한남로,25050510,오정동
1860680405,원계산로,25040680,진잠동
1850144601,둔산대로,25030600,둔산2동
1840036201,문창로,25020550,대흥동
1850328501,둔지로,25030600,둔산2동
1860667801,용산1로,25040630,관평동
1850034201,계백로,25030730,관저2동
1870015800,오정로76번길,25050510,오정동
1830467601,-,25010550,판암1동
1860673902,계룡로,25040640,온천1동
1860168800,노은로410번길,25040660,노은2동
1850057504,가장로,25030620,가장동
1830461301,대전로,25010530,효동
1860045101,계룡로16번길,25040640,온천1동
1860439501,테크노중앙로,25040630,관평동
1860654103,계룡로,25040640,온천1동
1860190100,지족로190번길,25040670,노은3동
1860010814,유성대로,25040550,신성동
1870033001,계족산로81번길,25050620,송촌동
1860627801,유성대로1312번길,25040550,신성동
1830285300,한남로,25050510,오정동
1860683208,구룡달전로,25040610,구즉동
1840044200,동서대로,25020630,태평1동
1850080500,대덕대로176번길,25030600,둔산2동
1830051600,옛신탄진로,25010800,삼성동
1860681803,대정로42번길,25040680,진잠동
1830488902,-,25010790,성남동
1870485603,계족로574번길,25050550,중리동
1830052809,은어송로,25010530,효동
1840125900,계백로,25020620,오류동
1870063001,신일서로,25050610,목상동
1870052402,대전로1331번길,25050530,회덕동
1870070400,신일동로,25050610,목상동
1860148104,와룡로,25040610,구즉동
1860604300,덕명동로,25040690,학하동
1850085001,신갈마로,25030650,갈마2동
1860599200,엑스포로446번길,25040570,전민동
1860043500,도안대로589번길,25040640,온천1동
1860726100,도안대로,25040680,진잠동
1830008900,계족로,25010780,대동
1840013900,보문산공원로,25020690,산성동
1860129900,전민로,25040570,전민동
1850114301,둔산북로,25030740,둔산3동
1850280900,관저남로25번길,25030730,관저2동
1870078001,대덕대로1470번길,25050610,목상동
1840196103,유등로,25030560,용문동
1830033602,우암로,25010790,성남동
1830188800,통영대전고속도로,25010550,판암1동
1840042303,선화서로,25020510,은행선화동
1840046505,수침로,25020630,태평1동
1850119601,월평중로,25030660,월평1동
1850332001,정림서로,25030540,정림동
1840196801,-,25020690,산성동
1860443900,갑천로,25040570,전민동
1870030600,동춘당로,25050620,송촌동
1860611300,문지로,25040570,전민동
1830033606,우암로,25010630,가양1동
1850123500,둔산북로,25030600,둔산2동
1850047603,조달청길,25030520,도마1동
1870486900,한남로,25020540,중촌동
1850045101,도솔로,25030530,도마2동
1860142601,테크노2로,25040630,관평동
1860227000,월드컵대로,25040710,원신흥동
1830032903,대전로,25010800,삼성동
1860054401,유성대로694번길,25040640,온천1동
1860652903,원신흥남로12번길,25040710,원신흥동
1860099700,은구비로,25040590,노은1동
1860667901,용산2로,25040630,관평동
1850140100,청사로,25030670,월평2동
1840022900,과례로,25020670,문화1동
1860163600,테크노2로,25040630,관평동
1840185401,대종로549번길,25020510,은행선화동
1840052605,대종로550번길,25020510,은행선화동
1860072400,동서대로,25040640,온천1동
1870022400,송촌로,25050620,송촌동
1850032501,관저동로,25030730,관저2동
1850100200,둔산서로,25030600,둔산2동
1850106600,둔산로,25030590,둔산1동
1860193601,학하로,25040690,학하동
1860139801,자운로,25040550,신성동
1840035700,유천로,25020630,태평1동
1870012702,대전천북로,25050510,오정동
1850149302,만년로,25030690,만년동
1860378501,복용로40번길,25040690,학하동
1870026403,계족산로5번길,25050550,중리동
1850052400,중반5길,25030550,변동
1840052602,대종로550번길,25020510,은행선화동
1870484502,대전로1185번길,25050510,오정동
1840055500,목중로26번길,25020540,중촌동
1840050003,선화로,25020510,은행선화동
1870081303,문평동로,25050610,목상동
1860368003,학하중앙로128번길,25040690,학하동
1850075504,갈마로,25030650,갈마2동
1850028305,관저로,25030730,관저2동
1860354001,엑스포로,25040630,관평동
1870062501,대덕대로1284번길,25050610,목상동
1870160201,신상로,25050540,비래동
1860625001,지족동로142번길,25040670,노은3동
1860413400,신성로,25040550,신성동
1850062401,가장로,25030610,괴정동
1860664702,자운로245번길,25040550,신성동
1850028702,관저로,25030730,관저2동
1850052503,중반5길,25030550,변동
1850114100,유등로,25030740,둔산3동
1870022704,중리로,25050550,중리동
1860065404,온천서로,25040540,온천2동
1860606701,유성대로1689번길,25040570,전민동
1830476701,대전천북로,25010800,삼성동
1850022801,관저서로,25030730,관저2동
1830007902,계족로,25010770,신인동
1860630500,복용북로33번길,25040690,학하동
1860393700,유성대로877번길,25040540,온천2동
1870053101,아리랑로,25050560,법1동
1860128602,엑스포로,25040570,전민동
1850118403,신갈마로230번길,25030640,갈마1동
1860376403,복용북로,25040690,학하동
1830052203,동구청로,25010530,효동
1870067502,신일서로17번길,25050610,목상동
1870195800,경부고속도로,25050610,목상동
1860625600,유성대로1366번길,25040550,신성동
1830001911,산내로,25010750,산내동
1850071002,문정로48번길,25030610,괴정동
1850103900,둔산남로105번길,25030590,둔산1동
1870004605,신탄진로,25050600,덕암동
1850023204,관저중로,25030730,관저2동
1830476402,중앙로,25010760,중앙동
1860375100,학하로159번길,25040690,학하동
1840051604,어덕마을로,25020530,목동
1860621300,반석로12번길,25040670,노은3동
1850159901,관저동로,25030720,관저1동
1850131200,한밭대로,25030600,둔산2동
1870065200,덕암로,25050600,덕암동
1830025301,용운로147번길,25010570,용운동
1860436801,배울2로,25040630,관평동
1860609501,문지로,25040570,전민동
1870041001,동춘당로114번길,25050620,송촌동
1850320701,-,25030730,관저2동
1830182700,통영대전고속도로,25010750,산내동
1840045201,오류로,25020620,오류동
1830056703,대전천북로,25010800,삼성동
1870195600,경부고속도로,25050590,석봉동
1860724400,도안대로,25040680,진잠동
1870042000,동춘당로,25050620,송촌동
1860043300,계룡로18번길,25040640,온천1동
1850048701,도솔로,25030520,도마1동
1860145000,테크노2로,25040630,관평동
1860114402,가정북로,25040550,신성동
1850268200,관저로,25030730,관저2동
1870498501,대덕대로,25050580,신탄진동
1850029904,복수동로52번길,25030510,복수동
1830474900,대전로,25010530,효동
1840063807,당디로,25020650,유천1동
1860637500,한밭대로,25040640,온천1동
1870026101,쌍청당로,25050550,중리동
1860630701,유성대로298번길,25040680,진잠동
1840066200,대전천서로,25020560,문창동
1860122601,신성로,25040550,신성동
1850006402,계백로,25030530,도마2동
1850314402,대덕대로167번길,25030650,갈마2동
1850024500,유등로,25030510,복수동
1830037000,동대전로248번길,25010640,가양2동
1850067005,탄방로,25030570,탄방동
1840184801,동서대로1403번길,25020530,목동
1870053602,대전로,25050530,회덕동
1860118400,신성로72번길,25040550,신성동
1870154200,장동로228번길,25050530,회덕동
1860116500,신성남로,25040550,신성동
1830347503,충무로209번길,25010770,신인동
1840055202,대전천서로,25020510,은행선화동
1860204801,유성대로,25040700,상대동
1860415000,유성대로1205번길,25040550,신성동
1840046501,수침로,25020630,태평1동
1850322500,벌곡로1285번길,25030511,가수원동
1840061804,어덕마을로,25020540,중촌동
1850207801,동서대로,25040710,원신흥동
1850036401,관저동로,25030720,관저1동
1850023400,복수동로,25030510,복수동
1860630301,유성대로,25040640,온천1동
1860204100,학하로,25040690,학하동
1860376301,복용로12번길,25040690,학하동
1870035301,대화로,25050520,대화동
1860406600,원신흥남로28번길,25040710,원신흥동
1850051001,변동로,25030550,변동
1850023402,복수동로,25030510,복수동
1850132800,청사서로,25030670,월평2동
1850199100,원도안로,25030512,도안동
1870061001,덕암로148번길,25050600,덕암동
1870488001,대전천북로,25050510,오정동
1850123301,월평로,25030660,월평1동
1850306500,대덕대로217번길,25030600,둔산2동
1850306302,둔산로31번길,25030600,둔산2동
1850130900,한밭대로,25030600,둔산2동
1860130301,엑스포로,25040570,전민동
1850090501,대덕대로,25030650,갈마2동
1860034302,유성대로646번길,25040640,온천1동
1860601200,반석동로,25040670,노은3동
1850156602,하상도로,25030740,둔산3동
1840016801,당디로,25020690,산성동
1850324002,관저동로,25030730,관저2동
1860055702,온천로101번길,25040640,온천1동
1850306602,대덕대로217번길,25030600,둔산2동
1860118800,북유성대로,25040670,노은3동
1860636001,동서대로656번길,25040680,진잠동
1850203700,원도안로,25030512,도안동
1860416800,유성대로1184번길,25040550,신성동
1850104200,갑천도시고속도로,25030660,월평1동
1870489101,송촌남로,25010640,가양2동
1860662101,자운로97번길,25040550,신성동
1860124211,엑스포로,25040570,전민동
1860664803,자운로245번길,25040550,신성동
1850140401,청사로,25030680,월평3동
1860618601,문지로316번길,25040570,전민동
1860497200,구즉세종로,25040610,구즉동
1830019602,대흥로,25010770,신인동
1860440102,테크노중앙로,25040630,관평동
1850010701,계룡로,25030640,갈마1동
1860061201,온천북로33번길,25040640,온천1동
1860160601,용산1로,25040630,관평동
1860667402,-,25040630,관평동
1860016802,진잠로62번길,25040680,진잠동
1840037901,인창로,25010770,신인동
1840024200,천근로,25020680,문화2동
1840060001,어덕마을로104번길,25020540,중촌동
1840011902,안영로,25020690,산성동
1830286104,동산초교로,25010680,홍도동
1830489402,한남로67번길,25010680,홍도동
1860680402,원계산로,25040680,진잠동
1870088909,평촌2길,25050600,덕암동
1840035300,대흥로66번길,25020550,대흥동
1850122100,둔산북로,25030590,둔산1동
1870205000,경부고속도로,25050540,비래동
1870026304,계족산로5번길,25050550,중리동
1850085401,탄방로,25030570,탄방동
1860108301,은구비로,25040660,노은2동
1850034900,정림서로,25030540,정림동
1870012304,한남로150번길,25050510,오정동
1850009406,계룡로,25030650,갈마2동
1860034001,유성대로642번길,25040640,온천1동
1860141701,테크노9로,25040630,관평동
1860435100,테크노6로,25040630,관평동
1860425300,테크노3로,25040630,관평동
1860600800,가정북로,25040550,신성동
1870079600,신탄진남로,25050580,신탄진동
1860665501,자운로245번길,25040550,신성동
1840028303,문화로,25020670,문화1동
1850118902,대덕대로242번길,25030600,둔산2동
1860098700,엑스포로123번길,25040550,신성동
1870020200,한밭대로,25050550,중리동
1860044000,유성대로680번길,25040640,온천1동
1860072101,어은로,25040640,온천1동
1850316400,갈마로85번길,25030650,갈마2동
1870060201,신일서로126번길,25050610,목상동
1830026715,대청호수로,25010730,대청동
1840040400,선화서로,25020550,대흥동
1850062601,도산로,25030560,용문동
1860662001,자운로97번길,25040550,신성동
1860046901,유성대로680번길,25040640,온천1동
1860068801,온천북로33번길,25040640,온천1동
1850314000,계룡로416번길,25030650,갈마2동
1830042403,동서대로1695번길,25010650,용전동
1860428601,테크노중앙로,25040630,관평동
1870015106,오정로78번길,25050510,오정동
1830030304,태전로,25010800,삼성동
1830467000,천동초등4길,25010530,효동
1840039500,중앙로13번길,25020600,용두동
1840047701,오류로,25020620,오류동
1860648701,금남구즉로,25040610,구즉동
1850156703,하상도로,25030600,둔산2동
1830471400,대학로,25010570,용운동
1830033501,우암로,25010790,성남동
1850148501,둔산대로117번길,25030690,만년동
1830056302,하상도로,25010760,중앙동
1860665803,자운로245번길,25040550,신성동
1860078905,유성대로783번길,25040540,온천2동
1830187400,경부고속도로,25010730,대청동
1860657401,신성남로,25040550,신성동
1850083100,문정로60번길,25030570,탄방동
1850092410,갈마중로,25030650,갈마2동
1840017003,산성로,25020690,산성동
1830028600,선화로,25010800,삼성동
1860089505,노은서로,25040590,노은1동
1870014701,한남로150번길,25050510,오정동
1840161600,대전남부순환고속도로,25020690,산성동
1850087000,유등로,25030570,탄방동
1870030302,송촌북로12번길,25050620,송촌동
1870021100,우암로486번길,25050540,비래동
1830011209,계족로,25010790,성남동
1860362101,학하중앙로67번길,25040690,학하동
1850053100,배재로,25030520,도마1동
1870038002,대화로,25050520,대화동
1860611400,문지로,25040570,전민동
1850118001,둔산로31번길,25030600,둔산2동
1870018603,한밭대로,25050510,오정동
1830466202,신기로,25010530,효동
1870075702,신일동로5번길,25050610,목상동
1850320100,관저중로64번길,25030730,관저2동
1850023801,관저동로,25030730,관저2동
1860087101,노은로,25040590,노은1동
1860213405,자운로97번길,25040550,신성동
1860081801,한밭대로,25040540,온천2동
1860215600,도안대로,25040700,상대동
1860129502,전민로58번길,25040570,전민동
1840166300,대전남부순환고속도로,25020690,산성동
1860088409,과학로,25040540,온천2동
1860076500,대학로,25040540,온천2동
1840047100,중교로,25020550,대흥동
1840020501,당디로6번길,25020680,문화2동
1870157900,신상로,25050540,비래동
1830462500,은어송로51번길,25010530,효동
1850315402,신갈마로141번길,25030640,갈마1동
1850274000,관저중로,25030730,관저2동
1860722002,박산로,25040640,온천1동
1870001601,계족로,25050550,중리동
1860162200,테크노중앙로,25040630,관평동
1830124200,은어송로,25010530,효동
1850070802,계룡로553번길,25030570,탄방동
1860435801,테크노2로,25040630,관평동
1850026400,복수남로,25030510,복수동
1830285201,한남로,25050510,오정동
1850032704,벌곡로1353번길,25030511,가수원동
1860051901,온천로,25040640,온천1동
1850152100,갑천도시고속도로,25030690,만년동
1850050003,도솔로,25030520,도마1동
1870083600,문평동로18번길,25050610,목상동
1840022104,천근로,25020680,문화2동
1850058601,유등로,25030560,용문동
1840033600,충무로107번길,25020550,대흥동
1860217700,월드컵대로,25040640,온천1동
1850050105,도솔로,25030520,도마1동
1850087601,문정로,25030570,탄방동
1830491901,삼가로,25010800,삼성동
1870015302,오정로,25050510,오정동
1860124503,신성로83번길,25040550,신성동
1860599001,문지로299번길,25040570,전민동
1860203500,학하복용로,25040690,학하동
1870088922,평촌2길,25050600,덕암동
1850109301,-,25030640,갈마1동
1840044407,태평로,25020640,태평2동
1850011702,대덕대로,25030670,월평2동
1830030906,대전로,25010800,삼성동
1840028403,문화로,25020670,문화1동
1860131800,자운로,25040550,신성동
1850082600,문정로40번길,25030570,탄방동
1850275800,동서대로656번길,25040680,진잠동
1830018802,대전로,25010770,신인동
1850120202,월평로,25030660,월평1동
1860664502,자운로97번길,25040550,신성동
1840006700,계룡로,25020620,오류동
1860146000,테크노7로,25040630,관평동
1870152401,장동로,25050530,회덕동
1840048200,동서대로,25020530,목동
1860215800,원신흥남로,25040710,원신흥동
1860085400,노은동로,25040590,노은1동
1830042103,동서대로,25010630,가양1동
1870497100,대덕대로1277번길,25050610,목상동
1850022400,구봉로,25030730,관저2동
1830045101,한밭대로,25010650,용전동
1860654301,계룡로59번길,25040640,온천1동
1840052503,대종로550번길,25020510,은행선화동
1840011001,뿌리공원로,25020690,산성동
1850043302,복수북로,25030510,복수동
1830464800,은어송로51번길,25010530,효동
1830053308,대전로448번길,25010530,효동
1860682901,대학로151번길,25040540,온천2동
1860640101,-,25040550,신성동
1860654002,계룡로,25040640,온천1동
1860160100,관평1로,25040630,관평동
1860086503,노은서로,25040590,노은1동
1870499203,한남로67번길,25050510,오정동
1860620400,가정로,25040550,신성동
1850065805,신갈마로,25030630,내동
1840040904,선화로,25020600,용두동
1830178000,대전남부순환고속도로,25010750,산내동
1870490900,비래서로,25050540,비래동
1860106401,은구비로,25040660,노은2동
1870026102,쌍청당로,25050550,중리동
1870302400,-,25050580,신탄진동
1850043801,배재로,25030530,도마2동
1830004943,대전로,25010530,효동
1870048502,대화로32번길,25050520,대화동
1860104302,노은서로210번길,25040660,노은2동
1830024903,대전로,25010760,중앙동
1830052204,동구청로,25010530,효동
1860029101,도안대로,25040640,온천1동
1860674402,계룡로,25040640,온천1동
1830468800,신기로101번길,25010550,판암1동
1850111901,대덕대로220번길,25030600,둔산2동
1850100902,둔산남로9번길,25030600,둔산2동
1870151802,신탄진로756번안길,25050580,신탄진동
1850329403,계룡로354번길,25030640,갈마1동
1860669301,유성대로626번길,25040640,온천1동
1860624201,지족동로142번길,25040670,노은3동
1860417803,유성대로1184번길,25040550,신성동
1860105201,대덕대로512번길,25040550,신성동
1860139701,자운로,25040550,신성동
1840051700,태평로,25020640,태평2동
1840066302,문창로,25020560,문창동
1870441700,신탄진로349번길,25050530,회덕동
1850006905,계룡로,25030560,용문동
1840034102,태평로,25020640,태평2동
1870031303,계족산로43번길,25050550,중리동
1850062203,도솔로,25030610,괴정동
1860025801,진잠옛로,25040680,진잠동
1850083802,대덕대로168번길,25030650,갈마2동
1860036901,월드컵대로253번길,25040640,온천1동
1830030000,우암로,25010800,삼성동
1860649201,도안동로,25040710,원신흥동
1830048900,한밭대로,25010650,용전동
1860688601,-,25040550,신성동
1870004026,신탄진로,25050530,회덕동
1850064100,대덕대로,25030610,괴정동
1870489506,비래서로,25050540,비래동
1840057602,중촌로,25020540,중촌동
1860042901,계룡로155번길,25040640,온천1동
1830285400,동산초교로23번길,25010680,홍도동
1860151100,와룡로136번길,25040610,구즉동
1860039502,계룡로46번길,25040640,온천1동
1850288301,도안북로,25030512,도안동
1870018607,한밭대로,25050510,오정동
1850118003,둔산로31번길,25030600,둔산2동
1840067608,문창로,25020560,문창동
1860371801,학하중앙로,25040690,학하동
1870487301,한남로,25050510,오정동
1870019909,송촌로,25050620,송촌동
1860020400,대정로28번안길,25040680,진잠동
1840060601,-,25050510,오정동
1860238500,테크노2로,25040630,관평동
1870014300,오정로77번길,25050510,오정동
1850145200,둔산대로,25030600,둔산2동
1850237400,계룡로,25030660,월평1동
1870479400,신탄진북로32번길,25050580,신탄진동
1830464900,은어송로,25010530,효동
1850068401,도솔로,25030570,탄방동
1860121704,북유성대로,25040670,노은3동
1860090602,은구비남로,25040590,노은1동
1860434501,테크노1로,25040630,관평동
1860084802,한밭대로259번길,25040590,노은1동
1860058802,온천로,25040640,온천1동
1840026012,유천로,25020660,유천2동
1830475501,대전천동로,25010770,신인동
1830125200,동구청로,25010530,효동
1850099501,둔산남로,25030570,탄방동
1830028806,태전로,25010800,삼성동
1860722000,박산로,25040640,온천1동
1840059700,대종로,25020540,중촌동
1850155901,유등로,25030520,도마1동
1870087100,문평동로48번길,25050610,목상동
1860223100,계룡로,25040640,온천1동
1830126005,동구청로,25010530,효동
1850087301,계룡로,25030600,둔산2동
1870073403,신일동로17번길,25050610,목상동
1860363800,학하남로,25040690,학하동
1850115701,둔산중로78번길,25030590,둔산1동
1870079701,신탄진남로,25050580,신탄진동
1850153000,갑천도시고속도로,25030690,만년동
1850084701,-,25030600,둔산2동
1860003707,계룡로,25040640,온천1동
1850076800,계룡로509번길,25030570,탄방동
1860071201,노은로,25040640,온천1동
1850063203,갈마로,25030630,내동
1870013302,-,25050510,오정동
1830041802,신상로,25010730,대청동
1840186500,-,25020670,문화1동
1860354301,엑스포로625번길,25040630,관평동
1870206800,경부고속도로,25050540,비래동
1860602101,지족북로66번길,25040670,노은3동
1840183104,사득로,25020590,부사동
1830472601,동서대로1572번길,25010790,성남동
1840033503,충무로107번길,25020550,대흥동
1830033300,태전로,25010800,삼성동
1830032802,동서대로1572번길,25010790,성남동
1840013000,사정공원로,25020690,산성동
1840046701,중교로,25020510,은행선화동
1840033204,대흥로,25020670,문화1동
1830465602,신기로101번길,25010530,효동
1860105901,아리랑로,25040570,전민동
1860680602,원계산로,25040680,진잠동
1850318203,도안동로11번길,25030512,도안동
1830031108,가양로,25010630,가양1동
1850110701,둔산로123번길,25030590,둔산1동
1850010303,대덕대로,25030600,둔산2동
1830019804,중앙로200번길,25010760,중앙동
1830453400,동서대로1705번길,25010650,용전동
1850336600,계백로,25030540,정림동
1860195903,반석로,25040670,노은3동
1850314002,계룡로416번길,25030650,갈마2동
1860030604,월드컵대로351번길,25040640,온천1동
1830452400,성남로,25010800,삼성동
1840062001,대종로,25020540,중촌동
1840065001,유등천동로,25020690,산성동
1860387700,죽동로,25040540,온천2동
1850037302,-,25030540,정림동
1850284301,도안북로,25030512,도안동
1850156200,하상도로,25030740,둔산3동
1850046903,도마5길,25030520,도마1동
1860617300,문지로316번길,25040570,전민동
1840161400,대전남부순환고속도로,25020690,산성동
1830126307,동구청로,25010530,효동
1870004022,신탄진로,25050530,회덕동
1850148100,만년로68번길,25030690,만년동
1850331301,계룡로,25030660,월평1동
1850075401,갈마로,25030640,갈마1동
1860637003,동서대로735번길,25040710,원신흥동
1860009503,대덕대로,25040550,신성동
1840051207,목동로,25020530,목동
1860093901,은구비남로7번길,25040590,노은1동
1860438500,테크노2로,25040630,관평동
1860392700,원신흥남로27번길,25040710,원신흥동
1860047300,유성대로,25040640,온천1동
1850113302,신갈마로,25030640,갈마1동
1850084602,-,25030600,둔산2동
1870040903,계족로663번길,25050560,법1동
1850105602,둔산로,25030590,둔산1동
1860001304,계백로,25040680,진잠동
1830014101,산내로1257번길,25010750,산내동
1840053200,선화서로,25020530,목동
1840164500,대전남부순환고속도로,25020690,산성동
2830022200,신문로,33042320,현도면
1850138800,청사로,25030600,둔산2동
1860727300,도안대로,25040680,진잠동
1850064600,괴정로,25030610,괴정동
1850067103,탄방로,25030570,탄방동
1860052301,온천로,25040640,온천1동
1850276401,동서대로656번길,25030512,도안동
1830476803,대전천북로,25010800,삼성동
1860217800,원신흥북로,25040700,상대동
1850042000,복수북로,25030540,정림동
1860064402,유성대로720번길,25040540,온천2동
1870039900,동춘당로114번길,25050620,송촌동
1830475204,대전천동로,25010770,신인동
1830181100,통영대전고속도로,25010750,산내동
1830476804,대전천북로,25010800,삼성동
1840185302,대종로549번길,25020510,은행선화동
1860637900,엑스포로,25040550,신성동
1870030300,송촌북로12번길,25050620,송촌동
1830011113,계족로,25010790,성남동
1860083101,노은로,25040590,노은1동
1830473700,-,25010750,산내동
1850004600,계백로,25030512,도안동
1870036200,동춘당로94번길,25050620,송촌동
1830028308,정보길,25010630,가양1동
1830026007,태전로,25010760,중앙동
1860080001,프란치스코교황로,25040590,노은1동
1850268801,관저로,25030730,관저2동
1870038102,대화로,25050520,대화동
1860601500,지족북로,25040670,노은3동
1860664102,자운로245번길,25040550,신성동
1860032600,월드컵대로299번길,25040640,온천1동
1860401400,죽동로279번길,25040540,온천2동
1850232101,도안중로,25030720,관저1동
1850331101,계룡로320번길,25030660,월평1동
1860020900,대정로,25040680,진잠동
1850021601,유등로17번길,25030510,복수동
1860614301,아리랑로21번길,25040570,전민동
1850267100,구봉산북로21번길,25030730,관저2동
1860634900,동서대로656번길,25040680,진잠동
1860364000,학하로,25040690,학하동
1860082802,왕가봉로24번길,25040590,노은1동
1860195900,반석로,25040670,노은3동
1850142301,유등로,25030600,둔산2동
1860635500,동서대로656번길,25040680,진잠동
1850331701,계룡로,25030660,월평1동
1860352701,탑립로,25040630,관평동
1870058901,산업단지로87번길,25050610,목상동
1860129801,엑스포로,25040570,전민동
1860106300,은구비로,25040660,노은2동
1870491301,대전천북로,25050510,오정동
1860053100,유성대로680번길,25040640,온천1동
1870488300,한남로,25050510,오정동
1850143802,갈마역로,25030670,월평2동
1860603700,노은서로266번길,25040660,노은2동
1860048001,계룡로74번길,25040640,온천1동
1860626300,노은서로266번길,25040660,노은2동
1830491201,소랑길,25010800,삼성동
1830039804,홍도로,25010680,홍도동
1860602700,지족로349번길,25040670,노은3동
1850068503,도솔로,25030570,탄방동
1830448901,은어송로51번길,25010530,효동
1850327001,신갈마로,25030640,갈마1동
1860196400,한밭대로,25040640,온천1동
1850012602,대덕대로,25030690,만년동
1850117903,대덕대로233번길,25030600,둔산2동
1860336303,진잠로,25040680,진잠동
1840012001,안영로,25020690,산성동
1830046000,비래서로,25050540,비래동
1830035703,대전로,25050510,오정동
1850039901,관저북로,25030720,관저1동
1830491902,삼가로,25010800,삼성동
1850132500,한밭대로707번길,25030670,월평2동
1850081801,계룡로491번길,25030600,둔산2동
1870017602,비래동로23번길,25050540,비래동
1870033400,계족산로5번길,25050570,법2동
1850109401,갈마역로,25030640,갈마1동
1840182201,목동로22번길,25020530,목동
1870061000,덕암로148번길,25050600,덕암동
1850102101,문예로,25030590,둔산1동
1850334302,구봉산북로,25030730,관저2동
1870027904,쌍청당로,25050550,중리동
1860202501,북유성대로,25040670,노은3동
1860091203,은구비서로,25040590,노은1동
1850032705,벌곡로1353번길,25030511,가수원동
1830128600,동부로,25010570,용운동
1830457301,석천로,25010750,산내동
1870074401,대덕대로1448번길,25050610,목상동
1850037100,계백로1286번길,25030540,정림동
1870046401,대화로132번길,25050520,대화동
1870055701,산디로,25050530,회덕동
1860124110,엑스포로,25040570,전민동
1840038503,대흥로,25020550,대흥동
1850105901,둔산로,25030740,둔산3동
1870056106,장동로,25050530,회덕동
1850008400,계룡로,25030570,탄방동
1860116701,북유성대로,25040660,노은2동
1860096300,엑스포로,25040550,신성동
1830012822,계족로,25010650,용전동
1830285801,동산초교로,25010680,홍도동
1840061402,대전천북로,25010800,삼성동
1870018001,우암로412번길,25050540,비래동
1860396801,죽동로,25040540,온천2동
1830015200,산서로,25010750,산내동
1830030302,태전로,25010800,삼성동
1830123802,백룡로,25010570,용운동
1830051601,옛신탄진로,25010800,삼성동
1830453302,동서대로1705번길,25010650,용전동
1830449705,동부로33번길,25010560,판암2동
1860241000,배울1로,25040570,전민동
1870008008,대덕대로,25050610,목상동
1870057703,덕암로,25050600,덕암동
1850265801,구봉산북로21번길,25030730,관저2동
1860137103,자운로,25040550,신성동
1860146804,테크노2로,25040630,관평동
1850062300,도솔로,25030610,괴정동
1860139902,대덕대로989번길,25040550,신성동
1860141400,테크노중앙로,25040630,관평동
1840002202,대둔산로,25020690,산성동
1830023802,백룡로,25010570,용운동
1870011200,한남로,25050510,오정동
1870082301,대덕대로1417번길,25050610,목상동
1850234200,대전남부순환고속도로,25030730,관저2동
1860691102,-,25040700,상대동
1870479202,신일동로17번길,25050610,목상동
1860103501,엑스포로123번길,25040550,신성동
1860380400,진잠옛로,25040690,학하동
1860079500,한밭대로,25040540,온천2동
1860444700,갑천로,25040630,관평동
1860727700,도안대로,25040680,진잠동
1840183107,사득로,25020590,부사동
1870057401,산업단지로,25050600,덕암동
1860177100,진잠로139번길,25040680,진잠동
1840185906,중앙로122번길,25020550,대흥동
1860604800,교촌대정로,25040680,진잠동
1870001802,계족로,25050570,법2동
1830461801,은어송로,25010530,효동
1870040301,대화로150번길,25050520,대화동
1870023801,중리서로,25050550,중리동
1860059300,온천동로,25040640,온천1동
1830030505,대성길,25010630,가양1동
1860599801,문지로,25040570,전민동
1840003701,계백로,25020650,유천1동
1830457500,석천로,25010750,산내동
1870064002,신일서로18번길,25050610,목상동
1870038601,계족산로81번길,25050570,법2동
1850084600,-,25030600,둔산2동
1850118502,신갈마로230번길,25030640,갈마1동
1840046204,선화로,25020600,용두동
1850307500,배재로233번길,25030550,변동
1840198502,계백로1685번길,25020620,오류동
1840188101,보문산공원로497번안길,25020580,대사동
1860690802,-,25040700,상대동
1840189502,산성로57번길,25020690,산성동
1830446400,삼가로,25010800,삼성동
1850092406,갈마중로,25030650,갈마2동
1850119901,유등로,25030740,둔산3동
1860232502,구룡고개길,25040610,구즉동
1840044202,동서대로,25020630,태평1동
1860211300,자운로97번길,25040550,신성동
1860668602,용산2로,25040630,관평동
1870049601,대전로1291번길,25050520,대화동
1850042401,도안중로,25030720,관저1동
1850325402,-,25030511,가수원동
1870007802,신탄진로,25050580,신탄진동
1840197701,오류로,25020620,오류동
1860635000,동서대로656번길,25040680,진잠동
1850065004,괴정로76번길,25030610,괴정동
1830191200,통영대전고속도로,25010730,대청동
1870159000,동부로,25050540,비래동
1860100801,노은동로,25040590,노은1동
1850140801,청사로,25030670,월평2동
1870489505,비래서로,25050540,비래동
1850080501,대덕대로176번길,25030600,둔산2동
1860222101,계룡로132번길,25040640,온천1동
1850307900,복수남로32번길,25030510,복수동
1830030603,대성길,25010630,가양1동
1850064604,괴정로,25030610,괴정동
1860614800,엑스포로446번길,25040570,전민동
1830040603,흥룡로,25010640,가양2동
1830470600,동부로73번길,25010560,판암2동
1840018901,당디로,25020690,산성동
1860438201,배울2로,25040630,관평동
1850148402,둔산대로117번길,25030690,만년동
1860033900,유성대로642번길,25040640,온천1동
1870081204,문평동로,25050610,목상동
1860047400,유성대로,25040640,온천1동
1870056703,덕암로,25050600,덕암동
1860003904,유성대로,25040640,온천1동
1830450400,토천1길,25010530,효동
1860075000,문화원로,25040540,온천2동
1850332602,관저중로95번길,25030730,관저2동
1860134502,자운로157번길,25040550,신성동
1850159900,관저동로,25030720,관저1동
1870012901,오정로,25050510,오정동
1850267601,관저로,25030730,관저2동
1850005302,계백로,25030540,정림동
1870032105,송촌북로20번길,25050620,송촌동
1850046303,사마1길,25030530,도마2동
1860238301,테크노2로,25040630,관평동
1870497601,남경마을로,25050580,신탄진동
1860397700,죽동로,25040540,온천2동
1840004304,충무로,25020590,부사동
1870007404,대청로,25050580,신탄진동
1850321900,구봉로147번길,25030730,관저2동
1860086000,한밭대로,25040590,노은1동
1870492904,중리동로,25050550,중리동
1870032400,천변도시고속도로,25050520,대화동
1850070201,대덕대로,25030650,갈마2동
1850322300,관저로129번길,25030730,관저2동
1860142501,테크노2로,25040630,관평동
1860008506,대덕대로,25040550,신성동
1840025802,문화로,25020660,유천2동
1850141300,청사로,25030680,월평3동
1850075602,문정로10번길,25030570,탄방동
1840057200,동서대로,25020510,은행선화동
1850201602,원도안로,25030512,도안동
1840016412,보문산로,25020690,산성동
1850099300,둔산남로91번길,25030590,둔산1동
1850095504,남선로60번길,25030570,탄방동
1840062000,대종로,25020540,중촌동
1850144801,둔산대로,25030600,둔산2동
1860604101,과학로,25040540,온천2동
1850303601,복수중로,25030510,복수동
1840061800,어덕마을로,25020540,중촌동
1860062000,온천북로,25040640,온천1동
1850040501,관저동로,25030720,관저1동
1860433000,테크노1로,25040630,관평동
1840037000,보문로,25020550,대흥동
1870205700,경부고속도로,25050540,비래동
1830126004,동구청로,25010530,효동
1840042005,보문로,25020550,대흥동
1870002402,계족로,25050530,회덕동
1840055504,목중로26번길,25020540,중촌동
1860139500,-,25040550,신성동
1840185800,선화로43번길,25020530,목동
1870056010,장동로,25050530,회덕동
1860668501,용산2로,25040630,관평동
1850121801,문예로,25030590,둔산1동
1830018700,대전로,25010770,신인동
1830053305,대전로448번길,25010530,효동
1870022603,중리남로,25050550,중리동
1860389601,죽동로,25040540,온천2동
1840041302,대종로,25020550,대흥동
1860107302,은구비로,25040660,노은2동
1850098300,문정로,25030590,둔산1동
1860131406,유성대로1689번길,25040570,전민동
1860422400,배울2로,25040630,관평동
1850203204,원도안로,25030512,도안동
1870008010,대덕대로,25050610,목상동
1830466101,신기로,25010530,효동
1850101100,둔산중로32번길,25030590,둔산1동
1870197504,경부고속도로,25050600,덕암동
1860660202,송림로54번길,25040660,노은2동
1850131300,한밭대로,25030600,둔산2동
1860373901,학하중앙로168번길,25040690,학하동
1860052601,온천로107번길,25040640,온천1동
1860188402,지족로148번길,25040670,노은3동
1830190700,통영대전고속도로,25010550,판암1동
1830023402,계족로140번길,25010570,용운동
1860142600,테크노2로,25040630,관평동
1850265000,계백로828번길,25030730,관저2동
1850063103,갈마로203번길,25030610,괴정동
1850029500,관저로,25030730,관저2동
1860122802,노은로426번길,25040660,노은2동
1860368900,학하북로,25040690,학하동
1870085300,대덕대로1417번길,25050610,목상동
1850065905,신갈마로,25030640,갈마1동
1860210603,상대로,25040700,상대동
1850058903,괴정로,25030620,가장동
1830470200,옥천로,25010550,판암1동
1860654801,계룡로59번길,25040640,온천1동
1840067602,문창로,25020560,문창동
1870082601,문평서로76번길,25050610,목상동
1860240600,테크노10로,25040630,관평동
1870489903,신상로,25050540,비래동
1860092902,과학로,25040540,온천2동
1840006802,계룡로,25020600,용두동
1840049704,계룡로771번길,25020600,용두동
1870078701,대덕대로1470번길,25050610,목상동
1860132603,자운로97번길,25040550,신성동
1870070001,덕암북로,25050600,덕암동
1860639802,테크노중앙로,25040630,관평동
1840044902,계룡로816번길,25020620,오류동
1860036900,월드컵대로253번길,25040640,온천1동
1830451101,옛신탄진로74번길,25010680,홍도동
1860084700,한밭대로259번길,25040590,노은1동
1830026904,선화로,25010760,중앙동
1860009203,대덕대로,25040550,신성동
1830016103,동구청로204번길,25010550,판암1동
1840040100,중교로,25020550,대흥동
1850304302,복수중로34번길,25030510,복수동
1870083000,문평동로18번길,25050610,목상동
1860627900,유성대로1312번길,25040550,신성동
1860650702,-,25040690,학하동
1860366301,학하중앙로127번길,25040690,학하동
1850052700,배재로197번길,25030530,도마2동
1860060401,온천북로59번길,25040640,온천1동
1850235401,구봉산북로,25030730,관저2동
1860078700,대학로,25040540,온천2동
1860136900,-,25040550,신성동
1850034301,계백로,25030730,관저2동
1860054802,-,25040640,온천1동
1860210000,도안대로,25040700,상대동
1850009603,대덕대로,25030600,둔산2동
1860136901,-,25040550,신성동
1850051801,변동로,25030550,변동
1850329601,신갈마로,25030640,갈마1동
1860403400,죽동로279번길,25040540,온천2동
1860386601,도안대로,25040680,진잠동
1870484603,대전로1185번길,25050510,오정동
1870028801,동춘당로54번길,25050620,송촌동
1850068300,계룡로500번길,25030650,갈마2동
1830034700,현암로,25010800,삼성동
1830015402,대전로448번길,25010530,효동
1860143201,테크노2로,25040630,관평동
1830030002,우암로,25010800,삼성동
1850105702,둔산로,25030590,둔산1동
1870012601,오정로75번길,25050510,오정동
1850049314,도마로,25030550,변동
1860012100,호남고속도로지선,25040630,관평동
1870047500,선비마을로,25050620,송촌동
1860064605,장대로,25040540,온천2동
1830007411,옥천로,25010550,판암1동
1870060002,신일서로104번길,25050610,목상동
1850330302,신갈마로181번길,25030640,갈마1동
1860150203,구즉로,25040610,구즉동
1860155601,관평천변로,25040630,관평동
1830453300,동서대로1705번길,25010650,용전동
1860336900,호남고속도로지선,25040690,학하동
1860614600,엑스포로446번길,25040570,전민동
1860685102,복합환승로26번길,25040640,온천1동
1860353400,엑스포로,25040570,전민동
1830040400,동대전로,25010630,가양1동
1860124206,엑스포로,25040570,전민동
1860409702,봉명로,25040710,원신흥동
1830191501,통영대전고속도로,25010730,대청동
1870481300,방두말4길,25050600,덕암동
1850056901,배재로,25030630,내동
1860425900,테크노3로,25040630,관평동
1860195404,지족동로,25040670,노은3동
1830184100,경부고속도로,25010730,대청동
1860386001,도안대로,25040680,진잠동
1860150401,금남구즉로,25040610,구즉동
1850325401,-,25030511,가수원동
1850029901,복수동로52번길,25030510,복수동
1840051701,태평로,25020640,태평2동
1860188703,지족북로,25040670,노은3동
1850326902,신갈마로,25030640,갈마1동
1860122900,노은로426번길,25040660,노은2동
1830130701,동부로,25010570,용운동
1860063000,문화원로146번길,25040640,온천1동
1850008802,계룡로,25030650,갈마2동
1860433901,테크노중앙로,25040630,관평동
1870160000,신상로,25050540,비래동
1840021601,대전로,25020570,석교동
1860610501,문지로,25040570,전민동
1830041604,신상로,25010730,대청동
1870007806,신탄진로,25050580,신탄진동
1860670902,유성대로654번길,25040640,온천1동
1870074301,대덕대로1454번길,25050610,목상동
1860430201,관평1로,25040630,관평동
1850048503,배재로,25030530,도마2동
1850154601,변동중로45번길,25030550,변동
1870002502,신탄진로,25050530,회덕동
1850020300,구억뜸길,25030511,가수원동
1840044903,계룡로816번길,25020620,오류동
1870065900,덕암로,25050600,덕암동
1850048101,도산로,25030550,변동
1850075000,-,25030570,탄방동
1860373700,학하중앙로,25040690,학하동
1870080500,대덕대로1486번길,25050610,목상동
1850074600,문정로60번길,25030570,탄방동
1860204101,학하로,25040690,학하동
1830462600,은어송로51번길,25010530,효동
1870151701,신탄진로756번안길,25050580,신탄진동
1830052904,신기로,25010530,효동
1830051603,옛신탄진로,25010800,삼성동
1860033902,유성대로642번길,25040640,온천1동
1860041000,계룡로74번길,25040640,온천1동
1860409901,봉명로,25040710,원신흥동
1860651201,복용북로33번길,25040690,학하동
1850129100,문정로,25030600,둔산2동
1840006006,계백로,25020620,오류동
1850119603,월평중로,25030660,월평1동
1870022601,중리남로,25050550,중리동
1860117502,지족로,25040670,노은3동
1850337000,계백로,25030540,정림동
1860083701,한밭대로,25040590,노은1동
1870058600,산업단지로87번길,25050610,목상동
1840011900,안영로,25020690,산성동
1830018505,대동천좌안3길,25010780,대동
1850087900,문정로,25030570,탄방동
1870032600,쌍청당로35번길,25050570,법2동
1830468105,옥천로96번길,25010550,판암1동
1850007701,계룡로,25030610,괴정동
1850099801,문예로,25030590,둔산1동
1860407805,봉명서로,25040710,원신흥동
1830041300,우암로,25010640,가양2동
1850149102,만년로,25030690,만년동
1830453104,동서대로1683번길,25010650,용전동
1860141602,테크노8로,25040630,관평동
1830473300,계족로,25010790,성남동
1830188601,통영대전고속도로,25010550,판암1동
1870084505,신탄진동로,25050580,신탄진동
1860425901,테크노3로,25040630,관평동
1850328902,갈마로85번길,25030650,갈마2동
1850291402,도안북로,25030512,도안동
1860616202,문지로316번길,25040570,전민동
1860003706,계룡로,25040640,온천1동
1840024700,문화로,25020690,산성동
1860010608,대덕대로,25040550,신성동
1860442800,테크노2로,25040630,관평동
1870083602,문평동로18번길,25050610,목상동
1850305500,유등로,25030520,도마1동
1850036900,정림로,25030540,정림동
1860049100,계룡로123번길,25040640,온천1동
1860079801,노은서로,25040590,노은1동
1840016201,보문산로,25020690,산성동
1830020101,대동복개길,25010780,대동
1860099407,엑스포로,25040570,전민동
1850092800,둔산중로14번길,25030570,탄방동
1850045605,도산로,25030530,도마2동
1840047502,동서대로,25020620,오류동
1850051504,변동로,25030550,변동
1850131900,갑천도시고속도로,25030660,월평1동
1840026600,대종로,25020590,부사동
1870028004,쌍청당로,25050550,중리동
1860107001,은구비로,25040660,노은2동
1840183201,사득로,25020590,부사동
1860368601,학하북로,25040690,학하동
1860395800,유성대로935번길,25040540,온천2동
1860107802,노은로,25040660,노은2동
1830021204,용운로,25010780,대동
1870034402,계족산로17번길,25050570,법2동
1870298306,대덕대로1527번길,25050610,목상동
1830033000,대전로,25010800,삼성동
1860116401,신성남로,25040550,신성동
1840187101,계룡로918번길,25020670,문화1동
1870493002,중리동로,25050550,중리동
1860394501,죽동로,25040540,온천2동
1850128501,한밭대로,25030590,둔산1동
1870083901,신탄진동로,25050590,석봉동
1830034509,충정로,25010600,자양동
1840031102,테미로,25020550,대흥동
1860672201,유성대로668번길,25040640,온천1동
1860663403,자운로221번길,25040550,신성동
1850147801,둔산대로117번길,25030690,만년동
1860041601,유성대로,25040640,온천1동
1860023601,교촌대정로,25040680,진잠동
1860366101,학하동로,25040690,학하동
1860092604,노은서로142번길,25040590,노은1동
1860635900,동서대로656번길,25040680,진잠동
1860062800,온천동로65번길,25040640,온천1동
1830449102,대전로448번길,25010530,효동
1840066306,문창로,25020560,문창동
1850149002,만년로,25030690,만년동
1870073801,덕암북로4번길,25050600,덕암동
1850066802,도산로,25030570,탄방동
1860123101,하기로,25040660,노은2동
1870085201,대덕대로1417번길,25050610,목상동
1850330602,신갈마로,25030640,갈마1동
1870494300,천변도시고속도로,25050520,대화동
1860237301,테크노10로,25040630,관평동
1830468101,옥천로96번길,25010550,판암1동
1870477302,방두말5길,25050600,덕암동
1830448101,석천로,25010750,산내동
1860155200,배울1로,25040630,관평동
1830285700,동산초교로34번길,25010680,홍도동
1840020304,당디로6번길,25020680,문화2동
1850053401,동서대로,25020640,태평2동
1830015000,대전로,25010750,산내동
1870018100,동서대로,25050540,비래동
1860086301,한밭대로,25040590,노은1동
1860098701,엑스포로123번길,25040550,신성동
1870481901,방두말5길,25050600,덕암동
1860620202,가정로,25040550,신성동
1860204600,유성대로,25040700,상대동
1850037800,정림로,25030540,정림동
1830018100,새울로,25010570,용운동
1850314800,갈마중로37번길,25030650,갈마2동
1840020803,산성로,25020680,문화2동
1860141501,테크노8로,25040630,관평동
1860650901,복용북로33번길,25040690,학하동
1860205501,유성대로,25040640,온천1동
1840067800,대전천서로,25020560,문창동
1850269100,구봉산북로,25030730,관저2동
1870496401,구족로,25050610,목상동
1850137600,청사로,25030600,둔산2동
1860186801,지족로,25040670,노은3동
1850296503,벌곡로,25030511,가수원동
1870027901,쌍청당로,25050550,중리동
1830016907,새울로,25010550,판암1동
1870480702,대청로,25050580,신탄진동
1860012600,호남고속도로지선,25040550,신성동
1840181302,대천서로,25020540,중촌동
1860037304,계룡로32번길,25040640,온천1동
1860086906,노은서로96번길,25040590,노은1동
1830469903,동부로10번길,25010550,판암1동
1840127202,보문산로,25020670,문화1동
1830454201,동중앙로,25010760,중앙동
1850021701,유등로17번길,25030510,복수동
1830005041,대전로,25010750,산내동
1870026804,중리서로,25050550,중리동
1840048602,대종로,25020510,은행선화동
1860130802,유성대로,25040570,전민동
1860438601,테크노중앙로,25040630,관평동
1850273301,관저중로,25030730,관저2동
1850065807,신갈마로,25030640,갈마1동
1830126305,동구청로,25010530,효동
1870074500,대덕대로1448번길,25050610,목상동
1850317500,원도안로242번길,25030512,도안동
1850114200,둔산북로,25030740,둔산3동
1860099001,엑스포로97번길,25040550,신성동
1860092001,노은로,25040590,노은1동
1860012812,대덕대로,25040610,구즉동
1850088001,문정로,25030570,탄방동
1860186300,지족로,25040670,노은3동
1860213200,자운로97번길,25040550,신성동
1850009401,계룡로,25030650,갈마2동
1850328901,갈마로85번길,25030650,갈마2동
1860121802,북유성대로,25040670,노은3동
1860064500,장대로,25040540,온천2동
1850096501,남선로,25030570,탄방동
1830010403,계족로,25010800,삼성동
1860233501,테크노2로,25040630,관평동
1860144300,테크노2로,25040630,관평동
1860018501,진잠로149번길,25040680,진잠동
1850090601,갑천도시고속도로,25030660,월평1동
1870484003,한밭대로1009번길,25050510,오정동
1860123301,반석서로,25040670,노은3동
1870077402,대덕대로1454번길,25050610,목상동
1870018300,동춘당로15번길,25050620,송촌동
1830181600,통영대전고속도로,25010750,산내동
1850045307,도산로,25030520,도마1동
1860191103,반석로,25040670,노은3동
1850273902,관저중로,25030730,관저2동
1860393502,유성대로877번길,25040540,온천2동
1870004200,신탄진로,25050600,덕암동
1860377401,복용북로,25040690,학하동
1870088301,대전천북로,25050510,오정동
1870151601,장동로,25050530,회덕동
1860673304,계룡로32번길,25040640,온천1동
1840022302,천근로69번길,25020680,문화2동
1850072500,계룡로571번길,25030570,탄방동
1860623100,지족북로,25040670,노은3동
1850329503,계룡로354번길,25030640,갈마1동
1860193900,한밭대로,25040640,온천1동
1860201304,북유성대로316번길,25040660,노은2동
1870487501,대전천북로,25050510,오정동
1860232802,구룡달전로,25040610,구즉동
1860142900,테크노8로,25040630,관평동
1840044405,태평로,25020640,태평2동
1830128200,동부로,25010570,용운동
1860104701,노은로,25040660,노은2동
1860424600,테크노4로,25040630,관평동
1850295401,동서대로,25040710,원신흥동
1830049701,한밭대로,25010650,용전동
1850204601,동서대로,25030512,도안동
1860152800,금남구즉로,25040610,구즉동
1840022300,천근로69번길,25020680,문화2동
1850040200,복수서로,25030510,복수동
1870489108,송촌남로,25050620,송촌동
1860234500,용산1로,25040630,관평동
1860105400,노은서로,25040660,노은2동
1850067700,대덕대로,25030650,갈마2동
1850124202,갈마역로,25030600,둔산2동
1850066702,용문로,25030610,괴정동
1860662302,자운로221번길,25040550,신성동
1870017202,오정로,25050510,오정동
1840056000,대종로,25020540,중촌동
1860129100,엑스포로466번길,25040570,전민동
1860225200,도안동로,25040710,원신흥동
1850085501,탄방로,25030570,탄방동
1860126101,가정북로,25040550,신성동
1850090300,문정로,25030570,탄방동
1860439600,테크노중앙로,25040630,관평동
1850057202,유등로,25030620,가장동
1870501001,대전로1331번길,25050520,대화동
1850153100,갑천도시고속도로,25030690,만년동
1860632501,계백로,25040680,진잠동
1870038901,중리북로,25050550,중리동
1860025802,진잠옛로,25040680,진잠동
1860665101,자운로245번길,25040550,신성동
1850113200,신갈마로,25030640,갈마1동
1860379501,복용로,25040690,학하동
1870011302,한남로150번길,25050510,오정동
1860602600,지족동로142번길,25040670,노은3동
1860007302,호남고속도로지선,25040590,노은1동
1830025905,태전로,25010760,중앙동
1860608800,문지로,25040570,전민동
1870078102,대덕대로1470번길,25050610,목상동
1870011201,한남로,25050510,오정동
1870495701,대덕대로1284번길,25050610,목상동
1860380100,진잠옛로,25040690,학하동
1860622700,지족북로66번길,25040670,노은3동
1860025706,진잠옛로,25040680,진잠동
1850046500,도솔로,25030530,도마2동
1860117700,신성로68번길,25040550,신성동
1850317000,배재로197번길,25030530,도마2동
1830015001,대전로,25010750,산내동
1860092702,노은서로,25040590,노은1동
1860618102,문지로316번길,25040570,전민동
1850154805,변동중로45번길,25030550,변동
1850120806,신갈마로,25030640,갈마1동
1870012600,오정로75번길,25050510,오정동
1830181000,통영대전고속도로,25010750,산내동
1830129600,동부로,25010570,용운동
1830056405,하상도로,25010770,신인동
1860386900,도안대로,25040680,진잠동
1840188501,대흥로,25020550,대흥동
1860173504,용계로94번길,25040710,원신흥동
1850056805,배재로,25030550,변동
1840181200,대전천서로,25020540,중촌동
1830016101,동구청로,25010560,판암2동
1850080000,문정로,25030600,둔산2동
1850048006,도산로,25030520,도마1동
1830017008,새울로,25010550,판암1동
1860124500,신성로83번길,25040550,신성동
1860097701,엑스포로123번길,25040550,신성동
1850137801,문정로,25030600,둔산2동
1840023603,대전천서로,25020570,석교동
1870073601,덕암북로70번길,25050600,덕암동
1850146300,둔산대로,25030690,만년동
1850266501,계백로860번길,25030730,관저2동
1850336300,계백로,25030540,정림동
1850098700,둔산남로,25030570,탄방동
1860165000,갑천로,25040630,관평동
1860195902,반석로,25040670,노은3동
1840063803,당디로,25020690,산성동
1860021301,대정로28번안길,25040680,진잠동
1830015403,대전로448번길,25010530,효동
1850331902,벌곡로1285번길,25030511,가수원동
1830037401,가양로,25010650,용전동
1850153101,갑천도시고속도로,25030690,만년동
1840055401,목중로,25020540,중촌동
1860211001,상대로,25040700,상대동
1860046500,계룡로113번길,25040640,온천1동
1850319201,봉우로8번길,25030720,관저1동
1850108001,둔산로73번길,25030600,둔산2동
1830005127,대전로,25010530,효동
1840015303,대전천서로,25020570,석교동
1870050908,선비마을로,25050570,법2동
1860629200,과학로,25040550,신성동
1860628202,유성대로1312번길,25040550,신성동
1860129201,엑스포로466번길,25040570,전민동
1860627000,유성대로1422번길,25040550,신성동
1840055000,우암로,25020510,은행선화동
1830490102,새둑길,25010760,중앙동
1840180500,대전천서로,25020540,중촌동
1860131103,유성대로,25040570,전민동
1850060505,용문로,25030560,용문동
1870482800,벚꽃길,25050600,덕암동
1870046500,대화로132번길,25050520,대화동
1860209200,상대남로,25040700,상대동
1860133200,엑스포로,25040570,전민동
1860602400,지족동로142번길,25040670,노은3동
1870072900,덕암북로22번길,25050600,덕암동
1840181501,한남로,25020540,중촌동
1840045000,계룡로816번길,25020620,오류동
1860199300,학하복용서로,25040690,학하동
1840181400,대천서로,25020540,중촌동
1860106602,은구비로155번길,25040660,노은2동
1850067202,괴정로,25030570,탄방동
1860430501,관평1로,25040630,관평동
1860216200,월드컵대로,25040700,상대동
1870014301,오정로77번길,25050510,오정동
1870484801,한밭대로1009번길,25050520,대화동
1870059700,덕암로118번길,25050600,덕암동
1850330103,계룡로342번길,25030640,갈마1동
1850318101,도안동로11번길,25030512,도안동
1830036506,합내로,25010630,가양1동
1870031401,계족산로43번길,25050550,중리동
1840198002,-,25020620,오류동
1860125701,반석동로,25040670,노은3동
1850008103,계룡로,25030570,탄방동
1830462401,은어송로51번길,25010530,효동
1860224800,도안동로,25040710,원신흥동
1850058508,도솔로,25030630,내동
1840197202,오류로,25020620,오류동
1850118400,신갈마로230번길,25030640,갈마1동
1860229202,농대로,25040540,온천2동
1860037900,유성대로654번길,25040640,온천1동
1860401301,죽동로279번길,25040540,온천2동
1840045802,중앙로,25020550,대흥동
1870047801,대화로106번길,25050520,대화동
1860070900,문화원로,25040640,온천1동
1860672301,계룡로18번길,25040640,온천1동
1870497902,대덕대로,25050590,석봉동
1860429201,테크노중앙로,25040630,관평동
1870056607,덕암로,25050600,덕암동
1830476801,대전천북로,25010800,삼성동
1830468203,옥천로96번길,25010550,판암1동
1860623700,지족동로143번길,25040670,노은3동
1860100300,노은로,25040660,노은2동
1860119201,반석동로,25040670,노은3동
1860688401,-,25040630,관평동
1860368501,학하중앙로,25040690,학하동
1830447600,동서대로1683번길,25010650,용전동
1830008200,옥천로,25010770,신인동
1860116600,신성남로,25040550,신성동
1870484601,대전로1185번길,25050510,오정동
1860006501,호남고속도로지선,25040540,온천2동
1850193901,도안북로,25030512,도안동
1870013603,한남로88번길,25050510,오정동
1860087403,노은동로87번길,25040590,노은1동
1860010505,대덕대로,25040550,신성동
1870011101,한남로,25050510,오정동
1850101602,둔산중로32번길,25030590,둔산1동
1860691403,-,25040700,상대동
1870003700,호남고속도로지선,25050530,회덕동
1850145901,유등로,25030690,만년동
1840051902,보문로337번길,25020510,은행선화동
1860379004,복용북로,25040690,학하동
1850085901,갈마로,25030650,갈마2동
1870012903,오정로,25050510,오정동
1860419101,유성대로1184번길,25040550,신성동
1860645301,엑스포로,25040550,신성동
1870028200,송촌북로,25050550,중리동
1860052701,유성대로694번길,25040640,온천1동
1860201400,학하중앙로,25040690,학하동
1860685301,복합환승로26번길,25040640,온천1동
1870497201,대덕대로1277번길,25050610,목상동
1840001705,대둔산로,25020690,산성동
1860090704,노은동로,25040590,노은1동
1850314100,계룡로416번길,25030650,갈마2동
1840012900,사정공원로,25020690,산성동
1860429401,테크노2로,25040630,관평동
1870199600,경부고속도로,25050530,회덕동
1860041802,계룡로141번길,25040640,온천1동
1860661202,자운로97번길,25040550,신성동
1850057902,도산로,25030620,가장동
1860723400,-,25040680,진잠동
1860617200,문지로,25040570,전민동
1850046109,제비네1길,25030530,도마2동
1830032304,길티길,25010600,자양동
1840065903,계백로1686번길,25020670,문화1동
1850312900,대덕대로249번길,25030600,둔산2동
1850074300,신갈마로,25030640,갈마1동
1860395901,원신흥남로11번길,25040710,원신흥동
1850151501,둔산대로117번길,25030690,만년동
1830008401,충무로,25010770,신인동
1860727600,도안대로,25040680,진잠동
1860388100,도안대로,25040680,진잠동
1860084304,북유성대로,25040590,노은1동
1850149202,만년로,25030690,만년동
1840048702,선화로,25020510,은행선화동
1860431501,테크노중앙로,25040630,관평동
1830476805,대전천북로,25010800,삼성동
1860620900,지족북로,25040670,노은3동
1860377801,복용북로,25040690,학하동
1860645501,-,25040550,신성동
1830007504,옥천로,25010560,판암2동
1830057707,이사로,25010750,산내동
1850078300,대종로,25020540,중촌동
1850128600,유등로,25030600,둔산2동
1830474501,대종로,25010750,산내동
1860169301,온천북로33번길,25040640,온천1동
1860096000,은구비남로33번길,25040590,노은1동
1860221001,봉명로,25040710,원신흥동
1860188001,신촌1길,25040670,노은3동
1860597502,계백로801번길,25040680,진잠동
1850063104,갈마로203번길,25030610,괴정동
1870482200,방두말1길,25050600,덕암동
1860603500,송림로53번길,25040660,노은2동
1840027400,대종로333번길,25020590,부사동
1840046401,동서대로,25020630,태평1동
1860021702,유성대로,25040680,진잠동
1830454401,산내로,25010750,산내동
1860016602,진잠로42번길,25040680,진잠동
1850316001,신갈마로86번길,25030640,갈마1동
1850057501,가장로,25030620,가장동
1860307404,북유성대로400번길,25040660,노은2동
1850312603,한밭대로656번길,25030640,갈마1동
1860012814,대덕대로,25040550,신성동
1860221402,계룡로132번길,25040710,원신흥동
1830471202,백룡로57번길,25010600,자양동
1850315002,대덕대로161번길,25030650,갈마2동
1870071400,대덕대로1448번길,25050610,목상동
1830474302,산서로,25010750,산내동
1830015800,옥천로180번길,25010550,판암1동
1840045401,중교로,25020550,대흥동
1840123500,서문로,25020670,문화1동
1840026500,대종로,25020590,부사동
1860142000,-,25040630,관평동
1830011117,계족로,25010790,성남동
1850094100,대덕대로176번길,25030600,둔산2동
1830041922,대청호수로,25010730,대청동
1850290001,관저동로,25030730,관저2동
1850159402,구봉로,25030540,정림동
1870057100,산업단지로,25050600,덕암동
1850046207,사마1길,25030530,도마2동
1830488901,-,25010790,성남동
1830032709,동서대로1572번길,25010790,성남동
1840126604,운남로,25020690,산성동
1840015006,모암로,25020570,석교동
1830020500,대전로,25010760,중앙동
1850006603,계백로,25030520,도마1동
1870485400,계족로574번길,25050550,중리동
1830475104,대전천동로,25010770,신인동
1860660401,송림로54번길,25040660,노은2동
1850120802,신갈마로,25030640,갈마1동
1860435501,테크노중앙로,25040630,관평동
1860401801,상대동로,25040700,상대동
1860615202,문지로315번길,25040570,전민동
1870496802,갑천도시고속도로,25050610,목상동
1870014400,오정로77번길,25050510,오정동
1850034401,관저북로,25030720,관저1동
1850281104,관저남로25번길,25030730,관저2동
1870028501,동춘당로44번길,25050620,송촌동
1860224500,원신흥로,25040710,원신흥동
1860101002,은구비로,25040590,노은1동
1870001700,계족로,25050570,법2동
1830052201,동구청로,25010550,판암1동
1850278301,도안북로,25040680,진잠동
1870087506,대청로82번길,25050580,신탄진동
1830019306,동부로,25010570,용운동
1870050900,선비마을로,25050530,회덕동
1860613401,문지로299번길,25040570,전민동
1840016202,보문산로,25020690,산성동
1860035100,월드컵대로253번길,25040640,온천1동
1830283800,동산초교로23번길,25010680,홍도동
1840032604,수침로,25020660,유천2동
1830033503,우암로,25010790,성남동
1860721700,-,25030660,월평1동
1860192400,지족동로,25040670,노은3동
1840023909,문화로234번길,25020670,문화1동
1870056702,덕암로,25050600,덕암동
1860368002,학하중앙로128번길,25040690,학하동
1840053906,목동로,25020530,목동
1870080700,대덕대로1409번길,25050610,목상동
1830009701,계족로,25010760,중앙동
1860124213,엑스포로,25040570,전민동
1870019801,옛신탄진로,25050510,오정동
1830453800,-,25010630,가양1동
1870020601,한밭대로,25050550,중리동
1850044701,도산로,25030520,도마1동
1850080603,탄방로,25030570,탄방동
1850081000,탄방로,25030570,탄방동
1870016400,한밭대로1006번길,25050510,오정동
1860331802,북유성대로,25040660,노은2동
1840057404,목중로,25020540,중촌동
1850067803,갈마로,25030610,괴정동
1860099701,은구비로,25040590,노은1동
1850058600,유등로,25030560,용문동
1850287600,도안북로93번길,25030512,도안동
1850090901,문정로9번길,25030600,둔산2동
1850155601,유등로,25030520,도마1동
1850313002,대덕대로249번길,25030600,둔산2동
1850034501,관저북로,25030720,관저1동
1860663702,자운로221번길,25040550,신성동
1870030407,송촌북로12번길,25050620,송촌동
1840028100,문화로,25020670,문화1동
1840189601,산성로57번길,25020690,산성동
1840017701,대종로,25020570,석교동
1860171600,은구비남로7번길,25040590,노은1동
1860377701,복용북로,25040690,학하동
1830464002,대전로448번길,25010530,효동
1860030602,월드컵대로351번길,25040640,온천1동
1830044100,우암로,25010640,가양2동
1830022402,새울로,25010570,용운동
1850092603,갈마로,25030640,갈마1동
1850331806,벌곡로1285번길,25030511,가수원동
1860114302,가정북로,25040550,신성동
1830057401,대전로987번길,25010800,삼성동
1860608701,문지로,25040570,전민동
1850291200,동서대로,25030512,도안동
1860606002,구즉로57번길,25040610,구즉동
1860117505,지족로,25040670,노은3동
1860048801,계룡로155번길,25040640,온천1동
1860605600,구즉로58번길,25040610,구즉동
1850329702,신갈마로,25030640,갈마1동
1850128500,한밭대로,25030740,둔산3동
1860090601,은구비남로,25040590,노은1동
1860155101,배울1로,25040630,관평동
1850123202,월평로,25030660,월평1동
1870073700,덕암북로70번길,25050600,덕암동
1840189202,보문산로,25020690,산성동
1860396901,죽동로298번길,25040540,온천2동
1860376700,복용북로,25040690,학하동
1860125501,반석로,25040670,노은3동
1870011702,오정로,25050510,오정동
1840187902,보문로162번길,25020580,대사동
1870002619,신탄진로,25050530,회덕동
1840050101,보문로,25020510,은행선화동
1870061400,신일서로86번길,25050610,목상동
1870019802,옛신탄진로,25050510,오정동
1840047200,중교로,25010760,중앙동
1860122400,노은로410번길,25040660,노은2동
1840019100,당디로,25020690,산성동
1870012602,오정로75번길,25050510,오정동
1840020401,당디로6번길,25020680,문화2동
1860214101,원신흥로,25040710,원신흥동
1860194902,북유성대로,25040660,노은2동
1850070400,문정로2번길,25030570,탄방동
1840031600,유천로,25020660,유천2동
1830185500,통영대전고속도로,25010550,판암1동
1860018300,진잠로,25040680,진잠동
1860234501,용산1로,25040630,관평동
1850007201,계룡로,25030570,탄방동
1870072200,대덕대로1486번길,25050610,목상동
1860132100,-,25040550,신성동
1840033602,충무로107번길,25020550,대흥동
1850027901,관저로,25030730,관저2동
1850058502,도솔로,25030630,내동
1860651802,복용북로33번길,25040690,학하동
1860671802,계룡로16번길,25040640,온천1동
1830464100,은어송로51번길,25010530,효동
1860654401,계룡로59번길,25040640,온천1동
1830473203,성남로,25010790,성남동
1850068903,도솔로,25030570,탄방동
1870043802,대화로52번길,25050520,대화동
1860423303,테크노1로,25040630,관평동
1870086201,신탄진북로,25050580,신탄진동
1860126000,유성대로,25040550,신성동
1850144901,둔산대로,25030600,둔산2동
1870008600,대청로,25050580,신탄진동
1860221502,계룡로132번길,25040710,원신흥동
1840050902,선화로,25020510,은행선화동
1840057400,목중로,25020540,중촌동
1840024708,문화로,25020690,산성동
1850032607,벌곡로1353번길,25030511,가수원동
1870034502,계족산로17번길,25050550,중리동
1870065003,신일동로93번길,25050610,목상동
1840026005,유천로,25020660,유천2동
1830042800,동서대로,25010650,용전동
1860010518,대덕대로,25040550,신성동
1860683502,구룡달전로,25040610,구즉동
1860173503,용계로94번길,25040680,진잠동
1850155101,유등로,25030550,변동
1860139802,자운로,25040550,신성동
1830477601,-,25010530,효동
1840040502,유천로132번길,25020630,태평1동
1830126600,동구청로,25010530,효동
1830032407,길티길,25010630,가양1동
1860726000,도안대로,25040680,진잠동
1850129501,문예로,25030590,둔산1동
1870040703,중리북로,25050550,중리동
1860122901,노은로426번길,25040660,노은2동
1850052104,도산로,25030550,변동
1830125300,대학로50번길,25010570,용운동
1850310801,대덕대로167번길,25030650,갈마2동
1860661302,자운로97번길,25040550,신성동
1860364402,학하남로65번길,25040690,학하동
1840030903,계룡로920번길,25020580,대사동
1860336100,대전남부순환고속도로,25040680,진잠동
1860673702,계룡로,25040640,온천1동
1840026301,보문로,25020560,문창동
1840032607,수침로,25020660,유천2동
1870013202,오정로38번길,25050510,오정동
1870025701,대전로,25050510,오정동
1860018700,유성대로,25040680,진잠동
1860075203,문화원로37번길,25040540,온천2동
1870499001,대화로32번길,25050520,대화동
1860004509,현충원로,25040640,온천1동
1840025301,문화로,25020680,문화2동
1850109800,문예로,25030590,둔산1동
1870018604,한밭대로,25050510,오정동
1860003202,계룡로,25040640,온천1동
1850307300,갈마중로37번길,25030650,갈마2동
1850338700,도안대로,25030720,관저1동
1850310302,계백로,25030720,관저1동
1840027404,대종로333번길,25020590,부사동
1850073501,문정로40번길,25030570,탄방동
1870043600,대화로,25050520,대화동
1870062102,덕암로,25050600,덕암동
1830452600,우암로,25010790,성남동
1830023503,용운로151번길,25010570,용운동
1850051513,변동로,25030550,변동
1830019301,동부로,25010570,용운동
1860673202,계룡로26번길,25040640,온천1동
1850011403,대덕대로,25030600,둔산2동
1830044702,홍도로,25050550,중리동
1840002701,대둔산로,25020690,산성동
1850063600,탄방로,25030560,용문동
1850123300,월평로,25030660,월평1동
1870084002,석봉로,25050590,석봉동
1830450902,대동천우안3길,25010780,대동
1850093000,문예로,25030570,탄방동
1870482301,방두말1길,25050600,덕암동
1860367301,학하중앙로127번길,25040690,학하동
1870064005,신일서로18번길,25050610,목상동
1860395700,원신흥남로27번길,25040710,원신흥동
1860648202,구룡달전로,25040610,구즉동
1860114304,가정북로,25040550,신성동
1850047902,조달청길,25030520,도마1동
1860032802,월드컵대로307번길,25040640,온천1동
1840003200,대둔산로,25020690,산성동
1870197800,경부고속도로,25050530,회덕동
1860062400,온천북로,25040640,온천1동
1860336601,박산로,25040640,온천1동
1850065102,괴정로76번길,25030610,괴정동
1870085302,대덕대로1417번길,25050610,목상동
1870040303,대화로150번길,25050520,대화동
1860006600,호남고속도로지선,25040540,온천2동
1850055803,동서대로,25030550,변동
1860368800,학하북로,25040690,학하동
1870498502,대덕대로,25050590,석봉동
1830449401,대전로448번길,25010530,효동
1850057801,도산로,25030620,가장동
1840053502,대종로,25020510,은행선화동
1860365203,학하서로,25040690,학하동
1870482900,장동로278번길,25050530,회덕동
1870489202,송촌남로,25050620,송촌동
1860131617,유성대로,25040550,신성동
1860144001,테크노9로,25040630,관평동
1850088600,문정로,25030570,탄방동
1860119108,반석동로,25040670,노은3동
1870481500,방두말1길,25050600,덕암동
1850148901,만년로67번길,25030690,만년동
1870024600,천변도시고속도로,25050520,대화동
1860432400,테크노2로,25040630,관평동
1870197200,경부고속도로,25050530,회덕동
1850316603,도솔로388번길,25030610,괴정동
1830056001,세천공원로,25010550,판암1동
1860066900,문화원로146번길,25040640,온천1동
1850048200,조달청길,25030520,도마1동
1870003924,신탄진로,25050530,회덕동
1870083700,문평동로18번길,25050610,목상동
1850203202,원도안로,25030512,도안동
1860199401,학하복용서로,25040690,학하동
1830007203,계족로,25010530,효동
1850060105,가장로,25030610,괴정동
1840012601,사정공원로,25020690,산성동
1840189504,산성로57번길,25020690,산성동
1840012402,사정공원로,25020690,산성동
1870499205,한남로67번길,25050510,오정동
1840066301,문창로,25020560,문창동
1860008512,대덕대로,25040550,신성동
1850307303,갈마중로37번길,25030650,갈마2동
1870074402,대덕대로1448번길,25050610,목상동
1840045005,계룡로816번길,25020620,오류동
1840014708,대종로,25020570,석교동
1860079903,프란치스코교황로,25040590,노은1동
1870087202,신탄진북로,25050580,신탄진동
1860012710,대덕대로,25040630,관평동
1860064300,유성대로720번길,25040540,온천2동
1830475801,대흥로,25010760,중앙동
1860386701,도안북로,25040680,진잠동
1860007310,호남고속도로지선,25040590,노은1동
1830057803,이사로,25010750,산내동
1860665902,자운로245번길,25040550,신성동
1860201701,학하중앙로,25040690,학하동
1850137701,청사로,25030600,둔산2동
1870017200,오정로,25050510,오정동
1860079303,장대로,25040540,온천2동
1840016503,보문산로,25020690,산성동
1850025702,벌곡로,25030511,가수원동
1860680702,대정로42번길,25040680,진잠동
1860036701,계룡로38번길,25040640,온천1동
1840030201,보문로,25020580,대사동
1850033400,유등로,25030510,복수동
1850003000,계백로,25040680,진잠동
1860432301,테크노5로,25040630,관평동
1830476502,대전천동로,25010760,중앙동
1850149204,만년로,25030690,만년동
1860200300,학하복용로,25040690,학하동
1840003409,대둔산로,25020690,산성동
1830015306,대전로448번길,25010530,효동
1830034803,현암로,25010800,삼성동
1860622301,지족북로66번길,25040670,노은3동
1860662502,-,25040550,신성동
1850051414,변동로,25030550,변동
1830045900,비래서로,25010640,가양2동
1830018501,대동천좌안3길,25010770,신인동
1850046801,도마5길,25030520,도마1동
1850060702,동서대로,25030630,내동
1860427901,관평2로,25040630,관평동
1860673601,계룡로38번길,25040640,온천1동
1850090000,문예로,25030570,탄방동
1860670701,월드컵대로321번길,25040640,온천1동
1830475003,대전로,25010530,효동
1830453000,동서대로1695번길,25010650,용전동
1870481001,방두말1길,25050600,덕암동
1840046600,수침로,25020630,태평1동
1840049201,중앙로,25020510,은행선화동
1860373104,학하복용로,25040690,학하동
1870051500,중리서로,25050560,법1동
1830123801,백룡로,25010600,자양동
1860417901,유성대로1184번길,25040550,신성동
1870301801,신탄진로,25050580,신탄진동
1830011210,계족로,25010790,성남동
1860090703,노은동로,25040590,노은1동
1850205401,도안동로,25030512,도안동
1860669604,유성대로626번길,25040640,온천1동
1850061909,괴정로,25030620,가장동
1850055900,동서대로,25030550,변동
1860434400,테크노1로,25040630,관평동
1860067101,박산로,25040640,온천1동
1850290400,동서대로,25030512,도안동
1860155502,관평천변로,25040630,관평동
1870496800,갑천도시고속도로,25050610,목상동
1830178100,대전남부순환고속도로,25010750,산내동
1830023200,용운로,25010570,용운동
1840199302,솔밭로,25020580,대사동
1840063701,당디로,25020650,유천1동
1850089900,문정로89번길,25030570,탄방동
1860160500,용산1로,25040630,관평동
1840023901,문화로234번길,25020670,문화1동
1870075705,신일동로5번길,25050610,목상동
1870024300,선비마을로,25050620,송촌동
1850303102,구봉로,25030540,정림동
1840063805,당디로,25020690,산성동
1860661001,자운로97번길,25040550,신성동
1860019901,대정로,25040680,진잠동
1830185000,통영대전고속도로,25010550,판암1동
1850138701,청사로,25030600,둔산2동
1870062105,덕암로,25050600,덕암동
1860040804,유성대로680번길,25040640,온천1동
1830052808,은어송로,25010530,효동
1830476601,대전천동로,25010760,중앙동
1870027300,동춘당로44번길,25050620,송촌동
1830035708,대전로,25050510,오정동
1860652001,원신흥남로12번길,25040710,원신흥동
1860114900,노은로,25040660,노은2동
1850123200,월평로,25030660,월평1동
1860635401,동서대로656번길,25040680,진잠동
1830012825,계족로,25010650,용전동
1860422402,배울2로,25040630,관평동
1850067907,갈마로,25030650,갈마2동
1850070501,문정로2번길,25030570,탄방동
1860601701,지족북로66번길,25040670,노은3동
1860127200,반석동로,25040670,노은3동
1860132005,유성대로1312번길,25040550,신성동
1850076702,대덕대로168번길,25030650,갈마2동
1860163601,테크노2로,25040630,관평동
1830476500,대전천동로,25010760,중앙동
1860120402,노은로,25040660,노은2동
1850142601,문예로,25030600,둔산2동
1860112703,유성대로,25040550,신성동
1860082703,왕가봉로24번길,25040590,노은1동
1850009305,계룡로,25030600,둔산2동
1860601201,반석동로,25040670,노은3동
1830474223,산서로,25010750,산내동
1860428201,테크노2로,25040630,관평동
1850202801,도안동로,25030512,도안동
1840004306,충무로,25020580,대사동
1870484201,대화로,25050520,대화동
1830464202,은어송로51번길,25010530,효동
1850104100,둔산중로,25030590,둔산1동
1830450100,천동초등동길,25010530,효동
1850308900,관저중로64번길,25030730,관저2동
1860334000,호남고속도로지선,25040690,학하동
1860238701,갑천로,25040630,관평동
1840019900,서문로,25020680,문화2동
1860060200,온천북로,25040640,온천1동
1860110002,은구비로156번길,25040660,노은2동
1860221101,봉명로,25040710,원신흥동
1830017902,동부로,25010570,용운동
1830490604,새둑길,25010760,중앙동
1830461500,은어송로51번길,25010530,효동
1870497200,대덕대로1277번길,25050610,목상동
1840199602,충무로,25020580,대사동
1860143202,테크노2로,25040630,관평동
1850317400,배재로197번길,25030530,도마2동
1870485401,계족로574번길,25050550,중리동
1870027802,송촌북로5번길,25050550,중리동
1860066901,문화원로146번길,25040640,온천1동
1850300800,벌곡로,25030511,가수원동
1860618701,문지로316번길,25040570,전민동
1860088500,노은동로99번길,25040590,노은1동
1860415501,유성대로,25040550,신성동
1850327801,갈마역로,25030640,갈마1동
1850033200,복수동로,25030510,복수동
1860613801,문지로299번길,25040570,전민동
1840193001,유등천동로,25020640,태평2동
1850034601,정림서로,25030540,정림동
1860615402,문지로315번길,25040570,전민동
1860095002,엑스포로97번길,25040550,신성동
1850011704,대덕대로,25030670,월평2동
1860604801,교촌대정로,25040680,진잠동
1850334401,구봉산북로,25030730,관저2동
1860172700,봉산북로,25040610,구즉동
1860431400,테크노중앙로,25040630,관평동
1850232002,도안남로,25030720,관저1동
1830057704,이사로,25010750,산내동
1860661408,자운로97번길,25040550,신성동
1830474905,대전로,25010770,신인동
1870007702,신탄진로,25050580,신탄진동
1840009302,방아미로,25020690,산성동
1850051404,변동로,25030550,변동
1860365000,학하남로,25040690,학하동
1860064400,유성대로720번길,25040540,온천2동
1850068800,도솔로,25030570,탄방동
1870074300,대덕대로1454번길,25050610,목상동
1830021108,용운로,25010780,대동
1830491601,삼가로,25010800,삼성동
1870489200,송촌남로,25050620,송촌동
1850089500,둔산서로,25030600,둔산2동
1860386600,도안대로,25040680,진잠동
1840030103,보문로,25020580,대사동
1870019603,중리서로,25050550,중리동
1860063700,온천북로33번길,25040640,온천1동
1840066702,산서로,25020690,산성동
1850109004,둔산로,25030600,둔산2동
1850009903,계룡로,25030650,갈마2동
1850071101,문정로48번길,25030570,탄방동
1850326401,신갈마로,25030640,갈마1동
1840194301,계룡로,25020600,용두동
1850122101,둔산북로,25030590,둔산1동
1830030408,태전로,25010800,삼성동
1850091306,둔산서로10번길,25030600,둔산2동
1840060003,어덕마을로104번길,25020540,중촌동
1850107900,둔산로,25030600,둔산2동
1870298200,한남로,25050510,오정동
1860089202,노은서로108번길,25040590,노은1동
1840191101,보문산로,25020690,산성동
1870078505,신탄진동로24번길,25050580,신탄진동
1850090900,문정로9번길,25030600,둔산2동
1830449303,대전로448번길,25010530,효동
1870477103,대덕대로1486번길,25050610,목상동
1850119602,월평중로,25030660,월평1동
1850052002,도산로,25030550,변동
1830462000,동구청로,25010530,효동
1850058905,괴정로,25030620,가장동
1830466000,신기로101번길,25010530,효동
1840055102,대전천서로,25020510,은행선화동
1850318704,도안중로,25030720,관저1동
1830446401,삼가로,25010800,삼성동
1840027505,보문로,25020580,대사동
1850328301,대덕대로175번길,25030600,둔산2동
1870043901,대화로52번길,25050520,대화동
1860414300,유성대로1205번길,25040550,신성동
1850232501,도안대로,25030730,관저2동
1860163801,테크노6로,25040630,관평동
1870203304,경부고속도로,25050530,회덕동
1860156400,배울2로,25040630,관평동
1870060912,덕암로203번길,25050600,덕암동
1850004002,계백로,25030512,도안동
1830027005,선화로,25010800,삼성동
1850107501,둔산북로90번길,25030600,둔산2동
1870481800,방두말2길,25050600,덕암동
1850100100,둔산남로,25030600,둔산2동
1860375001,학하로159번길,25040690,학하동
1840042103,중앙로,25020550,대흥동
1830470000,동부로10번길,25010550,판암1동
1850003903,계백로,25030512,도안동
1870019701,옛신탄진로,25050510,오정동
1850035400,유등로,25030510,복수동
1860648001,구룡달전로,25040610,구즉동
1860367300,학하중앙로127번길,25040690,학하동
1860436501,테크노2로,25040630,관평동
1870489406,비래동로,25050540,비래동
1870006301,대덕대로,25050610,목상동
1850139900,청사로,25030600,둔산2동
1830026008,태전로,25010760,중앙동
1840038001,인창로,25020560,문창동
1830026201,용운로151번길,25010570,용운동
1850321302,구봉로131번길,25030730,관저2동
1850210001,동서대로,25030660,월평1동
1860106102,대덕대로512번길,25040550,신성동
1870302300,-,25050580,신탄진동
1870059402,덕암로,25050600,덕암동
1850025806,관저중로64번길,25030730,관저2동
1860047600,계룡로105번길,25040640,온천1동
1870485703,동춘당로44번길,25050620,송촌동
1860336400,호남고속도로지선,25040690,학하동
1860674807,문화원로6번길,25040540,온천2동
1830005102,대전로,25010530,효동
1850084702,-,25030600,둔산2동
1850066703,용문로,25030610,괴정동
1860657901,대덕대로,25040550,신성동
1830028807,태전로,25010800,삼성동
1830489405,한남로67번길,25010680,홍도동
1840011700,안영로79번길,25020690,산성동
1860133401,엑스포로539번길,25040570,전민동
1860637101,온천동로,25040640,온천1동
1830052202,동구청로,25010530,효동
1840038201,대전천서로,25020560,문창동
1850022601,구봉로,25030730,관저2동
1850091100,유등로669번길,25030570,탄방동
1840042902,계룡로816번길,25020620,오류동
1860659402,학하로111번길,25040690,학하동
1870048100,계족로664번길,25050570,법2동
1860635201,동서대로656번길,25040680,진잠동
1850130401,한밭대로,25030600,둔산2동
1840042400,선화서로,25020510,은행선화동
1850320801,-,25030730,관저2동
1860077005,온천서로,25040540,온천2동
1860418600,신성로,25040550,신성동
1850204202,원도안로,25030512,도안동
1850109601,둔산중로58번길,25030590,둔산1동
1870019300,한밭대로,25050550,중리동
1870492102,우암동로,25050540,비래동
1850137902,문정로,25030600,둔산2동
1850035303,복수동로,25030510,복수동
1830036602,합내로,25010630,가양1동
1860059602,온천북로,25040640,온천1동
1860608001,문지로,25040570,전민동
1850092509,갈마중로,25030650,갈마2동
1850290500,도안북로,25030512,도안동
1840051105,목동로,25020530,목동
1860680506,원계산로,25040680,진잠동
1840025405,문화로,25020650,유천1동
1830475013,대전로,25010770,신인동
1830016600,옥천로,25010550,판암1동
1840032806,문창로,25020560,문창동
1870062500,대덕대로1284번길,25050610,목상동
1840026803,보문산공원로,25020580,대사동
1860634500,도안북로,25040680,진잠동
1860063701,온천북로33번길,25040640,온천1동
1850092506,갈마중로,25030650,갈마2동
1870086800,문평동로72번길,25050610,목상동
1830037010,동대전로248번길,25010640,가양2동
1860020100,대정로28번안길,25040680,진잠동
1830044102,우암로,25010640,가양2동
1850204201,원도안로,25030512,도안동
1850325701,구봉로,25030511,가수원동
1860009101,대덕대로,25040550,신성동
1860332401,호남고속도로지선,25040680,진잠동
1850083001,문정로60번길,25030570,탄방동
1870490304,우암로,25050540,비래동
1860632502,계백로,25040680,진잠동
1860442701,테크노2로,25040630,관평동
1860602200,지족북로66번길,25040670,노은3동
1850093400,둔산중로14번길,25030570,탄방동
1860214302,노은로,25040550,신성동
1860097202,은구비남로7번길,25040590,노은1동
1860611500,문지로,25040570,전민동
1850334502,구봉산북로,25030730,관저2동
1860605603,구즉로58번길,25040610,구즉동
1860113300,가정로,25040550,신성동
1830016209,동구청로204번길,25010550,판암1동
1850307603,배재로233번길,25030550,변동
1860096600,은구비남로7번길,25040590,노은1동
1850294302,관저남로,25030730,관저2동
1860193000,지족로,25040670,노은3동
1870055900,신탄진로232번길,25050530,회덕동
1830284100,동산초교로55번길,25010680,홍도동
1850139500,청사로,25030600,둔산2동
1850114201,둔산북로,25030740,둔산3동
1840049906,선화로,25020510,은행선화동
1860083401,한밭대로,25040540,온천2동
1870028303,송촌북로4번길,25050620,송촌동
1870063201,신일서로85번길,25050610,목상동
1860599500,문지로315번길,25040570,전민동
1850048400,배재로,25030530,도마2동
1860436101,테크노2로,25040630,관평동
1830044103,우암로,25010640,가양2동
1830017504,동부로,25010560,판암2동
1860683602,구룡달전로,25040610,구즉동
1860086501,노은서로,25040590,노은1동
1860376503,복용북로,25040690,학하동
1850205902,도안동로,25030512,도안동
1830347507,충무로209번길,25010760,중앙동
1840048703,선화로,25020510,은행선화동
1830285205,한남로,25010680,홍도동
1870020703,중리로,25050550,중리동
1840043200,수침로,25020630,태평1동
1860423401,테크노1로,25040610,구즉동
1840058300,대전천서로,25020540,중촌동
1860640000,테크노중앙로,25040630,관평동
1870036601,송촌북로35번길,25050550,중리동
1850061200,도솔로,25030610,괴정동
1850077700,탄방로,25030570,탄방동
1850265001,계백로828번길,25030730,관저2동
1860671703,계룡로16번길,25040640,온천1동
1870052400,대전로1331번길,25050530,회덕동
1860160200,관평1로,25040630,관평동
1860150600,금남구즉로,25040610,구즉동
1840050900,선화로,25020510,은행선화동
1850139600,청사로,25030600,둔산2동
1830123200,대전로542번길,25010530,효동
1860036600,유성대로654번길,25040640,온천1동
1860087301,노은동로87번길,25040590,노은1동
1830035809,대전로,25050510,오정동
1830473002,성남로,25010800,삼성동
1860053801,온천로,25040640,온천1동
1830027002,선화로,25010800,삼성동
1860620001,대덕대로577번길,25040550,신성동
1850086200,대덕대로176번길,25030600,둔산2동
1850280602,동서대로656번길,25030512,도안동
1840022105,천근로,25020680,문화2동
1860128300,외삼로8번길,25040660,노은2동
1830027003,선화로,25010800,삼성동
1860148001,구즉로,25040610,구즉동
1850120401,월평서로,25030660,월평1동
1850076700,대덕대로168번길,25030650,갈마2동
1870062007,덕암로,25050600,덕암동
1860598500,문지로,25040570,전민동
1860101800,엑스포로123번길,25040550,신성동
1860363500,학하로,25040690,학하동
1870492903,중리동로,25050550,중리동
1850086101,계룡로571번길,25030570,탄방동
1850147201,둔산대로117번길,25030690,만년동
1850054902,갈마로,25030620,가장동
1850120302,월평로,25030660,월평1동
1860416801,유성대로1184번길,25040550,신성동
1860632402,계백로,25040680,진잠동
1850315801,신갈마로86번길,25030640,갈마1동
1840052900,대전천서로,25020510,은행선화동
1840004201,계백로,25020650,유천1동
1850103000,둔산중로46번길,25030590,둔산1동
1840006801,계룡로,25020600,용두동
1850065701,유등로,25030560,용문동
1840026802,보문산공원로,25020580,대사동
1870080505,대덕대로1486번길,25050610,목상동
1860020101,대정로28번안길,25040680,진잠동
1860078600,어은로,25040540,온천2동
1830015902,옥천로180번길,25010550,판암1동
1830191300,경부고속도로,25010730,대청동
1830023301,계족로140번길,25010570,용운동
1850012603,대덕대로,25030690,만년동
1860080901,한밭대로,25040540,온천2동
1850050002,도솔로,25030520,도마1동
1860201001,학하로,25040690,학하동
1850095800,갑천도시고속도로,25030660,월평1동
1840197207,오류로,25020620,오류동
1850088202,둔산중로,25030570,탄방동
1840059800,대종로,25020540,중촌동
1860722201,박산로,25040640,온천1동
1830037202,우암로,25010630,가양1동
1860009707,신성서로,25040550,신성동
1860088308,과학로,25040540,온천2동
1860098502,엑스포로123번길,25040550,신성동
1830285501,동산초교로34번길,25010680,홍도동
1850052515,중반5길,25030550,변동
1870075801,덕암북로58번길,25050600,덕암동
1830015502,옥천로180번길,25010550,판암1동
1860369801,학하남로100번길,25040690,학하동
1840181901,계룡로918번길,25020670,문화1동
1860009606,대덕대로,25040550,신성동
1830046501,한밭대로,25010650,용전동
1870476601,-,25050580,신탄진동
1860663201,자운로221번길,25040550,신성동
1850043203,복수북로,25030510,복수동
1850112600,둔산로,25030600,둔산2동
1870019401,한밭대로,25050550,중리동
1870015303,오정로,25050510,오정동
1860366703,학하중앙로128번길,25040690,학하동
1850138400,청사로,25030600,둔산2동
1860651602,-,25040690,학하동
1860098201,엑스포로123번길,25040550,신성동
1870034403,계족산로17번길,25050570,법2동
1850328001,둔지로,25030600,둔산2동
1860414301,유성대로1205번길,25040550,신성동
1850123600,둔산서로,25030600,둔산2동
1850056200,변동중로,25030550,변동
1860442100,테크노11로,25040630,관평동
1830453801,-,25010630,가양1동
1870026303,계족산로5번길,25050550,중리동
1850049801,도산로,25030550,변동
1860030501,월드컵대로351번길,25040700,상대동
1860067100,박산로,25040640,온천1동
1850027301,정림서로138번길,25030540,정림동
1830030500,대성길,25010630,가양1동
1830021100,용운로,25010780,대동
1860400603,상대동로,25040700,상대동
1860427800,테크노5로,25040630,관평동
1830286003,동산초교로,25010680,홍도동
1850197701,도안중로,25030720,관저1동
1830037011,동대전로248번길,25010640,가양2동
1860176801,진잠로140번길,25040680,진잠동
1850125600,월평로,25030660,월평1동
1830464701,은어송로51번길,25010530,효동
1840189902,보문산로41번길,25020690,산성동
1860122100,문지로,25040570,전민동
1840049703,계룡로771번길,25020600,용두동
1840046507,수침로,25020630,태평1동
1850087300,계룡로,25030600,둔산2동
1860415701,신성로,25040550,신성동
1850322900,구봉로,25030511,가수원동
1850049304,도마로,25030550,변동
1860112803,유성대로,25040550,신성동
1830473204,성남로,25010790,성남동
1870083001,문평동로18번길,25050610,목상동
1850070800,계룡로553번길,25030570,탄방동
1850041400,정림로,25030540,정림동
1850102900,둔산로74번길,25030600,둔산2동
1830190900,통영대전고속도로,25010730,대청동
1860145900,테크노7로,25040630,관평동
1860422801,테크노4로,25040630,관평동
1850085202,신갈마로,25030640,갈마1동
1830036102,옛신탄진로,25010680,홍도동
1850008000,계룡로,25030570,탄방동
1850048302,조달청길,25030530,도마2동
1830036201,옛신탄진로,25010680,홍도동
1860106801,엑스포로,25040570,전민동
1850125402,월평로,25030660,월평1동
1860072702,대학로76번길,25040540,온천2동
1850158001,유등로,25030740,둔산3동
1850071501,문정로60번길,25030570,탄방동
1860150000,와룡로,25040610,구즉동
1850112100,둔산로73번길,25030600,둔산2동
1830016405,동부로,25010560,판암2동
1860013501,대덕대로,25040610,구즉동
1850101700,둔산중로32번길,25030590,둔산1동
1850032203,관저중로96번길,25030730,관저2동
1830053601,동구청로,25010530,효동
1840030403,서문로,25020620,오류동
1860681202,대정로42번길,25040680,진잠동
1850106800,둔산로101번길,25030590,둔산1동
1870204900,경부고속도로,25050540,비래동
1830028500,선화로,25010760,중앙동
1850029902,복수동로52번길,25030510,복수동
1840035800,유천로,25020640,태평2동
1850332802,관저중로95번길,25030730,관저2동
1840185901,중앙로122번길,25020550,대흥동
1870082504,대덕대로1470번길,25050610,목상동
1840023201,서문로,25020670,문화1동
1840198801,-,25020620,오류동
1860402701,유성대로935번길,25040540,온천2동
1850067600,대덕대로,25030650,갈마2동
1850071100,문정로48번길,25030570,탄방동
1830449200,대전로448번길,25010530,효동
1850265902,구봉산북로21번길,25030730,관저2동
1860010709,유성대로,25040550,신성동
1850115800,대덕대로234번길,25030600,둔산2동
1830030801,우암로,25010800,삼성동
1830468400,옥천로106번길,25010550,판암1동
1840199901,대둔산로364번길,25020690,산성동
1860376201,복용로12번길,25040690,학하동
1870066701,신탄진로,25050600,덕암동
1860615100,문지로315번길,25040570,전민동
1860387201,도안대로,25040680,진잠동
1860052200,온천동로,25040640,온천1동
1860054800,-,25040640,온천1동
1840051003,선화로,25020510,은행선화동
1860078702,대학로,25040540,온천2동
1870487901,대전천북로,25050510,오정동
1860665203,자운로245번길,25040550,신성동
1860691503,-,25040700,상대동
1850112702,둔산로,25030600,둔산2동
1870073102,덕암북로60번길,25050600,덕암동
1860196200,한밭대로,25040640,온천1동
1860426601,관평2로,25040630,관평동
1870026308,계족산로5번길,25050550,중리동
1860604703,교촌대정로,25040680,진잠동
1860625900,노은서로266번길,25040660,노은2동
1850144201,유등로,25030600,둔산2동
1830035802,대전로,25010800,삼성동
1860089604,노은서로,25040590,노은1동
1870015900,대전로,25050510,오정동
1860224401,원신흥로,25040710,원신흥동
1840016002,대전천서로,25020570,석교동
1870006108,신탄진로,25050600,덕암동
1870481801,방두말2길,25050600,덕암동
1830028805,태전로,25010800,삼성동
1850273900,관저중로,25030730,관저2동
1870013801,옛신탄진로,25050510,오정동
1850154607,변동중로45번길,25030550,변동
1850141703,월평동로,25030680,월평3동
1870059300,산업단지로,25050610,목상동
1850042903,관저북로,25030720,관저1동
1830472700,성남로,25010790,성남동
1870075300,대덕대로1486번길,25050610,목상동
1830285402,동산초교로23번길,25010680,홍도동
1840126300,계백로1716번길,25020670,문화1동
1870021110,우암로486번길,25050540,비래동
1860352702,탑립로,25040630,관평동
1860434101,테크노5로,25040630,관평동
1840036802,대흥로,25020550,대흥동
1840067002,잔디로,25020690,산성동
1850308802,-,25030730,관저2동
1840188001,보문로162번길,25020580,대사동
1860331307,덕명로56번길,25040690,학하동
1860021800,유성대로,25040680,진잠동
1860610300,문지로,25040570,전민동
1850028601,관저로,25030730,관저2동
1830031300,우암로,25010800,삼성동
1860632301,원내로,25040680,진잠동
1870479800,대화로161번길,25050520,대화동
1830055306,천개동로,25010730,대청동
1830007004,옥천로,25010550,판암1동
1850035203,복수동로,25030510,복수동
1860195500,학하복용서로,25040690,학하동
1830027204,대전천동로,25010800,삼성동
1850320200,관저중로64번길,25030730,관저2동
1870062008,덕암로,25050600,덕암동
1830035103,현암로,25010800,삼성동
1840037401,평촌로105번길,25020630,태평1동
1850265104,구봉산북로,25030730,관저2동
1860013100,대덕대로,25040610,구즉동
1840026107,보문로,25020590,부사동
1860232803,구룡달전로,25040610,구즉동
1830020000,계족로140번길,25010780,대동
1860052000,온천로,25040640,온천1동
1850063201,갈마로,25030630,내동
1830183600,통영대전고속도로,25010530,효동
1850159500,구봉로,25030540,정림동
1870030100,송촌북로,25050620,송촌동
1870028309,송촌북로4번길,25050620,송촌동
1870019900,송촌로,25050620,송촌동
1850092504,갈마중로,25030650,갈마2동
1860026102,진잠옛로135번길,25040690,학하동
1850008200,계룡로,25030570,탄방동
1860623201,지족북로,25040670,노은3동
1830052608,신기로,25010530,효동
1860408002,유성대로935번길,25040540,온천2동
1870488100,동산초교로,25050510,오정동
1870070900,덕암북로10번길,25050600,덕암동
1870012403,한남로150번길,25050510,오정동
1870075701,신일동로5번길,25050610,목상동
1860088201,대학로,25040540,온천2동
1860691602,-,25040700,상대동
1860112702,유성대로,25040550,신성동
1860088803,노은동로,25040590,노은1동
1860041201,유성대로668번길,25040640,온천1동
1870040904,계족로663번길,25050560,법1동
1850025302,복수남로12번길,25030510,복수동
1830009603,계족로,25010780,대동
1870498301,석봉로37번길,25050590,석봉동
1860337200,계백로,25030730,관저2동
1840053102,선화서로,25020510,은행선화동
1830473901,-,25010750,산내동
1860674806,문화원로6번길,25040540,온천2동
1870062002,덕암로,25050600,덕암동
1850007102,계룡로,25030560,용문동
1830028202,동대전로,25010600,자양동
1870047001,계족로664번길,25050570,법2동
1850230800,대전남부순환고속도로,25030730,관저2동
1860039101,계룡로155번길,25040640,온천1동
1860615600,문지로315번길,25040570,전민동
1830051502,옛신탄진로,25010800,삼성동
1850204200,원도안로,25030512,도안동
1840025912,유천로,25020660,유천2동
1860336607,박산로,25040640,온천1동
1850060406,용문로,25030560,용문동
1870046601,대전로1291번길,25050520,대화동
1840049903,선화로,25020510,은행선화동
1870086203,신탄진북로,25050580,신탄진동
1850311102,도안동로,25030512,도안동
1840014808,대종로,25020570,석교동
1830456404,산내로1287번길,25010750,산내동
1850278300,도안북로,25030512,도안동
1850110900,둔산중로,25030590,둔산1동
1870046800,선비마을로,25050620,송촌동
1870014501,대전천북로,25050510,오정동
1840045101,오류로,25020620,오류동
1850048703,도솔로,25030520,도마1동
1850076601,대덕대로168번길,25030650,갈마2동
1840053302,대종로593번길,25020510,은행선화동
1860604809,교촌대정로,25040680,진잠동
1850026801,유등로17번길,25030510,복수동
1860119001,지족로,25040670,노은3동
1830023901,동대전로,25010760,중앙동
1830025701,중앙로,25010760,중앙동
1830490701,수향길,25010760,중앙동
1840043900,선화로,25020600,용두동
1830040301,동대전로,25010640,가양2동
1870151801,신탄진로756번안길,25050580,신탄진동
1850071802,문정로2번길,25030570,탄방동
1860152700,금남구즉로,25040610,구즉동
1850077502,탄방로,25030570,탄방동
1850235901,구봉로,25030730,관저2동
1850143803,갈마역로,25030670,월평2동
1860692101,상대서로,25040700,상대동
1860024302,대정북로,25040680,진잠동
1850234402,구봉산북로,25030730,관저2동
1850067300,괴정로,25030610,괴정동
1840036304,중앙로,25020670,문화1동
1860002906,계룡로,25040640,온천1동
1870084003,석봉로,25050590,석봉동
1830020303,동대전로,25010760,중앙동
1850105401,둔산중로,25030590,둔산1동
1860600700,가정북로,25040550,신성동
1840034500,인창로,25020550,대흥동
1850036001,구봉로,25030540,정림동
1860398100,죽동로,25040540,온천2동
1860114701,가정로,25040550,신성동
1860670002,월드컵대로275번길,25040640,온천1동
1850026700,복수동로,25030510,복수동
1860043901,유성대로680번길,25040640,온천1동
1860107803,노은로,25040660,노은2동
1860402802,유성대로935번길,25040540,온천2동
1830121203,계족로,25010530,효동
1830122401,계족로,25010530,효동
1850085400,탄방로,25030570,탄방동
1850137800,문정로,25030600,둔산2동
1840010900,뿌리공원로,25020690,산성동
1860148200,와룡로,25040610,구즉동
1870016502,오정로78번길,25050510,오정동
1850123100,유등로,25030740,둔산3동
1860049600,계룡로26번길,25040640,온천1동
1860215202,원신흥남로,25040710,원신흥동
1840016402,보문산로,25020690,산성동
1870488601,옛신탄진로,25050510,오정동
1830476700,대전천북로,25010800,삼성동
1850038401,혜천로,25030510,복수동
1850145500,둔산대로,25030690,만년동
1860131404,유성대로1689번길,25040570,전민동
1860380501,진잠옛로265번길,25040690,학하동
1850006011,계백로,25030540,정림동
1840026708,보문산공원로,25020580,대사동
1860417200,신성로,25040550,신성동
1840047704,오류로,25020620,오류동
1850156600,하상도로,25030740,둔산3동
1850134100,월평동로,25030640,갈마1동
1860722402,복합환승로,25040640,온천1동
1850207601,원도안로,25030512,도안동
1850314300,대덕대로167번길,25030650,갈마2동
1850068001,괴정로,25030610,괴정동
1860118501,송림로,25040660,노은2동
1830026305,대전로,25010760,중앙동
1870019907,송촌로,25050620,송촌동
1840066501,중앙로164번길,25020510,은행선화동
1860111501,노은서로266번길,25040670,노은3동
1860373902,학하중앙로168번길,25040690,학하동
1860618501,문지로316번길,25040570,전민동
1870486503,대전로1019번길,25050510,오정동
1850028203,관저로,25030730,관저2동
1830450801,동부로10번길,25010550,판암1동
1840195605,보문로,25020510,은행선화동
1860038701,온천동로,25040640,온천1동
1860394401,죽동로,25040540,온천2동
1860072601,대학로76번길,25040540,온천2동
1860378101,복용로40번길,25040690,학하동
1860399400,죽동로297번길,25040540,온천2동
1850321801,구봉로131번길,25030730,관저2동
1860439500,테크노중앙로,25040630,관평동
1860618901,문지로316번길,25040570,전민동
1850327102,신갈마로,25030640,갈마1동
1870078803,덕암북로,25050600,덕암동
1870490001,신상로,25050540,비래동
1830465600,신기로101번길,25010530,효동
1860128900,엑스포로466번길,25040570,전민동
1870060701,덕암로,25050600,덕암동
1830474913,대전로,25010770,신인동
1830018504,대동천좌안3길,25010760,중앙동
1860674501,문화원로6번길,25040540,온천2동
1850330702,신갈마로,25030640,갈마1동
1870078800,덕암북로,25050600,덕암동
1860353901,엑스포로,25040630,관평동
1860206001,월드컵대로,25040640,온천1동
1850310702,대덕대로167번길,25030650,갈마2동
1850304902,유등로,25030510,복수동
1840066102,대전천서로,25020560,문창동
1860651701,복용북로33번길,25040690,학하동
1850046003,제비네1길,25030530,도마2동
1870067000,신일동로,25050610,목상동
1860017601,진잠로,25040680,진잠동
1840017103,보문산로,25020680,문화2동
1850147101,갑천도시고속도로,25030690,만년동
1850140900,청사로,25030670,월평2동
1860226200,도안동로,25040710,원신흥동
1860149501,송강로,25040610,구즉동
1830465101,은어송로77번길,25010530,효동
1870022705,중리로,25050550,중리동
1850299304,별곡로,25030511,가수원동
1830123905,백룡로,25010600,자양동
1850032906,가수원로,25030511,가수원동
1860203001,외삼로,25040660,노은2동
1870036400,동춘당로,25050620,송촌동
1840020000,서문로,25020670,문화1동
1840016103,보문산로,25020690,산성동
1840021702,대종로,25020560,문창동
1860367303,학하중앙로127번길,25040690,학하동
1850116400,대덕대로234번길,25030600,둔산2동
1870020013,송촌로,25050620,송촌동
1850273300,관저중로,25030730,관저2동
1840065800,대둔산로,25030510,복수동
1860176903,진잠로140번길,25040680,진잠동
1870054700,대전로1291번길,25050520,대화동
1840057600,중촌로,25020540,중촌동
1860442901,테크노2로,25040630,관평동
1870060901,덕암로203번길,25050600,덕암동
1860406601,원신흥남로28번길,25040710,원신흥동
1860093501,은구비남로7번길,25040590,노은1동
1860648502,금남구즉로,25040610,구즉동
1860123400,반석서로,25040670,노은3동
1850076701,대덕대로168번길,25030650,갈마2동
1870500502,-,25050520,대화동
1860654303,계룡로59번길,25040640,온천1동
1850097506,둔산남로,25030600,둔산2동
1870022103,계족산로52번길,25050620,송촌동
1870087701,문평동로48번길,25050610,목상동
1860671202,유성대로680번길,25040640,온천1동
1840016501,보문산로,25020690,산성동
1870484402,생산5길,25050520,대화동
1850006405,계백로,25030530,도마2동
1860124700,신성로,25040550,신성동
1860064504,장대로,25040540,온천2동
1860063500,온천북로33번길,25040640,온천1동
1860609901,문지로,25040570,전민동
1830056305,하상도로,25010760,중앙동
1860601501,지족북로,25040670,노은3동
1870088918,평촌2길,25050600,덕암동
1830042203,동서대로,25010650,용전동
1850036205,계백로1300번길,25030540,정림동
1830465701,신기로,25010530,효동
1860204200,유성대로,25040700,상대동
1860045000,유성대로668번길,25040640,온천1동
1830478201,-,25010760,중앙동
1850151802,둔산대로117번길,25030690,만년동
1860145302,테크노7로,25040630,관평동
1870012700,대전천북로,25050510,오정동
1850140600,갈마역로,25030680,월평3동
1870032701,쌍청당로35번길,25050550,중리동
1870030404,송촌북로12번길,25050620,송촌동
1860056700,계룡로113번길,25040640,온천1동
1860041300,계룡로38번길,25040640,온천1동
1860434701,테크노2로,25040630,관평동
1860651002,복용북로33번길,25040690,학하동
1850316002,신갈마로86번길,25030650,갈마2동
1860637701,엑스포로,25040550,신성동
1870054602,대전로1291번길,25050530,회덕동
1850048706,도솔로,25030520,도마1동
1830053304,대전로448번길,25010530,효동
1860013202,대덕대로,25040610,구즉동
1830041907,대청호수로,25010730,대청동
1840054703,대종로,25020510,은행선화동
1860129102,엑스포로466번길,25040570,전민동
1850098800,둔산남로,25030590,둔산1동
1850320800,-,25030730,관저2동
1850308601,관저중로64번길,25030730,관저2동
1860413301,유성대로1205번길,25040550,신성동
1860179300,봉산북로,25040610,구즉동
1850087202,계룡로,25030600,둔산2동
1860621600,반석로11번길,25040670,노은3동
1860024000,대정북로,25040680,진잠동
1850121500,문정로,25030590,둔산1동
1860216900,월드컵대로,25040700,상대동
1840033902,평촌로,25020640,태평2동
1840053403,대종로593번길,25020510,은행선화동
1860619501,대덕대로556번길,25040550,신성동
1850310601,정림서로138번길,25030540,정림동
1860671003,유성대로654번길,25040640,온천1동
1870067800,문평서로17번안길,25050610,목상동
1830466301,신기로,25010530,효동
1860099302,엑스포로,25040550,신성동
1840021203,당디로,25020690,산성동
1860059501,온천북로,25040640,온천1동
1870086101,덕암로265번길,25050610,목상동
1830449001,은어송로51번길,25010530,효동
1870040400,대화로150번길,25050520,대화동
1860026100,진잠옛로135번길,25040690,학하동
1860150900,와룡로136번길,25040610,구즉동
1830490903,수향길,25010760,중앙동
1860637301,어은로,25040640,온천1동
1850143502,청사서로,25030670,월평2동
1860145400,테크노7로,25040630,관평동
1830001925,산내로,25010750,산내동
1840034602,인창로,25020550,대흥동
1850037002,계백로1286번길,25030540,정림동
1860123001,노은로426번길,25040660,노은2동
1870487200,대전로,25050510,오정동
1850119000,대덕대로242번길,25030600,둔산2동
1860071300,대학로75번길,25040540,온천2동
1870073404,신일동로17번길,25050610,목상동
1850094501,둔산중로14번길,25030570,탄방동
1850068702,계룡로562번길,25030610,괴정동
1830471000,열두칸1길,25010760,중앙동
1860173603,용계로94번길,25040680,진잠동
1860636700,도안동로,25040710,원신흥동
1850092703,갈마로,25030650,갈마2동
1870062400,대덕대로1284번길,25050610,목상동
1850052004,도산로,25030550,변동
1860365500,학하중앙로,25040690,학하동
1850278200,도안북로,25030512,도안동
1850210101,동서대로,25030550,변동
1840054000,목동로,25020530,목동
1830347505,충무로209번길,25010760,중앙동
1850147103,갑천도시고속도로,25030690,만년동
1840036302,중앙로,25020600,용두동
1860149902,와룡로,25040610,구즉동
1860625000,지족동로142번길,25040670,노은3동
1870013200,오정로38번길,25050510,오정동
1860216101,도안대로,25040710,원신흥동
1840006404,계룡로,25020600,용두동
1840011904,안영로,25020690,산성동
1860377600,복용북로,25040690,학하동
1860665303,자운로97번길,25040550,신성동
1840014703,대종로,25020570,석교동
1860332503,호남고속도로지선,25040680,진잠동
1870014100,오정로75번길,25050510,오정동
1860091501,은구비남로33번길,25040590,노은1동
1830055407,천개동로,25010730,대청동
1830031302,우암로,25010800,삼성동
1870062004,덕암로,25050600,덕암동
1870490306,우암로,25050540,비래동
1860221100,봉명로,25040710,원신흥동
1840032501,수침로,25020660,유천2동
1840019702,보문산로,25020670,문화1동
1860632601,계백로,25040680,진잠동
1840034002,평촌로,25020660,유천2동
1840031100,테미로,25020550,대흥동
1860151201,와룡로136번길,25040610,구즉동
1860439301,테크노중앙로,25040630,관평동
1840066901,잔디로,25020690,산성동
1840041001,선화로,25020600,용두동
1850232801,도안대로,25030720,관저1동
1860632300,원내로,25040680,진잠동
1850005300,계백로,25030540,정림동
1840051505,어덕마을로,25020530,목동
1850153300,갑천도시고속도로,25030690,만년동
1830125503,대학로50번길,25010570,용운동
1830036611,합내로,25010630,가양1동
1850133900,한밭대로,25030660,월평1동
1860222102,계룡로132번길,25040710,원신흥동
1840022602,과례로22번길,25020670,문화1동
1850011903,대덕대로,25030670,월평2동
1870038700,계족산로81번길,25050620,송촌동
1850124300,갈마역로,25030640,갈마1동
1830037102,우암로,25010630,가양1동
1840017404,송리로,25020680,문화2동
1850085301,신갈마로,25030640,갈마1동
1850058901,괴정로,25030620,가장동
1850141101,청사서로,25030670,월평2동
1860374400,학하동로,25040690,학하동
1870020405,한밭대로1129번길,25050550,중리동
1860396101,원신흥남로27번길,25040710,원신흥동
1850140301,청사로,25030670,월평2동
1840023105,서문로,25020670,문화1동
1870080504,대덕대로1486번길,25050610,목상동
1840052502,대종로550번길,25020510,은행선화동
1830016906,새울로,25010550,판암1동
1830033504,우암로,25010630,가양1동
1850210801,동서대로,25030550,변동
1840002003,대둔산로,25020690,산성동
1840066001,계백로1686번길,25020670,문화1동
1850149401,만년로67번길,25030690,만년동
1860069602,온천동로,25040640,온천1동
1870021108,우암로486번길,25050540,비래동
1860669801,월드컵대로275번길,25040700,상대동
1860055200,온천로,25040640,온천1동
1830472400,성남로,25010790,성남동
1860123604,문지로,25040570,전민동
1860118301,신성로72번길,25040550,신성동
1850331402,계룡로,25030660,월평1동
1860439100,테크노중앙로,25040630,관평동
1870441904,-,25050530,회덕동
1870056108,장동로,25050530,회덕동
1830031111,가양로,25010630,가양1동
1860179000,관평천변로,25040630,관평동
1860387802,유성대로877번길,25040540,온천2동
1870040000,동춘당로,25050620,송촌동
1860610000,문지로,25040570,전민동
1860647402,-,25040610,구즉동
1860653802,원신흥남로12번길,25040710,원신흥동
1830470902,열두칸1길,25010760,중앙동
1860439000,테크노중앙로,25040630,관평동
1860654501,장대로,25040640,온천1동
1860218301,월드컵대로,25040640,온천1동
1860691604,-,25040700,상대동
1870033200,쌍청당로35번길,25050570,법2동
1850120804,신갈마로,25030640,갈마1동
1840032603,수침로,25020630,태평1동
1840054201,대전천서로,25020510,은행선화동
1870157300,신상로,25050540,비래동
1860672002,계룡로16번길,25040640,온천1동
1850012400,대덕대로,25030690,만년동
1850067503,계룡로562번길,25030610,괴정동
1860105900,아리랑로,25040570,전민동
1850321301,구봉로131번길,25030730,관저2동
1870082400,대덕대로1470번길,25050610,목상동
1860061500,온천북로,25040640,온천1동
1860441801,배울1로,25040570,전민동
1850125703,월평로,25030660,월평1동
1850148700,만년로,25030690,만년동
1850313900,계룡로416번길,25030650,갈마2동
1830029303,대전로,25010800,삼성동
1830037415,가양로,25010630,가양1동
1860602401,지족동로142번길,25040670,노은3동
1860388300,도안북로,25040680,진잠동
1840043402,중교로,25020550,대흥동
1860030400,월드컵대로289번길,25040640,온천1동
1850323801,괴곡길,25030540,정림동
1850031900,정림서로,25030540,정림동
1830005035,대전로,25010530,효동
1830017707,대전로,25010770,신인동
1850052508,중반5길,25030550,변동
1850316003,신갈마로86번길,25030640,갈마1동
1840041702,중교로,25020550,대흥동
1860601000,반석로12번길,25040670,노은3동
1850146501,만년남로,25030690,만년동
1850058701,유등로,25020640,태평2동
1860125004,반석로,25040670,노은3동
1860001311,계백로,25040680,진잠동
1860026800,진잠옛로,25040690,학하동
1860128902,엑스포로466번길,25040570,전민동
1870027500,동춘당로,25050620,송촌동
1850083801,대덕대로168번길,25030650,갈마2동
1850120100,유등로,25030740,둔산3동
1870028300,송촌북로4번길,25050620,송촌동
1850063300,갈마로,25030610,괴정동
1840017300,송리로,25020680,문화2동
1870078101,대덕대로1470번길,25050610,목상동
1870482201,방두말1길,25050600,덕암동
1860112600,가정로,25040550,신성동
1850116801,대덕대로234번길,25030600,둔산2동
1860637801,엑스포로,25040550,신성동
1850041004,정림로65번길,25030540,정림동
1840030000,태평로,25020650,유천1동
1850159801,관저동로,25030720,관저1동
1840181001,대전천서로,25020540,중촌동
1850067904,갈마로,25030650,갈마2동
1830056404,하상도로,25010770,신인동
1860127300,반석서로,25040670,노은3동
1850074504,신갈마로,25030640,갈마1동
1830451501,성남로,25010790,성남동
1860396002,원신흥남로11번길,25040710,원신흥동
1850330501,계룡로342번길,25030640,갈마1동
1860369000,학하중앙로127번길,25040690,학하동
1830007800,충무로,25010770,신인동
1850303704,복수중로,25030510,복수동
1870023102,중리남로,25050550,중리동
1840067104,산서로,25020690,산성동
1850097803,둔산남로,25030740,둔산3동
1860046401,계룡로141번길,25040640,온천1동
1850236100,구봉로,25030730,관저2동
1860117801,신성로68번길,25040550,신성동
1850033500,유등로,25030510,복수동
1840040101,중교로,25020550,대흥동
1850151400,둔산대로117번길,25030690,만년동
1850141400,월평중로,25030680,월평3동
1830033401,태전로,25010800,삼성동
1840184800,동서대로1403번길,25020530,목동
1840048500,대종로,25020510,은행선화동
1850063304,갈마로,25030610,괴정동
1860386802,도안북로,25040680,진잠동
1850265501,계백로860번길,25030730,관저2동
1860607900,문지로,25040570,전민동
1840124202,계백로,25020620,오류동
1860409606,원신흥로55번길,25040710,원신흥동
1860223202,원신흥북로,25040710,원신흥동
1870489302,비래동로,25010640,가양2동
1860108701,은구비로156번길,25040660,노은2동
1860007309,호남고속도로지선,25040550,신성동
1860080500,노은서로,25040590,노은1동
1850061002,신갈마로,25030630,내동
1860233300,테크노2로,25040630,관평동
1860664504,자운로97번길,25040550,신성동
1850097200,둔산남로,25030570,탄방동
1840024901,산성로,25020680,문화2동
1870089802,대전천북로,25050510,오정동
1830033302,태전로,25010800,삼성동
1870078401,신탄진동로24번길,25050580,신탄진동
1830017804,대전로,25010770,신인동
1860019001,한우물로,25040680,진잠동
1850123001,유등로,25030740,둔산3동
1870064200,신일동로,25050610,목상동
1840016307,보문산로,25020690,산성동
1830056300,하상도로,25010530,효동
1850081200,계룡로553번안길,25030570,탄방동
1840187300,계룡로904번길,25020670,문화1동
1870008601,대청로,25050580,신탄진동
1850025001,복수남로,25030510,복수동
1840029903,태평로,25020640,태평2동
1860059200,온천북로,25040640,온천1동
1860045500,계룡로46번길,25040640,온천1동
1850112901,갈마역로,25030640,갈마1동
1870049400,계족로663번길,25050560,법1동
1860438800,테크노중앙로,25040630,관평동
1850061500,갈마로,25030610,괴정동
1860106000,아리랑로,25040570,전민동
1840000802,대둔산로,25020690,산성동
1850010801,계룡로,25030640,갈마1동
1860430502,관평1로,25040630,관평동
1870013810,옛신탄진로,25050510,오정동
1860378600,복용로,25040690,학하동
1850012503,대덕대로,25030690,만년동
1860138203,자운로221번길,25040550,신성동
1860110400,북유성대로,25040660,노은2동
1830465200,은어송로77번길,25010530,효동
1860047103,계룡로38번길,25040640,온천1동
1860007303,호남고속도로지선,25040550,신성동
1870001800,계족로,25050570,법2동
1860724800,도안대로,25040680,진잠동
1840195703,보문로,25020510,은행선화동
1860682701,대정로42번길,25040680,진잠동
1860636400,동서대로,25040710,원신흥동
1870012400,한남로150번길,25050510,오정동
1870490402,우암로,25050540,비래동
1860614500,엑스포로446번길,25040570,전민동
1860085301,노은동로,25040590,노은1동
1840005210,계백로,25020660,유천2동
1830475301,인창로,25010770,신인동
1860125102,반석서로,25040670,노은3동
1830026302,대전로,25010760,중앙동
1830055412,천개동로,25010730,대청동
1860205105,동서대로,25040690,학하동
1850316200,갈마로117번길,25030650,갈마2동
1860634901,동서대로656번길,25040680,진잠동
1840016905,산성로,25020690,산성동
1860070600,대학로,25040540,온천2동
1830005222,대전로,25010530,효동
1860057803,계룡로105번길,25040640,온천1동
1850092705,갈마로,25030650,갈마2동
1830178400,대전남부순환고속도로,25010750,산내동
1870489305,비래동로,25050540,비래동
1850075102,-,25030570,탄방동
1840046508,수침로,25020630,태평1동
1860403200,유성대로,25040540,온천2동
1870022600,중리남로,25050550,중리동
1840165800,대전남부순환고속도로,25020690,산성동
1870051601,대전로1331번길,25050520,대화동
1850329506,계룡로354번길,25030640,갈마1동
1840186700,계룡로904번안길,25020670,문화1동
1850202700,원도안로,25030512,도안동
1850059900,도산로,25030620,가장동
1860121100,북유성대로,25040670,노은3동
1870052001,계족로663번길,25050560,법1동
1860216301,월드컵대로,25040700,상대동
1830123301,대전로542번길,25010530,효동
1870082302,대덕대로1417번길,25050610,목상동
1860398300,죽동로,25040540,온천2동
1850138200,문예로,25030600,둔산2동
1830127600,동부로,25010570,용운동
1830009101,계족로,25010780,대동
1850056404,도솔로,25030630,내동
1840191701,유등천동로,25020690,산성동
1850090702,갑천도시고속도로,25030660,월평1동
1860026501,진잠옛로,25040690,학하동
1860608202,아리랑로21번길,25040570,전민동
1860213501,자운로97번길,25040550,신성동
1870499801,대화로,25050520,대화동
1870498202,석봉북로24번길,25050590,석봉동
1860125202,반석서로,25040670,노은3동
1840185004,목동로8번길,25020530,목동
1830056100,하상도로,25010530,효동
1830025109,동대전로,25010780,대동
1850302500,벌곡로,25030511,가수원동
1850079600,대덕대로176번길,25030600,둔산2동
1850108701,둔산로,25030600,둔산2동
1840184000,유등천동로,25020540,중촌동
1860369600,학하동로,25040690,학하동
1850068301,계룡로500번길,25030610,괴정동
1860115200,북유성대로,25040660,노은2동
1870049102,중리서로,25050560,법1동
1870080403,대덕대로1486번길,25050610,목상동
1860624700,지족동로143번길,25040670,노은3동
1830051500,옛신탄진로,25010800,삼성동
1870066401,신탄진로,25050600,덕암동
1850067003,탄방로,25030570,탄방동
1830455902,산내로1315번길,25010750,산내동
1860024201,유성대로,25040680,진잠동
1860664305,자운로245번길,25040550,신성동
1850137900,문정로,25030600,둔산2동
1840055400,목중로,25020540,중촌동
1860653302,원신흥남로12번길,25040710,원신흥동
1870007904,대덕대로,25050590,석봉동
1860443400,테크노2로,25040630,관평동
1830028409,정보길,25010600,자양동
1830052612,신기로,25010530,효동
1840016401,보문산로,25020690,산성동
1870047602,대전로1331번길,25050520,대화동
1860059401,온천동로,25040640,온천1동
1860334600,호남고속도로지선,25040680,진잠동
1870080300,-,25050610,목상동
1840185500,대전천서로,25020510,은행선화동
1830028311,정보길,25010760,중앙동
1860118900,지족로,25040670,노은3동
1840039501,중앙로13번길,25020600,용두동
1840048208,동서대로,25020600,용두동
1860205401,유성대로,25040640,온천1동
1850028207,관저로,25030730,관저2동
1830031500,동서대로,25010800,삼성동
1850009200,계룡로,25030650,갈마2동
1840016700,당디로,25020690,산성동
1860088406,과학로,25040540,온천2동
1830463902,대전로448번길,25010530,효동
1830447101,신인로,25010770,신인동
1830019202,용운로,25010570,용운동
1860075802,대학로,25040640,온천1동
1870479901,대화로161번길,25050520,대화동
1860192701,지족로,25040670,노은3동
1830052001,대전천동로,25010760,중앙동
1860419102,유성대로1184번길,25040550,신성동
1830490202,새둑길,25010760,중앙동
1860208100,도안대로,25040680,진잠동
1860119600,신성로,25040550,신성동
1840024400,대전로,25020570,석교동
1860179002,관평천변로,25040630,관평동
1850020101,벌곡로,25030511,가수원동
1850007106,계룡로,25030560,용문동
1860085201,한밭대로,25040590,노은1동
1860117401,지족로,25040670,노은3동
1840050001,선화로,25020510,은행선화동
1860691702,-,25040700,상대동
1830052509,신기로,25010530,효동
1860043401,계룡로18번길,25040640,온천1동
1860605900,구즉로57번길,25040610,구즉동
1870020802,중리로,25050550,중리동
1830468500,-,25010550,판암1동
1860064406,유성대로720번길,25040540,온천2동
1850045501,도솔로,25030530,도마2동
1860431502,테크노중앙로,25040630,관평동
1850204701,동서대로,25040710,원신흥동
1860597800,탑립로,25040630,관평동
1860087500,한밭대로,25040590,노은1동
1840189200,보문산로,25020690,산성동
1850324000,관저동로,25030730,관저2동
1830031106,가양로,25010630,가양1동
1860377101,복용로,25040690,학하동
1840191300,유등천동로,25020690,산성동
1850325501,-,25030511,가수원동
1870045501,대전로1331번길,25050520,대화동
1840067502,문창로,25020590,부사동
1850104001,둔산중로,25030590,둔산1동
1860032400,유성대로642번길,25040640,온천1동
1860092600,노은서로142번길,25040590,노은1동
1850121501,문정로,25030590,둔산1동
1870499401,대화로,25050520,대화동
1860131302,유성대로1689번길,25040570,전민동
1850055501,변동중로,25030550,변동
1860026500,진잠옛로,25040690,학하동
1860012810,대덕대로,25040550,신성동
1860038801,온천동로,25040640,온천1동
1860416802,유성대로1184번길,25040550,신성동
1840039800,선화로22번길,25020600,용두동
1860164201,갑천로,25040630,관평동
1870084906,신탄진동로23번길,25050580,신탄진동
1850049900,도산로,25030550,변동
1830284700,동산초교로23번길,25010680,홍도동
1860375204,학하중앙로167번길,25040690,학하동
1830025106,동대전로,25010780,대동
1840012300,사정공원로,25020690,산성동
1870046400,대화로132번길,25050520,대화동
1830471001,열두칸1길,25010760,중앙동
1870490600,비래서로9번길,25050540,비래동
1860370500,학하중앙로150번길,25040690,학하동
1860628200,유성대로1312번길,25040550,신성동
1860665703,자운로245번길,25040550,신성동
1850110302,둔산로137번길,25030590,둔산1동
1860398001,죽동2길,25040540,온천2동
1860604600,덕명동로,25040640,온천1동
1870071801,문평서로,25050610,목상동
1870041200,동춘당로114번길,25050620,송촌동
1840002103,대둔산로,25020690,산성동
1860664602,자운로97번길,25040550,신성동
1830474103,산서로,25010750,산내동
1840185702,선화로43번길,25020600,용두동
1850010402,대덕대로,25030600,둔산2동
1850003604,계백로,25030730,관저2동
1860007312,호남고속도로지선,25040550,신성동
1840032600,수침로,25020660,유천2동
1850203201,원도안로,25030512,도안동
1850143001,월평북로,25030670,월평2동
1850075301,탄방로,25030570,탄방동
1860145202,갑천로,25040630,관평동
1840011501,대둔산로199번길,25020690,산성동
1850312100,대덕대로335번길,25030670,월평2동
1850025602,벌곡로,25030511,가수원동
1860627002,유성대로1422번길,25040550,신성동
1860167700,당진영덕고속도로,25040660,노은2동
1850066401,도솔로,25030610,괴정동
1830474503,대종로,25010750,산내동
1850331302,계룡로,25030660,월평1동
1860427401,테크노3로,25040630,관평동
1870027800,송촌북로5번길,25050550,중리동
1850057601,동서대로,25030630,내동
1860146001,테크노7로,25040630,관평동
1870479903,대화로161번길,25050520,대화동
1850050004,도솔로,25030520,도마1동
1860169001,대학로76번안길,25040540,온천2동
1860070500,대학로,25040540,온천2동
1830468408,옥천로106번길,25010550,판암1동
1860121401,신성로,25040550,신성동
1850007004,계룡로,25030560,용문동
1870479402,신탄진북로32번길,25050580,신탄진동
1860022000,유성대로,25040680,진잠동
1850049700,도마로,25030550,변동
1830455201,산내로1327번길,25010750,산내동
1860030803,월드컵대로253번안길,25040640,온천1동
1850025400,가수원로,25030511,가수원동
1850316700,동서대로,25030550,변동
1860033601,도안대로,25040640,온천1동
1860629301,왕가봉로,25040590,노은1동
1860178801,관평천변로,25040630,관평동
1830024000,동대전로,25010780,대동
1850316604,도솔로388번길,25030610,괴정동
1850149208,만년로,25030690,만년동
1870023306,중리동로,25050550,중리동
1860119500,신성로,25040550,신성동
1850093702,문정로89번길,25030570,탄방동
1870089012,평촌2길,25050600,덕암동
1850329406,계룡로354번길,25030640,갈마1동
1830030902,대전로,25010800,삼성동
1840065501,유등천동로,25020690,산성동
1860615900,문지로315번길,25040570,전민동
1870050701,계족로690번길,25050570,법2동
1860037200,유성대로654번길,25040640,온천1동
1870066402,신탄진로,25050600,덕암동
1850077701,탄방로,25030570,탄방동
1860064305,유성대로720번길,25040540,온천2동
1840030603,계백로1565번길,25020650,유천1동
1860149704,송강로42번길,25040610,구즉동
1850313502,둔산중로32번길,25030590,둔산1동
1850073502,문정로40번길,25030570,탄방동
1850102800,둔산로74번길,25030600,둔산2동
1850070801,계룡로553번길,25030570,탄방동
1860233000,금남구즉로,25040610,구즉동
1850086300,대덕대로176번길,25030650,갈마2동
1840006600,계룡로,25020600,용두동
1850045601,도산로,25030530,도마2동
1850312604,한밭대로656번길,25030640,갈마1동
1830036104,옛신탄진로,25010680,홍도동
1860365101,학하동로,25040690,학하동
1830007408,옥천로,25010550,판암1동
1860083901,한밭대로,25040590,노은1동
1850312505,한밭대로656번길,25030640,갈마1동
1860084600,한밭대로,25040590,노은1동
1860617801,문지로316번길,25040570,전민동
1860374600,복용북로,25040690,학하동
1840063708,당디로,25020650,유천1동
1860091400,은구비남로,25040590,노은1동
1860024901,대정로,25040680,진잠동
1850093500,둔산중로14번길,25030570,탄방동
1860164500,테크노중앙로,25040630,관평동
1830055704,태전로,25010800,삼성동
1830123002,대전로542번길,25010530,효동
1850156400,유등로,25030740,둔산3동
1850307400,갈마중로37번길,25030650,갈마2동
1870067402,신일서로17번길,25050610,목상동
1840034703,대종로,25020550,대흥동
1840182700,선화로22번길,25020510,은행선화동
1830028704,태전로,25010800,삼성동
1850134301,한밭대로,25030660,월평1동
1850308701,-,25030730,관저2동
1830478202,-,25010760,중앙동
1850058401,도솔로,25030630,내동
1870075100,덕암북로,25050590,석봉동
1860400601,상대동로,25040700,상대동
1840006501,계룡로,25020620,오류동
1870085902,덕암북로4번길,25050590,석봉동
1850265600,계백로860번길,25030730,관저2동
1860133403,엑스포로539번길,25040570,전민동
1850060006,가장로,25030620,가장동
1860399901,죽동로297번길,25040540,온천2동
1870029401,선비마을로,25050620,송촌동
1850316000,신갈마로86번길,25030640,갈마1동
1830015903,옥천로180번길,25010550,판암1동
1840025507,계백로1566번길,25020650,유천1동
1860148201,와룡로,25040610,구즉동
1830044202,우암로,25010640,가양2동
1860062902,문화원로146번길,25040640,온천1동
1830021103,용운로,25010780,대동
1840037104,평촌로,25020630,태평1동
1870018302,동춘당로15번길,25050540,비래동
1860672502,계룡로74번길,25040640,온천1동
1850049501,유등로,25030550,변동
1840030003,태평로,25020650,유천1동
1870496001,구즉세종로,25050610,목상동
1830190200,통영대전고속도로,25010550,판암1동
1860097802,엑스포로123번길,25040550,신성동
1860615201,문지로315번길,25040570,전민동
1860389702,죽동로,25040540,온천2동
1860660802,-,25040550,신성동
1850155602,유등로,25030520,도마1동
1860652502,원신흥남로12번길,25040710,원신흥동
1830124701,백룡로,25010570,용운동
1860050501,유성대로680번길,25040640,온천1동
1850092902,둔산중로14번길,25030570,탄방동
1870052701,대전로,25050530,회덕동
1860414100,유성대로1184번길,25040550,신성동
1860398600,죽동로280번길,25040540,온천2동
1860441400,테크노10로,25040630,관평동
1870034802,계족산로43번길,25050570,법2동
1830476400,중앙로,25010760,중앙동
1850284300,도안북로,25030512,도안동
1840016803,당디로,25020690,산성동
1850141302,청사로,25030680,월평3동
1830019903,계족로140번길,25010780,대동
1860049301,유성대로680번길,25040640,온천1동
1830012808,계족로,25010680,홍도동
1860078701,대학로,25040540,온천2동
1860650201,복용북로,25040690,학하동
1870087401,대청로82번길,25050580,신탄진동
1830040000,동서대로1668번길,25010790,성남동
1870497102,대덕대로1277번길,25050610,목상동
1860681503,대정로42번길,25040680,진잠동
1840183601,대흥로10번길,25020670,문화1동
1860124101,엑스포로,25040570,전민동
1830471501,옛신탄진로,25050510,오정동
1840161300,대전남부순환고속도로,25020690,산성동
1860130601,엑스포로466번길,25040570,전민동
1840020002,서문로,25020670,문화1동
1870049500,계족로663번길,25050560,법1동
1860020701,대정로28번안길,25040680,진잠동
1870057602,덕암로,25050600,덕암동
1860332501,호남고속도로지선,25040690,학하동
1830004951,대전로,25010750,산내동
1870151502,장동로,25050530,회덕동
1860102600,대덕대로512번길,25040550,신성동
1850228400,대전남부순환고속도로,25030730,관저2동
1840034206,태평로,25020640,태평2동
1860049500,계룡로26번길,25040640,온천1동
1870484600,대전로1185번길,25050510,오정동
1870498901,대화로32번길,25050520,대화동
1850102901,둔산로74번길,25030600,둔산2동
1850119703,월평중로,25030660,월평1동
1830455700,산내로1327번길,25010750,산내동
1840021802,대종로,25020590,부사동
1870016803,한밭대로1006번길,25050510,오정동
1870054201,공단4길,25050520,대화동
1830455000,산내로1327번길,25010750,산내동
1870048200,선비마을로,25050570,법2동
1830020603,대전로,25010760,중앙동
1840049800,계룡로771번길,25020530,목동
1850030701,복수동로51번길,25030510,복수동
1860134800,자운로,25040550,신성동
1860423201,관평1로,25040630,관평동
1840049803,계룡로771번길,25020600,용두동
1850329404,계룡로354번길,25030640,갈마1동
1860009704,유성대로,25040550,신성동
1860054200,온천서로,25040640,온천1동
1850061904,괴정로,25030610,괴정동
1850149103,만년로,25030690,만년동
1850003606,계백로,25040680,진잠동
1850019601,벌곡로,25030511,가수원동
1830056003,세천공원로,25010550,판암1동
1860647202,구룡달전로,25040610,구즉동
1860620701,가정북로,25040550,신성동
1860640202,-,25040550,신성동
1860683806,박산로,25040640,온천1동
1860050000,대학로,25040640,온천1동
1870065500,덕암북로104번길,25050600,덕암동
1860151401,와룡로,25040610,구즉동
1850054201,동서대로,25030620,가장동
1860627100,유성대로1366번길,25040550,신성동
1850265903,구봉산북로21번길,25030730,관저2동
1860140400,자운로,25040550,신성동
1870020101,한밭대로,25050550,중리동
1840127600,문화로,25020670,문화1동
1870004606,신탄진로,25050600,덕암동
1840025504,계백로1566번길,25020650,유천1동
1840051404,동서대로,25020530,목동
1870047305,계족로664번길,25050570,법2동
1870040401,대화로150번길,25050520,대화동
1860211901,도안대로,25040700,상대동
1860619703,대덕대로578번길,25040550,신성동
1870017401,대전로,25050510,오정동
1860194100,지족동로,25040670,노은3동
1870031700,천변도시고속도로,25050520,대화동
1840005301,충무로,25020560,문창동
1850012801,대덕대로,25040550,신성동
1850078401,문정로,25030650,갈마2동
1860598301,유성대로1628번길,25040570,전민동
1860017802,원내로,25040680,진잠동
1870044700,매봉길,25050570,법2동
1840052101,보문로,25020510,은행선화동
1860169100,대학로76번안길,25040540,온천2동
1850097601,둔산중로,25030590,둔산1동
1860082204,대학로,25040540,온천2동
1850114001,유등로,25030740,둔산3동
1830040402,동대전로,25010630,가양1동
1860426801,테크노4로,25040630,관평동
1860426500,관평2로,25040630,관평동
1860205102,동서대로,25040680,진잠동
1860085300,노은동로,25040590,노은1동
1860657309,신성남로,25040550,신성동
1850038001,혜천로,25030510,복수동
1860089100,노은서로108번길,25040590,노은1동
1830053906,은어송로,25010530,효동
1840061301,대전천북로,25010760,중앙동
1870005801,대덕대로,25050610,목상동
1860199701,학하복용로,25040690,학하동
1850055102,변동중로,25030550,변동
1860425700,테크노1로,25040630,관평동
1840036901,보문로,25020550,대흥동
1860426001,테크노4로,25040630,관평동
1850155200,유등로,25030520,도마1동
1860665701,자운로245번길,25040550,신성동
1840189304,보문산공원로497번길,25020580,대사동
1840197302,오류로,25020620,오류동
1860048601,계룡로141번길,25040640,온천1동
1840056002,대종로,25020540,중촌동
1850289000,도안북로93번길,25030512,도안동
1850020802,벌곡로,25030511,가수원동
1860154900,배울1로,25040630,관평동
1840006402,계룡로,25020600,용두동
1860206900,노은로,25040660,노은2동
1850099901,문예로,25030590,둔산1동
1860403102,원신흥남로28번길,25040710,원신흥동
1860117402,지족로,25040660,노은2동
1850064200,대덕대로,25030610,괴정동
1840058400,대전천서로,25020540,중촌동
1850147500,만년로68번길,25030690,만년동
1830005122,대전로,25010530,효동
1870484501,대전로1185번길,25050510,오정동
1870298409,대덕대로1527번길,25050590,석봉동
1860132301,자운로,25040550,신성동
1830016500,옥천로,25010550,판암1동
1850137804,문정로,25030600,둔산2동
1850307102,계룡로416번길,25030650,갈마2동
1860119205,반석동로,25040670,노은3동
1860062901,문화원로146번길,25040640,온천1동
1860088402,과학로,25040540,온천2동
1860403800,도안대로,25040700,상대동
1830042302,동서대로1695번길,25010650,용전동
1860372503,학하중앙로149번길,25040690,학하동
1870014804,한남로150번길,25050510,오정동
1830046800,신상로,25050540,비래동
1860607800,문지로,25040570,전민동
1860211005,상대로,25040700,상대동
1830005604,옥천로,25010550,판암1동
1830126101,대학로,25010570,용운동
1850135901,대덕대로290번길,25030670,월평2동
1850133100,한밭대로,25030600,둔산2동
1850038300,혜천로,25030510,복수동
1870016804,한밭대로1006번길,25050510,오정동
1850151201,만년로67번길,25030690,만년동
1830007313,옥천로,25010550,판암1동
1870475700,신문로,25050580,신탄진동
1830457602,석천로,25010750,산내동
1850117301,대덕대로234번길,25030600,둔산2동
1850142600,문예로,25030600,둔산2동
1830027401,중앙로,25010760,중앙동
1860610400,문지로,25040570,전민동
1850310401,계백로,25030512,도안동
1860672901,계룡로74번길,25040640,온천1동
1840002205,대둔산로,25020690,산성동
1860635400,동서대로656번길,25040680,진잠동
1830122701,대전로542번길,25010530,효동
1860391800,유성대로877번길,25040540,온천2동
1850117000,-,25030600,둔산2동
1870152402,장동로,25050530,회덕동
1860120202,노은로410번길,25040660,노은2동
1830012829,계족로,25010650,용전동
1850096502,남선로,25030570,탄방동
1860079305,장대로,25040540,온천2동
1860444600,갑천로,25040630,관평동
1850265503,계백로860번길,25030730,관저2동
1870052201,대화로52번안길,25050520,대화동
1840025500,계백로1566번길,25020650,유천1동
1850104400,둔산로,25030590,둔산1동
1850076801,계룡로509번길,25030570,탄방동
1860374102,학하남로90번길,25040690,학하동
1840059401,어덕마을로,25020540,중촌동
1850210000,동서대로,25030660,월평1동
1860143400,-,25040630,관평동
1830123907,백룡로,25010600,자양동
1830018204,새울로,25010570,용운동
1860376401,복용북로,25040690,학하동
1840189503,산성로57번길,25020690,산성동
1860089300,노은로,25040590,노은1동
1840185301,대종로549번길,25020510,은행선화동
1840052700,선화로,25020510,은행선화동
1840024807,문화로,25020650,유천1동
1830032101,가양남로,25010630,가양1동
1870039401,대화로,25050520,대화동
1860201000,학하로,25040690,학하동
1850265901,구봉산북로21번길,25030730,관저2동
1860661402,자운로97번길,25040550,신성동
1860607101,유성대로1628번길,25040570,전민동
1860602501,지족동로142번길,25040670,노은3동
1830473600,계족로368번길,25010790,성남동
1860427200,관평2로,25040630,관평동
1860193800,학하로,25040690,학하동
1860612401,문지로299번길,25040570,전민동
1830127700,동부로,25010570,용운동
1850047707,조달청길,25030520,도마1동
1860009702,신성서로,25040550,신성동
1850020200,구억뜸길,25030511,가수원동
1850139101,청사로,25030600,둔산2동
1850051509,변동로,25030550,변동
1870496300,구족로,25050610,목상동
1870071800,문평서로,25050610,목상동
1850129201,한밭대로,25030590,둔산1동
1870489303,비래동로,25050540,비래동
1860617201,문지로,25040570,전민동
1850042104,복수북로,25030510,복수동
1870017501,비래동로23번길,25050540,비래동
1870064500,대덕대로1448번길,25050610,목상동
1870077901,대덕대로1486번길,25050610,목상동
1850054801,갈마로,25030620,가장동
1870487100,대전로,25050510,오정동
1870029301,선비마을로,25050620,송촌동
1860066400,동서대로,25040690,학하동
1850307402,갈마중로37번길,25030650,갈마2동
1850074202,신갈마로,25030650,갈마2동
1860112300,노은서로,25040670,노은3동
1840022601,과례로22번길,25020670,문화1동
1870298404,대덕대로1527번길,25050590,석봉동
1850074000,대덕대로162번길,25030650,갈마2동
1860634000,도안대로,25040680,진잠동
1870051100,대전로1291번길,25050530,회덕동
1830017004,새울로,25010550,판암1동
1860017302,원내로,25040680,진잠동
1840017105,보문산로,25020680,문화2동
1850104601,둔산로,25030590,둔산1동
1860430100,테크노2로,25040630,관평동
1860617001,문지로316번길,25040570,전민동
1870052102,계족로663번길,25050560,법1동
1860178802,관평천변로,25040630,관평동
1830449804,동부로33번길,25010560,판암2동
2830004112,중척길,33042320,현도면
1850135100,한밭대로,25030660,월평1동
1870026704,중리서로,25050550,중리동
1870079900,신일동로33번길,25050610,목상동
1840055701,동서대로,25020510,은행선화동
1850063205,갈마로,25030610,괴정동
1860091001,은구비남로,25040590,노은1동
1860393801,죽동로,25040540,온천2동
1840015500,대종로,25020570,석교동
1850037902,정림로,25030540,정림동
1850089002,계룡로491번길,25030600,둔산2동
1840199202,솔밭로,25020580,대사동
1850060802,대덕대로,25030630,내동
1870045601,대전로1291번길,25050530,회덕동
1850091307,둔산서로10번길,25030570,탄방동
1840042401,선화서로,25020510,은행선화동
1870034602,계족산로43번길,25050620,송촌동
1850319500,봉우로30번길,25030720,관저1동
1840042000,보문로,25020550,대흥동
1840036104,문창로,25020560,문창동
1860688203,엑스포로539번길,25040630,관평동
1860428203,테크노2로,25040630,관평동
1830489202,우암로147번길,25010800,삼성동
1860010619,대덕대로,25040550,신성동
1860208600,도안대로,25040700,상대동
1830285901,동산초교로,25010680,홍도동
1850333701,구봉산북로94번길,25030730,관저2동
1840042203,중앙로,25020510,은행선화동
1860222601,농대로,25040540,온천2동
1850020301,구억뜸길,25030511,가수원동
1860087601,한밭대로,25040590,노은1동
1860116301,신성남로,25040550,신성동
1870035601,송촌북로,25050570,법2동
1850103701,문예로,25030590,둔산1동
1850152900,갑천도시고속도로,25030690,만년동
1860390802,죽동로,25040540,온천2동
1850142300,유등로,25030600,둔산2동
1840192602,유등천동로,25020640,태평2동
1870087400,대청로82번길,25050580,신탄진동
1860155401,배울1로,25040630,관평동
1850043500,복수서로,25030510,복수동
1860024200,유성대로,25040680,진잠동
1870047102,계족로664번길,25050570,법2동
1850140300,청사로,25030670,월평2동
1850058700,유등로,25030560,용문동
1860059601,온천북로,25040640,온천1동
1860045202,계룡로16번길,25040640,온천1동
1860020001,대정로,25040680,진잠동
1850294600,동서대로,25030512,도안동
1860374901,학하남로,25040690,학하동
1860075801,대학로,25040540,온천2동
1860144700,테크노2로,25040630,관평동
1830448100,석천로,25010750,산내동
1840050004,선화로,25020510,은행선화동
1850061201,도솔로,25030610,괴정동
1860424200,테크노4로,25040630,관평동
1840053000,대전천서로,25020510,은행선화동
1860606601,유성대로1689번길,25040570,전민동
1870496400,구족로,25050610,목상동
1860022400,대정로28번길,25040680,진잠동
1860094000,은구비남로7번길,25040590,노은1동
1850101801,둔산남로105번길,25030590,둔산1동
1860380901,진잠옛로,25040690,학하동
1860683209,구룡달전로,25040610,구즉동
1830037311,가양로,25010630,가양1동
1850268001,구봉로28번길,25030730,관저2동
1870488206,동산초교로,25050510,오정동
1860097800,엑스포로123번길,25040550,신성동
1860381001,학하로,25040700,상대동
1860432600,테크노1로,25040630,관평동
1860151102,와룡로136번길,25040610,구즉동
1850119201,둔산서로,25030600,둔산2동
1850159501,구봉로,25030540,정림동
1840019302,보문산로,25020670,문화1동
1850109703,둔산중로58번길,25030590,둔산1동
1860668302,용산2로,25040630,관평동
1850036207,계백로1300번길,25030540,정림동
1850131100,한밭대로,25030600,둔산2동
1870480502,신일동로,25050610,목상동
1860230200,한빛아파트길,25040540,온천2동
1840054803,대종로,25020510,은행선화동
1830461800,은어송로,25010530,효동
1840023600,대전천서로,25020570,석교동
1840019502,과례로22번길,25020670,문화1동
1870022001,동춘당로,25050620,송촌동
1860366000,학하중앙로127번길,25040690,학하동
1850069003,도산로,25030570,탄방동
1860124903,반석로,25040670,노은3동
1870490901,비래서로,25050540,비래동
1830461501,은어송로51번길,25010530,효동
1870495600,신일서로126번길,25050610,목상동
1860621500,반석로11번길,25040670,노은3동
1870487703,오정로37번길,25050510,오정동
1870058500,산업단지로,25050610,목상동
1860187900,지족로190번길,25040670,노은3동
1850092507,갈마중로,25030650,갈마2동
1840192100,유등천동로,25020690,산성동
1850061100,신갈마로,25030630,내동
1850147004,갑천도시고속도로,25030690,만년동
1860670001,월드컵대로275번길,25040640,온천1동
1860192200,지족동로,25040670,노은3동
1860685901,복합환승로26번길,25040640,온천1동
1850006400,계백로,25030530,도마2동
1830051901,대전천동로,25010760,중앙동
1850299301,별곡로,25030511,가수원동
1860134701,자운로,25040550,신성동
1860021401,대정로28번안길,25040680,진잠동
1860630200,상대서로68번길,25040700,상대동
1860047202,계룡로38번길,25040640,온천1동
1840026602,대종로,25020590,부사동
1860648103,구룡달전로,25040610,구즉동
1860041701,계룡로141번길,25040640,온천1동
1860124402,신성남로111번길,25040550,신성동
1830456900,석천로,25010750,산내동
1870070600,신일동로33번길,25050610,목상동
1850305600,유등로,25030520,도마1동
1830012811,계족로,25010650,용전동
1840049500,대전천서로,25020510,은행선화동
1870052601,대전로,25050530,회덕동
1830037413,가양로,25010630,가양1동
1870477403,방두말5길,25050600,덕암동
1860113201,노은로,25040660,노은2동
1860010610,대덕대로,25040550,신성동
1850069600,문정로2번길,25030570,탄방동
1870015300,오정로,25050510,오정동
1870488104,동산초교로,25050510,오정동
1860403000,유성대로,25040540,온천2동
1850143401,청사서로,25030670,월평2동
1870198800,경부고속도로,25050600,덕암동
1860086801,노은동로87번길,25040590,노은1동
1860088902,노은동로99번길,25040590,노은1동
1870492107,우암동로,25050540,비래동
1830022201,용운로,25010570,용운동
1860657310,신성남로,25040550,신성동
1860617000,문지로316번길,25040570,전민동
1860102601,대덕대로512번길,25040550,신성동
1840035901,인창로,25020560,문창동
1850305001,유등로,25030510,복수동
1860176800,진잠로140번길,25040680,진잠동
1830020202,대동복개길,25010780,대동
1860078400,어은로,25040540,온천2동
1860654402,계룡로59번길,25040640,온천1동
1860671902,계룡로16번길,25040640,온천1동
1850296501,벌곡로,25030511,가수원동
1850321101,관저중로64번길,25030730,관저2동
1870089010,평촌2길,25050600,덕암동
1860397501,죽동2길,25040540,온천2동
1850306800,둔산로31번길,25030600,둔산2동
1860066902,문화원로146번길,25040640,온천1동
1850030001,구봉산북로,25030512,도안동
1860434801,테크노2로,25040630,관평동
1860616900,문지로316번길,25040570,전민동
1850004001,계백로,25030720,관저1동
1830128701,동구청로,25010750,산내동
1860648801,금남구즉로,25040610,구즉동
1860409400,봉명서로,25040710,원신흥동
1840046604,수침로,25020630,태평1동
1830030907,대전로,25010800,삼성동
1830285601,동산초교로23번길,25010680,홍도동
1830124500,은어송로,25010530,효동
1860613301,문지로299번길,25040570,전민동
1840199704,충무로,25020580,대사동
1860217100,도안대로,25040710,원신흥동
1860050600,유성대로680번길,25040640,온천1동
1850273501,관저중로,25030730,관저2동
1860124401,신성남로111번길,25040550,신성동
1850108400,월평새뜸로,25030660,월평1동
1840040600,유천로132번길,25020630,태평1동
1860005703,유성대로,25040540,온천2동
1840194701,보문로,25020550,대흥동
1860051701,계룡로123번길,25040640,온천1동
1860129001,엑스포로466번길,25040570,전민동
1870026302,계족산로5번길,25050550,중리동
1850035600,복수동로,25030510,복수동
1850041601,계백로1286번길,25030540,정림동
1870089017,평촌2길,25050600,덕암동
1860369300,학하동로,25040690,학하동
1860207001,노은로,25040660,노은2동
1860405400,유성대로935번길,25040540,온천2동
1830037404,가양로,25010630,가양1동
1860091101,은구비서로,25040590,노은1동
1850209700,동서대로,25030660,월평1동
1860238902,테크노2로,25040570,전민동
1850051505,변동로,25030550,변동
1870012002,대전로,25050510,오정동
1830046005,비래서로,25050540,비래동
1860608100,아리랑로21번길,25040570,전민동
1850312700,둔산서로10번길,25030570,탄방동
1860409605,원신흥로55번길,25040710,원신흥동
1840013301,대둔산로255번길,25020690,산성동
1860335600,호남고속도로지선,25040690,학하동
1860160402,관평1로,25040610,구즉동
1850069801,계룡로583번길,25030570,탄방동
1840016802,당디로,25020690,산성동
1860215501,원신흥남로,25040710,원신흥동
1850060408,용문로,25030560,용문동
1860052801,유성대로694번길,25040640,온천1동
1860106502,은구비로155번길,25040660,노은2동
1860413100,유성대로1205번길,25040550,신성동
1860043502,도안대로589번길,25040640,온천1동
1870088201,석봉로38번길,25050590,석봉동
1850066402,도솔로,25030610,괴정동
1850117901,대덕대로233번길,25030600,둔산2동
1830016201,동구청로,25010550,판암1동
1840182300,목동로22번길,25020530,목동
1830020304,동대전로,25010760,중앙동
1870037501,대전로1331번길,25050520,대화동
1860131409,유성대로1689번길,25040570,전민동
1850035100,벌곡로,25030511,가수원동
1840030801,문화로,25020580,대사동
1870067900,문평서로17번안길,25050610,목상동
1840005104,계백로,25020620,오류동
1830284801,동산초교로,25010680,홍도동
1850046305,사마1길,25030530,도마2동
1850295300,동서대로,25030512,도안동
1860398101,죽동로,25040540,온천2동
1860205101,동서대로,25040690,학하동
1860425501,테크노3로,25040630,관평동
1830041203,동서대로,25010650,용전동
1860114303,가정북로,25040550,신성동
1850035302,복수동로,25030510,복수동
1860149200,송강로,25040610,구즉동
1860067702,문화원로,25040640,온천1동
1860009400,신성로,25040550,신성동
1850088000,문정로,25030570,탄방동
1870059100,신일서로126번길,25050610,목상동
1850120500,월평서로,25030660,월평1동
1870082502,대덕대로1470번길,25050610,목상동
1860205903,유성대로,25040640,온천1동
1840045003,계룡로816번길,25020620,오류동
1840058201,대종로,25020540,중촌동
1870015601,대전로,25050510,오정동
1860368902,학하북로,25040690,학하동
1860101000,은구비로,25040590,노은1동
1860111700,지족로364번길,25040660,노은2동
1850007001,계룡로,25030570,탄방동
1860124113,엑스포로,25040570,전민동
1850064502,도솔로,25030610,괴정동
1830018403,충무로,25010770,신인동
1870490705,홍도로,25050550,중리동
1860405200,원신흥로,25040710,원신흥동
1850127801,한밭대로570번길,25030660,월평1동
1860630602,복용북로33번길,25040690,학하동
1860107400,은구비로,25040660,노은2동
1860411200,봉명로,25040710,원신흥동
1860198101,학하복용로,25040690,학하동
1850006301,계백로,25030530,도마2동
1860098900,엑스포로97번길,25040550,신성동
1850143605,월평북로,25030670,월평2동
1840026801,보문산공원로,25020580,대사동
1860124204,엑스포로,25040570,전민동
1860381101,학하로,25040700,상대동
1850041302,정림서로,25030540,정림동
1830185200,통영대전고속도로,25010550,판암1동
1850309501,-,25030730,관저2동
1860051003,계룡로87번길,25040640,온천1동
1860441700,테크노2로,25040630,관평동
1860400100,상대동로,25040700,상대동
1860036803,계룡로38번길,25040640,온천1동
1850101201,둔산중로,25030590,둔산1동
1850032603,벌곡로1353번길,25030511,가수원동
1850334202,구봉산북로,25030730,관저2동
1870487500,대전천북로,25050510,오정동
1830042001,대청호수로,25010730,대청동
1860107601,북유성대로,25040660,노은2동
1850066605,용문로,25030610,괴정동
1840031004,계룡로920번길,25020580,대사동
1860369901,학하중앙로150번길,25040690,학하동
1860096901,노은서로142번길,25040590,노은1동
1840126201,문화로,25020670,문화1동
1870083101,문평동로18번길,25050610,목상동
1840051901,보문로337번길,25020510,은행선화동
1860124103,엑스포로,25040570,전민동
1870198701,천변도시고속도로,25050530,회덕동
1860090701,노은동로,25040590,노은1동
1870069000,신탄진로,25050580,신탄진동
1850063902,신갈마로,25030630,내동
1860377900,복용북로,25040690,학하동
1870075202,대덕대로1486번길,25050610,목상동
1830447200,신인로,25010770,신인동
1830040607,흥룡로,25010640,가양2동
1860440300,테크노중앙로,25040630,관평동
1860366502,학하남로77번길,25040690,학하동
1870482801,벚꽃길,25050600,덕암동
1860372400,학하북로,25040690,학하동
1860626600,은구비로155번길,25040660,노은2동
1860675203,문화원로,25040540,온천2동
1850330405,계룡로342번길,25030640,갈마1동
1840004102,계백로,25020660,유천2동
1860663803,자운로221번길,25040550,신성동
1850154802,변동중로45번길,25030550,변동
1850079400,문정로,25030600,둔산2동
1870084801,신탄진동로23번길,25050580,신탄진동
1870063502,신일서로67번길,25050610,목상동
1850291901,관저남로,25030730,관저2동
1870476800,문평동로,25050610,목상동
1840056500,대전천서로,25020510,은행선화동
1830035803,대전로,25050510,오정동
1850046809,도마5길,25030520,도마1동
1870019800,옛신탄진로,25050510,오정동
1850333902,구봉산북로94번길,25030730,관저2동
1840051107,목동로,25020530,목동
1850208903,도안동로,25030512,도안동
1860045204,계룡로16번길,25040640,온천1동
1870002613,신탄진로,25050530,회덕동
1860659501,-,25040640,온천1동
1840017201,보문산로,25020680,문화2동
1850060403,용문로,25030560,용문동
1850062305,도솔로,25030610,괴정동
1870029001,송촌북로,25050550,중리동
1850317306,배재로197번길,25030530,도마2동
1850090302,문정로,25030570,탄방동
1850141602,월평동로,25030680,월평3동
1860639300,테크노중앙로,25040630,관평동
1850206301,원도안로,25030512,도안동
1830037316,가양로,25010630,가양1동
1850020801,벌곡로,25030511,가수원동
1870481400,방두말4길,25050600,덕암동
1850151200,만년로67번길,25030690,만년동
1840025305,문화로,25020680,문화2동
1870042800,대화로,25050520,대화동
1830285204,한남로,25050510,오정동
2830004209,중척길,33042320,현도면
1860649701,도안동로,25040710,원신흥동
1870050500,대화로52번길,25050520,대화동
1870082201,대덕대로1417번길,25050610,목상동
1860130904,엑스포로,25040570,전민동
1860600300,대덕대로541번길,25040550,신성동
1860661801,자운로97번길,25040550,신성동
1860617500,문지로316번길,25040570,전민동
1850079202,계룡로509번길,25030570,탄방동
1830121201,계족로,25010530,효동
1850094202,둔산중로14번길,25030570,탄방동
1850051903,변동로,25030550,변동
1840023902,문화로234번길,25020670,문화1동
1840056001,대종로,25020510,은행선화동
1850305801,유등로,25030520,도마1동
1830474102,산서로,25010750,산내동
1830447000,신인로,25010770,신인동
1850043906,배재로,25030530,도마2동
1860636000,동서대로656번길,25040680,진잠동
1840014100,산서로,25020690,산성동
1860077500,한밭대로,25040540,온천2동
1830471100,백룡로57번길,25010600,자양동
1870203300,경부고속도로,25050530,회덕동
1850035300,복수동로,25030510,복수동
1850052006,도산로,25030550,변동
1860110401,북유성대로,25040660,노은2동
1860653803,원신흥남로12번길,25040710,원신흥동
1860059101,온천북로,25040640,온천1동
1860597602,계백로801번길,25040680,진잠동
1860444100,갑천로,25040570,전민동
1830125302,대학로50번길,25010570,용운동
1870483202,신탄진로162번길,25050530,회덕동
1850121201,둔산북로,25030740,둔산3동
1860101001,은구비로,25040590,노은1동
1870016001,대전로,25050510,오정동
1870488501,옛신탄진로,25050510,오정동
1860631901,원내로,25040680,진잠동
1850062204,도솔로,25030610,괴정동
1870075001,덕암북로,25050600,덕암동
1830453704,-,25010790,성남동
1850061906,괴정로,25030610,괴정동
1850063602,탄방로,25030560,용문동
1850145700,둔산대로117번길,25030690,만년동
1850291401,도안북로,25030512,도안동
1850010901,계룡로,25030660,월평1동
1850119700,월평중로,25030660,월평1동
1870053501,아리랑로,25050530,회덕동
1870066501,신탄진로,25050600,덕암동
1860674706,문화원로6번길,25040540,온천2동
1860101802,엑스포로123번길,25040550,신성동
1860667702,용산1로,25040630,관평동
1860626900,유성대로1422번길,25040550,신성동
1840192306,유등천동로,25020640,태평2동
1860055901,유성대로694번길,25040640,온천1동
1870086401,덕암북로,25050590,석봉동
1860235801,배울1로,25040630,관평동
1830036500,합내로,25010630,가양1동
1860691701,-,25040700,상대동
1860040902,계룡로74번길,25040640,온천1동
1870064001,신일서로18번길,25050610,목상동
1850144701,둔산대로,25030600,둔산2동
1850049600,도마로,25030520,도마1동
1830019902,계족로140번길,25010780,대동
1860204301,유성대로,25040700,상대동
1860041401,계룡로38번길,25040640,온천1동
1860097100,은구비남로7번길,25040590,노은1동
1870006105,신탄진로,25050580,신탄진동
1860125001,반석로,25040670,노은3동
1850046304,사마1길,25030530,도마2동
1860622702,지족북로66번길,25040670,노은3동
1870048601,대화로32번길,25050520,대화동
1860352802,탑립로,25040630,관평동
1850121601,둔산북로,25030590,둔산1동
1860660701,-,25040550,신성동
1860037402,계룡로32번길,25040640,온천1동
1860389600,죽동로,25040540,온천2동
1860065401,온천서로,25040540,온천2동
1840001906,대둔산로,25020690,산성동
1860058900,온천서로,25040640,온천1동
1850226900,대전남부순환고속도로,25030730,관저2동
1850111601,둔산서로,25030600,둔산2동
1860010704,유성대로,25040550,신성동
1850056003,도산로,25030630,내동
1840191601,유등천동로,25020690,산성동
1860125005,반석로,25040670,노은3동
1860388400,죽동로,25040540,온천2동
1850329703,신갈마로,25030640,갈마1동
1840009300,방아미로,25020690,산성동
1860021002,대정로,25040680,진잠동
1860085800,한밭대로,25040590,노은1동
1850323901,관저동로,25030730,관저2동
1870072600,석봉로58번길,25050590,석봉동
1870503400,덕암로,25050600,덕암동
1860598000,테크노2로,25040630,관평동
1870008001,대덕대로,25050610,목상동
1850151100,둔산대로117번길,25030690,만년동
1860203801,유성대로,25040690,학하동
1830010103,계족로,25010800,삼성동
1850207402,원도안로,25030512,도안동
1850118004,둔산로31번길,25030600,둔산2동
1850101901,둔산남로105번길,25030590,둔산1동
1830012706,계족로,25010650,용전동
1850134900,문예로,25030600,둔산2동
1850333802,구봉산북로94번길,25030730,관저2동
1840048700,선화로,25020510,은행선화동
1840198802,-,25020670,문화1동
1870030502,동춘당로,25050620,송촌동
1830181800,통영대전고속도로,25010750,산내동
1860191104,반석로,25040670,노은3동
1860635200,동서대로656번길,25040680,진잠동
1850091002,유등로669번길,25030570,탄방동
1850029101,관저로,25030730,관저2동
1860116000,노은로,25040660,노은2동
1860070800,한밭대로,25040640,온천1동
1840053101,선화서로,25020510,은행선화동
1870502300,경부고속도로,25050600,덕암동
1870055702,산디로,25050530,회덕동
1860214705,자운로97번길,25040550,신성동
1870083900,신탄진동로,25050580,신탄진동
1830057102,대전로987번길,25050510,오정동
1860009300,신성로,25040550,신성동
1860418100,유성대로1184번길,25040550,신성동
1850266800,구봉산북로21번길,25030730,관저2동
1850132700,한밭대로,25030600,둔산2동
1850117704,대덕대로233번길,25030600,둔산2동
1850024201,복수남로,25030510,복수동
1850236601,월드컵대로,25030660,월평1동
1870051901,대화로32번길,25050520,대화동
1830056303,하상도로,25010530,효동
1850141301,청사로,25030680,월평3동
1860427000,관평2로,25040630,관평동
1830465100,은어송로77번길,25010530,효동
1860206102,월드컵대로,25040700,상대동
1830030200,태전로,25010800,삼성동
1860401403,죽동로279번길,25040540,온천2동
1840048301,중앙로,25020510,은행선화동
1850111502,대덕대로220번길,25030600,둔산2동
1850033300,복수동로,25030510,복수동
1840056300,-,25010800,삼성동
1860195200,지족로,25040640,온천1동
1840125901,계백로,25020600,용두동
1860202602,북유성대로316번길,25040660,노은2동
1830038001,동서대로,25010680,홍도동
1850062703,도산로,25030560,용문동
1860230101,농대로,25040540,온천2동
1860131606,유성대로,25040550,신성동
1870028304,송촌북로4번길,25050620,송촌동
1860430600,테크노5로,25040630,관평동
1860388201,도안북로,25040680,진잠동
1860599800,문지로,25040570,전민동
1850294200,관저남로,25030730,관저2동
1830017603,동부로,25010560,판암2동
1860622200,지족북로,25040670,노은3동
1860171100,은구비남로7번길,25040590,노은1동
1870065807,덕암로,25050600,덕암동
1840191302,유등천동로,25020690,산성동
1860670901,유성대로654번길,25040640,온천1동
1860614200,아리랑로21번길,25040570,전민동
1840027307,대종로333번길,25020590,부사동
1870080000,대덕대로1486번길,25050610,목상동
1860440401,테크노11로,25040630,관평동
1850052100,도산로,25030550,변동
1860009106,대덕대로,25040550,신성동
1860375303,학하중앙로167번길,25040690,학하동
1870015403,오정로,25050510,오정동
1870499503,대화로,25050520,대화동
1860198000,학하복용서로,25040690,학하동
1860013201,대덕대로,25040610,구즉동
1830052710,은어송로,25010530,효동
1860137701,자운로,25040550,신성동
1830056201,하상도로,25010760,중앙동
1860009500,대덕대로,25040550,신성동
1870483402,신탄진로190번길,25050530,회덕동
1850330401,계룡로342번길,25030660,월평1동
1860081400,프란치스코교황로,25040590,노은1동
1850049603,도마로,25030520,도마1동
1860427700,테크노4로,25040630,관평동
1860149706,송강로42번길,25040610,구즉동
1860003803,계룡로,25040640,온천1동
1850132502,한밭대로707번길,25030600,둔산2동
1870019904,송촌로,25050620,송촌동
1840052400,대종로,25020510,은행선화동
1850323400,-,25030540,정림동
1870083800,신탄진동로,25050580,신탄진동
1850289801,도안북로93번길,25030512,도안동
1860615601,문지로315번길,25040570,전민동
1850281400,도안북로,25030512,도안동
1860018401,진잠로,25040680,진잠동
1830478402,-,25010760,중앙동
1870037001,송촌북로36번길,25050620,송촌동
1860638101,엑스포로123번길,25040550,신성동
1860017500,진잠로,25040680,진잠동
1830125001,대학로,25010570,용운동
1860119800,노은로410번길,25040660,노은2동
1840184300,계백로1686번길,25020670,문화1동
1860124800,신성로,25040550,신성동
1850065301,가장로,25030610,괴정동
1860001305,계백로,25040680,진잠동
1860087000,노은서로96번길,25040590,노은1동
1850322402,관저로129번길,25030730,관저2동
1860090800,노은동로,25040590,노은1동
1860197501,학하복용서로,25040690,학하동
1860369601,학하동로,25040690,학하동
1830024201,새둑길,25010760,중앙동
1850038801,보문산로,25030510,복수동
1830016105,동구청로204번길,25010550,판암1동
1850071800,문정로2번길,25030570,탄방동
1870492203,우암동로,25050540,비래동
1840063700,당디로,25020650,유천1동
1860372301,복용북로,25040690,학하동
1850067902,갈마로,25030650,갈마2동
1860650802,-,25040690,학하동
1860233401,테크노2로,25040630,관평동
1830022000,계족로140번길,25010570,용운동
1870002302,계족로,25050530,회덕동
1850304800,혜천로,25030510,복수동
1860395400,죽동로,25040540,온천2동
1850046803,도마5길,25030520,도마1동
1860604709,교촌대정로,25040680,진잠동
1860029300,월드컵대로,25040700,상대동
1850303201,구봉로,25030540,정림동
1850037203,-,25030540,정림동
1860214701,자운로97번길,25040550,신성동
1830052102,동구청로,25010530,효동
1850149801,만년로67번길,25030690,만년동
1860682501,대정로42번길,25040680,진잠동
1860019902,대정로,25040680,진잠동
1840194902,중앙로,25020550,대흥동
1860428001,관평2로,25040630,관평동
1860307401,북유성대로400번길,25040660,노은2동
1860428701,테크노중앙로,25040630,관평동
1860617202,문지로,25040570,전민동
1840016304,보문산로,25020690,산성동
1860178101,은구비남로33번길,25040590,노은1동
1830041201,동서대로,25010650,용전동
1870003500,경부고속도로,25050530,회덕동
1850127800,한밭대로570번길,25030660,월평1동
1860001307,계백로,25040680,진잠동
1850037303,-,25030540,정림동
1830011206,계족로,25010790,성남동
1870203302,경부고속도로,25050570,법2동
1850151602,둔산대로117번길,25030690,만년동
1830041400,우암로,25010640,가양2동
1850020803,벌곡로,25030511,가수원동
1860624001,지족동로142번길,25040670,노은3동
1860035301,유성대로646번길,25040640,온천1동
1860604812,교촌대정로,25040680,진잠동
1870494601,아리랑로,25050530,회덕동
1870044702,매봉길,25050570,법2동
1860623301,지족로,25040670,노은3동
1860407501,도안대로,25040710,원신흥동
1850092704,갈마로,25030650,갈마2동
1860601401,지족북로,25040670,노은3동
1870044600,매봉길,25050570,법2동
1850007101,계룡로,25030560,용문동
1850208901,도안동로,25030512,도안동
1850029501,관저로,25030730,관저2동
1870030303,송촌북로12번길,25050620,송촌동
1850232102,도안중로,25030720,관저1동
1830044206,우암로,25010640,가양2동
1840182000,계룡로918번길,25020670,문화1동
1850009304,계룡로,25030650,갈마2동
1840039700,선화로22번길,25020600,용두동
1850009407,계룡로,25030650,갈마2동
1850047712,조달청길,25030520,도마1동
1860143700,테크노2로,25040630,관평동
1860097201,은구비남로7번길,25040590,노은1동
1830032302,길티길,25010630,가양1동
1850194400,도안북로,25030512,도안동
1850137802,문정로,25030600,둔산2동
1830025302,용운로147번길,25010570,용운동
1860205905,유성대로,25040640,온천1동
1850058801,괴정로,25030560,용문동
1870047206,계족로664번길,25050570,법2동
1860117603,지족로,25040670,노은3동
1870498602,대덕대로,25050580,신탄진동
1870151901,장동로228번길,25050530,회덕동
1860090702,노은동로,25040590,노은1동
1850073300,문정로2번길,25030570,탄방동
1860608602,문지로,25040570,전민동
1850090301,문정로,25030570,탄방동
1830016304,동부로,25010560,판암2동
1860599502,문지로315번길,25040570,전민동
1860411301,봉명로,25040710,원신흥동
1850054000,유등로,25030620,가장동
1860366401,학하남로77번길,25040690,학하동
1860027900,월드컵대로290번길,25040700,상대동
1830035705,대전로,25010800,삼성동
1850320600,관저중로64번길,25030730,관저2동
1860433600,테크노2로,25040630,관평동
1830453102,동서대로1683번길,25010650,용전동
1860126200,가정북로,25040550,신성동
1840010701,산서로,25020690,산성동
1850065500,도솔로,25030560,용문동
1860005806,유성대로,25040540,온천2동
1870081801,3공단3길,25050610,목상동
1860331203,덕명로56번길,25040690,학하동
1850055401,변동중로,25030550,변동
1830010001,옥천로,25010550,판암1동
1870441702,신탄진로349번길,25050530,회덕동
1860057500,온천로,25040640,온천1동
1850316701,동서대로,25030630,내동
1830038000,동서대로,25010680,홍도동
1850038901,보문산로,25020690,산성동
1860353900,엑스포로,25040630,관평동
1850038501,혜천로,25030510,복수동
1860038001,유성대로654번길,25040640,온천1동
1860626000,노은서로266번길,25040660,노은2동
1870001803,계족로,25050570,법2동
1830017704,대전로,25010770,신인동
1850012201,대덕대로,25030670,월평2동
1850029002,관저로,25030730,관저2동
1860613902,문지로299번길,25040570,전민동
1850334104,-,25030730,관저2동
1860724100,도안대로,25040680,진잠동
1860392100,죽동로,25040590,노은1동
1860119502,신성로,25040550,신성동
1870022800,중리로,25050550,중리동
1860437800,용산2로,25040630,관평동
1870490703,홍도로,25050550,중리동
1850114900,-,25030590,둔산1동
1840016205,보문산로,25020690,산성동
1850032207,관저중로96번길,25030730,관저2동
1870071000,덕암북로60번길,25050600,덕암동
1860160203,관평1로,25040630,관평동
1860364301,학하로,25040690,학하동
1860607100,유성대로1628번길,25040570,전민동
1830122201,계족로,25010530,효동
1830186500,경부고속도로,25010730,대청동
1860366701,학하중앙로128번길,25040690,학하동
1850050104,도솔로,25030520,도마1동
1850156002,하상도로,25030740,둔산3동
1840026707,보문산공원로,25020580,대사동
1850334601,-,25030512,도안동
1840180800,대전천서로,25020540,중촌동
1870008900,대청로,25050580,신탄진동
1860188500,지족로148번길,25040670,노은3동
1860210604,상대로,25040700,상대동
1860665802,자운로245번길,25040550,신성동
1830048000,계족로489번길,25050550,중리동
1840033205,대흥로,25020670,문화1동
1860429800,테크노3로,25040630,관평동
1860598001,테크노2로,25040630,관평동
1830181300,통영대전고속도로,25010750,산내동
1840039904,선화로22번길,25020600,용두동
1840190101,보문산로35번길,25020690,산성동
1850042500,도안중로,25030720,관저1동
1840032602,수침로,25020660,유천2동
1850335900,-,25030660,월평1동
1860433602,테크노2로,25040630,관평동
1860338900,호남고속도로지선,25040640,온천1동
1850292804,도안북로,25030512,도안동
1850085500,탄방로,25030570,탄방동
1850237900,계룡로,25030660,월평1동
1870062001,덕암로,25050600,덕암동
1860387400,도안대로,25040680,진잠동
1850089701,문정로,25030570,탄방동
1840053001,대전천서로,25020510,은행선화동
1840005300,충무로,25020560,문창동
1830017302,동부로,25010560,판암2동
1860726200,도안대로,25040680,진잠동
1850042103,복수북로,25030540,정림동
1850010004,계룡로,25030640,갈마1동
1860624301,지족동로142번길,25040670,노은3동
1870073800,덕암북로4번길,25050600,덕암동
1860099601,은구비로,25040590,노은1동
1860607802,문지로,25040570,전민동
1870031800,천변도시고속도로,25050520,대화동
1830052703,은어송로,25010530,효동
1830454501,산내로,25010750,산내동
1860032302,유성대로642번길,25040640,온천1동
1850119301,둔산서로,25030600,둔산2동
1830474404,산서로,25010750,산내동
1850078903,유등로,25030570,탄방동
1870014805,한남로150번길,25050510,오정동
1830007204,계족로,25010770,신인동
1850311400,둔산로31번길,25030600,둔산2동
1850062200,도솔로,25030610,괴정동
1870018505,한밭대로,25050510,오정동
1860599101,엑스포로446번길,25040570,전민동
1860380000,진잠옛로,25040690,학하동
1840066902,잔디로,25020690,산성동
1850097801,둔산남로,25030590,둔산1동
1850024901,관저로,25030730,관저2동
1840196802,-,25020690,산성동
1870161500,신상로,25050540,비래동
1860054201,온천서로,25040640,온천1동
1870085500,문평동로48번길,25050610,목상동
1870016700,한밭대로1006번길,25050510,오정동
1860215700,원신흥남로,25040710,원신흥동
1850155600,유등로,25030520,도마1동
1860120502,반석서로,25040670,노은3동
1830011208,계족로,25010790,성남동
1860049601,계룡로26번길,25040640,온천1동
1860660601,송림로53번길,25040660,노은2동
1840188303,보문로162번길,25020580,대사동
1860414701,유성대로1184번길,25040550,신성동
1850030101,구봉산북로,25030730,관저2동
1840054900,우암로,25020510,은행선화동
1840054901,우암로,25020510,은행선화동
1870479004,대덕대로1585번길,25050590,석봉동
1850079900,문정로9번길,25030600,둔산2동
1830037307,가양로,25010630,가양1동
1870483800,한밭대로1003번길,25050510,오정동
1850113901,갑천도시고속도로,25030660,월평1동
1860018301,진잠로,25040680,진잠동
1850094600,둔산중로,25030570,탄방동
1870018901,한밭대로,25050550,중리동
1870032900,대전로1331번길,25050520,대화동
1860132902,엑스포로,25040570,전민동
1860145100,갑천로,25040630,관평동
1860669302,유성대로626번길,25040640,온천1동
1860214601,노은로,25040550,신성동
1860150201,구즉로,25040610,구즉동
1830042019,대청호수로,25010730,대청동
1870075800,덕암북로58번길,25050600,덕암동
1870054501,대화로32번길,25050520,대화동
1830024302,중교로,25010760,중앙동
1860019800,대정남로,25040680,진잠동
1860333000,호남고속도로지선,25040680,진잠동
1860171306,대덕대로556번길,25040550,신성동
1840039701,선화로22번길,25020600,용두동
1860649101,도안동로,25040710,원신흥동
1830472500,동서대로1572번길,25010790,성남동
1850116701,둔산서로,25030600,둔산2동
1830182100,통영대전고속도로,25010750,산내동
1870362300,구즉세종로,25050610,목상동
1840124301,계백로,25020620,오류동
1860095001,엑스포로97번길,25040550,신성동
1850303702,복수중로,25030510,복수동
1860134601,자운로157번길,25040550,신성동
1860435102,테크노6로,25040630,관평동
1860636702,도안동로,25040710,원신흥동
1870043900,대화로52번길,25050520,대화동
1840186401,중앙로,25020510,은행선화동
1870057701,덕암로,25050600,덕암동
1870083302,석봉로,25050590,석봉동
1850056300,변동중로,25030550,변동
1830023805,백룡로,25010570,용운동
1850333803,구봉산북로94번길,25030730,관저2동
1870062201,신일서로68번길,25050610,목상동
1850065502,도솔로,25030560,용문동
1840040702,유천로,25020630,태평1동
1850062902,용문로,25030610,괴정동
1860017603,진잠로,25040680,진잠동
1860614501,엑스포로446번길,25040570,전민동
1860104101,엑스포로97번길,25040550,신성동
1850304000,복수중로,25030510,복수동
1830035100,현암로,25010800,삼성동
1830461601,은어송로51번길,25010530,효동
1850118701,갈마역로,25030640,갈마1동
1840049602,대전천서로,25020510,은행선화동
1860368006,학하중앙로128번길,25040690,학하동
1850109202,-,25030600,둔산2동
1830126102,대학로,25010570,용운동
1860156300,배울2로,25040630,관평동
1840031200,테미로,25020550,대흥동
1860442101,테크노11로,25040630,관평동
1870062005,덕암로,25050600,덕암동
1860148101,와룡로,25040610,구즉동
1840042705,대흥로165번길,25020550,대흥동
1860147101,테크노중앙로,25040630,관평동
1850061004,신갈마로,25030630,내동
1830044704,홍도로,25050510,오정동
1850066900,도산로,25030560,용문동
1870081301,문평동로,25050610,목상동
1860609701,문지로,25040570,전민동
1870077800,대덕대로1486번길,25050610,목상동
1870083203,석봉로,25050590,석봉동
1840031501,유천로,25020660,유천2동
1840021804,대종로,25020570,석교동
1840193200,대종로,25020540,중촌동
1860009505,대덕대로,25040550,신성동
1840044403,태평로,25020640,태평2동
1860205900,유성대로,25040640,온천1동
1860685403,복합환승로26번길,25040640,온천1동
1860071403,대학로75번길,25040540,온천2동
1850087501,대덕대로176번길,25030600,둔산2동
1860217000,도안대로,25040700,상대동
1860120200,노은로410번길,25040660,노은2동
1850082901,계룡로553번안길,25030570,탄방동
1830030307,태전로,25010800,삼성동
1860432401,테크노2로,25040630,관평동
1870016500,오정로78번길,25050510,오정동
1860431901,테크노중앙로,25040630,관평동
1830018701,대전로,25010760,중앙동
1830462901,은어송로51번길,25010530,효동
1870152200,장동로228번길,25050530,회덕동
1860155501,관평천변로,25040630,관평동
1850098002,둔산남로,25030590,둔산1동
1860043600,도안대로589번길,25040640,온천1동
1860613701,문지로299번길,25040570,전민동
1860072100,어은로,25040640,온천1동
1860009601,대덕대로,25040550,신성동
1840023900,문화로234번길,25020670,문화1동
1860376002,복용로,25040690,학하동
1870007909,대덕대로,25050610,목상동
1860685902,복합환승로26번길,25040640,온천1동
1860030601,월드컵대로351번길,25040700,상대동
1860180002,성북로,25040680,진잠동
1830041906,대청호수로,25010730,대청동
1830016306,동부로,25010550,판암1동
1840061304,대전천북로,25050510,오정동
1850290501,도안북로,25030512,도안동
1840188301,보문로162번길,25020580,대사동
1850072900,문정로2번길,25030570,탄방동
1860613502,문지로299번길,25040570,전민동
1840001801,대둔산로,25020690,산성동
1870022901,동춘당로,25050620,송촌동
1850063102,갈마로203번길,25030630,내동
1860337000,호남고속도로지선,25040690,학하동
1870489102,송촌남로,25050540,비래동
1830046100,비래서로,25050540,비래동
1860604714,교촌대정로,25040680,진잠동
1870062104,덕암로,25050600,덕암동
1870073203,신일동로,25050610,목상동
1860154404,불무로,25040610,구즉동
1850043911,배재로,25030530,도마2동
1860079900,프란치스코교황로,25040590,노은1동
1850314400,대덕대로167번길,25030650,갈마2동
1830462101,은어송로52번길,25010530,효동
1850317801,도안동로12번길,25030512,도안동
1870203301,경부고속도로,25050620,송촌동
1860010503,대덕대로,25040550,신성동
1860065600,온천북로59번길,25040640,온천1동
1870002603,신탄진로,25050530,회덕동
1850045705,도산로,25030520,도마1동
1850048900,배재로,25030530,도마2동
1860392702,원신흥남로27번길,25040710,원신흥동
1850096101,갑천도시고속도로,25030660,월평1동
1830447100,신인로,25010770,신인동
1850302901,구봉로,25030540,정림동
1860650603,복용북로33번길,25040690,학하동
1870048902,계족로663번길,25050560,법1동
1860426401,배울2로,25040630,관평동
1850120808,신갈마로,25030640,갈마1동
1850201900,도안중로,25030512,도안동
1870031001,송촌북로,25050550,중리동
1870497803,석봉로37번길,25050590,석봉동
1850141604,월평동로,25030680,월평3동
1850006700,계백로,25030520,도마1동
1860003905,유성대로,25040640,온천1동
1850030102,구봉산북로,25030730,관저2동
1860378700,복용로40번길,25040690,학하동
1860623401,지족로,25040670,노은3동
1860058001,계룡로16번길,25040640,온천1동
1850155803,유등로,25030520,도마1동
1870055609,산디로,25050530,회덕동
1850023403,복수동로,25030510,복수동
1860609401,엑스포로446번길,25040570,전민동
1860028000,월드컵대로290번길,25040700,상대동
1830489302,한남로67번길,25010790,성남동
1860121702,북유성대로,25040670,노은3동
1870011601,한남로,25050510,오정동
1840038803,대흥로121번길,25020550,대흥동
1850125401,월평로,25030660,월평1동
1850205400,도안동로,25030512,도안동
1850096402,남선로,25030570,탄방동
1860057400,장대로,25040640,온천1동
1860603501,송림로53번길,25040660,노은2동
1830037306,가양로,25010630,가양1동
1850061403,갈마로,25030630,내동
1860043801,도안대로,25040640,온천1동
1860377700,복용북로,25040690,학하동
1860663102,자운로221번길,25040550,신성동
1840124802,계백로1716번길,25020670,문화1동
1860070701,한밭대로,25040640,온천1동
1860605500,구즉로58번길,25040610,구즉동
1870479703,대화로161번길,25050520,대화동
1860086904,노은서로96번길,25040590,노은1동
1860060300,온천북로59번길,25040640,온천1동
1850129701,한밭대로,25030600,둔산2동
1870025700,대전로,25050520,대화동
1860654901,은구비로155번길,25040660,노은2동
1870021801,경부고속도로,25050540,비래동
1860362002,학하중앙로67번길,25040690,학하동
1840199705,충무로,25020580,대사동
1840011500,대둔산로199번길,25020690,산성동
1850096302,남선로,25030570,탄방동
1850130101,한밭대로,25030600,둔산2동
1840183501,대흥로10번길,25020670,문화1동
1870024502,동춘당로,25050620,송촌동
1830492301,우암로,25010790,성남동
1860386401,도안대로,25040680,진잠동
1850051406,변동로,25030550,변동
1850120805,신갈마로,25030640,갈마1동
1860144102,테크노8로,25040630,관평동
1850029701,관저동로90번길,25030730,관저2동
1830032100,가양남로,25010630,가양1동
1870026806,중리서로,25050550,중리동
1860124106,엑스포로,25040570,전민동
1840065500,유등천동로,25020690,산성동
1860419104,유성대로1184번길,25040550,신성동
1850068802,도솔로,25030570,탄방동
1870022803,중리로,25050550,중리동
1850080100,문정로,25030600,둔산2동
1860019003,한우물로,25040680,진잠동
1830450701,동부로10번길,25010560,판암2동
1870484001,한밭대로1009번길,25050510,오정동
1860149302,구즉로,25040610,구즉동
1860334300,호남고속도로지선,25040680,진잠동
1840167000,대전남부순환고속도로,25020690,산성동
1860496001,구즉세종로,25040610,구즉동
1860364700,학하서로,25040690,학하동
1850307902,복수남로32번길,25030510,복수동
1840026900,문화로,25020680,문화2동
1860133300,엑스포로539번길,25040570,전민동
1860613200,문지로299번길,25040570,전민동
1850061802,괴정로,25030610,괴정동
1840023801,산성로,25020680,문화2동
1830461200,은어송로51번길,25010530,효동
1860229201,농대로,25040540,온천2동
1860606300,테크노2로,25040630,관평동
1860417601,유성대로1184번길,25040550,신성동
1870488201,동산초교로,25010680,홍도동
1860013801,봉산로,25040610,구즉동
1860366500,학하남로77번길,25040690,학하동
1860116602,신성남로,25040550,신성동
1830468601,-,25010550,판암1동
1830184600,통영대전고속도로,25010550,판암1동
1870030500,동춘당로,25050620,송촌동
1840118300,산서로,25030510,복수동
1860119301,송림로,25040660,노은2동
1860442201,테크노11로,25040630,관평동
1840120501,사정공원로,25020690,산성동
1860023802,유성대로217번길,25040680,진잠동
1840195202,-,25020510,은행선화동
1860098500,엑스포로123번길,25040550,신성동
1860170603,노은로410번길,25040660,노은2동
1850104600,둔산로,25030590,둔산1동
1830473101,성남로,25010790,성남동
1850110502,둔산중로58번길,25030590,둔산1동
1870063200,신일서로85번길,25050610,목상동
1840194602,보문로,25020510,은행선화동
1870081201,문평동로,25050610,목상동
1870081001,문평동로18번길,25050610,목상동
1860337400,대전남부순환고속도로,25040680,진잠동
1870035001,계족산로81번길,25050620,송촌동
1860444800,갑천로,25040630,관평동
1860040901,계룡로74번길,25040640,온천1동
1840035201,테미로,25020550,대흥동
1850063701,탄방로,25030560,용문동
1860104801,노은로,25040660,노은2동
1870040304,대화로150번길,25050520,대화동
1850009701,계룡로,25030660,월평1동
1830476602,대전천동로,25010760,중앙동
1860042100,계룡로32번길,25040640,온천1동
1870013712,옛신탄진로,25050510,오정동
1840182401,목동로22번길,25020540,중촌동
1850108501,월평새뜸로,25030660,월평1동
1860616201,문지로316번길,25040570,전민동
1860627501,-,25040550,신성동
1870031301,계족산로43번길,25050550,중리동
1850036801,정림로,25030540,정림동
1860723300,-,25040680,진잠동
1830040505,흥룡로,25010640,가양2동
1870065001,신일동로93번길,25050610,목상동
1830451002,대동천우안3길,25010780,대동
1860191001,학하중앙로,25040690,학하동
1860187901,지족로190번길,25040670,노은3동
2830023300,신탄진로,33042320,현도면
1870084700,신탄진동로,25050580,신탄진동
1850074102,대덕대로162번길,25030650,갈마2동
1860660901,자운로97번길,25040550,신성동
1860373101,학하복용로,25040690,학하동
1830017701,대전로,25010770,신인동
1870487800,오정로37번길,25050510,오정동
1850098801,둔산남로,25030570,탄방동
1860604804,교촌대정로,25040680,진잠동
1840051504,어덕마을로,25020600,용두동
1850315503,신갈마로,25030640,갈마1동
1860424901,관평1로,25040630,관평동
1860156301,배울2로,25040630,관평동
1850006007,계백로,25030540,정림동
1870043701,대화로,25050520,대화동
1870021203,우암로486번길,25050540,비래동
1850099900,문예로,25030590,둔산1동
1860211701,자운로97번길,25040550,신성동
1850307604,배재로233번길,25030550,변동
1860662503,-,25040550,신성동
1850032901,가수원로,25030512,도안동
1870039600,대화로106번길,25050520,대화동
1860205601,유성대로,25040640,온천1동
1860376802,복용로11번길,25040690,학하동
1860435000,테크노2로,25040630,관평동
1860062300,온천북로,25040640,온천1동
1860088105,대학로,25040540,온천2동
1850030601,복수동로51번길,25030510,복수동
1860035600,월드컵대로275번길,25040640,온천1동
1850159800,관저동로,25030720,관저1동
1870068004,문평서로,25050610,목상동
1840052004,보문로337번길,25020510,은행선화동
1850291202,동서대로,25030512,도안동
1870035800,송촌북로35번길,25050550,중리동
1860725900,도안대로,25040680,진잠동
1860080600,노은서로,25040590,노은1동
1860088702,노은동로,25040590,노은1동
1860425001,테크노4로,25040630,관평동
1840019501,과례로22번길,25020670,문화1동
1860204900,유성대로,25040700,상대동
1860067802,문화원로,25040640,온천1동
1850020400,벌곡로,25030511,가수원동
1860649801,도안동로,25040710,원신흥동
1840022500,과례로22번길,25020670,문화1동
1860045600,계룡로46번길,25040640,온천1동
1850308901,관저중로64번길,25030730,관저2동
1830025300,용운로147번길,25010570,용운동
1830032411,길티길,25010630,가양1동
1840027803,보문로,25020560,문창동
1850140200,청사로,25030670,월평2동
1860659903,송림로54번길,25040660,노은2동
1870048202,선비마을로,25050570,법2동
1860199501,학하복용서로,25040690,학하동
1840043803,대전천서로,25020550,대흥동
1850035200,복수동로,25030510,복수동
1830005203,대전로,25010530,효동
1830031600,동서대로,25010800,삼성동
1850322001,구봉로147번길,25030730,관저2동
1830447602,동서대로1683번길,25010650,용전동
1860631600,호남고속도로지선,25040680,진잠동
1850085802,갈마로,25030640,갈마1동
1860674805,문화원로6번길,25040540,온천2동
1860214202,자운로97번길,25040550,신성동
1870494800,천변도시고속도로,25050530,회덕동
1830031105,가양로,25010630,가양1동
1830008003,계족로,25010770,신인동
1870046501,대화로132번길,25050520,대화동
1850096200,남선로,25030570,탄방동
1860109700,은구비로138번길,25040660,노은2동
1830028100,동대전로,25010600,자양동
1850050502,배재로,25030520,도마1동
1860016700,진잠로62번길,25040680,진잠동
1860017700,원내로,25040680,진잠동
1860205300,유성대로,25040640,온천1동
1870481000,방두말1길,25050600,덕암동
1860178200,은구비남로33번길,25040590,노은1동
1840033303,수도산로,25020550,대흥동
1840053103,선화서로,25020510,은행선화동
1840127301,보문산로,25020670,문화1동
1860057901,계룡로16번길,25040640,온천1동
1840034104,태평로,25020640,태평2동
1860128301,외삼로8번길,25040660,노은2동
1860201700,학하중앙로,25040690,학하동
1860371501,학하중앙로149번길,25040690,학하동
1860082001,월드컵대로,25040590,노은1동
1860128702,전민로,25040570,전민동
1860234400,용산1로,25040630,관평동
1860219302,도안대로590번길,25040710,원신흥동
1860148203,와룡로,25040610,구즉동
1850107300,둔산로,25030600,둔산2동
1870079302,3공단3길,25050610,목상동
1870010502,대전로1033번길,25050510,오정동
1830004603,대전로,25010750,산내동
1840058001,목중로26번길,25020540,중촌동
1850035104,벌곡로,25030511,가수원동
1850093901,둔산남로,25030600,둔산2동
1860610900,문지로,25040570,전민동
1840182402,목동로22번길,25020530,목동
1840038502,대흥로,25020550,대흥동
1870013204,오정로38번길,25050510,오정동
1870004601,신탄진로,25050600,덕암동
1860203102,외삼로,25040660,노은2동
1860598302,유성대로1628번길,25040570,전민동
1870485902,-,25050510,오정동
1830045908,비래서로,25010640,가양2동
1870023700,천변도시고속도로,25050520,대화동
1840047600,동서대로,25020620,오류동
1830472101,대전로906번길,25010790,성남동
1860647103,구룡달전로,25040610,구즉동
1840063800,당디로,25020650,유천1동
1840019801,보문산로,25020670,문화1동
1850266001,구봉로,25030730,관저2동
1850050103,도솔로,25030520,도마1동
1860016704,진잠로62번길,25040680,진잠동
1860667302,-,25040630,관평동
1840052506,대종로550번길,25020510,은행선화동
1870486602,대전로1019번길,25050510,오정동
1860080602,노은서로,25040590,노은1동
1860443501,테크노2로,25040630,관평동
1830470201,옥천로,25010550,판암1동
1840024607,대전천서로,25020570,석교동
1860096500,은구비남로7번길,25040590,노은1동
1860607200,유성대로1628번길,25040570,전민동
1870490300,우암로,25050540,비래동
1860125200,반석서로,25040670,노은3동
1830028201,동대전로,25010780,대동
1860145301,테크노7로,25040630,관평동
1860622600,지족북로66번길,25040670,노은3동
1830049000,한밭대로,25010650,용전동
1830034507,충정로,25010640,가양2동
1860444501,갑천로,25040630,관평동
1830183000,통영대전고속도로,25010750,산내동
1860615701,문지로315번길,25040570,전민동
1840025908,유천로,25020660,유천2동
1850060502,용문로,25030560,용문동
1830451402,대전로900번길,25010790,성남동
1850264903,계백로828번길,25030730,관저2동
1830042304,동서대로1695번길,25010650,용전동
1850332002,정림서로,25030540,정림동
1850084501,탄방로,25030570,탄방동
1870037901,동춘당로94번길,25050620,송촌동
1860439300,테크노중앙로,25040630,관평동
1850286002,구봉로,25030730,관저2동
1830029605,동대전로,25010600,자양동
1850052403,중반5길,25030550,변동
1850045507,도솔로,25030530,도마2동
1840002102,대둔산로,25020690,산성동
1840051101,목동로,25020530,목동
1850100002,둔산남로,25030600,둔산2동
1860353701,엑스포로,25040570,전민동
1870086100,덕암로265번길,25050610,목상동
1830446000,삼가로,25010760,중앙동
1850032302,관저중로96번길,25030730,관저2동
1860017200,진잠로42번길,25040680,진잠동
1860056300,계룡로123번길,25040640,온천1동
1870022806,중리로,25050550,중리동
1840023300,문화로,25020690,산성동
1850075901,문정로48번길,25030570,탄방동
1830024400,중교로,25010760,중앙동
1850048000,도산로,25030520,도마1동
1860026101,진잠옛로135번길,25040690,학하동
1870044202,동춘당로126번길,25050620,송촌동
1860645401,엑스포로,25040550,신성동
1850032204,관저중로96번길,25030730,관저2동
1870013809,옛신탄진로,25050510,오정동
1870499502,대화로,25050520,대화동
1870495401,대덕대로1284번길,25050610,목상동
1850126302,월평동로,25030640,갈마1동
1830491702,-,25010800,삼성동
1840066002,계백로1686번길,25020670,문화1동
1860149703,송강로42번길,25040610,구즉동
1850032001,관저중로96번길,25030730,관저2동
1840129100,보문산로,25020580,대사동
1850093600,문정로89번길,25030570,탄방동
1840033501,충무로107번길,25020550,대흥동
1850076002,문정로10번길,25030570,탄방동
1870497704,석봉로37번길,25050590,석봉동
1860147202,테크노중앙로,25040630,관평동
1850140500,청사로,25030680,월평3동
1830021901,계족로140번길,25010570,용운동
1850267000,구봉로28번길,25030730,관저2동
1850312300,대덕대로317번길,25030670,월평2동
1830474304,산서로,25010750,산내동
1830018001,동부로,25010560,판암2동
1830007700,충무로,25010770,신인동
1840196402,유등로,25030560,용문동
1840050005,선화로,25020510,은행선화동
1860151202,와룡로136번길,25040610,구즉동
1830042015,대청호수로,25010730,대청동
1860680305,원계산로,25040680,진잠동
1860230300,한빛아파트길,25040540,온천2동
1860664303,자운로245번길,25040550,신성동
1830026306,대전로,25010760,중앙동
1860363900,학하남로,25040690,학하동
1850026403,복수남로,25030510,복수동
1850066503,도솔로,25030610,괴정동
1830048700,신상로,25010730,대청동
1860424001,관평2로,25040630,관평동
1860084200,한밭대로,25040590,노은1동
1830055303,천개동로,25010730,대청동
1860205700,유성대로,25040640,온천1동
1870066201,대덕대로1448번길,25050610,목상동
1840188005,보문로162번길,25020580,대사동
1860080400,왕가봉로,25040590,노은1동
1850155702,유등로,25030520,도마1동
1830020103,대동복개길,25010780,대동
1860598200,관용로,25040630,관평동
1850061206,도솔로,25030610,괴정동
1830018103,새울로,25010570,용운동
1850051402,변동로,25030550,변동
1830471500,옛신탄진로,25010680,홍도동
1860150601,금남구즉로,25040610,구즉동
1860072700,대학로76번길,25040540,온천2동
1870036001,쌍청당로,25050570,법2동
1850106201,둔산로123번길,25030590,둔산1동
1840191602,유등천동로,25020690,산성동
1830024202,새둑길,25010760,중앙동
1840012103,성산로,25020690,산성동
1860600401,대덕대로541번길,25040550,신성동
1830007102,계족로,25010530,효동
1840195402,-,25020510,은행선화동
1850049303,도마로,25030550,변동
1850051401,변동로,25030550,변동
1840043303,중교로,25020550,대흥동
1850267800,구봉로28번길,25030730,관저2동
1850146201,둔산대로,25030670,월평2동
1850033700,정림로,25030540,정림동
1850124500,둔산북로,25030600,둔산2동
1850121701,둔산북로,25030590,둔산1동
1830025601,새울로,25010570,용운동
1840016000,대전천서로,25020570,석교동
1830182900,통영대전고속도로,25010750,산내동
1850028100,관저서로,25040680,진잠동
1830007608,옥천로,25010770,신인동
1850146403,만년남로,25030690,만년동
1840197205,오류로,25020620,오류동
1830477801,천동초등동길,25010530,효동
1860599600,문지로315번길,25040570,전민동
1830038908,옛신탄진로,25010680,홍도동
1850025101,복수남로,25030510,복수동
1860666302,자운로245번길,25040550,신성동
1850105600,둔산로,25030590,둔산1동
1830123805,백룡로,25010600,자양동
1870068001,문평서로,25050610,목상동
1860096102,엑스포로151번길,25040550,신성동
1860617901,문지로316번길,25040570,전민동
1860169400,대덕대로556번길,25040550,신성동
1840039600,중앙로13번길,25020600,용두동
1860618301,문지로316번길,25040570,전민동
1850209600,동서대로,25030660,월평1동
1860099002,엑스포로97번길,25040550,신성동
1860330200,덕명로,25040690,학하동
1840053300,대종로593번길,25020510,은행선화동
1840024505,대전천서로,25020560,문창동
1870074400,대덕대로1448번길,25050610,목상동
1850056800,배재로,25030630,내동
1870490800,홍도로,25050550,중리동
1860333601,박산로,25040640,온천1동
1860051600,유성대로680번길,25040640,온천1동
1870064301,신일동로,25050610,목상동
1860107901,노은로,25040660,노은2동
1830014105,산내로1257번길,25010750,산내동
1850125800,월평중로,25030660,월평1동
1870083204,석봉로,25050590,석봉동
1860368401,학하중앙로,25040690,학하동
1870079100,문평동로,25050610,목상동
1840030311,서문로,25020670,문화1동
1850323701,괴곡길,25030540,정림동
1850061800,괴정로,25030560,용문동
1850112001,둔산로73번길,25030600,둔산2동
1860602000,지족북로66번길,25040670,노은3동
1840192807,동서대로,25020640,태평2동
1870088914,평촌2길,25050600,덕암동
1830466001,신기로101번길,25010530,효동
1870067301,신일서로,25050610,목상동
1850143902,갈마역로,25030670,월평2동
1840051800,태평로,25020630,태평1동
1840054005,목동로,25020530,목동
1860374100,학하남로90번길,25040690,학하동
1840189600,산성로57번길,25020690,산성동
1860057201,계룡로18번길,25040640,온천1동
1850028602,관저로,25030730,관저2동
1860037700,계룡로26번길,25040640,온천1동
1860122902,노은로426번길,25040660,노은2동
1830464600,은어송로51번길,25010530,효동
1830123807,백룡로,25010600,자양동
1870013700,옛신탄진로,25050510,오정동
1840061305,대전천북로,25020540,중촌동
1850055901,동서대로,25030550,변동
1860651103,복용북로33번길,25040690,학하동
1860132606,자운로97번길,25040550,신성동
1860377901,복용북로,25040690,학하동
1870029405,선비마을로,25050620,송촌동
1860670903,유성대로654번길,25040640,온천1동
1850043902,배재로,25030530,도마2동
1830455800,산내로1327번길,25010750,산내동
1830455900,산내로1315번길,25010750,산내동
1870076400,대덕대로1448번길,25050610,목상동
1830454700,산내로,25010750,산내동
1830030001,우암로,25010800,삼성동
1870088401,-,25050510,오정동
1840015400,대전천서로,25020570,석교동
1850006500,계백로,25030520,도마1동
1850308902,관저중로64번길,25030730,관저2동
1870034000,송촌북로16번길,25050620,송촌동
1850081901,계룡로491번길,25030600,둔산2동
1870031102,송촌북로16번길,25050620,송촌동
1840187601,계룡로918번길,25020670,문화1동
1840029503,대종로,25020590,부사동
1830449600,신기로,25010530,효동
1870487902,대전천북로,25050510,오정동
1860105804,과학로,25040550,신성동
1860145401,테크노7로,25040630,관평동
1850125502,월평로,25030660,월평1동
1860018600,진잠로149번길,25040680,진잠동
1860126205,가정북로,25040550,신성동
1860400400,죽동로,25040540,온천2동
1850036400,관저동로,25030720,관저1동
1850052000,도산로,25030550,변동
1860092603,노은서로142번길,25040590,노은1동
1850072802,문정로2번길,25030570,탄방동
1840044303,태평로,25020630,태평1동
1840044204,동서대로,25020630,태평1동
1850330703,신갈마로,25030640,갈마1동
1840032801,문창로,25020590,부사동
1840064701,대둔산로,25020690,산성동
1860213503,자운로97번길,25040550,신성동
1850050203,배재로,25030530,도마2동
1850022802,관저서로,25030730,관저2동
1830183100,통영대전고속도로,25010750,산내동
1840026804,보문산공원로,25020580,대사동
1860059600,온천북로,25040640,온천1동
1860617400,문지로316번길,25040570,전민동
1850022302,복수남로11번길,25030510,복수동
1860176906,진잠로140번길,25040680,진잠동
1840198603,오류로,25020620,오류동
1870483200,신탄진로162번길,25050530,회덕동
1860025402,대정로,25040680,진잠동
1860035701,유성대로654번길,25040640,온천1동
1850236400,대전남부순환고속도로,25030730,관저2동
1860663204,자운로221번길,25040550,신성동
1840190502,계백로1615번길,25020660,유천2동
1850058603,유등로,25030560,용문동
1870197503,경부고속도로,25050600,덕암동
1840042201,중앙로,25020510,은행선화동
1830467200,옥천로106번길,25010550,판암1동
1850045403,도솔로,25030530,도마2동
1850110700,둔산로123번길,25030590,둔산1동
1860109404,은구비로156번길,25040660,노은2동
1860004604,현충원로,25040640,온천1동
1830001914,산내로,25010750,산내동
1860106002,아리랑로,25040570,전민동
1840035203,테미로,25020550,대흥동
1850129000,문정로,25030600,둔산2동
1850100900,둔산남로9번길,25030600,둔산2동
1870157302,신상로,25050540,비래동
1850058100,갈마로,25030620,가장동
1860496002,구즉세종로,25040610,구즉동
1850109500,갈마역로,25030640,갈마1동
1830034706,현암로,25010800,삼성동
1860164102,갑천로,25040630,관평동
1860650902,복용북로33번길,25040690,학하동
1850062904,용문로,25030610,괴정동
1840015000,모암로,25020570,석교동
1850331602,계룡로,25030640,갈마1동
1830032501,우암로,25010790,성남동
1830475700,대흥로,25010770,신인동
1860441501,테크노10로,25040630,관평동
1830465300,은어송로77번길,25010530,효동
1860638301,유성대로,25040550,신성동
1830009001,계족로,25010770,신인동
1840004405,충무로,25020580,대사동
1860097600,노은서로,25040590,노은1동
1840121201,사정공원로,25020690,산성동
1860108801,은구비로156번길,25040660,노은2동
1850129001,문정로,25030590,둔산1동
1870062300,신일서로68번길,25050610,목상동
1860722501,복합환승로,25040640,온천1동
1860599601,문지로315번길,25040570,전민동
1860097300,노은서로142번길,25040590,노은1동
1840005001,계룡로,25020580,대사동
1840025510,계백로1566번길,25020650,유천1동
1860128500,엑스포로,25040570,전민동
1860436201,테크노2로,25040630,관평동
1830031207,가양로,25010630,가양1동
1850114701,문예로,25030590,둔산1동
1860112401,노은서로,25040660,노은2동
1850054300,동서대로,25030620,가장동
1850303101,구봉로,25030540,정림동
1830011115,계족로,25010790,성남동
1860010902,호남고속도로지선,25050530,회덕동
1870063501,신일서로67번길,25050610,목상동
1860019400,대정남로,25040680,진잠동
1860623600,지족북로,25040670,노은3동
1830015700,옥천로180번길,25010550,판암1동
1850088300,둔산중로,25030570,탄방동
1850062807,용문로,25030610,괴정동
1850139100,청사로,25030600,둔산2동
1850105101,둔산로,25030590,둔산1동
1860600202,엑스포로339번길,25040570,전민동
1850068302,계룡로500번길,25030650,갈마2동
1850026502,복수남로,25030510,복수동
1850073400,문정로40번길,25030570,탄방동
1870061300,대덕대로1284번길,25050610,목상동
1840032509,수침로,25020660,유천2동
1870033701,선비마을로23번길,25050620,송촌동
1850081201,계룡로553번안길,25030570,탄방동
1840031801,대종로,25020580,대사동
1850020001,벌곡로,25030511,가수원동
1860612102,문지로,25040570,전민동
1860612700,문지로299번길,25040570,전민동
1860062100,온천서로,25040640,온천1동
1830052508,신기로,25010530,효동
1850319200,봉우로8번길,25030720,관저1동
1860205000,동서대로,25040680,진잠동
1850154906,도마로,25030520,도마1동
1850285903,구봉로,25030730,관저2동
1860680302,원계산로,25040680,진잠동
1830056501,하상도로,25010760,중앙동
1850307000,둔산로31번길,25030600,둔산2동
1850131800,갑천도시고속도로,25030660,월평1동
1850037802,정림로,25030540,정림동
1840017301,송리로,25020680,문화2동
1850078901,유등로,25030560,용문동
1850095403,남선로60번길,25030570,탄방동
1840033203,대흥로,25020670,문화1동
1870023304,중리동로,25050550,중리동
1830005007,대전로,25010750,산내동
1840003803,계백로,25020640,태평2동
1850060703,동서대로,25030630,내동
1850051700,유등로,25030550,변동
1850050303,배재로,25030530,도마2동
1860683001,대학로151번길,25040540,온천2동
1860012300,호남고속도로지선,25040550,신성동
1840045803,중앙로,25020510,은행선화동
1870035400,대화로150번길,25050520,대화동
1860134602,자운로157번길,25040550,신성동
1840034000,평촌로,25020650,유천1동
1840191400,보문산로,25020690,산성동
1830022700,백룡로,25010570,용운동
1840036301,중앙로,25020670,문화1동
1870041701,동춘당로,25050570,법2동
1860205500,유성대로,25040640,온천1동
1850056406,도솔로,25030550,변동
1870060001,신일서로104번길,25050610,목상동
1830047901,계족로489번길,25010650,용전동
1850032103,관저중로96번길,25030730,관저2동
1850006008,계백로,25030540,정림동
1860130700,유성대로,25040570,전민동
1840024900,산성로,25020680,문화2동
1870502600,경부고속도로,25050600,덕암동
1860125503,반석로,25040670,노은3동
1860123601,문지로,25040570,전민동
1870488105,동산초교로,25050510,오정동
1860665102,자운로245번길,25040550,신성동
1860066600,온천북로33번길,25040640,온천1동
1830475901,대전천동로,25010760,중앙동
1850301702,괴곡1길,25030511,가수원동
1840127601,문화로,25020670,문화1동
1830466300,신기로,25010530,효동
1870488207,동산초교로,25050510,오정동
1850145800,유등로,25030690,만년동
1850099400,둔산남로,25030740,둔산3동
1870077400,대덕대로1454번길,25050610,목상동
1870036101,쌍청당로,25050550,중리동
1860611401,문지로,25040570,전민동
1860116200,노은로,25040660,노은2동
1860113200,노은로,25040660,노은2동
1850056001,도산로,25030550,변동
1830453600,계족로,25010630,가양1동
1860232700,구룡달전로,25040610,구즉동
1870489601,우암로,25050540,비래동
1860430503,관평1로,25040630,관평동
1840188003,보문로162번길,25020580,대사동
1860215500,원신흥남로,25040710,원신흥동
1860125804,반석동로,25040670,노은3동
1870010603,대전로1033번길,25050510,오정동
1860004001,유성대로,25040640,온천1동
1870070901,덕암북로10번길,25050600,덕암동
1850034600,정림서로,25030540,정림동
1860235901,배울1로,25040630,관평동
1850084900,문정로,25030570,탄방동
1850065908,신갈마로,25030640,갈마1동
1860033101,월드컵대로289번길,25040640,온천1동
1860428600,테크노중앙로,25040630,관평동
1840031803,대종로,25020550,대흥동
1840038501,대흥로,25020550,대흥동
1830472600,동서대로1572번길,25010790,성남동
1830452201,동중앙로,25010760,중앙동
1860108300,은구비로,25040660,노은2동
1870010801,한남로149번길,25050510,오정동
1870084702,신탄진동로,25050580,신탄진동
1860396000,원신흥남로11번길,25040710,원신흥동
1850117402,둔산로51번길,25030600,둔산2동
1830189700,통영대전고속도로,25010730,대청동
1840064901,유등천동로,25020690,산성동
1850128200,한밭대로,25030740,둔산3동
1860628101,유성대로1312번길,25040550,신성동
1850010403,대덕대로,25030600,둔산2동
1860623501,지족북로,25040670,노은3동
1870038400,송촌북로36번길,25050620,송촌동
1860010605,대덕대로,25040550,신성동
1870481201,신탄진로583번길,25050600,덕암동
1860410100,원신흥북로,25040710,원신흥동
1860331300,덕명로56번길,25040690,학하동
1860637100,온천동로,25040640,온천1동
1850323500,구봉로,25030511,가수원동
1840053202,선화서로,25020530,목동
1860665202,자운로245번길,25040550,신성동
1860119107,반석동로,25040670,노은3동
1860414600,유성대로1205번길,25040550,신성동
1850063900,신갈마로,25030630,내동
1860106501,은구비로155번길,25040660,노은2동
1860104901,노은동로,25040660,노은2동
1840006400,계룡로,25020600,용두동
1860077200,장대로,25040540,온천2동
1860213202,자운로97번길,25040550,신성동
1860599300,문지로315번길,25040570,전민동
1850055000,변동중로,25030550,변동
1860092501,노은서로142번길,25040590,노은1동
1850138100,청사로,25030600,둔산2동
1850074800,문정로2번길,25030570,탄방동
1860336600,박산로,25040640,온천1동
1850056902,배재로,25030630,내동
1830033704,가양로,25010630,가양1동
1870058101,산업단지로87번길,25050610,목상동
1850093301,대덕대로,25030650,갈마2동
1840022212,천근로,25020680,문화2동
1860081701,한밭대로,25040540,온천2동
1860057000,유성대로694번길,25040640,온천1동
1830004952,대전로,25010750,산내동
1860368100,학하남로90번길,25040690,학하동
1860021601,대정로28번안길,25040680,진잠동
1830015406,대전로448번길,25010530,효동
1860100701,노은동로,25040660,노은2동
1870019104,대전로,25050510,오정동
1860209201,상대남로,25040700,상대동
1840035202,테미로,25020550,대흥동
1870083501,덕암북로,25050590,석봉동
1860130001,전민로,25040570,전민동
1850029400,관저로,25030730,관저2동
1870068101,문평서로,25050610,목상동
1840164100,대전남부순환고속도로,25020690,산성동
1860650602,복용북로33번길,25040690,학하동
1840017402,송리로,25020680,문화2동
1860409800,원신흥로55번길,25040710,원신흥동
1860612701,문지로299번길,25040570,전민동
1860438102,용산2로,25040630,관평동
1860145804,테크노2로,25040630,관평동
1860335100,호남고속도로지선,25040680,진잠동
1860070201,문화원로,25040640,온천1동
1870485101,중리동로56번길,25050550,중리동
1850008100,계룡로,25030610,괴정동
1830038700,우암로,25010640,가양2동
1860132401,자운로,25040550,신성동
1870082701,문평서로76번길,25050610,목상동
1830037501,동서대로,25010790,성남동
1830123001,대전로542번길,25010530,효동
1840028700,보문로,25010530,효동
1850093701,문정로89번길,25030570,탄방동
1830181200,통영대전고속도로,25010750,산내동
1840048902,선화서로,25020510,은행선화동
1860029600,월드컵대로307번길,25040700,상대동
1840001706,대둔산로,25020690,산성동
1830026703,대청호수로,25010730,대청동
1860623900,지족동로142번길,25040670,노은3동
1860429700,테크노중앙로,25040630,관평동
1860096101,엑스포로151번길,25040550,신성동
1840197901,계백로1685번길,25020620,오류동
1860099308,엑스포로,25040570,전민동
1850322901,구봉로,25030511,가수원동
1860599100,엑스포로446번길,25040570,전민동
1860378301,복용로40번길,25040690,학하동
1850303500,복수중로,25030510,복수동
1860098501,엑스포로123번길,25040550,신성동
1830474800,신기로,25010530,효동
1870491000,비래서로,25050540,비래동
1840185202,유등천동로,25020600,용두동
1830185900,통영대전고속도로,25010550,판암1동
1860632302,원내로,25030730,관저2동
1860415201,유성대로,25040550,신성동
1830284101,동산초교로55번길,25010680,홍도동
1850136601,한밭대로,25040640,온천1동
1860074601,대학로,25040540,온천2동
1850316901,배재로197번길,25030530,도마2동
1850054903,갈마로,25030620,가장동
1840190000,보문산로41번길,25020690,산성동
1870087204,신탄진북로,25050580,신탄진동
1830032602,우암로,25010790,성남동
1850310700,대덕대로167번길,25030650,갈마2동
1840026601,대종로,25020590,부사동
1850141100,청사서로,25030670,월평2동
1860103801,엑스포로123번길,25040550,신성동
1830023000,용운로,25010570,용운동
1850061307,도솔로,25030610,괴정동
1850071200,문정로2번길,25030570,탄방동
1860441301,테크노10로,25040630,관평동
1850010100,계룡로,25030660,월평1동
1830022401,새울로,25010570,용운동
1870080501,대덕대로1486번길,25050610,목상동
1850117401,둔산로51번길,25030600,둔산2동
1830015901,옥천로180번길,25010550,판암1동
1830004924,대전로,25010530,효동
1860442301,테크노11로,25040630,관평동
1830471601,옛신탄진로,25050510,오정동
1850113205,신갈마로,25030640,갈마1동
1870088908,평촌2길,25050600,덕암동
1850237500,계룡로,25030660,월평1동
1860632400,계백로,25040680,진잠동
1850143506,청사서로,25030670,월평2동
1840006701,계룡로,25020620,오류동
1860083005,왕가봉로,25040590,노은1동
1860613201,문지로299번길,25040570,전민동
1850021300,정림서로,25030540,정림동
1870063600,신일서로,25050610,목상동
1850280901,관저남로25번길,25030730,관저2동
1870062901,신일서로,25050610,목상동
1860675103,문화원로,25040540,온천2동
1860392001,죽동로,25040540,온천2동
1860094900,엑스포로97번길,25040550,신성동
1830461401,대전로,25010530,효동
1850311100,도안동로,25030512,도안동
1860626301,노은서로266번길,25040660,노은2동
1860370301,학하북로,25040690,학하동
1850048705,도솔로,25030520,도마1동
1860116800,북유성대로,25040660,노은2동
1850325601,구봉로,25030511,가수원동
1850234400,구봉산북로,25030730,관저2동
1860004502,현충원로,25040640,온천1동
1840026201,보문로,25020590,부사동
1860154304,불무로,25040610,구즉동
1840022210,천근로,25020680,문화2동
1860114407,가정북로,25040550,신성동
1860082502,한밭대로,25040590,노은1동
1860067801,문화원로,25040640,온천1동
1830489201,우암로147번길,25010790,성남동
1850092601,갈마로,25030640,갈마1동
1850129301,한밭대로,25030590,둔산1동
1850067501,계룡로562번길,25030610,괴정동
1860125605,반석로,25040670,노은3동
1870059500,덕암로,25050600,덕암동
1830017702,대전로,25010770,신인동
1860037600,유성대로654번길,25040640,온천1동
1870500101,갑천도시고속도로,25050520,대화동
1860611601,문지로,25040570,전민동
1860622101,지족북로,25040670,노은3동
1870491201,동서대로,25050620,송촌동
1850143301,월평북로,25030670,월평2동
1870088600,대전천북로,25050510,오정동
1870476200,-,25050590,석봉동
1850083000,문정로60번길,25030570,탄방동
1860387801,유성대로877번길,25040540,온천2동
1850333301,구봉산북로94번길,25030730,관저2동
1840037803,중앙로,25020550,대흥동
1840037201,평촌로,25020660,유천2동
1830008100,옥천로,25010770,신인동
1850079300,계룡로509번길,25030570,탄방동
1840184902,목동로8번길,25020530,목동
1860050401,계룡로141번길,25040640,온천1동
1860224201,도안대로590번길,25040710,원신흥동
1850311301,둔산로31번길,25030600,둔산2동
1830037104,우암로,25010630,가양1동
1840017001,산성로,25020690,산성동
1850032003,관저중로96번길,25030730,관저2동
1860155000,배울1로,25040630,관평동
1830037201,우암로,25010640,가양2동
1860426100,테크노4로,25040630,관평동
1850336201,배재로,25030540,정림동
1870025603,선비마을로,25050620,송촌동
1860004514,현충원로,25040640,온천1동
1870487700,오정로37번길,25050510,오정동
1840190503,계백로1615번길,25020660,유천2동
1870205800,경부고속도로,25050540,비래동
1860022800,대정로28번길,25040680,진잠동
1830016208,동구청로,25010560,판암2동
1850338600,도안중로,25030720,관저1동
1850063005,갈마로203번길,25030610,괴정동
1850131001,한밭대로,25030600,둔산2동
1860146704,테크노2로,25040630,관평동
1850054905,갈마로,25030620,가장동
1840023400,문화로,25020690,산성동
1860124403,신성남로111번길,25040550,신성동
1860663402,자운로221번길,25040550,신성동
1860126106,가정북로,25040550,신성동
1840014804,대종로,25020570,석교동
1840026200,보문로,25020590,부사동
1850318004,도마3길,25030520,도마1동
1860433700,갑천로,25040630,관평동
1850056005,도산로,25030630,내동
1850047610,조달청길,25030520,도마1동
1870088920,평촌2길,25050600,덕암동
1870013500,한남로88번길,25050510,오정동
1860426600,관평2로,25040630,관평동
1860001410,계백로,25040680,진잠동
1870490801,홍도로,25050550,중리동
1850029700,관저동로90번길,25030730,관저2동
1840197206,오류로,25020620,오류동
1870084304,신탄진동로,25050580,신탄진동
1850322502,벌곡로1285번길,25030511,가수원동
1840199804,대둔산로364번길,25020690,산성동
1840197002,대둔산로,25020690,산성동
1860402801,유성대로935번길,25040540,온천2동
1840190602,계백로1615번길,25020660,유천2동
1850133304,한밭대로,25030640,갈마1동
1860200201,학하복용로,25040690,학하동
1860016702,진잠로62번길,25040680,진잠동
1860058500,온천로,25040640,온천1동
1850152201,갑천도시고속도로,25030690,만년동
1850320700,-,25030730,관저2동
1870063400,신일서로67번길,25050610,목상동
1840025800,문화로,25020660,유천2동
1840014201,산서로,25020690,산성동
1840060901,대종로,25020540,중촌동
1870079501,-,25050610,목상동
1860089500,노은서로,25040590,노은1동
1850306701,둔산로31번길,25030600,둔산2동
1870043200,동춘당로,25050570,법2동
1860639201,테크노중앙로,25040630,관평동
1870078301,대덕대로1448번길,25050610,목상동
1850076200,문정로40번길,25030570,탄방동
1860139501,-,25040550,신성동
1850033203,복수동로,25030510,복수동
1860615400,문지로315번길,25040570,전민동
1860417900,유성대로1184번길,25040550,신성동
1860610302,문지로,25040570,전민동
1860152801,금남구즉로,25040610,구즉동
1840037900,인창로,25010770,신인동
1830471200,백룡로57번길,25010600,자양동
1860194101,지족동로,25040670,노은3동
1860626400,노은서로266번길,25040660,노은2동
1860032402,유성대로642번길,25040640,온천1동
1870480602,신일동로,25050610,목상동
1850031901,정림서로,25030540,정림동
1860666402,자운로245번길,25040550,신성동
1850074201,신갈마로,25030640,갈마1동
1830035806,대전로,25010800,삼성동
1850076600,대덕대로168번길,25030650,갈마2동
1840013400,대둔산로255번길,25020690,산성동
1840049807,계룡로771번길,25020600,용두동
1830045901,비래서로,25010640,가양2동
1830005002,대전로,25010530,효동
1850116800,대덕대로234번길,25030600,둔산2동
1860672703,유성대로668번길,25040640,온천1동
1870068900,신탄진로,25050580,신탄진동
1840025801,문화로,25020660,유천2동
1870079901,신일동로33번길,25050610,목상동
1850332902,관저중로95번길,25030730,관저2동
1860076602,대학로,25040540,온천2동
1830124801,대학로,25010570,용운동
1870002614,신탄진로,25050530,회덕동
1840034601,인창로,25020550,대흥동
1860090101,은구비남로,25040590,노은1동
1860200700,학하복용로,25040690,학하동
1860038700,온천동로,25040640,온천1동
1840003502,계백로,25020650,유천1동
1860335700,호남고속도로지선,25040690,학하동
1860050500,유성대로680번길,25040640,온천1동
1830057808,이사로,25010750,산내동
1860006300,호남고속도로지선,25040540,온천2동
1860080701,한밭대로,25040540,온천2동
1830456301,산내로1287번길,25010750,산내동
1830055800,태전로,25010800,삼성동
1860069700,문화원로,25040640,온천1동
1860002501,계룡로,25040640,온천1동
1870038101,대화로,25050520,대화동
1840053902,목동로,25020530,목동
1840195403,-,25020510,은행선화동
1860727200,도안대로,25040680,진잠동
1850338100,도안중로,25030720,관저1동
1860100902,은구비로,25040590,노은1동
1870484900,-,25050570,법2동
1860624800,지족동로143번길,25040670,노은3동
1860151001,와룡로136번길,25040610,구즉동
1850308002,복수남로32번길,25030510,복수동
1850134901,문예로,25030600,둔산2동
1830039002,옛신탄진로,25050510,오정동
1830491703,-,25010800,삼성동
1840006902,계룡로,25020620,오류동
1860178700,관평천변로,25040630,관평동
1860671002,유성대로654번길,25040640,온천1동
1830037300,가양로,25010630,가양1동
1860388600,도안북로,25040680,진잠동
1830449801,동부로33번길,25010560,판암2동
1840016500,보문산로,25020680,문화2동
1860018302,진잠로,25040680,진잠동
1860617101,문지로,25040570,전민동
1870051801,대화로32번길,25050520,대화동
1860196601,학하복용서로,25040690,학하동
1870079200,3공단3길,25050610,목상동
1870302002,-,25050580,신탄진동
1840028701,보문로,25020560,문창동
1860137900,자운로221번길,25040550,신성동
1830010102,계족로,25010630,가양1동
1840192700,유등천동로,25020640,태평2동
1840181401,대천서로,25020540,중촌동
1870006205,신탄진로,25050580,신탄진동
1870044800,매봉길,25050570,법2동
1830464000,대전로448번길,25010530,효동
1860655302,은구비로155번길,25040660,노은2동
1850125601,월평로,25030660,월평1동
1860021700,유성대로,25040680,진잠동
1870495900,구즉세종로,25050610,목상동
1850056700,배재로233번길,25030550,변동
1840015904,대전천서로,25020570,석교동
1840016100,보문산로,25020690,산성동
1860096100,엑스포로151번길,25040550,신성동
1870478501,대덕대로1585번길,25050590,석봉동
1860198400,학하복용로,25040690,학하동
1860011903,대덕대로,25040550,신성동
1870491701,한밭대로,25050510,오정동
1870089100,-,25050530,회덕동
1850112501,둔산로51번길,25030600,둔산2동
1870482703,벚꽃길,25050600,덕암동
1870080200,-,25050610,목상동
1870492305,우암로,25050540,비래동
1860610901,문지로,25040570,전민동
1850084401,탄방로,25030570,탄방동
1850025506,가수원로,25030511,가수원동
1860682102,대정로42번길,25040680,진잠동
1860071400,대학로75번길,25040540,온천2동
1870477001,문평서로,25050610,목상동
1860650601,복용북로33번길,25040690,학하동
1870151708,신탄진로756번안길,25050580,신탄진동
1850157901,유등로,25030740,둔산3동
1860189501,지족북로,25040670,노은3동
1840030001,태평로,25020650,유천1동
1830029500,동대전로,25010600,자양동
1850230100,관저서로,25030730,관저2동
1840023905,문화로234번길,25020670,문화1동
1830023104,용운로,25010570,용운동
1860046100,계룡로141번길,25040640,온천1동
1840189900,보문산로41번길,25020690,산성동
1860682801,대정로42번길,25040680,진잠동
1850322902,구봉로,25030511,가수원동
1860674201,계룡로,25040640,온천1동
1850064405,도솔로,25030610,괴정동
1860188902,지족로,25040670,노은3동
1860233500,테크노2로,25040630,관평동
1870043101,대전로,25050520,대화동
1840016601,보문산로,25020680,문화2동
1830125502,대학로50번길,25010570,용운동
1850031800,정림서로,25030540,정림동
1870065300,덕암로,25050600,덕암동
1860007403,호남고속도로지선,25040550,신성동
1870011701,오정로,25050510,오정동
1870064600,벚꽃길,25050600,덕암동
1850047801,조달청길,25030520,도마1동
1870044401,동춘당로,25050570,법2동
1860079700,노은서로,25040590,노은1동
1830031400,우암로,25010800,삼성동
1860681002,대정로42번길,25040680,진잠동
1830019002,용운로,25010570,용운동
1860035303,유성대로646번길,25040640,온천1동
1840053905,목동로,25020530,목동
1850107502,둔산북로90번길,25030600,둔산2동
1860601100,반석동로,25040670,노은3동
1860376600,복용북로,25040690,학하동
1840032506,수침로,25020660,유천2동
1850008703,계룡로,25030650,갈마2동
1860099800,은구비로,25040590,노은1동
1840064700,대둔산로,25020690,산성동
1850321500,구봉로131번길,25030730,관저2동
1850317800,도안동로12번길,25030512,도안동
1850039603,도안남로,25030720,관저1동
1840195302,-,25020510,은행선화동
1860024800,대정로42번길,25040680,진잠동
1860109300,은구비로156번길,25040660,노은2동
1850076000,문정로10번길,25030570,탄방동
1860601901,지족북로66번길,25040670,노은3동
1860238300,테크노2로,25040630,관평동
1850060508,용문로,25030560,용문동
1860662901,자운로97번길,25040550,신성동
1840038200,대전천서로,25020550,대흥동
1850029000,관저로,25030730,관저2동
1840025503,계백로1566번길,25020650,유천1동
1840067103,산서로,25020690,산성동
1830124800,대학로,25010570,용운동
1860178300,대학로76번안길,25040540,온천2동
1870034101,송촌북로16번길,25050620,송촌동
1830016407,동부로,25010560,판암2동
1840019400,보문산로,25020670,문화1동
1870020201,한밭대로,25050550,중리동
1850155701,유등로,25030520,도마1동
1850011000,계룡로,25030660,월평1동
1860076901,온천서로,25040540,온천2동
1830004914,대전로,25010750,산내동
1830023401,계족로140번길,25010570,용운동
1850006900,계룡로,25030560,용문동
1860616902,문지로316번길,25040570,전민동
1830026700,대청호수로,25010730,대청동
1860043602,도안대로589번길,25040640,온천1동
1870018605,한밭대로,25050510,오정동
1860043000,계룡로155번길,25040640,온천1동
1850052506,중반5길,25030550,변동
1860375500,학하중앙로,25040690,학하동
1860621604,반석로11번길,25040670,노은3동
1860025704,진잠옛로,25040690,학하동
1870047701,대전로1331번길,25050520,대화동
1860002802,계룡로,25040640,온천1동
1850238100,대전남부순환고속도로,25030540,정림동
1860210302,도안대로,25040700,상대동
1850329001,신갈마로181번길,25030640,갈마1동
1870048901,계족로663번길,25050560,법1동
1860022801,대정로28번길,25040680,진잠동
1860026402,진잠옛로,25040690,학하동
1860604705,교촌대정로,25040680,진잠동
1840190400,보훈로,25020690,산성동
1860378401,복용로,25040690,학하동
1850078800,유등로,25030570,탄방동
1860146300,테크노중앙로,25040630,관평동
1840024401,대전로,25020570,석교동
1850055100,변동중로,25030520,도마1동
1870017801,비래서로9번길,25050540,비래동
1850067302,괴정로,25030610,괴정동
1830004937,대전로,25010530,효동
1840004403,충무로,25020580,대사동
1860627700,유성대로1312번길,25040550,신성동
1850117602,대덕대로233번길,25030600,둔산2동
1860638800,당진영덕고속도로,25040660,노은2동
1860623500,지족북로,25040670,노은3동
1830016109,동구청로204번길,25010550,판암1동
1850082801,계룡로553번안길,25030570,탄방동
1840022208,천근로,25020680,문화2동
1860364801,학하중앙로128번길,25040690,학하동
1860129401,엑스포로466번길,25040570,전민동
1850068200,계룡로500번길,25030570,탄방동
1860074901,문화원로,25040540,온천2동
1850024503,유등로,25030510,복수동
1860623300,지족로,25040670,노은3동
1840061405,대전천북로,25020510,은행선화동
1860625700,노은서로266번길,25040660,노은2동
1870013203,오정로38번길,25050510,오정동
1840024600,대전천서로,25020560,문창동
1850043100,도안대로,25030720,관저1동
1860370200,학하남로90번길,25040690,학하동
1850313800,계룡로394번길,25030650,갈마2동
1840192904,동서대로,25020640,태평2동
1850010001,계룡로,25030640,갈마1동
1850304701,혜천로,25030510,복수동
1870039100,중리서로,25050560,법1동
1840120600,사정공원로,25020690,산성동
1860640401,-,25040710,원신흥동
1860053902,온천로101번길,25040640,온천1동
1860613700,문지로299번길,25040570,전민동
1860014100,봉산로,25040610,구즉동
1840016310,보문산로,25020690,산성동
1850107700,둔산로,25030600,둔산2동
1830491001,수향길,25010800,삼성동
1860142001,-,25040630,관평동
1850024802,관저로,25030730,관저2동
1870151600,장동로,25050530,회덕동
1830468301,옥천로106번길,25010550,판암1동
1840060501,-,25050510,오정동
1870477300,방두말5길,25050600,덕암동
1870055705,산디로,25050530,회덕동
1850085700,문정로60번길,25030570,탄방동
1860663301,자운로221번길,25040550,신성동
1850143601,월평북로,25030670,월평2동
1850102301,둔산남로9번길,25030600,둔산2동
1840005401,충무로,25020560,문창동
1860671204,유성대로680번길,25040640,온천1동
1850087701,문정로,25030570,탄방동
1860613501,문지로299번길,25040570,전민동
1870018900,한밭대로,25050510,오정동
1830473200,성남로,25010790,성남동
1860143300,-,25040630,관평동
1860139602,-,25040550,신성동
1860164100,갑천로,25040630,관평동
1830011207,계족로,25010790,성남동
1860628400,유성대로1312번길,25040550,신성동
1860107002,은구비로,25040660,노은2동
1860128101,자운로,25040550,신성동
1870017800,비래서로9번길,25050540,비래동
1860110301,북유성대로,25040660,노은2동
1860170600,노은로410번길,25040660,노은2동
1850032210,관저중로96번길,25030730,관저2동
1860020402,대정로28번안길,25040680,진잠동
1860366501,학하남로77번길,25040690,학하동
1830476102,중교로,25010760,중앙동
1830028602,선화로,25010800,삼성동
1860622802,지족북로66번길,25040670,노은3동
1840037001,보문로,25020550,대흥동
1860155001,배울1로,25040630,관평동
1860681701,대정로42번길,25040680,진잠동
1860172001,대학로76번안길,25040540,온천2동
1860042201,계룡로32번길,25040640,온천1동
1870018800,옛신탄진로,25050510,오정동
1850040100,혜천로,25030510,복수동
1840182600,-,25020510,은행선화동
1840049707,계룡로771번길,25020600,용두동
1840187900,보문로162번길,25020550,대흥동
1840034105,태평로,25020640,태평2동
1870487903,대전천북로,25050510,오정동
1850156704,하상도로,25030740,둔산3동
1840033102,대흥로,25020670,문화1동
1850077300,문정로10번길,25030570,탄방동
1840126702,운남로,25020690,산성동
1830052104,동구청로,25010530,효동
1870050301,대전로1331번길,25050520,대화동
1850114204,둔산북로,25030740,둔산3동
1870501002,대전로1331번길,25050520,대화동
1860632702,유성대로,25040680,진잠동
1830053307,대전로448번길,25010530,효동
1850052402,중반5길,25030550,변동
1860626100,노은동로240번길,25040660,노은2동
1860691901,상대서로,25040700,상대동
1840049501,대전천서로,25020510,은행선화동
1860110701,노은서로266번길,25040660,노은2동
1840053801,우암로,25020510,은행선화동
1850141001,청사서로,25030670,월평2동
1870030900,송촌북로,25050620,송촌동
1850264902,계백로828번길,25030730,관저2동
1860150901,와룡로136번길,25040610,구즉동
1840198901,-,25020670,문화1동
1870039303,중리북로,25050550,중리동
1860202901,학하복용로,25040690,학하동
1870151703,신탄진로756번안길,25050580,신탄진동
1840127300,보문산로,25020670,문화1동
1850151800,둔산대로117번길,25030690,만년동
1860370600,학하북로,25040690,학하동
1830005602,옥천로,25010550,판암1동
1840066701,산서로,25020690,산성동
1850157900,유등로,25030740,둔산3동
1850074700,문정로60번길,25030570,탄방동
1870441500,-,25050590,석봉동
1860080301,왕가봉로,25040590,노은1동
1850324801,유등로,25030560,용문동
1860599201,엑스포로446번길,25040570,전민동
1830467301,토천1길,25010530,효동
1870061702,신일서로,25050610,목상동
1840014705,대종로,25020570,석교동
1860092803,노은서로,25040590,노은1동
1860631200,계백로,25040680,진잠동
1860108900,은구비로,25040660,노은2동
1850308201,-,25030720,관저1동
1860064401,유성대로720번길,25040540,온천2동
1830018205,새울로,25010570,용운동
1840163800,대전남부순환고속도로,25020690,산성동
1840123400,서문로,25020670,문화1동
1850147402,만년로68번길,25030690,만년동
1870022000,동춘당로,25050620,송촌동
1870489100,송촌남로,25010640,가양2동
1840002601,대둔산로,25020690,산성동
1830004947,대전로,25010530,효동
1830017402,동부로,25010560,판암2동
1860604700,교촌대정로,25040680,진잠동
1850305701,유등로,25030520,도마1동
1850058200,동서대로,25030630,내동
1860116400,신성남로,25040550,신성동
1850328502,둔지로,25030600,둔산2동
1860053701,온천로,25040640,온천1동
1840053700,우암로,25020510,은행선화동
1830125401,동구청로,25010530,효동
1830024303,중교로,25010760,중앙동
1860041700,계룡로141번길,25040640,온천1동
1860105000,노은동로,25040660,노은2동
1870005805,대덕대로,25050610,목상동
1850030702,복수동로51번길,25030510,복수동
1850309600,-,25030730,관저2동
1860602802,지족로349번길,25040670,노은3동
1830450800,동부로10번길,25010550,판암1동
1850056801,배재로,25030550,변동
1860201702,학하중앙로,25040690,학하동
1850051405,변동로,25030550,변동
1860191901,지족로190번길,25040670,노은3동
1870086902,문평동로72번길,25050610,목상동
1860098401,-,25040550,신성동
1860085403,노은동로,25040590,노은1동
1860662701,자운로97번길,25040550,신성동
1850061700,도산로,25030560,용문동
1850114000,유등로,25030740,둔산3동
1870478002,한밭대로1043번길,25050510,오정동
1850023404,복수동로,25030510,복수동
1860066500,온천북로33번길,25040640,온천1동
1860142301,테크노8로,25040630,관평동
1850129901,-,25030600,둔산2동
1850108600,둔산로,25030600,둔산2동
1860422701,관평1로,25040630,관평동
1860374501,학하동로,25040690,학하동
1840196901,-,25020690,산성동
1830457201,석천로,25010750,산내동
1830034505,충정로,25010600,자양동
1830018402,충무로,25010780,대동
1840036101,문창로,25020560,문창동
1840124601,계백로1716번길,25020670,문화1동
1860060101,온천북로,25040640,온천1동
1850104800,둔산로137번길,25030590,둔산1동
1860131506,유성대로,25040550,신성동
1850268700,계백로860번길,25030730,관저2동
1850155903,유등로,25030520,도마1동
1860665702,자운로245번길,25040550,신성동
1850148001,만년로68번길,25030690,만년동
1870047304,계족로664번길,25050570,법2동
1830470401,동부로,25010560,판암2동
1830022403,새울로,25010570,용운동
1850143501,청사서로,25030670,월평2동
1840065902,계백로1686번길,25020670,문화1동
1860009710,신성서로,25040550,신성동
1850327901,갈마역로,25030640,갈마1동
1860433201,테크노5로,25040630,관평동
1870044301,동춘당로126번길,25050620,송촌동
1830036614,합내로,25010630,가양1동
1840063705,당디로,25020650,유천1동
1860119501,신성로,25040550,신성동
1830018502,대동천좌안3길,25010770,신인동
1870047100,계족로664번길,25050570,법2동
1860202801,북유성대로,25040670,노은3동
1850040402,관저동로,25030720,관저1동
1860156000,배울2로,25040630,관평동
1860198300,학하복용서로,25040690,학하동
1860400300,원신흥남로12번길,25040710,원신흥동
1850097802,둔산남로,25030740,둔산3동
1870006503,대덕대로,25050610,목상동
1850069103,도산로,25030560,용문동
1860425101,관평2로,25040630,관평동
1860085401,노은동로,25040590,노은1동
1860367701,학하중앙로127번길,25040690,학하동
1840048202,동서대로,25020600,용두동
1870011500,한남로,25050510,오정동
1850087800,문정로,25030570,탄방동
1860674801,문화원로6번길,25040540,온천2동
1860630703,유성대로298번길,25040680,진잠동
1860018400,진잠로,25040680,진잠동
1840012303,사정공원로,25020690,산성동
1860639801,테크노중앙로,25040630,관평동
1860191101,반석로,25040670,노은3동
1860029900,월드컵대로299번길,25040640,온천1동
1830033502,우암로,25010630,가양1동
1830491301,-,25010800,삼성동
1870084901,신탄진동로23번길,25050580,신탄진동
1860155500,관평천변로,25040630,관평동
1860441601,테크노2로,25040630,관평동
2830023103,양지시목로,33042320,현도면
1830183700,통영대전고속도로,25010750,산내동
1860019101,유성대로,25040680,진잠동
1870359002,구즉세종로,25050610,목상동
1870441400,-,25050590,석봉동
1840123300,서문로,25020670,문화1동
1840022206,천근로,25020680,문화2동
1850315601,신갈마로,25030640,갈마1동
1830454100,동중앙로,25010760,중앙동
1860415001,유성대로1205번길,25040550,신성동
1830052004,대전천동로,25010760,중앙동
1870024501,동춘당로,25050620,송촌동
1860417500,신성로,25040550,신성동
1830056101,하상도로,25010760,중앙동
1850033801,복수동로,25030510,복수동
1870070501,신일동로,25050610,목상동
1850049205,도마로,25030520,도마1동
1860212300,동서대로,25040680,진잠동
1830448900,은어송로51번길,25010530,효동
1870045300,대화로32번길,25050520,대화동
1860089600,노은서로,25040590,노은1동
1860045301,유성대로680번길,25040640,온천1동
1870018503,한밭대로,25050510,오정동
1830472201,대전로906번길,25010800,삼성동
1830025200,동대전로,25010780,대동
1850311700,갑천도시고속도로,25030690,만년동
1830123901,백룡로,25010570,용운동
1860241600,천변도시고속도로,25040570,전민동
1850328201,대덕대로175번길,25030600,둔산2동
1870053504,아리랑로,25050530,회덕동
1860425504,테크노3로,25040630,관평동
1850202000,도안중로,25030512,도안동
1860082904,왕가봉로,25040590,노은1동
1870498302,석봉로37번길,25050590,석봉동
1860097401,노은서로142번길,25040590,노은1동
1850266502,계백로860번길,25030730,관저2동
1850308300,관저북로13번길,25030720,관저1동
1870160202,신상로,25050540,비래동
1860214200,자운로97번길,25040550,신성동
1850293902,상보안윗길,25030511,가수원동
1860083400,한밭대로,25040540,온천2동
1850088401,문정로,25030570,탄방동
1850047000,도산로,25030530,도마2동
1860614000,문지로299번길,25040570,전민동
1860029901,월드컵대로299번길,25040640,온천1동
1860119300,송림로,25040660,노은2동
1840058101,대종로,25020540,중촌동
1840035100,테미로,25020550,대흥동
1860436400,테크노6로,25040630,관평동
1850066304,괴정로,25030610,괴정동
1860078401,어은로,25040540,온천2동
1840061406,대전천북로,25010760,중앙동
1830038500,동대전로,25010640,가양2동
1860638400,유성대로,25040550,신성동
1860164002,테크노4로,25040630,관평동
1860150400,금남구즉로,25040610,구즉동
1860214600,노은로,25040550,신성동
1830033200,동서대로,25010800,삼성동
1860121200,북유성대로,25040670,노은3동
1840046400,동서대로,25020630,태평1동
1850322100,구봉로147번길,25030730,관저2동
1830477503,-,25010530,효동
1860219800,월드컵대로,25040710,원신흥동
1850210301,-,25030530,도마2동
1870037703,동춘당로94번길,25050620,송촌동
1860673401,계룡로32번길,25040640,온천1동
1870015801,오정로76번길,25050510,오정동
1850041600,계백로1286번길,25030540,정림동
1870496301,구족로,25050610,목상동
1830030004,우암로,25010800,삼성동
1860098402,-,25040550,신성동
1850072701,탄방로,25030570,탄방동
1860007411,호남고속도로지선,25040550,신성동
1870503100,경부고속도로,25050600,덕암동
1870011700,오정로,25050510,오정동
1830057706,이사로,25010750,산내동
1830472000,대전로900번길,25010790,성남동
1850113100,갑천도시고속도로,25030660,월평1동
1860012007,대덕대로,25040550,신성동
1830021500,용운로,25010570,용운동
1860416200,유성대로1184번길,25040550,신성동
1830472800,성남로,25010790,성남동
1860103701,엑스포로123번길,25040550,신성동
1840022209,천근로,25020680,문화2동
1830021900,계족로140번길,25010570,용운동
1830005042,대전로,25010530,효동
1830009501,계족로,25010780,대동
1860422501,관평1로,25040630,관평동
1870037800,동춘당로94번길,25050620,송촌동
1870035801,송촌북로35번길,25050550,중리동
1870197700,경부고속도로,25050530,회덕동
1870087304,신탄진북로,25050580,신탄진동
1840058402,대전천서로,25020540,중촌동
1860211301,자운로97번길,25040550,신성동
1850265800,구봉산북로21번길,25030730,관저2동
1850303800,복수중로,25030510,복수동
1860648201,구룡달전로,25040610,구즉동
1860195201,지족로,25040640,온천1동
1850124002,둔산북로,25030640,갈마1동
1870013502,한남로88번길,25050510,오정동
1850149200,만년로,25030690,만년동
1840017200,보문산로,25020680,문화2동
1870057500,산업단지로,25050610,목상동
1830037006,동대전로248번길,25010640,가양2동
1850035202,복수동로,25030510,복수동
1860615801,문지로315번길,25040570,전민동
1840066801,산서로,25020690,산성동
1850149000,만년로,25030690,만년동
1860406702,유성대로,25040540,온천2동
1870053100,아리랑로,25050530,회덕동
1830018602,대동천좌안3길,25010770,신인동
1860204000,학하로,25040690,학하동
1860683707,박산로,25040640,온천1동
1860068201,-,25040640,온천1동
1830021105,용운로,25010780,대동
1860071803,월드컵대로,25040540,온천2동
1860691502,-,25040700,상대동
1870053004,아리랑로,25050530,회덕동
1870013602,한남로88번길,25050510,오정동
1860685801,유성대로671번길,25040640,온천1동
1840181601,한남로,25020540,중촌동
1840163000,대전남부순환고속도로,25020690,산성동
1850155401,유등로,25030520,도마1동
1870492100,우암동로,25050540,비래동
1860337700,계백로,25030730,관저2동
1850322403,관저로129번길,25030730,관저2동
1860433200,테크노5로,25040630,관평동
1860141900,-,25040630,관평동
1840118301,산서로,25030510,복수동
1860145101,갑천로,25040630,관평동
1870026503,계족산로17번길,25050550,중리동
1850147700,만년로68번길,25030690,만년동
1840055901,대종로,25020540,중촌동
1830452801,한밭대로1237번길,25010650,용전동
1860143402,-,25040630,관평동
1860134501,자운로157번길,25040550,신성동
1830046101,비래서로,25010640,가양2동
1840047800,오류로,25020620,오류동
1850330301,신갈마로181번길,25030640,갈마1동
1860004615,현충원로,25040640,온천1동
1840012401,사정공원로,25020690,산성동
1850302201,벌곡로,25030511,가수원동
1840046703,중교로,25020510,은행선화동
1860407800,봉명서로,25040710,원신흥동
1850064706,괴정로,25030610,괴정동
1850080302,계룡로491번길,25030600,둔산2동
1840049902,선화로,25020510,은행선화동
1870157904,신상로,25050540,비래동
1850145602,둔산대로117번길,25030690,만년동
1830021402,용운동길,25010570,용운동
1860115301,가정로,25040550,신성동
1860063101,문화원로,25040640,온천1동
1850227500,대전남부순환고속도로,25030730,관저2동
1830017600,동부로,25010560,판암2동
1860009603,대덕대로,25040550,신성동
1860611100,문지로,25040570,전민동
1850029401,관저로,25030730,관저2동
1870053801,공단4길,25050520,대화동
1860103602,엑스포로123번길,25040550,신성동
1850128101,월평중로,25030660,월평1동
1840121501,산서로,25020690,산성동
1860179400,봉산북로,25040610,구즉동
1850065303,가장로,25030610,괴정동
1860200402,유성대로,25040680,진잠동
1830046801,신상로,25050540,비래동
1850203203,원도안로,25030512,도안동
1860016600,진잠로42번길,25040680,진잠동
1860088602,노은동로99번길,25040590,노은1동
1870081900,3공단3길,25050610,목상동
1840029400,문화로,25020670,문화1동
1870051200,-,25050560,법1동
1860620300,가정로,25040550,신성동
1850022701,구봉로,25030730,관저2동
1850202803,도안동로,25030512,도안동
1840019001,당디로,25020690,산성동
1860014301,대덕대로,25050610,목상동
1870052202,대화로52번안길,25050520,대화동
1860429300,테크노3로,25040630,관평동
1860609001,문지로,25040570,전민동
1860033402,유성대로654번길,25040640,온천1동
1870007911,대덕대로,25050590,석봉동
1830017900,동부로,25010570,용운동
1860056101,온천로,25040640,온천1동
1840052403,대종로,25020510,은행선화동
1850330403,계룡로342번길,25030640,갈마1동
1840056601,대전천서로,25020510,은행선화동
1870059703,덕암로118번길,25050600,덕암동
1830025105,동대전로,25010780,대동
1860025807,진잠옛로,25040680,진잠동
1840126705,운남로,25020690,산성동
1830027301,중앙로,25010760,중앙동
1840168800,대전남부순환고속도로,25020690,산성동
1860211705,자운로97번길,25040550,신성동
1830003614,대전로,25010750,산내동
1860727000,도안대로,25040680,진잠동
1860151500,-,25040610,구즉동
1830451903,성남로,25010790,성남동
1840059601,중촌로,25020540,중촌동
1850098101,둔산남로,25030570,탄방동
1840020703,산성로,25020680,문화2동
1850303901,복수중로,25030510,복수동
1870482700,벚꽃길,25050600,덕암동
1850096000,갑천도시고속도로,25030660,월평1동
1860441901,배울1로,25040630,관평동
1860393301,원신흥남로27번길,25040710,원신흥동
1850008801,계룡로,25030650,갈마2동
1860024700,대정로42번길,25040680,진잠동
1830006101,통영대전고속도로,25010550,판암1동
1870056612,덕암로,25050600,덕암동
1860093300,은구비남로33번길,25040590,노은1동
1860131001,엑스포로,25040570,전민동
1850006604,계백로,25030520,도마1동
1830023400,계족로140번길,25010570,용운동
1860084303,북유성대로,25040590,노은1동
1830021602,용운로,25010570,용운동
1830036512,합내로,25010630,가양1동
1830026709,대청호수로,25010730,대청동
1860126204,가정북로,25040550,신성동
1850046909,도마5길,25030520,도마1동
1830022900,용운로,25010570,용운동
1860038400,유성대로668번길,25040640,온천1동
1850124801,둔지로,25030600,둔산2동
1850036301,계백로1300번길,25030540,정림동
1860080303,왕가봉로,25040590,노은1동
1850312506,한밭대로656번길,25030640,갈마1동
1850064400,도솔로,25030610,괴정동
1850025603,벌곡로,25030511,가수원동
1870487302,한남로,25050510,오정동
1860188201,지족북로,25040670,노은3동
1860192201,지족동로,25040670,노은3동
1870038501,송촌북로36번길,25050620,송촌동
1850023700,유등로17번길,25030510,복수동
1840004801,충무로,25020580,대사동
1860068401,문화원로,25040640,온천1동
1850056006,도산로,25030630,내동
1830008005,계족로,25010770,신인동
1870056009,장동로,25050530,회덕동
1860063201,문화원로,25040640,온천1동
1830023803,백룡로,25010570,용운동
1830011110,계족로,25010790,성남동
1850146101,둔산대로,25030690,만년동
1860397302,죽동로,25040540,온천2동
1860373200,복용북로18번길,25040690,학하동
1830450700,동부로10번길,25010550,판암1동
1860664401,자운로245번길,25040550,신성동
1860435702,테크노2로,25040630,관평동
1860007404,호남고속도로지선,25040550,신성동
1840044900,계룡로816번길,25020620,오류동
1850065504,도솔로,25030560,용문동
1860193600,학하로,25040690,학하동
1860086100,노은로,25040590,노은1동
1850030002,구봉산북로,25030730,관저2동
1870023800,중리서로,25050550,중리동
1860174601,은구비남로33번길,25040590,노은1동
1860681101,대정로42번길,25040680,진잠동
1870489900,신상로,25050540,비래동
1840118401,산서로,25020690,산성동
1830005045,대전로,25010530,효동
1860205400,유성대로,25040640,온천1동
1840034100,태평로,25020640,태평2동
1830019805,중앙로200번길,25010760,중앙동
1850312701,둔산서로10번길,25030570,탄방동
1830453803,-,25010630,가양1동
1870037000,송촌북로36번길,25050620,송촌동
1860059802,온천동로65번길,25040640,온천1동
1860115501,가정로,25040550,신성동
1860017102,진잠로42번길,25040680,진잠동
1840023500,대전천서로,25010530,효동
1850326101,-,25030511,가수원동
1830017803,대전로,25010770,신인동
1850330404,계룡로342번길,25030640,갈마1동
1860173502,용계로94번길,25040680,진잠동
1830026303,대전로,25010760,중앙동
1860034300,유성대로646번길,25040640,온천1동
1860399000,죽동로,25040540,온천2동
1860408001,유성대로935번길,25040540,온천2동
1850307302,갈마중로37번길,25030650,갈마2동
1850036306,계백로1300번길,25030540,정림동
1860608700,문지로,25040570,전민동
1850133700,한밭대로,25030640,갈마1동
1840015801,대종로,25020570,석교동
1840055606,목중로26번길,25020540,중촌동
1860131308,유성대로1689번길,25040570,전민동
1870089022,평촌2길,25050600,덕암동
1860146200,테크노7로,25040630,관평동
1830055902,세천공원로,25010550,판암1동
1840048101,동서대로,25020530,목동
1830122700,대전로542번길,25010530,효동
1850114600,문예로,25030590,둔산1동
1860219300,도안대로590번길,25040710,원신흥동
1840005400,충무로,25020560,문창동
1870033800,계족산로81번길,25050620,송촌동
1850094402,둔산중로14번길,25030570,탄방동
1870052302,대화로52번안길,25050520,대화동
1860651902,원신흥남로12번길,25040710,원신흥동
1870055602,산디로,25050530,회덕동
1860440302,테크노중앙로,25040630,관평동
1860083500,한밭대로,25040590,노은1동
1830004902,대전로,25010530,효동
1860390101,죽동로,25040540,온천2동
1850054500,동서대로,25030620,가장동
1860071900,한밭대로,25040540,온천2동
1870019902,송촌로,25050620,송촌동
1840004301,충무로,25020580,대사동
1860682402,대정로42번길,25040680,진잠동
1870478900,대덕대로1585번길,25050590,석봉동
1870049800,-,25050520,대화동
1840023903,문화로234번길,25020670,문화1동
1850315600,신갈마로,25030630,내동
1850022204,복수남로11번길,25030510,복수동
1850011407,대덕대로,25030600,둔산2동
1840035001,대흥로,25020550,대흥동
1860093006,과학로,25040540,온천2동
1870039301,중리북로,25050550,중리동
1830013900,산내로1257번길,25010750,산내동
1860089502,노은서로,25040590,노은1동
1840199101,계룡로904번길,25020670,문화1동
1860727800,도안대로,25030720,관저1동
1860423900,테크노4로,25040630,관평동
1860143301,-,25040630,관평동
1840001806,대둔산로,25020690,산성동
1860195403,지족동로,25040670,노은3동
1840053401,대종로593번길,25020510,은행선화동
1830053904,은어송로,25010530,효동
1870497901,대덕대로,25050590,석봉동
1870013101,오정로38번길,25050510,오정동
1840033400,수도산로,25020550,대흥동
1870039200,중리북로,25050560,법1동
1840188102,보문산공원로497번안길,25020580,대사동
1860150202,구즉로,25040610,구즉동
1870005402,경부고속도로,25050600,덕암동
1860430508,관평1로,25040630,관평동
1850041900,정림로,25030540,정림동
1850051507,변동로,25030550,변동
1860044300,계룡로123번길,25040640,온천1동
1840199808,대둔산로364번길,25020690,산성동
1860630201,상대서로68번길,25040700,상대동
1860096400,엑스포로,25040550,신성동
1870022809,중리로,25050550,중리동
1860149303,구즉로,25040610,구즉동
1830033605,우암로,25010790,성남동
1870298700,한남로,25050510,오정동
1860663002,자운로97번길,25040550,신성동
1840036107,문창로,25020560,문창동
1870021601,동춘당로,25050540,비래동
1870486401,태전로,25010800,삼성동
1870498303,석봉로37번길,25050590,석봉동
1860022001,유성대로,25040680,진잠동
1830036905,동대전로248번길,25010640,가양2동
1860416600,유성대로1184번길,25040550,신성동
1850012502,대덕대로,25030690,만년동
1860082501,한밭대로,25040590,노은1동
1830284702,동산초교로23번길,25010680,홍도동
1850025804,관저중로64번길,25030730,관저2동
1830030309,태전로,25010800,삼성동
1860132200,-,25040550,신성동
1830025208,동대전로,25010780,대동
1850094803,둔산남로,25030600,둔산2동
1830286101,동산초교로,25010680,홍도동
1840180900,대전천서로,25020540,중촌동
1870025504,선비마을로,25050620,송촌동
1850042106,복수북로,25030510,복수동
1840042703,대흥로165번길,25020550,대흥동
1870034901,계족산로43번길,25050550,중리동
1830124601,백룡로,25010570,용운동
1860625501,유성대로1366번길,25040550,신성동
1840004601,충무로,25020580,대사동
1830014107,산내로1257번길,25010750,산내동
1830020104,대동복개길,25010780,대동
1860671701,계룡로16번길,25040640,온천1동
1850041200,정림서로,25030540,정림동
1840031304,충무로107번길,25020550,대흥동
1860652602,원신흥남로12번길,25040710,원신흥동
1840057000,대전천서로,25020540,중촌동
1830468401,옥천로106번길,25010550,판암1동
1870045500,대전로1331번길,25050520,대화동
1850235300,구봉산북로,25030730,관저2동
1860043400,계룡로18번길,25040640,온천1동
1860016500,진잠로42번길,25040680,진잠동
1860012004,대덕대로,25040550,신성동
1850143104,월평북로,25030670,월평2동
1850087500,대덕대로176번길,25030600,둔산2동
1850105001,둔산로,25030590,둔산1동
1850034504,관저북로,25030730,관저2동
1840196806,-,25020690,산성동
1830038810,우암로,25010640,가양2동
1830036610,합내로,25010630,가양1동
1850056405,도솔로,25030630,내동
1850330003,계룡로342번길,25030640,갈마1동
1830450500,옥천로180번길,25010550,판암1동
1870500601,-,25050520,대화동
1840003300,대둔산로,25020690,산성동
1850092900,둔산중로14번길,25030570,탄방동
1850115900,대덕대로234번길,25030600,둔산2동
1840013500,대둔산로,25020690,산성동
1840185403,대종로549번길,25020510,은행선화동
1860620901,지족북로,25040670,노은3동
1870499204,한남로67번길,25050510,오정동
1830029300,대전로,25010800,삼성동
1850309701,월평북로,25030670,월평2동
1840189301,보문산공원로497번길,25020580,대사동
1830456401,산내로1287번길,25010750,산내동
1870062700,벚꽃길,25050600,덕암동
1860057800,계룡로105번길,25040640,온천1동
1840055300,목중로,25020530,목동
1850318800,도안중로,25030720,관저1동
1850151701,둔산대로117번길,25030690,만년동
1860099200,대덕대로512번길,25040550,신성동
1870496901,문평서로17번길,25050610,목상동
1850083900,대덕대로168번길,25030650,갈마2동
1860368201,학하동로,25040690,학하동
1840188000,보문로162번길,25020580,대사동
1860604400,덕명동로,25040690,학하동
1860033403,유성대로654번길,25040640,온천1동
1850312600,한밭대로656번길,25030640,갈마1동
1870082505,대덕대로1470번길,25050610,목상동
1870043100,대전로,25050520,대화동
1860013200,대덕대로,25040610,구즉동
1850109001,둔산로,25030600,둔산2동
1850318900,봉우로8번길,25030720,관저1동
1850312702,둔산서로10번길,25030570,탄방동
1860036100,유성대로654번길,25040640,온천1동
1870063100,신일서로,25050610,목상동
1850126300,월평동로,25030640,갈마1동
1830466402,신기로,25010530,효동
1860081101,-,25040590,노은1동
1850052803,변동중로,25030520,도마1동
1860636301,동서대로,25040680,진잠동
1830004600,대전로,25010750,산내동
1850027801,관저로,25030730,관저2동
1830009801,계족로,25010760,중앙동
1870030501,동춘당로,25050620,송촌동
1850208100,도안동로,25030512,도안동
1870498002,대덕대로,25050590,석봉동
1850114401,둔산중로78번길,25030590,둔산1동
1850281101,관저남로25번길,25030730,관저2동
1850332701,관저중로95번길,25030730,관저2동
1840005903,계백로,25020620,오류동
1850313501,둔산중로32번길,25030590,둔산1동
1860414601,유성대로1205번길,25040550,신성동
1860651801,복용북로33번길,25040690,학하동
1850116900,대덕대로234번길,25030600,둔산2동
1870023403,중리동로,25050550,중리동
1850208102,도안동로,25030512,도안동
1870488900,동서대로,25050620,송촌동
1840067803,대전천서로,25020560,문창동
1860424801,관평2로,25040630,관평동
1860619801,대덕대로578번길,25040550,신성동
1870008002,대덕대로,25050610,목상동
1850095901,갑천도시고속도로,25030660,월평1동
1840044404,태평로,25020640,태평2동
1870059001,신일서로126번길,25050610,목상동
1860053800,온천로,25040640,온천1동
1860025701,진잠옛로,25040690,학하동
1850025403,가수원로,25030511,가수원동
1850125201,갑천도시고속도로,25030660,월평1동
1850104700,둔산로,25030590,둔산1동
1830029200,대전천동로,25010800,삼성동
1830445900,삼가로,25010800,삼성동
1860336701,박산로,25040640,온천1동
1860371601,학하중앙로,25040690,학하동
1860651102,복용북로33번길,25040690,학하동
1860367500,학하로,25040690,학하동
1860381300,계백로,25030730,관저2동
1860237702,테크노2로,25040630,관평동
1870478301,오정로77번길,25050510,오정동
1870013804,옛신탄진로,25050510,오정동
1840065000,유등천동로,25020690,산성동
1870042101,동춘당로,25050620,송촌동
1870152600,장동로228번길,25050530,회덕동
1860112601,가정로,25040550,신성동
1850329801,신갈마로181번길,25030640,갈마1동
1870012701,대전천북로,25050510,오정동
1850266302,구봉로,25030730,관저2동
1870030200,송촌북로,25050550,중리동
1850051407,변동로,25030550,변동
1850115100,둔산중로78번길,25030590,둔산1동
1850316300,갈마로85번길,25030650,갈마2동
1830019403,동부로,25010570,용운동
1850049701,도마로,25030520,도마1동
1840038303,수침로,25020630,태평1동
1850018614,괴곡길,25030540,정림동
1860436301,테크노2로,25040630,관평동
1870036800,계족산로,25050620,송촌동
1850077501,탄방로,25030570,탄방동
1860010705,유성대로,25040550,신성동
1860206805,상대서로,25040700,상대동
1840193400,대종로,25020540,중촌동
1860009602,대덕대로,25040550,신성동
1870504600,경부고속도로,25050600,덕암동
1860602301,지족동로142번길,25040670,노은3동
1840051302,동서대로,25020530,목동
1870005702,대덕대로,25050610,목상동
1850032703,벌곡로1353번길,25030511,가수원동
1870043501,대화로132번길,25050520,대화동
1860120100,노은로410번길,25040660,노은2동
1860018902,한우물로,25040680,진잠동
1850103600,문예로,25030590,둔산1동
1840001805,대둔산로,25020690,산성동
1850041402,정림로,25030540,정림동
1840186400,중앙로,25020510,은행선화동
1850022901,관저서로,25030730,관저2동
1840183301,계백로1686번길,25020670,문화1동
1860381000,학하로,25040690,학하동
1830042006,대청호수로,25010730,대청동
1860376300,복용로12번길,25040690,학하동
1860046102,계룡로141번길,25040640,온천1동
1870034801,계족산로43번길,25050550,중리동
1860661002,자운로97번길,25040550,신성동
1850020201,구억뜸길,25030511,가수원동
1870054001,아리랑로,25050560,법1동
1860386200,용계로94번길,25040680,진잠동
1830490803,수향길,25010760,중앙동
1840127800,문화로,25020670,문화1동
1860631800,대전남부순환고속도로,25040680,진잠동
1870020402,한밭대로1129번길,25050550,중리동
1860373404,학하복용로,25040690,학하동
1830470406,동부로,25010560,판암2동
1860633100,계백로,25040680,진잠동
1850269102,구봉산북로,25030730,관저2동
1850070202,대덕대로,25030650,갈마2동
1850065302,가장로,25030610,괴정동
1840126500,계백로1716번길,25020670,문화1동
1850129401,문예로,25030600,둔산2동
1850141201,청사로,25030680,월평3동
1870021400,동춘당로,25050540,비래동
1860146501,테크노2로,25040630,관평동
1840017500,신기로,25020570,석교동
1850123501,둔산북로,25030600,둔산2동
1860599900,문지로316번길,25040570,전민동
1860194201,지족동로,25040670,노은3동
1840190605,계백로1615번길,25020660,유천2동
1840168900,대전남부순환고속도로,25020690,산성동
1870049503,계족로663번길,25050560,법1동
1860205100,동서대로,25040690,학하동
1860123700,신성로,25040550,신성동
1850019300,벌곡로,25030511,가수원동
1840059301,어덕마을로,25020540,중촌동
1850009502,대덕대로,25030600,둔산2동
1870010902,대전로,25050510,오정동
1840199805,대둔산로364번길,25020690,산성동
1840126613,운남로,25020690,산성동
1860109500,유성대로,25040550,신성동
1860399501,죽동로,25040540,온천2동
1850018606,괴곡길,25030540,정림동
1830056402,하상도로,25010530,효동
1850202900,도안동로,25030512,도안동
1840049001,선화서로,25020510,은행선화동
1830449402,대전로448번길,25010530,효동
1850316201,갈마로117번길,25030650,갈마2동
1870016603,오정로78번길,25050510,오정동
1850036300,계백로1300번길,25030540,정림동
1830021501,용운로,25010570,용운동
1830451203,옛신탄진로74번길,25010790,성남동
1850336500,계백로,25030540,정림동
1840187700,계룡로929번길,25020580,대사동
1860336203,진잠로,25040680,진잠동
1860121703,북유성대로,25040670,노은3동
1840013200,안영로,25020690,산성동
1850304101,복수중로,25030510,복수동
1860025800,진잠옛로,25040680,진잠동
1850052513,중반5길,25030550,변동
1860498600,구즉세종로,25040610,구즉동
1830466400,신기로,25010530,효동
1830028306,정보길,25010600,자양동
1830462301,은어송로51번길,25010530,효동
1840030406,서문로,25020670,문화1동
1870011202,한남로,25050510,오정동
1870049200,계족로663번길,25050560,법1동
1860655402,은구비로155번길,25040660,노은2동
1860134801,자운로,25040550,신성동
1850119001,대덕대로242번길,25030600,둔산2동
1850058500,도솔로,25030630,내동
1830285602,동산초교로23번길,25010680,홍도동
1870481103,신탄진로583번길,25050600,덕암동
1860354600,엑스포로,25040630,관평동
1860063001,문화원로146번길,25040640,온천1동
1830003603,대전로,25010750,산내동
1850306901,둔산로31번길,25030600,둔산2동
1860030201,월드컵대로253번길,25040700,상대동
1860122702,노은로426번길,25040660,노은2동
1830005221,대전로,25010530,효동
1850049902,도산로,25030550,변동
1860208800,노은로,25040550,신성동
1870197600,경부고속도로,25050530,회덕동
1830016104,동구청로204번길,25010550,판암1동
1830473202,성남로,25010790,성남동
1860389001,죽동로,25040540,온천2동
1870053600,대전로,25050530,회덕동
1840198605,오류로,25020620,오류동
1860217401,도안대로,25040700,상대동
1840020300,당디로6번길,25020680,문화2동
1860124601,신성로83번길,25040550,신성동
1830049801,한밭대로,25050550,중리동
1860061000,온천북로,25040640,온천1동
1870152303,장동로,25050530,회덕동
1850005200,계백로,25030540,정림동
1870019803,옛신탄진로,25050510,오정동
1850066404,도솔로,25030610,괴정동
1870073202,신일동로,25050610,목상동
1860644604,대덕대로512번길,25040550,신성동
1830031004,대전로,25010800,삼성동
1850205500,도안동로,25030512,도안동
1870486400,태전로,25050510,오정동
1850102501,둔산서로,25030600,둔산2동
1850143503,청사서로,25030670,월평2동
1870066800,신일동로67번길,25050610,목상동
1860609801,문지로,25040570,전민동
1850042900,관저북로,25030720,관저1동
1860019601,유성대로,25040680,진잠동
1860071602,문화원로,25040540,온천2동
1850058103,갈마로,25030610,괴정동
1830179600,대전남부순환고속도로,25010750,산내동
1840191002,보문산로,25020690,산성동
1840051400,동서대로,25020530,목동
1860396100,원신흥남로27번길,25040710,원신흥동
1860391901,유성대로877번길,25040540,온천2동
1850068902,도솔로,25030570,탄방동
1870021702,경부고속도로,25050540,비래동
1850055200,도솔로,25030550,변동
1870014902,오정로76번길,25050510,오정동
1840059900,어덕마을로104번길,25020540,중촌동
1860436502,테크노2로,25040630,관평동
1830027001,선화로,25010800,삼성동
1850050501,배재로,25030520,도마1동
1850057900,도산로,25030620,가장동
1870498902,대화로32번길,25050520,대화동
1860097001,노은서로142번길,25040590,노은1동
1860373102,학하복용로,25040690,학하동
1860094902,엑스포로97번길,25040550,신성동
1840046103,선화로,25020510,은행선화동
1860132801,엑스포로466번길,25040570,전민동
1860079404,장대로,25040540,온천2동
1860623000,지족북로66번길,25040670,노은3동
1840025900,유천로,25020660,유천2동
1840029601,대종로,25020590,부사동
1860088700,노은동로,25040590,노은1동
1860071601,문화원로,25040540,온천2동
1860607300,유성대로1628번길,25040570,전민동
1850018501,괴곡길,25030540,정림동
1860417100,유성대로1184번길,25040550,신성동
1840056800,어덕마을로,25020530,목동
1860073501,대학로76번길,25040540,온천2동
1850112701,둔산로,25030640,갈마1동
1860073400,대학로76번길,25040540,온천2동
1870074101,덕암북로70번길,25050600,덕암동
1860441800,배울1로,25040630,관평동
1860371002,학하북로,25040690,학하동
1850317900,도마3길,25030520,도마1동
1850317100,원도안로224번길,25030512,도안동
1840192101,유등천동로,25020690,산성동
1840001803,대둔산로,25020690,산성동
1850009501,대덕대로,25030600,둔산2동
1840019901,서문로,25020680,문화2동
1840118200,산서로,25030510,복수동
1870043001,대전로,25050530,회덕동
1860363300,학하서로10번길,25040690,학하동
1830465803,신기로,25010530,효동
1860366400,학하남로77번길,25040690,학하동
1860161700,테크노중앙로,25040630,관평동
1850034702,정림서로,25030540,정림동
1860118103,송림로,25040660,노은2동
1840024705,문화로,25020690,산성동
1850107601,둔산로,25030600,둔산2동
1860125703,반석동로,25040670,노은3동
1860013701,봉산로,25040610,구즉동
1860441100,테크노11로,25040630,관평동
1850109104,둔산로,25030600,둔산2동
1860653401,원신흥남로12번길,25040710,원신흥동
1860036501,유성대로654번길,25040640,온천1동
1850289802,도안북로93번길,25030512,도안동
1830040805,충정로,25010640,가양2동
1860131405,유성대로1689번길,25040570,전민동
1870072700,석봉로58번길,25050590,석봉동
1860035101,월드컵대로253번길,25040640,온천1동
1860633001,유성대로,25040680,진잠동
1870067401,신일서로17번길,25050610,목상동
1870007912,대덕대로,25050610,목상동
1830464300,은어송로51번길,25010530,효동
1850036500,관저동로,25030720,관저1동
1860079004,유성대로783번길,25040540,온천2동
1850003701,계백로,25030730,관저2동
1870151709,신탄진로756번안길,25050580,신탄진동
1860411300,봉명로,25040710,원신흥동
1860674804,문화원로6번길,25040540,온천2동
1850045404,도솔로,25030530,도마2동
1860142101,테크노중앙로,25040630,관평동
1830002019,산내로,25010750,산내동
1860141201,테크노9로,25040630,관평동
1840031303,충무로107번길,25020580,대사동
1850075502,갈마로,25030650,갈마2동
1830005024,대전로,25010530,효동
1860431401,테크노중앙로,25040630,관평동
1860368005,학하중앙로128번길,25040690,학하동
1860186800,지족로,25040670,노은3동
1850084901,문정로,25030570,탄방동
1860609100,문지로,25040570,전민동
1840030904,계룡로920번길,25020580,대사동
1860075900,대학로,25040540,온천2동
1830014801,산내로1305번길,25010750,산내동
1840195203,-,25020550,대흥동
1850048401,배재로,25030530,도마2동
1870480002,대화로161번길,25050520,대화동
1860109600,유성대로,25040550,신성동
1860647401,-,25040610,구즉동
1840041902,보문로,25020550,대흥동
1850106200,둔산로123번길,25030590,둔산1동
1870031601,선비마을로23번길,25050620,송촌동
1860619401,문지로316번길,25040570,전민동
1870002609,신탄진로,25050530,회덕동
1850040002,혜천로,25030510,복수동
1850326001,-,25030511,가수원동
1870015001,오정로76번길,25050510,오정동
1850046101,제비네1길,25030530,도마2동
1850289201,도안북로93번길,25030512,도안동
1850022001,유등로17번길,25030510,복수동
1850154900,도마로,25030520,도마1동
1860424700,관평1로,25040630,관평동
1860397701,죽동로,25040540,온천2동
1870040701,중리북로,25050550,중리동
1870073304,신일동로,25050610,목상동
1860017101,진잠로42번길,25040680,진잠동
1840042800,대흥로165번길,25020550,대흥동
1860212601,월드컵대로,25040700,상대동
1860041101,유성대로668번길,25040640,온천1동
1850052102,도산로,25030550,변동
1870084803,신탄진동로23번길,25050580,신탄진동
1870067304,신일서로,25050610,목상동
1830451202,옛신탄진로74번길,25010790,성남동
1830489702,-,25010800,삼성동
1850037003,계백로1286번길,25030540,정림동
1850266401,구봉산북로21번길,25030730,관저2동
1870153701,장동로278번길,25050530,회덕동
1850203800,원도안로,25030512,도안동
1860056703,계룡로113번길,25040640,온천1동
1860075901,대학로,25040540,온천2동
1830453203,동서대로1683번길,25010650,용전동
1840002801,대둔산로,25020690,산성동
1860085200,한밭대로,25040590,노은1동
1860083600,한밭대로,25040590,노은1동
1840189800,산성로57번길,25020690,산성동
1830004940,대전로,25010750,산내동
1840048504,대종로,25020510,은행선화동
1830015501,옥천로180번길,25010550,판암1동
1870053002,아리랑로,25050530,회덕동
1850061908,괴정로,25030620,가장동
1860095200,은구비남로7번길,25040590,노은1동
1830056403,하상도로,25010530,효동
1870078100,대덕대로1470번길,25050610,목상동
1860187200,지족로,25040670,노은3동
1840120400,사정공원로,25020690,산성동
1860630400,유성대로,25040700,상대동
1830046504,한밭대로,25010650,용전동
1850052505,중반5길,25030550,변동
1870152001,장동로228번길,25050530,회덕동
1870484604,대전로1185번길,25050510,오정동
1860668902,용산2로,25040630,관평동
1830019404,동부로,25010570,용운동
1860627301,-,25040550,신성동
1860632901,유성대로,25040680,진잠동
1830009505,계족로,25010760,중앙동
1860441900,배울1로,25040630,관평동
1870195700,경부고속도로,25050590,석봉동
1840022101,천근로,25020680,문화2동
1870485704,동춘당로44번길,25050620,송촌동
1860237200,테크노10로,25040630,관평동
1850288401,도안북로,25030512,도안동
1830018803,대전로,25010770,신인동
1840195301,-,25020510,은행선화동
1870441900,-,25050530,회덕동
1830026401,대전로,25010760,중앙동
1860063601,온천북로33번길,25040640,온천1동
1860098301,-,25040550,신성동
1860134700,자운로,25040550,신성동
1860124502,신성로83번길,25040550,신성동
1850003802,계백로,25030730,관저2동
1850328302,대덕대로175번길,25030600,둔산2동
1870479101,신일동로17번길,25050610,목상동
1860192600,지족동로,25040670,노은3동
1830124300,은어송로,25010530,효동
1860130900,엑스포로,25040570,전민동
1860080502,노은서로,25040590,노은1동
1870028001,쌍청당로,25050550,중리동
1860014300,대덕대로,25050610,목상동
1870007001,대덕대로,25050610,목상동
1870480700,대청로,25050580,신탄진동
1840036501,대흥로,25020550,대흥동
1850210500,배재로,25030530,도마2동
1830033508,우암로,25010790,성남동
1850046504,도솔로,25030530,도마2동
1840044304,태평로,25020630,태평1동
1870085202,대덕대로1417번길,25050610,목상동
1840004401,충무로,25020580,대사동
1860149804,송강로42번길,25040610,구즉동
1840039902,선화로22번길,25020600,용두동
1860362403,학하서로,25040690,학하동
1860691603,-,25040700,상대동
1840059502,중촌로,25020540,중촌동
1860440000,테크노중앙로,25040630,관평동
1870013507,한남로88번길,25050510,오정동
1860620301,가정로,25040550,신성동
1850049702,도마로,25030520,도마1동
1830025108,동대전로,25010780,대동
1850051703,유등로,25030550,변동
1850303501,복수중로,25030510,복수동
1840065201,유등천동로,25020690,산성동
1860621605,반석로11번길,25040670,노은3동
1860104001,은구비로,25040660,노은2동
1850080200,계룡로491번길,25030600,둔산2동
1850073200,문정로2번길,25030570,탄방동
1860432701,테크노1로,25040630,관평동
1850327503,갈마역로,25030600,둔산2동
1850302801,벌곡로,25030511,가수원동
1870001600,계족로,25050550,중리동
1860239001,갑천로,25040630,관평동
1850325001,유등로,25030560,용문동
1850003902,계백로,25030511,가수원동
1870027301,동춘당로44번길,25050620,송촌동
1840029501,대종로,25020580,대사동
1860418900,유성대로1184번길,25040550,신성동
1850116002,둔산북로90번길,25030600,둔산2동
1860722602,유성대로653번길,25040640,온천1동
1840051602,어덕마을로,25020600,용두동
1870025604,선비마을로,25050620,송촌동
1860028101,월드컵대로290번길,25040700,상대동
1830016204,동구청로204번길,25010550,판암1동
1850060902,대덕대로,25030630,내동
1860213300,자운로97번길,25040550,신성동
1840003101,대둔산로,25020690,산성동
1860010519,대덕대로,25040550,신성동
1870065400,덕암북로104번길,25050600,덕암동
1860605505,구즉로58번길,25040610,구즉동
1860599400,문지로315번길,25040570,전민동
1840180300,대전천서로,25020540,중촌동
1830492101,우암로,25010800,삼성동
1860079701,노은서로,25040590,노은1동
1860067701,문화원로,25040640,온천1동
1850009408,계룡로,25030650,갈마2동
1840190301,보훈로,25020690,산성동
1870037301,송촌북로,25050550,중리동
1830030904,대전로,25010800,삼성동
1860680601,원계산로,25040680,진잠동
1850151601,둔산대로117번길,25030690,만년동
1840045402,중교로,25020550,대흥동
1850207500,도안동로,25030512,도안동
1850009101,계룡로,25030650,갈마2동
1850051806,변동로,25030550,변동
1860684402,복합환승로,25040640,온천1동
1860201902,유성대로,25040680,진잠동
1860683805,박산로,25040640,온천1동
1850124600,둔산북로,25030600,둔산2동
1850084601,-,25030600,둔산2동
1840045102,오류로,25020620,오류동
1870013300,-,25050510,오정동
1860003903,유성대로,25040640,온천1동
1850046105,제비네1길,25030530,도마2동
1860724300,-,25040680,진잠동
1830032311,길티길,25010630,가양1동
1850106301,둔산로123번길,25030590,둔산1동
1830039806,홍도로,25010680,홍도동
1840056701,어덕마을로,25020530,목동
1850334702,-,25030512,도안동
1860373401,학하복용로,25040690,학하동
1860044901,유성대로668번길,25040640,온천1동
1830052603,신기로,25010530,효동
1870153100,장동로,25050530,회덕동
1870004503,신탄진로,25050600,덕암동
1830037009,동대전로248번길,25010640,가양2동
1830455101,산내로1327번길,25010750,산내동
1850309100,관저동로,25030730,관저2동
1830123201,대전로542번길,25010530,효동
1870041002,동춘당로114번길,25050620,송촌동
1830347402,충무로209번길,25010770,신인동
1870030701,계족산로,25050620,송촌동
1860439001,테크노중앙로,25040630,관평동
1850069006,도산로,25030570,탄방동
1860204701,유성대로,25040700,상대동
1860430000,테크노5로,25040630,관평동
1860148900,송강로,25040610,구즉동
1840025203,보문산공원로497번길,25020580,대사동
1860086300,한밭대로,25040590,노은1동
1840032505,수침로,25020660,유천2동
1840051401,동서대로,25020530,목동
1830005225,대전로,25010530,효동
1860647203,구룡달전로,25040610,구즉동
1860160301,관평1로,25040630,관평동
1870023101,중리남로,25050550,중리동
1860197700,학하복용서로,25040690,학하동
1850228900,대전남부순환고속도로,25030730,관저2동
1830475101,대전천동로,25010770,신인동
1850092405,갈마중로,25030650,갈마2동
1850007202,계룡로,25030570,탄방동
1860665801,자운로245번길,25040550,신성동
1850065901,신갈마로,25030630,내동
1830011101,계족로,25010790,성남동
1860003104,계룡로,25040640,온천1동
1840046801,중교로,25020550,대흥동
1870485701,동춘당로44번길,25050620,송촌동
1870043201,동춘당로,25050570,법2동
1870038801,중리북로,25050560,법1동
1830040800,충정로,25010640,가양2동
1850109200,-,25030600,둔산2동
1860018801,유성대로,25040680,진잠동
1860411400,봉명로,25040710,원신흥동
1850094101,대덕대로176번길,25030600,둔산2동
1850066803,도산로,25030570,탄방동
1850011404,대덕대로,25030600,둔산2동
1870077700,신일동로33번길,25050610,목상동
1870498102,석봉북로24번길,25050590,석봉동
1860352807,탑립로,25040630,관평동
1850070203,대덕대로,25030650,갈마2동
1860205906,유성대로,25040640,온천1동
1850111401,대덕대로220번길,25030600,둔산2동
1870481700,방두말2길,25050600,덕암동
1830451200,옛신탄진로74번길,25010680,홍도동
1860610700,문지로,25040570,전민동
1830028102,동대전로,25010600,자양동
1850288400,도안북로,25030512,도안동
1850121401,문정로,25030590,둔산1동
1850142000,갑천도시고속도로,25030680,월평3동
1830015801,옥천로180번길,25010550,판암1동
1870037201,송촌북로,25050570,법2동
1850005000,계백로,25030540,정림동
1850028800,구봉로147번길,25030730,관저2동
1830451601,성남로,25010790,성남동
1860191300,학하중앙로,25040690,학하동
1870500501,-,25050520,대화동
1850265700,구봉산북로21번길,25030730,관저2동
1860224801,도안동로,25040710,원신흥동
1860407500,도안대로,25040710,원신흥동
1870022101,계족산로52번길,25050620,송촌동
1840055305,목중로,25020530,목동
1830489002,-,25010790,성남동
1850310100,용소로,25030512,도안동
1840013803,안영로,25020690,산성동
1860114003,지족로364번길,25040670,노은3동
1830035713,대전로,25050510,오정동
1860197000,한밭대로,25040640,온천1동
1860111500,노은서로266번길,25040660,노은2동
1830490601,새둑길,25010760,중앙동
1850266201,구봉산북로,25030730,관저2동
1860194303,지족동로,25040670,노은3동
1860009209,대덕대로,25040550,신성동
1870007409,대청로,25050580,신탄진동
1870154500,장동로278번길,25050530,회덕동
1830041401,우암로,25010640,가양2동
1860604808,교촌대정로,25040680,진잠동
1850065300,가장로,25030610,괴정동
1860079301,장대로,25040540,온천2동
1850032604,벌곡로1353번길,25030511,가수원동
1850007704,계룡로,25030610,괴정동
1850296400,벌곡로,25030511,가수원동
1860201801,학하복용로,25040690,학하동
1840013101,안영로,25020690,산성동
1870011703,오정로,25050510,오정동
1870008012,대덕대로,25050610,목상동
1870485605,계족로574번길,25050550,중리동
1870082000,-,25050610,목상동
1850060500,용문로,25030560,용문동
1870488800,옛신탄진로,25050510,오정동
1830056700,대전천북로,25010800,삼성동
1860012200,호남고속도로지선,25040630,관평동
1860203002,외삼로,25040660,노은2동
1860189500,지족북로,25040670,노은3동
1850208703,도안동로,25030512,도안동
1870067303,신일서로,25050610,목상동
1830035500,대전로,25010800,삼성동
1840127201,보문산로,25020680,문화2동
1830055702,태전로,25010800,삼성동
1840006003,계백로,25020620,오류동
1840022301,천근로69번길,25020670,문화1동
1840016505,보문산로,25020680,문화2동
1860121001,하기로,25040660,노은2동
1860429301,테크노3로,25040630,관평동
1860084404,북유성대로,25040590,노은1동
1860001407,계백로,25040680,진잠동
1840055501,목중로26번길,25020540,중촌동
1860038500,계룡로52번길,25040640,온천1동
1850048104,도산로,25030520,도마1동
1870490601,비래서로9번길,25050540,비래동
1870006700,신탄진로,25050580,신탄진동
1860400301,원신흥남로12번길,25040710,원신흥동
1870495300,대덕대로1284번길,25050610,목상동
1860637901,엑스포로,25040550,신성동
1850028306,관저로,25030730,관저2동
1840048401,중앙로,25020510,은행선화동
1830451700,동서대로1572번길,25010790,성남동
1840012203,성산로,25020690,산성동
1860144101,테크노8로,25040630,관평동
1840010801,산서로,25020690,산성동
1850330603,신갈마로,25030640,갈마1동
1870056604,덕암로,25050600,덕암동
1870014404,오정로77번길,25050510,오정동
1850035103,벌곡로,25030511,가수원동
1870043500,대화로132번길,25050520,대화동
1860410101,원신흥북로,25040710,원신흥동
1850055601,변동중로,25030550,변동
1850106000,문정로,25030590,둔산1동
1850043811,배재로,25030530,도마2동
1830476704,대전천북로,25010800,삼성동
1830284000,동산초교로55번길,25010680,홍도동
1860044203,계룡로52번길,25040640,온천1동
1830014204,산내로1257번길,25010750,산내동
1860087701,노은동로,25040590,노은1동
1860374204,학하중앙로168번길,25040690,학하동
1850051901,변동로,25030550,변동
1860017900,진잠로,25040680,진잠동
1850156500,유등로,25030740,둔산3동
1850228000,대전남부순환고속도로,25030730,관저2동
1860095100,은구비남로7번길,25040590,노은1동
1860149802,송강로42번길,25040610,구즉동
1860207104,상대서로,25040700,상대동
1840183500,대흥로10번길,25020580,대사동
1870073600,덕암북로70번길,25050600,덕암동
1870008500,대청로,25050580,신탄진동
1860019600,유성대로,25040680,진잠동
1860124210,엑스포로,25040570,전민동
1860062700,온천동로65번길,25040640,온천1동
1850308000,복수남로32번길,25030510,복수동
1850059901,도산로,25030620,가장동
1860119000,지족로,25040670,노은3동
1850316900,배재로197번길,25030530,도마2동
1840032200,수도산로,25020550,대흥동
1850004004,계백로,25030720,관저1동
1870073401,신일동로17번길,25050610,목상동
1860020700,대정로28번안길,25040680,진잠동
1860354502,엑스포로,25040630,관평동
1860020800,대정로28번안길,25040680,진잠동
1850266101,구봉산북로,25030730,관저2동
1870301500,대덕대로1527번길,25050580,신탄진동
1850054901,갈마로,25030620,가장동
1830478401,-,25010760,중앙동
1870482705,벚꽃길,25050600,덕암동
1860368701,학하북로,25040690,학하동
1870504200,경부고속도로,25050600,덕암동
1830052103,동구청로,25010550,판암1동
1840047501,동서대로,25020620,오류동
1870088924,평촌2길,25050580,신탄진동
1860660501,송림로53번길,25040660,노은2동
1860222300,계룡로132번길,25040710,원신흥동
1870007411,대청로,25050580,신탄진동
1850294601,동서대로,25030512,도안동
1850061804,괴정로,25030610,괴정동
1860044103,계룡로52번길,25040640,온천1동
1860004507,현충원로,25040640,온천1동
1830460802,대전로,25010530,효동
1850148800,만년로67번길,25030690,만년동
1850303001,구봉로,25030540,정림동
1860113700,가정로,25040550,신성동
1850032700,벌곡로1353번길,25030511,가수원동
1850312504,한밭대로656번길,25030640,갈마1동
1860032500,월드컵대로299번길,25040640,온천1동
1860035300,유성대로646번길,25040640,온천1동
1850090001,문예로,25030570,탄방동
1850051902,변동로,25030550,변동
1860017801,원내로,25040680,진잠동
1860620100,가정로,25040550,신성동
1860055002,온천로107번길,25040640,온천1동
1840196301,-,25030560,용문동
1850230900,대전남부순환고속도로,25030730,관저2동
1850019100,고릿골길,25030511,가수원동
1850051602,유등로,25030550,변동
1860149702,송강로42번길,25040610,구즉동
1860667602,테크노8로,25040630,관평동
1850049208,도마로,25030520,도마1동
1860133000,엑스포로,25040570,전민동
1860619301,문지로316번길,25040570,전민동
1830454301,산내로,25010750,산내동
1870041600,동춘당로,25050570,법2동
1860003805,계룡로,25040640,온천1동
1850043201,복수북로,25030510,복수동
1840037400,평촌로105번길,25020630,태평1동
1860039100,계룡로155번길,25040640,온천1동
1860670401,월드컵대로300번길,25040700,상대동
1830018900,용운로,25010570,용운동
1860021000,대정로,25040680,진잠동
1860131303,유성대로1689번길,25040570,전민동
1860143401,-,25040630,관평동
1860203300,학하복용로,25040690,학하동
1860105701,과학로,25040550,신성동
1870007913,대덕대로,25050610,목상동
1870002509,신탄진로,25050530,회덕동
1830007506,옥천로,25010560,판암2동
1850029001,관저로,25030730,관저2동
1870067802,문평서로17번안길,25050610,목상동
1850028801,구봉로147번길,25030730,관저2동
1860606900,유성대로1628번길,25040570,전민동
1830026806,대청호수로,25010730,대청동
1850068000,괴정로,25030570,탄방동
1850317700,도안동로12번길,25030512,도안동
1860444300,갑천로,25040630,관평동
1870050501,대화로52번길,25050520,대화동
1870008105,대덕대로,25050590,석봉동
1870049301,계족로663번길,25050570,법2동
1870024800,천변도시고속도로,25050520,대화동
1860367200,학하북로,25040690,학하동
1860722700,유성대로653번길,25040640,온천1동
1860681001,대정로42번길,25040680,진잠동
1850115200,둔산중로,25030590,둔산1동
1850043812,배재로,25030530,도마2동
1870060905,덕암로203번길,25050600,덕암동
1830463901,대전로448번길,25010530,효동
1830020801,용운로,25010570,용운동
1860600901,반석로12번길,25040670,노은3동
1850076501,계룡로500번길,25030570,탄방동
1860423500,테크노1로,25040630,관평동
1860064505,장대로,25040540,온천2동
1850136103,대덕대로290번길,25030600,둔산2동
1850150801,만년로67번길,25030690,만년동
1860145702,테크노2로,25040630,관평동
1850095000,둔산남로9번길,25030600,둔산2동
1860214000,원신흥로,25040710,원신흥동
1860369500,학하남로,25040690,학하동
1860620800,가정북로,25040550,신성동
1830449301,대전로448번길,25010530,효동
1850313802,계룡로394번길,25030650,갈마2동
1830452100,동중앙로,25010760,중앙동
1860072900,한밭대로,25040540,온천2동
1850058807,괴정로,25030560,용문동
1850207401,원도안로,25030512,도안동
1860663101,자운로221번길,25040550,신성동
1860029201,도안대로,25040700,상대동
1850077500,탄방로,25030570,탄방동
1830473402,계족로,25010790,성남동
1870060400,벚꽃길,25050600,덕암동
1840025400,문화로,25020660,유천2동
1860604401,덕명동로,25040690,학하동
1860163700,테크노6로,25040630,관평동
1840124606,계백로1716번길,25020670,문화1동
1830474401,산서로,25010750,산내동
1850045701,도산로,25030520,도마1동
1840003806,계백로,25020650,유천1동
1830184200,통영대전고속도로,25010550,판암1동
1850134500,월평중로,25030680,월평3동
1870016601,오정로78번길,25050510,오정동
1840045301,중교로,25020510,은행선화동
1860010809,유성대로,25040550,신성동
1860423304,테크노1로,25040630,관평동
1860395601,유성대로935번길,25040540,온천2동
1860108600,은구비로,25040660,노은2동
1840061200,대종로,25020540,중촌동
1850094701,둔산중로,25030570,탄방동
1860670603,월드컵대로308번길,25040700,상대동
1860145701,테크노2로,25040630,관평동
1840189302,보문산공원로497번길,25020580,대사동
1850112400,둔산로51번길,25030600,둔산2동
1870088300,대전천북로,25050510,오정동
1860370801,학하중앙로127번길,25040690,학하동
1860082600,한밭대로,25040590,노은1동
1840056102,대전천서로,25010760,중앙동
1860008511,대덕대로,25040550,신성동
1870150305,천변도시고속도로,25050530,회덕동
1850333501,-,25030730,관저2동
1850085201,신갈마로,25030640,갈마1동
1860193701,한밭대로,25040640,온천1동
1860378801,복용북로,25040690,학하동
1850106701,둔산로,25030600,둔산2동
1860091401,은구비남로,25040590,노은1동
1860189401,지족로,25040670,노은3동
1860069401,문화원로,25040640,온천1동
1870151705,신탄진로756번안길,25050580,신탄진동
1870023000,동춘당로,25050620,송촌동
1860032800,월드컵대로307번길,25040640,온천1동
1850028000,관저서로,25030730,관저2동
1850122901,둔산북로,25030600,둔산2동
1870007312,대청로,25050580,신탄진동
1860004505,현충원로,25040690,학하동
1830003609,대전로,25010750,산내동
1870005701,대덕대로,25050610,목상동
1830018102,새울로,25010570,용운동
1850304501,복수중로34번길,25030510,복수동
1850147300,둔산대로117번길,25030690,만년동
1850092605,갈마로,25030640,갈마1동
1870062600,벚꽃길,25050600,덕암동
1850085103,신갈마로,25030640,갈마1동
1830014001,산내로1257번길,25010750,산내동
1840003203,대둔산로,25020690,산성동
1860124207,엑스포로,25040570,전민동
1840036103,문창로,25020560,문창동
1830125306,대학로50번길,25010570,용운동
1850105803,둔산로,25030740,둔산3동
1850141501,월평중로,25030680,월평3동
1860227904,농대로,25040540,온천2동
1840023203,서문로,25020670,문화1동
1860082500,한밭대로,25040590,노은1동
1850069700,문정로2번길,25030570,탄방동
1840199204,솔밭로,25020580,대사동
1860610800,문지로,25040570,전민동
1860132700,엑스포로466번길,25040570,전민동
1860163802,테크노6로,25040630,관평동
1870072800,덕암북로22번길,25050600,덕암동
1850050100,도솔로,25030520,도마1동
1860657407,신성남로,25040550,신성동
1850125705,월평로,25030660,월평1동
1850308501,관저중로64번길,25030730,관저2동
1850004400,계백로,25030512,도안동
1860152901,와룡로,25040610,구즉동
1840001703,대둔산로,25020690,산성동
1830007701,충무로,25010770,신인동
1850004602,계백로,25030512,도안동
1860120902,하기로,25040660,노은2동
1850065803,신갈마로,25030640,갈마1동
1860119801,노은로410번길,25040660,노은2동
1830477802,천동초등동길,25010530,효동
1860392101,죽동로,25040540,온천2동
1860626202,노은동로240번길,25040660,노은2동
1870084401,신탄진동로,25050580,신탄진동
1860006000,호남고속도로지선,25040540,온천2동
1870500701,대전로1331번길,25050520,대화동
1860047602,계룡로105번길,25040640,온천1동
1870040700,중리북로,25050550,중리동
1860010607,대덕대로,25040550,신성동
1850051904,변동로,25030550,변동
1830028502,선화로,25010760,중앙동
1860065304,온천서로,25040540,온천2동
1870053603,대전로,25050530,회덕동
1850011703,대덕대로,25030670,월평2동
1860138202,자운로221번길,25040550,신성동
1830020203,대동복개길,25010780,대동
1840003306,대둔산로,25020690,산성동
1840038601,대흥로,25020550,대흥동
1850105400,둔산중로,25030590,둔산1동
1860129402,엑스포로466번길,25040570,전민동
1840057302,목중로,25020540,중촌동
1850266402,구봉산북로21번길,25030730,관저2동
1860211703,자운로97번길,25040550,신성동
1860014904,금남구즉로,25040610,구즉동
1840006403,계룡로,25020600,용두동
1860139603,-,25040550,신성동
1840192501,평촌로,25020640,태평2동
1850139901,청사로,25030600,둔산2동
1860084302,북유성대로,25040590,노은1동
1840024000,문화로234번길,25020670,문화1동
1850338000,도안중로,25030720,관저1동
1830020401,동대전로,25010760,중앙동
1830476808,대전천북로,25010800,삼성동
1850134701,둔산중로134번길,25030600,둔산2동
1850070301,대덕대로,25030650,갈마2동
1830003602,대전로,25010750,산내동
1870089023,평촌2길,25050600,덕암동
1870023301,중리동로,25050550,중리동
1860213900,동서대로,25040680,진잠동
1850319402,봉우로30번길,25030720,관저1동
1850136600,한밭대로,25030660,월평1동
1850334103,-,25030730,관저2동
1830019501,대흥로,25010760,중앙동
1830020400,동대전로,25010760,중앙동
1860037500,유성대로654번길,25040640,온천1동
1840184100,계백로1660번길,25020670,문화1동
1850285800,관저남로,25030730,관저2동
1840133700,은어송로,25020570,석교동
1850147501,만년로68번길,25030690,만년동
1830025603,새울로,25010570,용운동
1840197303,오류로,25020620,오류동
1850090202,문정로,25030570,탄방동
1870152301,장동로,25050530,회덕동
1840052603,대종로550번길,25020510,은행선화동
1830053902,은어송로,25010530,효동
1850320300,관저중로64번길,25030730,관저2동
1840121401,산서로,25020690,산성동
1870492302,우암로,25050540,비래동
1850306801,둔산로31번길,25030600,둔산2동
1860044101,계룡로52번길,25040640,온천1동
1860170704,노은로410번길,25040660,노은2동
1840004200,계백로,25020660,유천2동
1860045200,계룡로16번길,25040640,온천1동
1860661403,자운로97번길,25040550,신성동
1830017502,동부로,25010560,판암2동
1850105701,둔산로,25030590,둔산1동
1860003201,계룡로,25040640,온천1동
1830473201,성남로,25010790,성남동
1850314601,갈마중로37번길,25030650,갈마2동
1840053100,선화서로,25020510,은행선화동
1870083500,덕암북로,25050590,석봉동
1860638401,유성대로,25040550,신성동
1860018100,진잠로,25040680,진잠동
1860113504,가정로,25040550,신성동
1870018700,옛신탄진로,25050510,오정동
1860115601,가정로,25040550,신성동
1860108501,은구비로,25040660,노은2동
1840186301,중앙로,25020600,용두동
1860047000,유성대로680번길,25040640,온천1동
1830013801,산내로1257번길,25010750,산내동
1870298303,대덕대로1527번길,25050590,석봉동
1870479602,대화로161번길,25050520,대화동
1850018510,괴곡길,25030540,정림동
1850103801,둔산남로105번길,25030590,둔산1동
1860039000,도안대로577번길,25040640,온천1동
1860089105,노은서로108번길,25040590,노은1동
1870065701,신일동로,25050610,목상동
1840186100,계백로1660번길,25020670,문화1동
1850204403,원도안로,25030512,도안동
1850062704,도산로,25030560,용문동
1860118700,북유성대로,25040660,노은2동
1860104800,노은로,25040660,노은2동
1870011901,대전로,25050510,오정동
1860672302,계룡로18번길,25040640,온천1동
1870006604,대덕대로,25050610,목상동
1860013101,대덕대로,25040610,구즉동
1850130200,둔산중로,25030600,둔산2동
1860124400,신성남로111번길,25040550,신성동
1870151702,신탄진로756번안길,25050580,신탄진동
1850265002,계백로828번길,25030730,관저2동
1850133203,한밭대로,25030640,갈마1동
1830038704,우암로,25010640,가양2동
1860625400,송림로53번길,25040660,노은2동
1850021204,정림서로,25030540,정림동
1860006700,호남고속도로지선,25040540,온천2동
1830034600,충정로,25010640,가양2동
1830019700,중앙로200번길,25010760,중앙동
1830012826,계족로,25010650,용전동
1860684601,-,25040640,온천1동
1830038711,우암로,25010640,가양2동
1850086501,월드컵대로484번길,25030660,월평1동
1870032300,송촌북로,25050550,중리동
1830021601,용운로,25010570,용운동
1850073900,계룡로500번길,25030650,갈마2동
1860437301,테크노6로,25040630,관평동
1830011106,계족로,25010790,성남동
1850309000,관저중로64번길,25030730,관저2동
1850102001,문예로,25030590,둔산1동
1850088100,문정로,25030570,탄방동
1860005804,유성대로,25040540,온천2동
1830126902,동구청로,25010750,산내동
1840012302,사정공원로,25020690,산성동
1860150300,금남구즉로,25040610,구즉동
1870053300,아리랑로,25050560,법1동
1850007200,계룡로,25030570,탄방동
1870012305,한남로150번길,25050510,오정동
1870021701,경부고속도로,25050540,비래동
1850329605,신갈마로,25030640,갈마1동
1840195803,중앙로,25020550,대흥동
1850114800,-,25030590,둔산1동
1860149900,와룡로,25040610,구즉동
1870029902,계족산로81번길,25050620,송촌동
1860222301,계룡로132번길,25040640,온천1동
1860049002,유성대로,25040640,온천1동
1860142200,테크노중앙로,25040630,관평동
1840048802,선화로,25020510,은행선화동
1850061602,도산로,25030560,용문동
1860657501,과학로,25040550,신성동
1830029904,우암로,25010800,삼성동
1860041900,유성대로668번길,25040640,온천1동
1860623800,지족동로143번길,25040670,노은3동
1870064300,신일동로,25050610,목상동
1850322400,관저로129번길,25030730,관저2동
1830184700,통영대전고속도로,25010550,판암1동
1860010613,대덕대로,25040550,신성동
1840199301,솔밭로,25020580,대사동
1860682401,대정로42번길,25040680,진잠동
1850050301,배재로,25030530,도마2동
1860149901,와룡로,25040610,구즉동
1840057903,목중로26번길,25020540,중촌동
1840030305,서문로,25020670,문화1동
1860198800,학하복용서로,25040690,학하동
1850116401,대덕대로234번길,25030600,둔산2동
1870015405,오정로,25050510,오정동
1840181300,대천서로,25020540,중촌동
1860190000,지족로190번길,25040670,노은3동
1860638500,당진영덕고속도로,25040660,노은2동
1870071101,덕암북로60번길,25050600,덕암동
1860626500,은구비로155번길,25040660,노은2동
1830469401,신기로101번길,25010550,판암1동
1870024900,계족산로,25050550,중리동
1860441602,테크노2로,25040630,관평동
1860125002,반석로,25040670,노은3동
1850205501,도안동로,25030512,도안동
1860064404,유성대로720번길,25040540,온천2동
1870066502,신탄진로,25050600,덕암동
1860109202,노은서로,25040660,노은2동
1870077502,대덕대로1454번길,25050610,목상동
1850125300,갑천도시고속도로,25030660,월평1동
1830476900,대전천북로,25020540,중촌동
1860441201,테크노10로,25040630,관평동
1860205104,동서대로,25040690,학하동
1840195702,보문로,25020510,은행선화동
1850068400,도솔로,25030570,탄방동
1840061701,어덕마을로,25020540,중촌동
1840004904,계룡로,25020580,대사동
1830041701,신상로,25010730,대청동
1850157300,대전남부순환고속도로,25030730,관저2동
1860370501,학하중앙로150번길,25040690,학하동
1860413600,유성대로1184번길,25040550,신성동
1850087100,유등로,25030570,탄방동
1860405601,유성대로935번길,25040540,온천2동
1860044100,계룡로52번길,25040640,온천1동
1840052002,보문로337번길,25020510,은행선화동
1850049302,도마로,25030550,변동
1830470102,옥천로,25010550,판암1동
1840031900,계백로,25020660,유천2동
1830463301,대전로,25010530,효동
1850103700,문예로,25030590,둔산1동
1850087200,계룡로,25030600,둔산2동
1860651202,복용북로33번길,25040690,학하동
1830347500,충무로209번길,25010770,신인동
1860630801,유성대로298번길,25040680,진잠동
1850315702,신갈마로86번길,25030640,갈마1동
1860056701,계룡로113번길,25040640,온천1동
1860077100,장대로,25040540,온천2동
1860647101,구룡달전로,25040610,구즉동
1840189701,산성로57번길,25020690,산성동
1870159100,동부로,25050540,비래동
1870497001,문평서로17번길,25050610,목상동
1850227000,대전남부순환고속도로,25030730,관저2동
1850137601,청사로,25030600,둔산2동
1860108500,은구비로,25040660,노은2동
1860096801,은구비남로33번길,25040590,노은1동
1860184600,반석로,25040670,노은3동
1840126501,계백로1716번길,25020670,문화1동
1850266000,구봉로,25030730,관저2동
1850065507,도솔로,25030560,용문동
1860408902,유성대로,25040550,신성동
1860620402,가정로,25040550,신성동
1860632000,원내로,25040680,진잠동
1860151702,와룡로136번길,25040610,구즉동
1860113904,지족로364번길,25040670,노은3동
1840128801,보문산로,25020580,대사동
1860409700,봉명로,25040710,원신흥동
1860415600,유성대로1184번길,25040550,신성동
1860396701,죽동로,25040540,온천2동
1850144300,유등로,25030600,둔산2동
1860009808,유성대로,25040550,신성동
1860067201,박산로,25040640,온천1동
1830005036,대전로,25010530,효동
1860665002,자운로97번길,25040550,신성동
1860115604,가정로,25040550,신성동
1830030305,태전로,25010800,삼성동
1870053400,아리랑로,25050530,회덕동
1850043301,복수북로,25030510,복수동
1830030803,우암로,25010800,삼성동
1860101302,엑스포로123번길,25040550,신성동
1870491200,동서대로,25050540,비래동
1860068101,-,25040640,온천1동
1850035701,복수동로,25030510,복수동
1860106902,은구비로,25040660,노은2동
1860052300,온천로,25040640,온천1동
1830035807,대전로,25050510,오정동
1860401501,유성대로877번길,25040540,온천2동
1850133201,한밭대로,25030640,갈마1동
1860032804,월드컵대로307번길,25040640,온천1동
1850332101,정림서로,25030540,정림동
1850313101,대덕대로249번길,25030600,둔산2동
1860671301,계룡로18번길,25040640,온천1동
1850314801,갈마중로37번길,25030650,갈마2동
1840044402,태평로,25020640,태평2동
1860722800,천변도시고속화도로,25050530,회덕동
1830030701,우암로,25010790,성남동
1830014000,산내로1257번길,25010750,산내동
1840194501,계룡로,25020630,태평1동
1850048301,조달청길,25030530,도마2동
1830029503,동대전로,25010600,자양동
1860049901,대학로,25040640,온천1동
1850324400,대전남부순환고속도로,25030540,정림동
1870089200,-,25050530,회덕동
1850112401,둔산로51번길,25030600,둔산2동
1860120400,노은로,25040660,노은2동
1870025802,대전로,25050520,대화동
1870026703,중리서로,25050550,중리동
1850089601,문정로,25030570,탄방동
1870063900,대덕대로1284번길,25050610,목상동
1850057507,가장로,25030620,가장동
1860432000,테크노4로,25040630,관평동
1860028200,월드컵대로290번길,25040700,상대동
1850323001,구봉로,25030511,가수원동
1840043203,수침로,25020630,태평1동
1870302200,-,25050580,신탄진동
1860053601,유성대로,25040640,온천1동
1870073101,덕암북로60번길,25050600,덕암동
1830022400,새울로,25010570,용운동
1870005101,신탄진로681번길,25050600,덕암동
1830457603,석천로,25010750,산내동
1830015002,대전로,25010750,산내동
1850009405,계룡로,25030650,갈마2동
1850334704,-,25030512,도안동
1870071302,대덕대로1486번길,25050610,목상동
1870485800,동춘당로44번길,25050620,송촌동
1870477600,덕암로,25050600,덕암동
1860369700,학하남로,25040690,학하동
1830044201,우암로,25010640,가양2동
1850049206,도마로,25030520,도마1동
1850050500,배재로,25030520,도마1동
1850234300,구봉산북로,25030730,관저2동
1830004903,대전로,25010530,효동
1860631100,계백로,25040680,진잠동
1830052900,신기로,25010530,효동
1860681103,대정로42번길,25040680,진잠동
1850113600,문정로,25030590,둔산1동
1860079702,노은서로,25040590,노은1동
1860722600,유성대로653번길,25040640,온천1동
1850327501,갈마역로,25030600,둔산2동
1830450402,토천1길,25010550,판암1동
1860396501,상대동로,25040700,상대동
1870491901,한밭대로,25050510,오정동
1850042002,복수북로,25030510,복수동
1860410301,원신흥로,25040710,원신흥동
1850058006,갈마로,25030630,내동
1870029600,계족산로81번길,25050620,송촌동
1850331905,벌곡로1285번길,25030511,가수원동
1850152601,갑천도시고속도로,25030690,만년동
1850314900,대덕대로161번길,25030650,갈마2동
1870028400,송촌북로4번길,25050620,송촌동
1830474117,산서로,25010750,산내동
1850011301,대덕대로,25030600,둔산2동
1850314500,갈마중로37번길,25030650,갈마2동
1840053201,선화서로,25020510,은행선화동
1860435600,테크노2로,25040630,관평동
1860434500,테크노1로,25040630,관평동
1860673901,계룡로,25040640,온천1동
1860025201,대정북로,25040680,진잠동
1840182501,-,25020510,은행선화동
1860092100,은구비남로7번길,25040590,노은1동
1840017002,산성로,25020690,산성동
1830451800,동서대로1572번길,25010790,성남동
1860161900,테크노중앙로,25040630,관평동
1860070700,한밭대로,25040640,온천1동
1850204400,원도안로,25030512,도안동
1850060107,가장로,25030610,괴정동
1860200900,학하복용로,25040690,학하동
1850115401,둔산로101번길,25030590,둔산1동
1870022200,계족산로52번길,25050550,중리동
1850071201,문정로2번길,25030570,탄방동
1830019303,동부로,25010570,용운동
1840067701,대전천서로,25020560,문창동
1840026502,대종로,25020590,부사동
1850151002,둔산대로117번길,25030690,만년동
1860340800,호남고속도로지선,25040540,온천2동
1870028504,동춘당로44번길,25050620,송촌동
1860618700,문지로316번길,25040570,전민동
1860114601,가정로,25040550,신성동
1850143705,월평북로,25030670,월평2동
1860437600,테크노6로,25040630,관평동
1860032801,월드컵대로307번길,25040640,온천1동
1830018101,새울로,25010560,판암2동
1830461900,동구청로,25010530,효동
1860096001,은구비남로33번길,25040590,노은1동
1850032602,벌곡로1353번길,25030511,가수원동
1850312001,갈마역로,25030670,월평2동
1850267200,구봉로28번길,25030730,관저2동
1860088309,과학로,25040540,온천2동
1830458903,물류로14번길,25010750,산내동
1860063501,온천북로33번길,25040640,온천1동
1870036802,계족산로,25050620,송촌동
1830455300,산내로,25010750,산내동
1850109701,둔산중로58번길,25030590,둔산1동
1850127400,갑천도시고속도로,25030660,월평1동
1860078100,한밭대로,25040540,온천2동
1860669002,용산2로,25040630,관평동
1870043401,대화로132번길,25050520,대화동
1870478602,대덕대로1585번길,25050590,석봉동
1860083900,한밭대로,25040590,노은1동
1850146800,둔산대로,25030670,월평2동
1860054400,유성대로694번길,25040640,온천1동
1870476201,-,25050590,석봉동
1840187903,보문로162번길,25020580,대사동
1840016902,산성로,25020690,산성동
1860119104,반석동로,25040670,노은3동
1860105801,과학로,25040550,신성동
1830042410,동서대로1695번길,25010650,용전동
1870499206,한남로67번길,25050510,오정동
1860721800,유성대로653번길,25040640,온천1동
1860374701,복용북로,25040690,학하동
1830447201,신인로,25010770,신인동
1860085803,한밭대로,25040590,노은1동
1860388000,도안대로,25040680,진잠동
1870002606,신탄진로,25050530,회덕동
1860097900,엑스포로151번길,25040550,신성동
1860430204,관평1로,25040630,관평동
1860193300,지족동로,25040670,노은3동
1860661102,자운로97번길,25040550,신성동
1850309500,-,25030730,관저2동
1840067101,산서로,25020690,산성동
1840191900,문화로,25020690,산성동
1870022304,송촌로,25050620,송촌동
1830046001,비래서로,25050540,비래동
1860027000,진잠옛로,25040690,학하동
1870074100,덕암북로70번길,25050600,덕암동
1860104301,노은서로210번길,25040660,노은2동
1860399001,죽동로,25040540,온천2동
1840051501,어덕마을로,25020620,오류동
1830028503,선화로,25010760,중앙동
1870072300,대덕대로1486번길,25050610,목상동
1860412800,유성대로1205번길,25040550,신성동
1870079202,3공단3길,25050610,목상동
1870049402,계족로663번길,25050560,법1동
1840189700,산성로57번길,25020690,산성동
1830007503,옥천로,25010770,신인동
1870152302,장동로,25050530,회덕동
1850229700,관저서로,25030730,관저2동
1860124600,신성로83번길,25040550,신성동
1860674102,계룡로,25040640,온천1동
1850068901,도솔로,25030570,탄방동
1870153500,장동로228번길,25050530,회덕동
1850065201,가장로,25030610,괴정동
1830457300,석천로,25010750,산내동
1850317202,원도안로224번길,25030512,도안동
1870061100,덕암로148번길,25050600,덕암동
1850329402,계룡로354번길,25030640,갈마1동
1860634501,도안북로,25040680,진잠동
1870047702,대전로1331번길,25050520,대화동
1850062403,가장로,25030610,괴정동
1840182203,목동로22번길,25020530,목동
1860440603,테크노11로,25040630,관평동
1870029304,선비마을로,25050620,송촌동
1860145801,테크노2로,25040630,관평동
1840059101,어덕마을로104번길,25020540,중촌동
1840006604,계룡로,25020600,용두동
1860191801,지족로190번길,25040670,노은3동
1850032308,관저중로96번길,25030730,관저2동
1840026401,보문로,25020590,부사동
1850204600,동서대로,25030512,도안동
1840196803,-,25020690,산성동
1860058801,온천로,25040640,온천1동
1860032700,월드컵대로307번길,25040640,온천1동
1850141000,청사서로,25030670,월평2동
1870060702,덕암로,25050600,덕암동
1840043001,계룡로816번길,25020630,태평1동
1860196101,지족동로,25040670,노은3동
1860113605,가정로,25040550,신성동
1860057601,온천로,25040640,온천1동
1860072500,대학로76번길,25040540,온천2동
1830475500,대전천동로,25010770,신인동
1870084905,신탄진동로23번길,25050580,신탄진동
1850072300,문정로90번길,25030570,탄방동
1850322305,관저로129번길,25030730,관저2동
1860102100,은구비로,25040660,노은2동
1860225000,도안동로,25040710,원신흥동
1840041005,선화로,25020600,용두동
1850093900,둔산남로,25030600,둔산2동
1850034703,정림서로,25030540,정림동
1840185404,대종로549번길,25020510,은행선화동
1860082203,대학로,25040540,온천2동
1830057801,이사로,25010750,산내동
1850323002,구봉로,25030511,가수원동
1850066303,괴정로,25030610,괴정동
1870479002,대덕대로1585번길,25050590,석봉동
1870076900,문평동로,25050610,목상동
1860056303,계룡로123번길,25040640,온천1동
1850106601,둔산로,25030590,둔산1동
1830022601,용운로,25010570,용운동
1850098003,둔산남로,25030590,둔산1동
1840036102,문창로,25020560,문창동
1850079201,계룡로509번길,25030570,탄방동
1850107400,둔산북로90번길,25030600,둔산2동
1840051001,선화로,25020510,은행선화동
1850205701,도안동로,25030512,도안동
1860059100,온천북로,25040640,온천1동
1830027000,선화로,25010800,삼성동
1860661101,자운로97번길,25040550,신성동
1860202900,학하복용로,25040690,학하동
1870023802,중리서로,25050550,중리동
1850032101,관저중로96번길,25030730,관저2동
1860422601,배울2로,25040630,관평동
1860087003,노은서로96번길,25040590,노은1동
1870061500,신일서로86번길,25050610,목상동
1840054304,목중로,25020530,목동
1840023602,대전천서로,25020570,석교동
1840034600,인창로,25020550,대흥동
1840031403,충무로107번길,25020580,대사동
1860150101,구즉로,25040610,구즉동
1860028800,월드컵대로,25040700,상대동
1840006303,계룡로,25020620,오류동
1840192503,평촌로,25020640,태평2동
1860400500,죽동2길,25040540,온천2동
1850308301,관저북로13번길,25030720,관저1동
1850209900,동서대로,25030660,월평1동
1830014102,산내로1257번길,25010750,산내동
1850289800,도안북로93번길,25030512,도안동
1850043803,배재로,25030540,정림동
1840003308,대둔산로,25020650,유천1동
1840066404,문창로,25020590,부사동
1870087502,대청로82번길,25050580,신탄진동
1830471701,성남로,25010790,성남동
1850032600,벌곡로1353번길,25030511,가수원동
1870077000,덕암북로58번길,25050590,석봉동
1830475007,대전로,25010770,신인동
1830032309,길티길,25010630,가양1동
1860029301,월드컵대로,25040700,상대동
1830449706,동부로33번길,25010560,판암2동
1870023900,중리서로,25050550,중리동
1840042704,대흥로165번길,25020550,대흥동
1850037601,구봉로,25030540,정림동
1870479902,대화로161번길,25050520,대화동
1870065803,덕암로,25050600,덕암동
1840021101,당디로,25020690,산성동
1860606800,유성대로1689번길,25040570,전민동
1860064600,장대로,25040540,온천2동
1870065501,덕암북로104번길,25050600,덕암동
1870013004,오정로,25050510,오정동
1860645601,-,25040550,신성동
1870086500,덕암북로,25050590,석봉동
1860608900,문지로,25040570,전민동
1850322602,벌곡로1285번길,25030511,가수원동
1860186201,지족로,25040670,노은3동
1870494100,천변도시고속도로,25050520,대화동
1850285201,도안북로93번길,25030512,도안동
1830129400,동부로,25010640,가양2동
1860395401,죽동로,25040540,온천2동
1860334200,진잠로,25040680,진잠동
1860672001,계룡로16번길,25040640,온천1동
1840027000,문화로,25020660,유천2동
1840038700,대흥로121번길,25020550,대흥동
1850083700,월드컵대로484번안길,25030660,월평1동
1860307301,북유성대로400번길,25040660,노은2동
1850047702,조달청길,25030520,도마1동
1860609002,문지로,25040570,전민동
1850128301,한밭대로,25030740,둔산3동
1860619300,문지로316번길,25040570,전민동
1830027601,소랑길,25010800,삼성동
1860354601,엑스포로,25040630,관평동
1840011100,뿌리공원로,25020690,산성동
1850008202,계룡로,25030570,탄방동
1850104801,둔산로137번길,25030590,둔산1동
1870200100,천변도시고속도로,25050530,회덕동
1840059701,대종로,25020540,중촌동
1870024102,계족산로,25050550,중리동
1830285303,한남로,25010680,홍도동
1850046006,제비네1길,25030530,도마2동
1860104900,노은동로,25040660,노은2동
1850091203,둔산서로10번길,25030570,탄방동
1850131700,한밭대로,25030600,둔산2동
1850208704,도안동로,25030512,도안동
1860120403,노은로,25040660,노은2동
1850062600,도산로,25030560,용문동
1840010702,산서로,25020690,산성동
1830037409,가양로,25010630,가양1동
1850320900,구봉로131번길,25030730,관저2동
1870022403,송촌로,25050620,송촌동
1870035700,송촌북로,25050550,중리동
1830490101,새둑길,25010760,중앙동
1840015903,대전천서로,25020570,석교동
1870068002,문평서로,25050610,목상동
1830035600,대전로,25010800,삼성동
1860033401,유성대로654번길,25040640,온천1동
1860496102,구즉세종로,25040610,구즉동
1870025602,선비마을로,25050620,송촌동
1830017007,새울로,25010570,용운동
1840120500,사정공원로,25020690,산성동
1870073505,신일동로17번길,25050610,목상동
1830016004,옥천로180번길,25010550,판암1동
1830038714,우암로,25010640,가양2동
1850045702,도산로,25030520,도마1동
1840016508,보문산로,25020680,문화2동
1860624501,지족동로142번길,25040670,노은3동
1840194401,계룡로,25020630,태평1동
1870084807,신탄진동로23번길,25050580,신탄진동
1850007702,계룡로,25030610,괴정동
1830036600,합내로,25010630,가양1동
1870059501,덕암로,25050600,덕암동
1870021000,우암로,25050540,비래동
1860436300,테크노2로,25040630,관평동
1870477501,덕암로,25050600,덕암동
1860662802,자운로97번길,25040550,신성동
1830028101,동대전로,25010600,자양동
1860684603,-,25040640,온천1동
1860103802,엑스포로123번길,25040550,신성동
1850060602,동서대로,25030630,내동
1850060801,대덕대로,25030630,내동
1860005801,유성대로,25040540,온천2동
1860630900,진잠로42번길,25040680,진잠동
1860653801,원신흥남로12번길,25040710,원신흥동
1870065801,덕암로,25050590,석봉동
1830012810,계족로,25010680,홍도동
1850056303,변동중로,25030550,변동
1870032001,송촌북로20번길,25050550,중리동
1840036303,중앙로,25020620,오류동
1850003801,계백로,25030720,관저1동
1860120300,노은로,25040660,노은2동
1860055000,온천로107번길,25040640,온천1동
1870088601,대전천북로,25050510,오정동
1850048602,도솔로,25030520,도마1동
1860432801,테크노1로,25040630,관평동
1870083200,석봉로,25050590,석봉동
1840183103,사득로,25020590,부사동
1860102400,북유성대로,25040660,노은2동
1860117602,지족로,25040670,노은3동
1870152403,장동로,25050530,회덕동
1830052812,은어송로,25010530,효동
1850110602,둔산로123번길,25030590,둔산1동
1850229801,관저서로,25030730,관저2동
1850151301,만년로67번길,25030690,만년동
1870071701,문평서로18번길,25050610,목상동
1850267700,구봉로,25030730,관저2동
1870195400,경부고속도로,25050600,덕암동
1860005900,호남고속도로지선,25040540,온천2동
1870034202,쌍청당로35번길,25050570,법2동
1860632201,유성대로,25040680,진잠동
1850058908,괴정로,25030620,가장동
1840025605,계백로1566번길,25020650,유천1동
1860110103,북유성대로,25040660,노은2동
1830056601,하상도로,25010760,중앙동
1870015205,오정로78번길,25050510,오정동
1860433800,테크노5로,25040630,관평동
1860041200,유성대로668번길,25040640,온천1동
1860429601,테크노2로,25040630,관평동
1850134702,둔산중로134번길,25030600,둔산2동
1860151103,와룡로136번길,25040610,구즉동
1860065001,대학로,25040640,온천1동
1860674708,문화원로6번길,25040540,온천2동
1850154701,도마로,25030520,도마1동
1840162000,대전남부순환고속도로,25020690,산성동
1860611501,문지로,25040570,전민동
1840056200,대전천서로,25020510,은행선화동
1840052901,대전천서로,25020510,은행선화동
1860614401,아리랑로21번길,25040570,전민동
1860658001,대덕대로,25040540,온천2동
1870490401,우암로,25050540,비래동
1860684301,복합환승로,25040640,온천1동
1840046102,선화로,25020600,용두동
1840018104,산성로,25020680,문화2동
1870062100,덕암로,25050600,덕암동
1840023100,서문로,25020670,문화1동
1830029802,태전로,25010800,삼성동
1870082303,대덕대로1417번길,25050610,목상동
1860118600,송림로,25040660,노은2동
1860401602,유성대로877번길,25040540,온천2동
1830049800,한밭대로,25050550,중리동
1830285101,동산초교로,25010680,홍도동
1860404404,죽동로279번길,25040540,온천2동
1850130201,둔산중로,25030600,둔산2동
1840021503,대전로,25020570,석교동
1870056102,장동로,25050530,회덕동
1850135800,대덕대로290번길,25030600,둔산2동
1840183901,유등천동로,25020540,중촌동
1870027302,동춘당로44번길,25050620,송촌동
1830032202,가양남로,25010630,가양1동
1860132505,자운로97번길,25040550,신성동
1860205701,유성대로,25040640,온천1동
1840049000,선화서로,25020510,은행선화동
1850033001,관저중로,25030730,관저2동
1870034401,계족산로17번길,25050570,법2동
1850064701,괴정로,25030610,괴정동
1850104701,둔산로,25030590,둔산1동
1860722301,박산로,25040640,온천1동
1850072601,탄방로,25030570,탄방동
1860090901,은구비남로,25040590,노은1동
1830036204,옛신탄진로,25010680,홍도동
1830001915,산내로,25010750,산내동
1870008004,대덕대로,25050590,석봉동
1840041803,중교로,25020550,대흥동
1840051606,어덕마을로,25020600,용두동
1830019401,동부로,25010570,용운동
1830040503,흥룡로,25010640,가양2동
1850066301,괴정로,25030610,괴정동
1850105000,둔산로,25030590,둔산1동
1850036700,정림로24번길,25030540,정림동
1840010501,방아미로,25020690,산성동
1860371400,학하동로,25040690,학하동
1870500003,-,25050520,대화동
1860098300,-,25040550,신성동
1860373601,학하중앙로,25040690,학하동
1850154901,도마로,25030520,도마1동
1870029100,선비마을로23번길,25050620,송촌동
1830012711,계족로,25010650,용전동
1860195800,지족로,25040590,노은1동
1840163200,대전남부순환고속도로,25020690,산성동
1860416201,유성대로1184번길,25040550,신성동
1860647901,구룡달전로,25040610,구즉동
1830032410,길티길,25010630,가양1동
1830042009,대청호수로,25010730,대청동
1840014900,모암로,25020570,석교동
1850101500,둔산남로91번길,25030590,둔산1동
1850030201,복수동로51번길,25030510,복수동
1850092600,갈마로,25030640,갈마1동
1860123100,하기로,25040660,노은2동
1860393901,유성대로877번길,25040540,온천2동
1860004606,현충원로,25040640,온천1동
1870080900,대덕대로1486번길,25050610,목상동
1870057708,덕암로,25050600,덕암동
1850100401,둔산로74번길,25030600,둔산2동
1860434602,테크노1로,25040630,관평동
1840051108,목동로,25020530,목동
1850046107,제비네1길,25030530,도마2동
1860218400,노은로,25040550,신성동
1830055308,천개동로,25010730,대청동
1840043800,대전천서로,25020550,대흥동
1840053900,목동로,25020530,목동
1860227900,농대로,25040540,온천2동
1840030202,보문로,25020580,대사동
1870081800,3공단3길,25050610,목상동
1830470402,동부로,25010550,판암1동
1840067000,잔디로,25020690,산성동
1860087404,노은동로87번길,25040590,노은1동
1850134401,월평중로,25030680,월평3동
1860048000,계룡로74번길,25040640,온천1동
1860055601,유성대로694번길,25040640,온천1동
1830004935,대전로,25010530,효동
1870029000,송촌북로,25050550,중리동
1860682802,대정로42번길,25040680,진잠동
1840016506,보문산로,25020680,문화2동
1860669901,월드컵대로275번길,25040640,온천1동
1860009706,유성대로,25040550,신성동
1830468201,옥천로96번길,25010550,판암1동
1870042801,대화로,25050520,대화동
1860725200,도안대로,25040680,진잠동
1850098201,문정로,25030590,둔산1동
1860424300,관평2로,25040630,관평동
1860031500,월드컵대로253번안길,25040640,온천1동
1860130805,유성대로,25040570,전민동
1850287500,도안북로93번길,25030512,도안동
1860023804,유성대로217번길,25040680,진잠동
1840190900,유등로,25020690,산성동
1860031400,월드컵대로253번길,25040640,온천1동
1860373403,학하복용로,25040690,학하동
1850009902,계룡로,25030650,갈마2동
1860238502,테크노2로,25040630,관평동
1870047201,계족로664번길,25050570,법2동
1830124901,대학로,25010570,용운동
1860335401,진잠로,25040680,진잠동
1850023901,관저동로,25030730,관저2동
1830186600,경부고속도로,25010730,대청동
1860131902,유성대로1312번길,25040550,신성동
1860381102,학하로,25040690,학하동
1860065801,문화원로146번길,25040640,온천1동
1860021701,유성대로,25040680,진잠동
1860091202,은구비서로,25040590,노은1동
1860047700,유성대로694번길,25040640,온천1동
1850034402,관저북로,25030720,관저1동
1850329201,신갈마로155번길,25030640,갈마1동
1860434000,갑천로,25040630,관평동
1860007402,호남고속도로지선,25040550,신성동
1870021803,경부고속도로,25050540,비래동
1830025005,대전로,25010760,중앙동
1860210301,도안대로,25040700,상대동
1860075104,문화원로37번길,25040540,온천2동
1860111701,지족로364번길,25040660,노은2동
1860130602,엑스포로466번길,25040570,전민동
1870152400,장동로,25050530,회덕동
1830025702,중앙로,25010760,중앙동
1860048902,유성대로,25040640,온천1동
1870019700,옛신탄진로,25050510,오정동
1850274401,동서대로656번길,25040680,진잠동
1860408804,유성대로,25040540,온천2동
1860003901,유성대로,25040540,온천2동
1840185200,유등천동로,25020600,용두동
1840004700,충무로,25020590,부사동
1860030900,월드컵대로289번길,25040640,온천1동
1840182102,목동로22번길,25020530,목동
1850335901,-,25030660,월평1동
1870196002,경부고속도로,25050600,덕암동
1870014601,대전천북로,25050510,오정동
1850101301,둔산중로,25030590,둔산1동
1870152500,장동로228번길,25050530,회덕동
1830032301,길티길,25010630,가양1동
1860376900,복용로11번길,25040690,학하동
1860104601,노은서로210번길,25040660,노은2동
1860113801,가정로,25040550,신성동
1870039402,대화로,25050520,대화동
1870200400,천변도시고속도로,25050530,회덕동
1870032301,송촌북로,25050550,중리동
1870077500,대덕대로1454번길,25050610,목상동
1860336710,박산로,25040640,온천1동
1860691501,-,25040700,상대동
1850041702,계백로1286번길,25030540,정림동
1840026501,대종로,25020590,부사동
1870046201,대전로1331번길,25050520,대화동
1860601301,지족북로,25040670,노은3동
1870089004,평촌2길,25050600,덕암동
1860089503,노은서로,25040590,노은1동
1840021706,대종로,25020560,문창동
1850090306,문정로,25030570,탄방동
1850054700,유등로,25030620,가장동
1850124400,둔산북로,25030600,둔산2동
1860601600,지족북로,25040670,노은3동
1830477402,천동초등동길,25010530,효동
1870063601,신일서로,25050610,목상동
1850307205,계룡로416번길,25030650,갈마2동
1870197900,경부고속도로,25050530,회덕동
1850150800,만년로67번길,25030690,만년동
1850052901,변동중로,25030520,도마1동
1860057200,계룡로18번길,25040640,온천1동
1870479701,대화로161번길,25050520,대화동
1850037900,정림로,25030540,정림동
1860141301,테크노중앙로,25040630,관평동
1830055404,천개동로,25010730,대청동
1830029400,대전로,25010800,삼성동
1850021501,유등로,25030510,복수동
1860389700,죽동로,25040540,온천2동
1850047705,조달청길,25030520,도마1동
1860665001,자운로97번길,25040550,신성동
1840055602,목중로26번길,25020540,중촌동
1860408700,원신흥북로,25040710,원신흥동
1860174301,은구비남로33번길,25040590,노은1동
1830051900,대전천동로,25010760,중앙동
1860117902,신성로62번길,25040550,신성동
1860067901,온천동로,25040640,온천1동
1860068202,-,25040640,온천1동
1860370900,학하중앙로150번길,25040690,학하동
1840056501,대전천서로,25020540,중촌동
1870077001,덕암북로58번길,25050600,덕암동
1860629500,왕가봉로24번길,25040590,노은1동
1860372801,학하남로,25040690,학하동
1830184800,경부고속도로,25010730,대청동
1840193100,유등천동로,25020640,태평2동
1870063202,신일서로85번길,25050610,목상동
1860202200,외삼로,25040660,노은2동
1830041602,신상로,25010730,대청동
1870089005,평촌2길,25050600,덕암동
1860160602,용산1로,25040630,관평동
1860021501,대정로28번안길,25040680,진잠동
1860375501,학하중앙로,25040690,학하동
1870020310,한밭대로1129번길,25050550,중리동
1870045702,대전로1291번길,25050520,대화동
1860023301,대정로,25040680,진잠동
1860126201,가정북로,25040550,신성동
1840015203,과례로22번길,25020670,문화1동
1830464400,은어송로51번길,25010530,효동
1850131501,-,25030600,둔산2동
1840198401,계백로1685번길,25020620,오류동
1850075700,문정로10번길,25030570,탄방동
1860423700,관평2로,25040630,관평동
1860149001,송강로,25040610,구즉동
1830039303,대전로1020번길,25050510,오정동
1870490500,비래서로9번길,25050540,비래동
1860194001,지족동로,25040670,노은3동
1850333101,구봉산북로94번길,25030730,관저2동
1830011107,계족로,25010790,성남동
1870063300,신일서로85번길,25050610,목상동
1850197700,도안중로,25030720,관저1동
1860019100,유성대로,25040680,진잠동
1830010011,옥천로,25010550,판암1동
1850034503,관저북로,25030720,관저1동
1860393300,원신흥남로27번길,25040710,원신흥동
1850195101,도안북로,25030512,도안동
1870480400,대화로,25050520,대화동
1860622100,지족북로,25040670,노은3동
1860688001,엑스포로539번길,25040630,관평동
1860213901,동서대로,25040680,진잠동
1830021102,용운로,25010570,용운동
1840199605,충무로,25020580,대사동
1870013002,오정로,25050510,오정동
1830017607,동부로,25010560,판암2동
1870069301,대덕대로1448번길,25050610,목상동
1850144101,월평동로,25030670,월평2동
1870298403,대덕대로1527번길,25050590,석봉동
1860038800,온천동로,25040640,온천1동
1850117905,대덕대로233번길,25030600,둔산2동
1860307303,북유성대로400번길,25040660,노은2동
1850011902,대덕대로,25030670,월평2동
1860333900,호남고속도로지선,25040680,진잠동
1850150901,만년로67번길,25030690,만년동
1860636802,도안동로,25040710,원신흥동
1830467502,-,25010550,판암1동
1850102201,둔산남로9번길,25030600,둔산2동
1860045100,계룡로16번길,25040640,온천1동
1840199707,충무로,25020580,대사동
1860436700,배울2로,25040630,관평동
1860201900,유성대로,25040680,진잠동
1840016502,보문산로,25020690,산성동
1870087402,대청로82번길,25050580,신탄진동
1870033501,계족산로5번길,25050570,법2동
1830032701,동서대로1572번길,25010790,성남동
1840051601,어덕마을로,25020530,목동
1840060400,대종로,25020540,중촌동
1860670604,월드컵대로308번길,25040700,상대동
1850089000,계룡로491번길,25030600,둔산2동
1860176806,진잠로140번길,25040680,진잠동
1870055901,신탄진로232번길,25050530,회덕동
1860632700,유성대로,25040680,진잠동
1860105100,대덕대로512번길,25040550,신성동
1870050100,대화로32번길,25050520,대화동
1860381100,학하로,25040700,상대동
1860630702,유성대로298번길,25040680,진잠동
1850108500,월평새뜸로,25030660,월평1동
1840120601,사정공원로,25020690,산성동
1840133601,은어송로,25020570,석교동
1850308800,-,25030730,관저2동
1860004511,현충원로,25040640,온천1동
1860124801,신성로,25040550,신성동
1840184101,계백로1660번길,25020670,문화1동
1860417201,신성로,25040550,신성동
1870006109,신탄진로,25050580,신탄진동
1860022300,대정로28번길,25040680,진잠동
1860048700,계룡로155번길,25040640,온천1동
1850065000,괴정로76번길,25030610,괴정동
1830016902,새울로,25010550,판암1동
1870047902,대화로106번길,25050520,대화동
1850042501,도안중로,25030720,관저1동
1860086200,노은로,25040590,노은1동
1840034205,태평로,25020640,태평2동
1850025501,가수원로,25030511,가수원동
1850056400,도솔로,25030630,내동
1860353100,엑스포로,25040570,전민동
1860607601,유성대로1628번길,25040570,전민동
1870081101,문평동로18번길,25050610,목상동
1850065802,신갈마로,25030630,내동
1850090305,문정로,25030570,탄방동
1860023805,유성대로217번길,25040680,진잠동
1850064401,도솔로,25030610,괴정동
1850006100,계백로,25030530,도마2동
1850156604,하상도로,25030600,둔산2동
1850065804,신갈마로,25030640,갈마1동
1860092701,노은서로,25040590,노은1동
1860410300,원신흥로,25040710,원신흥동
1860025500,유성대로,25040680,진잠동
1850099200,둔산남로91번길,25030590,둔산1동
1860401001,상대남로,25040700,상대동
1850145501,둔산대로,25030690,만년동
1860724900,-,25040680,진잠동
1870016806,한밭대로1006번길,25050510,오정동
1850009605,대덕대로,25030650,갈마2동
1830449501,신기로,25010530,효동
1870014702,한남로150번길,25050510,오정동
1860202202,외삼로,25040660,노은2동
1850097800,둔산남로,25030740,둔산3동
1860031300,월드컵대로253번길,25040640,온천1동
1840064100,-,25020690,산성동
1860637800,엑스포로,25040550,신성동
1840059501,중촌로,25020540,중촌동
1860395602,유성대로935번길,25040540,온천2동
1830020301,동대전로,25010760,중앙동
1830467701,옥천로106번길,25010550,판암1동
1870032601,쌍청당로35번길,25050550,중리동
1860408203,봉명서로,25040710,원신흥동
1840060200,대전천서로,25020540,중촌동
1860433701,갑천로,25040630,관평동
1850121301,둔산북로,25030590,둔산1동
1840055001,우암로,25010800,삼성동
1860225901,도안동로,25040710,원신흥동
1840182702,선화로22번길,25020600,용두동
1860609202,문지로,25040570,전민동
1860497300,구즉세종로,25040610,구즉동
1850233700,구봉산북로,25030730,관저2동
1850150000,갑천도시고속도로,25030690,만년동
1870301900,-,25050580,신탄진동
1840015002,모암로,25020570,석교동
1860077901,한밭대로,25040540,온천2동
1840015301,대전천서로,25020570,석교동
1860071501,문화원로,25040540,온천2동
1830474400,산서로,25010750,산내동
1850307401,갈마중로37번길,25030650,갈마2동
1840066300,문창로,25020560,문창동
1860616801,문지로316번길,25040570,전민동
1860400000,죽동로,25040540,온천2동
1850332501,관저중로95번길,25030730,관저2동
1860425502,테크노3로,25040630,관평동
1830491903,삼가로,25010800,삼성동
1830284802,동산초교로,25010680,홍도동
1860195402,지족동로,25040670,노은3동
1830003606,대전로,25010750,산내동
1860334501,진잠로,25040680,진잠동
1860618300,문지로316번길,25040570,전민동
1830027502,소랑길,25010800,삼성동
1830476000,대전천동로,25010760,중앙동
1870079201,3공단3길,25050610,목상동
1840049605,대전천서로,25020510,은행선화동
1860087700,노은동로,25040590,노은1동
1850076401,계룡로500번길,25030650,갈마2동
1850329401,계룡로354번길,25030640,갈마1동
1830025403,용운로147번길,25010570,용운동
1860371200,학하중앙로149번길,25040690,학하동
1870087203,신탄진북로,25050580,신탄진동
1860206100,월드컵대로,25040700,상대동
1840049003,선화서로,25020510,은행선화동
1870088205,석봉로38번길,25050590,석봉동
1860214602,노은로,25040550,신성동
1830004938,대전로,25010530,효동
1830464201,은어송로51번길,25010530,효동
1830009504,계족로,25010780,대동
1850032202,관저중로96번길,25030730,관저2동
1840049604,대전천서로,25020510,은행선화동
1860031001,월드컵대로289번길,25040640,온천1동
1850043806,배재로,25030530,도마2동
1860367900,학하남로90번길,25040690,학하동
1840183502,대흥로10번길,25020670,문화1동
1860060600,장대로,25040540,온천2동
1870500801,대전로1331번길,25050520,대화동
1850111701,둔산서로,25030600,둔산2동
1830039403,대전로1020번길,25050510,오정동
1870495001,아리랑로,25050520,대화동
1860067500,한밭대로492번길,25040640,온천1동
1860069502,온천동로,25040640,온천1동
1860406701,유성대로,25040540,온천2동
1860137901,자운로221번길,25040550,신성동
1850033900,복수동로,25030510,복수동
1860084101,한밭대로,25040590,노은1동
1860234701,배울1로,25040630,관평동
1830447700,석천로,25010750,산내동
1860670201,월드컵대로300번길,25040700,상대동
1850147602,만년로68번길,25030690,만년동
1860009502,대덕대로,25040550,신성동
1840181800,대전천서로,25020540,중촌동
1860364702,학하서로,25040690,학하동
1850210002,동서대로,25030660,월평1동
1830125500,대학로50번길,25010570,용운동
1850315001,대덕대로161번길,25030650,갈마2동
1830007412,옥천로,25010550,판암1동
1850064703,괴정로,25030610,괴정동
1860607000,유성대로1628번길,25040570,전민동
1860225900,도안동로,25040710,원신흥동
1870061800,신일서로125번길,25050610,목상동
1830026716,대청호수로,25010730,대청동
1850066202,괴정로,25030610,괴정동
1850132405,한밭대로707번길,25030670,월평2동
1860202400,외삼로,25040660,노은2동
1870045101,대화로50번길,25050520,대화동
1850021301,정림서로,25030540,정림동
1840014901,모암로,25020570,석교동
1850330704,신갈마로,25030640,갈마1동
1860614001,문지로299번길,25040570,전민동
1870031101,송촌북로16번길,25050620,송촌동
1830052512,신기로,25010530,효동
1850307100,계룡로416번길,25030650,갈마2동
1860201102,학하로,25040690,학하동
1840059602,중촌로,25020540,중촌동
1870015501,대전로,25050510,오정동
1860364300,학하로,25040690,학하동
1860043001,계룡로155번길,25040640,온천1동
1870088917,평촌2길,25050600,덕암동
1840023800,산성로,25020680,문화2동
1870023902,중리서로,25050550,중리동
1840192205,유등천동로,25020640,태평2동
1830038712,우암로,25010640,가양2동
1840199701,충무로,25020580,대사동
1860364703,학하서로,25040690,학하동
1860635101,동서대로656번길,25040680,진잠동
1850199201,원도안로,25030512,도안동
1860391900,유성대로877번길,25040540,온천2동
1870032700,쌍청당로35번길,25050550,중리동
1860176902,진잠로140번길,25040680,진잠동
1830467201,옥천로106번길,25010550,판암1동
1870027903,쌍청당로,25050550,중리동
1860087402,노은동로87번길,25040590,노은1동
1830036503,합내로,25010630,가양1동
1870045700,대전로1291번길,25050530,회덕동
1840053402,대종로593번길,25020510,은행선화동
1840014101,산서로,25020690,산성동
1860396500,상대동로,25040700,상대동
1860145200,갑천로,25040630,관평동
1860599700,문지로,25040570,전민동
1840016302,보문산로,25020690,산성동
1870040602,중리북로,25050560,법1동
1860131304,유성대로1689번길,25040570,전민동
1830004941,대전로,25010750,산내동
1860130902,엑스포로,25040570,전민동
1870020803,중리로,25050550,중리동
1850232800,도안대로,25030720,관저1동
1840029900,태평로,25020640,태평2동
1860131100,유성대로,25040570,전민동
1860125802,반석동로,25040670,노은3동
1840023101,서문로,25020670,문화1동
1840030402,서문로,25020670,문화1동
